country,iso3,year,variable,value,value_pct_pop,estimate_rank_in_cell,source_name,source_url,notes
Australia,AUS,2010,irregular_proxy_overstayers,53900,0.00244646929998752,PANEL PRIMARY,"ANU Press, A Long Way to Go, Chapter 2, Table 2.3 Estimated size of irregular migrant populations by region/country",https://press-files.anu.edu.au/downloads/press/n4016/html/ch02.xhtml,"estimated irregular migrant population of Australia (visa overstayers / unlawful non-citizens in the community) for 2010. Table 2.3 source note (l): 'Department of Immigration and Border Protection (DIBP) (2010).' The DIAC/DIBP overstayer estimate is published as at 30 June, but the ANU table states the year only and does not restate the within-year reference date."
Australia,AUS,2011,irregular_proxy_overstayers,58400,0.00261414222294479,PANEL PRIMARY,"ANU Press, A Long Way to Go, Chapter 2, Table 2.3 Estimated size of irregular migrant populations by region/country",https://press-files.anu.edu.au/downloads/press/n4016/html/ch02.xhtml,"estimated irregular migrant population of Australia (visa overstayers / unlawful non-citizens in the community) for 2011. Table 2.3 source note (m): 'Australian National Audit Office (ANAO) (2013), p. 39.' The DIAC/DIBP overstayer estimate is published as at 30 June, but the ANU table states the year only and does not restate the within-year reference date."
Australia,AUS,2011,irregular_proxy_overstayers,22660,0.00101432299267002,alternative 1,"Australian Department of Immigration and Citizenship (2012), Trends in Migration: Australia 2010-11, Table 11",https://www.homeaffairs.gov.au/research-and-stats/files/trends-in-migration-2010-11.pdf,"ALTERNATIVE ESTIMATE for 30 June 2011: official estimate of unlawful non-citizens, rounded, excluding people in immigration detention. This is a NARROWER measure than the 58,400 visa-overstayer figure also recorded for AUS 2011; the two are not contradictory. Taken from an independently compiled comparison dataset; not independently re-verified."
Australia,AUS,2015,irregular_proxy_overstayers,62000,0.0026032924511447,PANEL PRIMARY,"Australian Department of Immigration and Border Protection (2016), Annual Report 2015-16, p.51",https://www.homeaffairs.gov.au/reports-and-pubs/Annualreports/dibp-annual-report-2015-16.pdf,Unlawful non-citizens in the community at 30 June 2015. DIFFERENT MEASURE from the visa-overstayer estimates recorded for AUS 2010/2011/2016: 'unlawful non-citizens in the community' excludes people in immigration detention. Taken from an independently compiled comparison dataset; not independently re-verified.
Australia,AUS,2016,irregular_proxy_overstayers,64600,0.00267042488320095,PANEL PRIMARY,"Australian Department of Immigration and Border Protection, Senate Legal and Constitutional Affairs Committee, Budget Estimates Question on Notice BE17171",https://www.aph.gov.au/~/media/Committees/legcon_ctte/estimates/bud_1718/DIBP/QoNs/BE17171.pdf,Reference date 30 June 2016. Departmental estimate of unlawful non-citizens (visa overstayers) in the Australian community; register-derived estimate rather than a survey model.
Austria,AUT,2010,irregular_proxy_detections,15220,0.00181983316840846,PANEL PRIMARY,"Eurostat, Third country nationals found to be illegally present (migr_eipre)",https://ec.europa.eu/eurostat/databrowser/view/migr_eipre/default/table,"Eurostat enforcement statistic - annual flow of detections, NOT a stock. Dataset migr_eipre, dimensions freq=A citizen=TOTAL reason=TOTAL apprehen=TOTAL sex=T age=TOTAL unit=PER. Rounded to nearest 5 by Eurostat."
Austria,AUT,2011,irregular_proxy_detections,20080,0.00239285679812642,PANEL PRIMARY,"Eurostat, Third country nationals found to be illegally present (migr_eipre)",https://ec.europa.eu/eurostat/databrowser/view/migr_eipre/default/table,"Eurostat enforcement statistic - annual flow of detections, NOT a stock. Dataset migr_eipre, dimensions freq=A citizen=TOTAL reason=TOTAL apprehen=TOTAL sex=T age=TOTAL unit=PER. Rounded to nearest 5 by Eurostat."
Austria,AUT,2012,irregular_proxy_detections,23135,0.00274436829173365,PANEL PRIMARY,"Eurostat, Third country nationals found to be illegally present (migr_eipre)",https://ec.europa.eu/eurostat/databrowser/view/migr_eipre/default/table,"Eurostat enforcement statistic - annual flow of detections, NOT a stock. Dataset migr_eipre, dimensions freq=A citizen=TOTAL reason=TOTAL apprehen=TOTAL sex=T age=TOTAL unit=PER. Rounded to nearest 5 by Eurostat."
Austria,AUT,2013,irregular_proxy_detections,25960,0.00306138465390138,PANEL PRIMARY,"Eurostat, Third country nationals found to be illegally present (migr_eipre)",https://ec.europa.eu/eurostat/databrowser/view/migr_eipre/default/table,"Eurostat enforcement statistic - annual flow of detections, NOT a stock. Dataset migr_eipre, dimensions freq=A citizen=TOTAL reason=TOTAL apprehen=TOTAL sex=T age=TOTAL unit=PER. Rounded to nearest 5 by Eurostat."
Austria,AUT,2014,irregular_proxy_detections,33055,0.00386773029347245,PANEL PRIMARY,"Eurostat, Third country nationals found to be illegally present (migr_eipre)",https://ec.europa.eu/eurostat/databrowser/view/migr_eipre/default/table,"Eurostat enforcement statistic - annual flow of detections, NOT a stock. Dataset migr_eipre, dimensions freq=A citizen=TOTAL reason=TOTAL apprehen=TOTAL sex=T age=TOTAL unit=PER. Rounded to nearest 5 by Eurostat."
Austria,AUT,2015,irregular_proxy_detections,86220,0.00997605030558162,PANEL PRIMARY,"Eurostat, Third country nationals found to be illegally present (migr_eipre)",https://ec.europa.eu/eurostat/databrowser/view/migr_eipre/default/table,"Eurostat enforcement statistic - annual flow of detections, NOT a stock. Dataset migr_eipre, dimensions freq=A citizen=TOTAL reason=TOTAL apprehen=TOTAL sex=T age=TOTAL unit=PER. Rounded to nearest 5 by Eurostat."
Austria,AUT,2016,irregular_proxy_detections,49810,0.00570125819133793,PANEL PRIMARY,"Eurostat, Third country nationals found to be illegally present (migr_eipre)",https://ec.europa.eu/eurostat/databrowser/view/migr_eipre/default/table,"Eurostat enforcement statistic - annual flow of detections, NOT a stock. Dataset migr_eipre, dimensions freq=A citizen=TOTAL reason=TOTAL apprehen=TOTAL sex=T age=TOTAL unit=PER. Rounded to nearest 5 by Eurostat."
Austria,AUT,2017,irregular_proxy_detections,26660,0.00303038363110888,PANEL PRIMARY,"Eurostat, Third country nationals found to be illegally present (migr_eipre)",https://ec.europa.eu/eurostat/databrowser/view/migr_eipre/default/table,"Eurostat enforcement statistic - annual flow of detections, NOT a stock. Dataset migr_eipre, dimensions freq=A citizen=TOTAL reason=TOTAL apprehen=TOTAL sex=T age=TOTAL unit=PER. Rounded to nearest 5 by Eurostat."
Austria,AUT,2018,irregular_proxy_detections,18840,0.00213109611978751,PANEL PRIMARY,"Eurostat, Third country nationals found to be illegally present (migr_eipre)",https://ec.europa.eu/eurostat/databrowser/view/migr_eipre/default/table,"Eurostat enforcement statistic - annual flow of detections, NOT a stock. Dataset migr_eipre, dimensions freq=A citizen=TOTAL reason=TOTAL apprehen=TOTAL sex=T age=TOTAL unit=PER. Rounded to nearest 5 by Eurostat."
Austria,AUT,2019,irregular_proxy_detections,16090,0.00181195326084019,PANEL PRIMARY,"Eurostat, Third country nationals found to be illegally present (migr_eipre)",https://ec.europa.eu/eurostat/databrowser/view/migr_eipre/default/table,"Eurostat enforcement statistic - annual flow of detections, NOT a stock. Dataset migr_eipre, dimensions freq=A citizen=TOTAL reason=TOTAL apprehen=TOTAL sex=T age=TOTAL unit=PER. Rounded to nearest 5 by Eurostat."
Austria,AUT,2020,irregular_proxy_detections,18715,0.00209883205575413,PANEL PRIMARY,"Eurostat, Third country nationals found to be illegally present (migr_eipre)",https://ec.europa.eu/eurostat/databrowser/view/migr_eipre/default/table,"Eurostat enforcement statistic - annual flow of detections, NOT a stock. Dataset migr_eipre, dimensions freq=A citizen=TOTAL reason=TOTAL apprehen=TOTAL sex=T age=TOTAL unit=PER. Rounded to nearest 5 by Eurostat."
Austria,AUT,2021,irregular_proxy_detections,38410,0.00428884218791471,PANEL PRIMARY,"Eurostat, Third country nationals found to be illegally present (migr_eipre)",https://ec.europa.eu/eurostat/databrowser/view/migr_eipre/default/table,"Eurostat enforcement statistic - annual flow of detections, NOT a stock. Dataset migr_eipre, dimensions freq=A citizen=TOTAL reason=TOTAL apprehen=TOTAL sex=T age=TOTAL unit=PER. Rounded to nearest 5 by Eurostat."
Austria,AUT,2022,irregular_proxy_detections,105545,0.0116729417461093,PANEL PRIMARY,"Eurostat, Third country nationals found to be illegally present (migr_eipre)",https://ec.europa.eu/eurostat/databrowser/view/migr_eipre/default/table,"Eurostat enforcement statistic - annual flow of detections, NOT a stock. Dataset migr_eipre, dimensions freq=A citizen=TOTAL reason=TOTAL apprehen=TOTAL sex=T age=TOTAL unit=PER. Rounded to nearest 5 by Eurostat."
Austria,AUT,2017,irregular_stock,150000,0.0170501704676043,PANEL PRIMARY,"Pew Research Center (2019), Europe's Unauthorized Immigrant Population Peaks in 2016, Then Levels Off",https://www.pewresearch.org/global/2019/11/13/europes-unauthorized-immigrant-population-peaks-in-2016-then-levels-off/,"Pew residual method (population/labour-force data minus lawfully resident foreign-born), estimate INCLUDES asylum seekers awaiting a decision; published range 100000-200000, value is the midpoint of the published range. Pew reports only rounded 100k bounds."
Belgium,BEL,2010,irregular_proxy_detections,12115,0.00111191816575997,PANEL PRIMARY,"Eurostat, Third country nationals found to be illegally present (migr_eipre)",https://ec.europa.eu/eurostat/databrowser/view/migr_eipre/default/table,"Eurostat enforcement statistic - annual flow of detections, NOT a stock. Dataset migr_eipre, dimensions freq=A citizen=TOTAL reason=TOTAL apprehen=TOTAL sex=T age=TOTAL unit=PER. Rounded to nearest 5 by Eurostat."
Belgium,BEL,2011,irregular_proxy_detections,13550,0.00122754809995485,PANEL PRIMARY,"Eurostat, Third country nationals found to be illegally present (migr_eipre)",https://ec.europa.eu/eurostat/databrowser/view/migr_eipre/default/table,"Eurostat enforcement statistic - annual flow of detections, NOT a stock. Dataset migr_eipre, dimensions freq=A citizen=TOTAL reason=TOTAL apprehen=TOTAL sex=T age=TOTAL unit=PER. Rounded to nearest 5 by Eurostat."
Belgium,BEL,2012,irregular_proxy_detections,15085,0.00135816083145193,PANEL PRIMARY,"Eurostat, Third country nationals found to be illegally present (migr_eipre)",https://ec.europa.eu/eurostat/databrowser/view/migr_eipre/default/table,"Eurostat enforcement statistic - annual flow of detections, NOT a stock. Dataset migr_eipre, dimensions freq=A citizen=TOTAL reason=TOTAL apprehen=TOTAL sex=T age=TOTAL unit=PER. Rounded to nearest 5 by Eurostat."
Belgium,BEL,2013,irregular_proxy_detections,15075,0.00135087823214979,PANEL PRIMARY,"Eurostat, Third country nationals found to be illegally present (migr_eipre)",https://ec.europa.eu/eurostat/databrowser/view/migr_eipre/default/table,"Eurostat enforcement statistic - annual flow of detections, NOT a stock. Dataset migr_eipre, dimensions freq=A citizen=TOTAL reason=TOTAL apprehen=TOTAL sex=T age=TOTAL unit=PER. Rounded to nearest 5 by Eurostat."
Belgium,BEL,2014,irregular_proxy_detections,15540,0.00138637888985666,PANEL PRIMARY,"Eurostat, Third country nationals found to be illegally present (migr_eipre)",https://ec.europa.eu/eurostat/databrowser/view/migr_eipre/default/table,"Eurostat enforcement statistic - annual flow of detections, NOT a stock. Dataset migr_eipre, dimensions freq=A citizen=TOTAL reason=TOTAL apprehen=TOTAL sex=T age=TOTAL unit=PER. Rounded to nearest 5 by Eurostat."
Belgium,BEL,2015,irregular_proxy_detections,16275,0.00144356191785206,PANEL PRIMARY,"Eurostat, Third country nationals found to be illegally present (migr_eipre)",https://ec.europa.eu/eurostat/databrowser/view/migr_eipre/default/table,"Eurostat enforcement statistic - annual flow of detections, NOT a stock. Dataset migr_eipre, dimensions freq=A citizen=TOTAL reason=TOTAL apprehen=TOTAL sex=T age=TOTAL unit=PER. Rounded to nearest 5 by Eurostat."
Belgium,BEL,2016,irregular_proxy_detections,19320,0.00170499342447929,PANEL PRIMARY,"Eurostat, Third country nationals found to be illegally present (migr_eipre)",https://ec.europa.eu/eurostat/databrowser/view/migr_eipre/default/table,"Eurostat enforcement statistic - annual flow of detections, NOT a stock. Dataset migr_eipre, dimensions freq=A citizen=TOTAL reason=TOTAL apprehen=TOTAL sex=T age=TOTAL unit=PER. Rounded to nearest 5 by Eurostat."
Belgium,BEL,2017,irregular_proxy_detections,18285,0.00160745019981261,PANEL PRIMARY,"Eurostat, Third country nationals found to be illegally present (migr_eipre)",https://ec.europa.eu/eurostat/databrowser/view/migr_eipre/default/table,"Eurostat enforcement statistic - annual flow of detections, NOT a stock. Dataset migr_eipre, dimensions freq=A citizen=TOTAL reason=TOTAL apprehen=TOTAL sex=T age=TOTAL unit=PER. Rounded to nearest 5 by Eurostat."
Belgium,BEL,2018,irregular_proxy_detections,19145,0.00167540995255645,PANEL PRIMARY,"Eurostat, Third country nationals found to be illegally present (migr_eipre)",https://ec.europa.eu/eurostat/databrowser/view/migr_eipre/default/table,"Eurostat enforcement statistic - annual flow of detections, NOT a stock. Dataset migr_eipre, dimensions freq=A citizen=TOTAL reason=TOTAL apprehen=TOTAL sex=T age=TOTAL unit=PER. Rounded to nearest 5 by Eurostat."
Belgium,BEL,2019,irregular_proxy_detections,17585,0.00153059714613482,PANEL PRIMARY,"Eurostat, Third country nationals found to be illegally present (migr_eipre)",https://ec.europa.eu/eurostat/databrowser/view/migr_eipre/default/table,"Eurostat enforcement statistic - annual flow of detections, NOT a stock. Dataset migr_eipre, dimensions freq=A citizen=TOTAL reason=TOTAL apprehen=TOTAL sex=T age=TOTAL unit=PER. Rounded to nearest 5 by Eurostat."
Belgium,BEL,2020,irregular_proxy_detections,11495,0.000996221033324309,PANEL PRIMARY,"Eurostat, Third country nationals found to be illegally present (migr_eipre)",https://ec.europa.eu/eurostat/databrowser/view/migr_eipre/default/table,"Eurostat enforcement statistic - annual flow of detections, NOT a stock. Dataset migr_eipre, dimensions freq=A citizen=TOTAL reason=TOTAL apprehen=TOTAL sex=T age=TOTAL unit=PER. Rounded to nearest 5 by Eurostat."
Belgium,BEL,2021,irregular_proxy_detections,10885,0.000939480131311444,PANEL PRIMARY,"Eurostat, Third country nationals found to be illegally present (migr_eipre)",https://ec.europa.eu/eurostat/databrowser/view/migr_eipre/default/table,"Eurostat enforcement statistic - annual flow of detections, NOT a stock. Dataset migr_eipre, dimensions freq=A citizen=TOTAL reason=TOTAL apprehen=TOTAL sex=T age=TOTAL unit=PER. Rounded to nearest 5 by Eurostat."
Belgium,BEL,2022,irregular_proxy_detections,10965,0.000938767368052458,PANEL PRIMARY,"Eurostat, Third country nationals found to be illegally present (migr_eipre)",https://ec.europa.eu/eurostat/databrowser/view/migr_eipre/default/table,"Eurostat enforcement statistic - annual flow of detections, NOT a stock. Dataset migr_eipre, dimensions freq=A citizen=TOTAL reason=TOTAL apprehen=TOTAL sex=T age=TOTAL unit=PER. Rounded to nearest 5 by Eurostat."
Bulgaria,BGR,2010,irregular_proxy_detections,1705,0.000230542515893574,PANEL PRIMARY,"Eurostat, Third country nationals found to be illegally present (migr_eipre)",https://ec.europa.eu/eurostat/databrowser/view/migr_eipre/default/table,"Eurostat enforcement statistic - annual flow of detections, NOT a stock. Dataset migr_eipre, dimensions freq=A citizen=TOTAL reason=TOTAL apprehen=TOTAL sex=T age=TOTAL unit=PER. Rounded to nearest 5 by Eurostat."
Bulgaria,BGR,2011,irregular_proxy_detections,1355,0.000184395688379724,PANEL PRIMARY,"Eurostat, Third country nationals found to be illegally present (migr_eipre)",https://ec.europa.eu/eurostat/databrowser/view/migr_eipre/default/table,"Eurostat enforcement statistic - annual flow of detections, NOT a stock. Dataset migr_eipre, dimensions freq=A citizen=TOTAL reason=TOTAL apprehen=TOTAL sex=T age=TOTAL unit=PER. Rounded to nearest 5 by Eurostat."
Bulgaria,BGR,2012,irregular_proxy_detections,2050,0.000280595596319024,PANEL PRIMARY,"Eurostat, Third country nationals found to be illegally present (migr_eipre)",https://ec.europa.eu/eurostat/databrowser/view/migr_eipre/default/table,"Eurostat enforcement statistic - annual flow of detections, NOT a stock. Dataset migr_eipre, dimensions freq=A citizen=TOTAL reason=TOTAL apprehen=TOTAL sex=T age=TOTAL unit=PER. Rounded to nearest 5 by Eurostat."
Bulgaria,BGR,2013,irregular_proxy_detections,5260,0.000734636358494163,PANEL PRIMARY,"Eurostat, Third country nationals found to be illegally present (migr_eipre)",https://ec.europa.eu/eurostat/databrowser/view/migr_eipre/default/table,"Eurostat enforcement statistic - annual flow of detections, NOT a stock. Dataset migr_eipre, dimensions freq=A citizen=TOTAL reason=TOTAL apprehen=TOTAL sex=T age=TOTAL unit=PER. Rounded to nearest 5 by Eurostat."
Bulgaria,BGR,2014,irregular_proxy_detections,12870,0.00181944850494206,PANEL PRIMARY,"Eurostat, Third country nationals found to be illegally present (migr_eipre)",https://ec.europa.eu/eurostat/databrowser/view/migr_eipre/default/table,"Eurostat enforcement statistic - annual flow of detections, NOT a stock. Dataset migr_eipre, dimensions freq=A citizen=TOTAL reason=TOTAL apprehen=TOTAL sex=T age=TOTAL unit=PER. Rounded to nearest 5 by Eurostat."
Bulgaria,BGR,2015,irregular_proxy_detections,20810,0.00297957182078183,PANEL PRIMARY,"Eurostat, Third country nationals found to be illegally present (migr_eipre)",https://ec.europa.eu/eurostat/databrowser/view/migr_eipre/default/table,"Eurostat enforcement statistic - annual flow of detections, NOT a stock. Dataset migr_eipre, dimensions freq=A citizen=TOTAL reason=TOTAL apprehen=TOTAL sex=T age=TOTAL unit=PER. Rounded to nearest 5 by Eurostat."
Bulgaria,BGR,2016,irregular_proxy_detections,14125,0.00204884177705149,PANEL PRIMARY,"Eurostat, Third country nationals found to be illegally present (migr_eipre)",https://ec.europa.eu/eurostat/databrowser/view/migr_eipre/default/table,"Eurostat enforcement statistic - annual flow of detections, NOT a stock. Dataset migr_eipre, dimensions freq=A citizen=TOTAL reason=TOTAL apprehen=TOTAL sex=T age=TOTAL unit=PER. Rounded to nearest 5 by Eurostat."
Bulgaria,BGR,2017,irregular_proxy_detections,2595,0.000381423121266977,PANEL PRIMARY,"Eurostat, Third country nationals found to be illegally present (migr_eipre)",https://ec.europa.eu/eurostat/databrowser/view/migr_eipre/default/table,"Eurostat enforcement statistic - annual flow of detections, NOT a stock. Dataset migr_eipre, dimensions freq=A citizen=TOTAL reason=TOTAL apprehen=TOTAL sex=T age=TOTAL unit=PER. Rounded to nearest 5 by Eurostat."
Bulgaria,BGR,2018,irregular_proxy_detections,1305,0.000194462715164426,PANEL PRIMARY,"Eurostat, Third country nationals found to be illegally present (migr_eipre)",https://ec.europa.eu/eurostat/databrowser/view/migr_eipre/default/table,"Eurostat enforcement statistic - annual flow of detections, NOT a stock. Dataset migr_eipre, dimensions freq=A citizen=TOTAL reason=TOTAL apprehen=TOTAL sex=T age=TOTAL unit=PER. Rounded to nearest 5 by Eurostat."
Bulgaria,BGR,2019,irregular_proxy_detections,655,9.89915556424733e-05,PANEL PRIMARY,"Eurostat, Third country nationals found to be illegally present (migr_eipre)",https://ec.europa.eu/eurostat/databrowser/view/migr_eipre/default/table,"Eurostat enforcement statistic - annual flow of detections, NOT a stock. Dataset migr_eipre, dimensions freq=A citizen=TOTAL reason=TOTAL apprehen=TOTAL sex=T age=TOTAL unit=PER. Rounded to nearest 5 by Eurostat."
Bulgaria,BGR,2020,irregular_proxy_detections,670,0.000102279208194061,PANEL PRIMARY,"Eurostat, Third country nationals found to be illegally present (migr_eipre)",https://ec.europa.eu/eurostat/databrowser/view/migr_eipre/default/table,"Eurostat enforcement statistic - annual flow of detections, NOT a stock. Dataset migr_eipre, dimensions freq=A citizen=TOTAL reason=TOTAL apprehen=TOTAL sex=T age=TOTAL unit=PER. Rounded to nearest 5 by Eurostat."
Bulgaria,BGR,2021,irregular_proxy_detections,3200,0.000491755337581587,PANEL PRIMARY,"Eurostat, Third country nationals found to be illegally present (migr_eipre)",https://ec.europa.eu/eurostat/databrowser/view/migr_eipre/default/table,"Eurostat enforcement statistic - annual flow of detections, NOT a stock. Dataset migr_eipre, dimensions freq=A citizen=TOTAL reason=TOTAL apprehen=TOTAL sex=T age=TOTAL unit=PER. Rounded to nearest 5 by Eurostat."
Bulgaria,BGR,2022,irregular_proxy_detections,10135,0.00156764855964265,PANEL PRIMARY,"Eurostat, Third country nationals found to be illegally present (migr_eipre)",https://ec.europa.eu/eurostat/databrowser/view/migr_eipre/default/table,"Eurostat enforcement statistic - annual flow of detections, NOT a stock. Dataset migr_eipre, dimensions freq=A citizen=TOTAL reason=TOTAL apprehen=TOTAL sex=T age=TOTAL unit=PER. Rounded to nearest 5 by Eurostat."
Switzerland,CHE,2010,irregular_proxy_detections,12020,0.00153612010056603,PANEL PRIMARY,"Eurostat, Third country nationals found to be illegally present (migr_eipre)",https://ec.europa.eu/eurostat/databrowser/view/migr_eipre/default/table,"Eurostat enforcement statistic - annual flow of detections, NOT a stock. Dataset migr_eipre, dimensions freq=A citizen=TOTAL reason=TOTAL apprehen=TOTAL sex=T age=TOTAL unit=PER. Rounded to nearest 5 by Eurostat. CORRECTED: an earlier extraction of this country shifted the series one year forward; re-read directly from the Eurostat API and cross-checked against an independent compilation."
Switzerland,CHE,2011,irregular_proxy_detections,12630,0.00159622910778755,PANEL PRIMARY,"Eurostat, Third country nationals found to be illegally present (migr_eipre)",https://ec.europa.eu/eurostat/databrowser/view/migr_eipre/default/table,"Eurostat enforcement statistic - annual flow of detections, NOT a stock. Dataset migr_eipre, dimensions freq=A citizen=TOTAL reason=TOTAL apprehen=TOTAL sex=T age=TOTAL unit=PER. Rounded to nearest 5 by Eurostat. CORRECTED: an earlier extraction of this country shifted the series one year forward; re-read directly from the Eurostat API and cross-checked against an independent compilation."
Switzerland,CHE,2012,irregular_proxy_detections,14170,0.00177194526702415,PANEL PRIMARY,"Eurostat, Third country nationals found to be illegally present (migr_eipre)",https://ec.europa.eu/eurostat/databrowser/view/migr_eipre/default/table,"Eurostat enforcement statistic - annual flow of detections, NOT a stock. Dataset migr_eipre, dimensions freq=A citizen=TOTAL reason=TOTAL apprehen=TOTAL sex=T age=TOTAL unit=PER. Rounded to nearest 5 by Eurostat. CORRECTED: an earlier extraction of this country shifted the series one year forward; re-read directly from the Eurostat API and cross-checked against an independent compilation."
Switzerland,CHE,2013,irregular_proxy_detections,15045,0.00185985368903741,PANEL PRIMARY,"Eurostat, Third country nationals found to be illegally present (migr_eipre)",https://ec.europa.eu/eurostat/databrowser/view/migr_eipre/default/table,"Eurostat enforcement statistic - annual flow of detections, NOT a stock. Dataset migr_eipre, dimensions freq=A citizen=TOTAL reason=TOTAL apprehen=TOTAL sex=T age=TOTAL unit=PER. Rounded to nearest 5 by Eurostat. CORRECTED: an earlier extraction of this country shifted the series one year forward; re-read directly from the Eurostat API and cross-checked against an independent compilation."
Switzerland,CHE,2014,irregular_proxy_detections,13800,0.00168525968080937,PANEL PRIMARY,"Eurostat, Third country nationals found to be illegally present (migr_eipre)",https://ec.europa.eu/eurostat/databrowser/view/migr_eipre/default/table,"Eurostat enforcement statistic - annual flow of detections, NOT a stock. Dataset migr_eipre, dimensions freq=A citizen=TOTAL reason=TOTAL apprehen=TOTAL sex=T age=TOTAL unit=PER. Rounded to nearest 5 by Eurostat. CORRECTED: an earlier extraction of this country shifted the series one year forward; re-read directly from the Eurostat API and cross-checked against an independent compilation."
Switzerland,CHE,2015,irregular_proxy_detections,15555,0.00187807972475598,PANEL PRIMARY,"Eurostat, Third country nationals found to be illegally present (migr_eipre)",https://ec.europa.eu/eurostat/databrowser/view/migr_eipre/default/table,"Eurostat enforcement statistic - annual flow of detections, NOT a stock. Dataset migr_eipre, dimensions freq=A citizen=TOTAL reason=TOTAL apprehen=TOTAL sex=T age=TOTAL unit=PER. Rounded to nearest 5 by Eurostat. CORRECTED: an earlier extraction of this country shifted the series one year forward; re-read directly from the Eurostat API and cross-checked against an independent compilation."
Switzerland,CHE,2016,irregular_proxy_detections,15765,0.00188276168954364,PANEL PRIMARY,"Eurostat, Third country nationals found to be illegally present (migr_eipre)",https://ec.europa.eu/eurostat/databrowser/view/migr_eipre/default/table,"Eurostat enforcement statistic - annual flow of detections, NOT a stock. Dataset migr_eipre, dimensions freq=A citizen=TOTAL reason=TOTAL apprehen=TOTAL sex=T age=TOTAL unit=PER. Rounded to nearest 5 by Eurostat. CORRECTED: an earlier extraction of this country shifted the series one year forward; re-read directly from the Eurostat API and cross-checked against an independent compilation."
Switzerland,CHE,2017,irregular_proxy_detections,13940,0.00164934499469938,PANEL PRIMARY,"Eurostat, Third country nationals found to be illegally present (migr_eipre)",https://ec.europa.eu/eurostat/databrowser/view/migr_eipre/default/table,"Eurostat enforcement statistic - annual flow of detections, NOT a stock. Dataset migr_eipre, dimensions freq=A citizen=TOTAL reason=TOTAL apprehen=TOTAL sex=T age=TOTAL unit=PER. Rounded to nearest 5 by Eurostat. CORRECTED: an earlier extraction of this country shifted the series one year forward; re-read directly from the Eurostat API and cross-checked against an independent compilation."
Switzerland,CHE,2018,irregular_proxy_detections,14420,0.00169361555091423,PANEL PRIMARY,"Eurostat, Third country nationals found to be illegally present (migr_eipre)",https://ec.europa.eu/eurostat/databrowser/view/migr_eipre/default/table,"Eurostat enforcement statistic - annual flow of detections, NOT a stock. Dataset migr_eipre, dimensions freq=A citizen=TOTAL reason=TOTAL apprehen=TOTAL sex=T age=TOTAL unit=PER. Rounded to nearest 5 by Eurostat. CORRECTED: an earlier extraction of this country shifted the series one year forward; re-read directly from the Eurostat API and cross-checked against an independent compilation."
Switzerland,CHE,2019,irregular_proxy_detections,13885,0.00161918911102611,PANEL PRIMARY,"Eurostat, Third country nationals found to be illegally present (migr_eipre)",https://ec.europa.eu/eurostat/databrowser/view/migr_eipre/default/table,"Eurostat enforcement statistic - annual flow of detections, NOT a stock. Dataset migr_eipre, dimensions freq=A citizen=TOTAL reason=TOTAL apprehen=TOTAL sex=T age=TOTAL unit=PER. Rounded to nearest 5 by Eurostat. CORRECTED: an earlier extraction of this country shifted the series one year forward; re-read directly from the Eurostat API and cross-checked against an independent compilation."
Switzerland,CHE,2020,irregular_proxy_detections,11020,0.00127573361339275,PANEL PRIMARY,"Eurostat, Third country nationals found to be illegally present (migr_eipre)",https://ec.europa.eu/eurostat/databrowser/view/migr_eipre/default/table,"Eurostat enforcement statistic - annual flow of detections, NOT a stock. Dataset migr_eipre, dimensions freq=A citizen=TOTAL reason=TOTAL apprehen=TOTAL sex=T age=TOTAL unit=PER. Rounded to nearest 5 by Eurostat. CORRECTED: an earlier extraction of this country shifted the series one year forward; re-read directly from the Eurostat API and cross-checked against an independent compilation."
Switzerland,CHE,2021,irregular_proxy_detections,12175,0.00139869442932463,PANEL PRIMARY,"Eurostat, Third country nationals found to be illegally present (migr_eipre)",https://ec.europa.eu/eurostat/databrowser/view/migr_eipre/default/table,"Eurostat enforcement statistic - annual flow of detections, NOT a stock. Dataset migr_eipre, dimensions freq=A citizen=TOTAL reason=TOTAL apprehen=TOTAL sex=T age=TOTAL unit=PER. Rounded to nearest 5 by Eurostat. CORRECTED: an earlier extraction of this country shifted the series one year forward; re-read directly from the Eurostat API and cross-checked against an independent compilation."
Switzerland,CHE,2022,irregular_proxy_detections,15130,0.00172380634670633,PANEL PRIMARY,"Eurostat, Third country nationals found to be illegally present (migr_eipre)",https://ec.europa.eu/eurostat/databrowser/view/migr_eipre/default/table,"Eurostat enforcement statistic - annual flow of detections, NOT a stock. Dataset migr_eipre, dimensions freq=A citizen=TOTAL reason=TOTAL apprehen=TOTAL sex=T age=TOTAL unit=PER. Rounded to nearest 5 by Eurostat. CORRECTED: an earlier extraction of this country shifted the series one year forward; re-read directly from the Eurostat API and cross-checked against an independent compilation."
Switzerland,CHE,2015,irregular_stock,76000,0.00917608865840271,PANEL PRIMARY,"Morlok, Oswald, Meier, Efionayi-Mader, Ruedin, Bader, Wanner (2015), Sans-Papiers in der Schweiz 2015, State Secretariat for Migration (SEM)",https://www.sem.admin.ch/dam/sem/de/data/internationales/illegale-migration/sans_papiers/ber-sanspapiers-2015-d.pdf,"Expert-interview / Delphi estimate for 12 cantons extrapolated by regression to the remaining 15 cantons, cross-checked against ZEMIS, AHV and vital-statistics data; point estimate 76000, plausible range 50000-99000. Covers third-country (non-EU/EFTA) nationals only."
Switzerland,CHE,2017,irregular_stock,150000,0.0177476147205816,PANEL PRIMARY,"Pew Research Center (2019), Europe's Unauthorized Immigrant Population Peaks in 2016, Then Levels Off",https://www.pewresearch.org/global/2019/11/13/europes-unauthorized-immigrant-population-peaks-in-2016-then-levels-off/,"Pew residual method (population/labour-force data minus lawfully resident foreign-born), estimate INCLUDES asylum seekers awaiting a decision; published range 100000-200000, value is the midpoint of the published range. Pew reports only rounded 100k bounds."
Chile,CHL,2018,irregular_stock,59682,0.00315891582316613,PANEL PRIMARY,"Instituto Nacional de Estadisticas (INE) and Servicio Nacional de Migraciones (SERMIG), Estimacion de Personas Extranjeras Residentes Habituales en Chile 2023 - Sintesis (2023 revised methodology)",https://www.ine.gob.cl/docs/default-source/demografia-y-migracion/publicaciones-y-anuarios/migraci%C3%B3n-internacional/estimaci%C3%B3n-poblaci%C3%B3n-extranjera-en-chile-2018/sintesis-epe2023.pdf?sfvrsn=cc51129c_10,"Reference date 31 December 2018. Modelled stock estimate, REVISED under the 2023 methodology which added Mineduc school-enrolment and SERMIG biometric-registration records. Substantially higher than the 2022-methodology value for the same year."
Chile,CHL,2018,irregular_stock,10375,0.000549139634485249,alternative 1,"Instituto Nacional de Estadisticas (INE) and Servicio Nacional de Migraciones (SERMIG), Estimacion de Personas Extranjeras Residentes Habituales en Chile 2023 - Sintesis (2022 methodology series)",https://www.ine.gob.cl/docs/default-source/demografia-y-migracion/publicaciones-y-anuarios/migraci%C3%B3n-internacional/estimaci%C3%B3n-poblaci%C3%B3n-extranjera-en-chile-2018/sintesis-epe2023.pdf?sfvrsn=cc51129c_10,"Reference date 31 December 2018. Modelled stock estimate of foreign residents in irregular migratory status, built from census plus administrative records. This is the 2022-methodology series; INE revised 2018-2020 sharply upward in the 2023 methodology (recorded as separate rows)."
Chile,CHL,2019,irregular_stock,115059,0.00599336046985521,PANEL PRIMARY,"Instituto Nacional de Estadisticas (INE) and Servicio Nacional de Migraciones (SERMIG), Estimacion de Personas Extranjeras Residentes Habituales en Chile 2023 - Sintesis (2023 revised methodology)",https://www.ine.gob.cl/docs/default-source/demografia-y-migracion/publicaciones-y-anuarios/migraci%C3%B3n-internacional/estimaci%C3%B3n-poblaci%C3%B3n-extranjera-en-chile-2018/sintesis-epe2023.pdf?sfvrsn=cc51129c_10,"Reference date 31 December 2019. Modelled stock estimate, REVISED under the 2023 methodology which added Mineduc school-enrolment and SERMIG biometric-registration records. Substantially higher than the 2022-methodology value for the same year."
Chile,CHL,2019,irregular_stock,21833,0.00113726904577955,alternative 1,"Instituto Nacional de Estadisticas (INE) and Servicio Nacional de Migraciones (SERMIG), Estimacion de Personas Extranjeras Residentes Habituales en Chile 2023 - Sintesis (2022 methodology series)",https://www.ine.gob.cl/docs/default-source/demografia-y-migracion/publicaciones-y-anuarios/migraci%C3%B3n-internacional/estimaci%C3%B3n-poblaci%C3%B3n-extranjera-en-chile-2018/sintesis-epe2023.pdf?sfvrsn=cc51129c_10,"Reference date 31 December 2019. Modelled stock estimate of foreign residents in irregular migratory status, built from census plus administrative records. This is the 2022-methodology series; INE revised 2018-2020 sharply upward in the 2023 methodology (recorded as separate rows)."
Chile,CHL,2020,irregular_stock,130017,0.00671207081403263,PANEL PRIMARY,"Instituto Nacional de Estadisticas (INE) and Servicio Nacional de Migraciones (SERMIG), Estimacion de Personas Extranjeras Residentes Habituales en Chile 2023 - Sintesis (2023 revised methodology)",https://www.ine.gob.cl/docs/default-source/demografia-y-migracion/publicaciones-y-anuarios/migraci%C3%B3n-internacional/estimaci%C3%B3n-poblaci%C3%B3n-extranjera-en-chile-2018/sintesis-epe2023.pdf?sfvrsn=cc51129c_10,"Reference date 31 December 2020. Modelled stock estimate, REVISED under the 2023 methodology which added Mineduc school-enrolment and SERMIG biometric-registration records. Substantially higher than the 2022-methodology value for the same year."
Chile,CHL,2020,irregular_stock,14818,0.00076497277527043,alternative 1,"Instituto Nacional de Estadisticas (INE) and Servicio Nacional de Migraciones (SERMIG), Estimacion de Personas Extranjeras Residentes Habituales en Chile 2023 - Sintesis (2022 methodology series)",https://www.ine.gob.cl/docs/default-source/demografia-y-migracion/publicaciones-y-anuarios/migraci%C3%B3n-internacional/estimaci%C3%B3n-poblaci%C3%B3n-extranjera-en-chile-2018/sintesis-epe2023.pdf?sfvrsn=cc51129c_10,"Reference date 31 December 2020. Modelled stock estimate of foreign residents in irregular migratory status, built from census plus administrative records. This is the 2022-methodology series; INE revised 2018-2020 sharply upward in the 2023 methodology (recorded as separate rows)."
Chile,CHL,2021,irregular_stock,53356,0.00274234601441361,PANEL PRIMARY,"Instituto Nacional de Estadisticas (INE) and Servicio Nacional de Migraciones (SERMIG), Estimacion de Personas Extranjeras Residentes Habituales en Chile 2023 - Sintesis (2022 methodology series)",https://www.ine.gob.cl/docs/default-source/demografia-y-migracion/publicaciones-y-anuarios/migraci%C3%B3n-internacional/estimaci%C3%B3n-poblaci%C3%B3n-extranjera-en-chile-2018/sintesis-epe2023.pdf?sfvrsn=cc51129c_10,"Reference date 31 December 2021. Modelled stock estimate of foreign residents in irregular migratory status, built from census plus administrative records. This is the 2022-methodology series; INE revised 2018-2020 sharply upward in the 2023 methodology (recorded as separate rows)."
Chile,CHL,2022,irregular_stock,109846,0.00561784880874766,PANEL PRIMARY,"Instituto Nacional de Estadisticas (INE) and Servicio Nacional de Migraciones (SERMIG), Estimacion de Personas Extranjeras Residentes Habituales en Chile 2023 - Sintesis (2022 methodology series)",https://www.ine.gob.cl/docs/default-source/demografia-y-migracion/publicaciones-y-anuarios/migraci%C3%B3n-internacional/estimaci%C3%B3n-poblaci%C3%B3n-extranjera-en-chile-2018/sintesis-epe2023.pdf?sfvrsn=cc51129c_10,"Reference date 31 December 2022. Modelled stock estimate of foreign residents in irregular migratory status, built from census plus administrative records. This is the 2022-methodology series; INE revised 2018-2020 sharply upward in the 2023 methodology (recorded as separate rows)."
Chile,CHL,2022,irregular_stock,107223,0.00548370084318364,alternative 1,"Instituto Nacional de Estadisticas (INE) de Chile, press release 29 December 2023",https://www.ine.gob.cl/sala-de-prensa/prensa/general/noticia/2023/12/29/poblaci%C3%B3n-extranjera-residente-en-chile-super%C3%B3-los-1-6-millones-de-personas-en-2022-con-un-6-6-de-ellas-en-situaci%C3%B3n-irregular,"Reference date 31 December 2022. Modelled stock estimate: 6.6% of a total foreign population of 1,625,074. Differs slightly from the 109,846 in the 2023 Sintesis (different publication vintage)."
Czech Republic,CZE,2010,irregular_proxy_detections,2655,0.000253474897392789,PANEL PRIMARY,"Eurostat, Third country nationals found to be illegally present (migr_eipre)",https://ec.europa.eu/eurostat/databrowser/view/migr_eipre/default/table,"Eurostat enforcement statistic - annual flow of detections, NOT a stock. Dataset migr_eipre, dimensions freq=A citizen=TOTAL reason=TOTAL apprehen=TOTAL sex=T age=TOTAL unit=PER. Rounded to nearest 5 by Eurostat."
Czech Republic,CZE,2011,irregular_proxy_detections,3085,0.000293919029642282,PANEL PRIMARY,"Eurostat, Third country nationals found to be illegally present (migr_eipre)",https://ec.europa.eu/eurostat/databrowser/view/migr_eipre/default/table,"Eurostat enforcement statistic - annual flow of detections, NOT a stock. Dataset migr_eipre, dimensions freq=A citizen=TOTAL reason=TOTAL apprehen=TOTAL sex=T age=TOTAL unit=PER. Rounded to nearest 5 by Eurostat."
Czech Republic,CZE,2012,irregular_proxy_detections,3315,0.0003153903347847,PANEL PRIMARY,"Eurostat, Third country nationals found to be illegally present (migr_eipre)",https://ec.europa.eu/eurostat/databrowser/view/migr_eipre/default/table,"Eurostat enforcement statistic - annual flow of detections, NOT a stock. Dataset migr_eipre, dimensions freq=A citizen=TOTAL reason=TOTAL apprehen=TOTAL sex=T age=TOTAL unit=PER. Rounded to nearest 5 by Eurostat."
Czech Republic,CZE,2013,irregular_proxy_detections,3695,0.000351427088817942,PANEL PRIMARY,"Eurostat, Third country nationals found to be illegally present (migr_eipre)",https://ec.europa.eu/eurostat/databrowser/view/migr_eipre/default/table,"Eurostat enforcement statistic - annual flow of detections, NOT a stock. Dataset migr_eipre, dimensions freq=A citizen=TOTAL reason=TOTAL apprehen=TOTAL sex=T age=TOTAL unit=PER. Rounded to nearest 5 by Eurostat."
Czech Republic,CZE,2014,irregular_proxy_detections,4430,0.000420888736494863,PANEL PRIMARY,"Eurostat, Third country nationals found to be illegally present (migr_eipre)",https://ec.europa.eu/eurostat/databrowser/view/migr_eipre/default/table,"Eurostat enforcement statistic - annual flow of detections, NOT a stock. Dataset migr_eipre, dimensions freq=A citizen=TOTAL reason=TOTAL apprehen=TOTAL sex=T age=TOTAL unit=PER. Rounded to nearest 5 by Eurostat."
Czech Republic,CZE,2015,irregular_proxy_detections,8165,0.000774222863725682,PANEL PRIMARY,"Eurostat, Third country nationals found to be illegally present (migr_eipre)",https://ec.europa.eu/eurostat/databrowser/view/migr_eipre/default/table,"Eurostat enforcement statistic - annual flow of detections, NOT a stock. Dataset migr_eipre, dimensions freq=A citizen=TOTAL reason=TOTAL apprehen=TOTAL sex=T age=TOTAL unit=PER. Rounded to nearest 5 by Eurostat."
Czech Republic,CZE,2016,irregular_proxy_detections,4885,0.000462317481600995,PANEL PRIMARY,"Eurostat, Third country nationals found to be illegally present (migr_eipre)",https://ec.europa.eu/eurostat/databrowser/view/migr_eipre/default/table,"Eurostat enforcement statistic - annual flow of detections, NOT a stock. Dataset migr_eipre, dimensions freq=A citizen=TOTAL reason=TOTAL apprehen=TOTAL sex=T age=TOTAL unit=PER. Rounded to nearest 5 by Eurostat."
Czech Republic,CZE,2017,irregular_proxy_detections,4360,0.000411536695009211,PANEL PRIMARY,"Eurostat, Third country nationals found to be illegally present (migr_eipre)",https://ec.europa.eu/eurostat/databrowser/view/migr_eipre/default/table,"Eurostat enforcement statistic - annual flow of detections, NOT a stock. Dataset migr_eipre, dimensions freq=A citizen=TOTAL reason=TOTAL apprehen=TOTAL sex=T age=TOTAL unit=PER. Rounded to nearest 5 by Eurostat."
Czech Republic,CZE,2018,irregular_proxy_detections,4505,0.000423803434980933,PANEL PRIMARY,"Eurostat, Third country nationals found to be illegally present (migr_eipre)",https://ec.europa.eu/eurostat/databrowser/view/migr_eipre/default/table,"Eurostat enforcement statistic - annual flow of detections, NOT a stock. Dataset migr_eipre, dimensions freq=A citizen=TOTAL reason=TOTAL apprehen=TOTAL sex=T age=TOTAL unit=PER. Rounded to nearest 5 by Eurostat."
Czech Republic,CZE,2019,irregular_proxy_detections,4995,0.000468052927931094,PANEL PRIMARY,"Eurostat, Third country nationals found to be illegally present (migr_eipre)",https://ec.europa.eu/eurostat/databrowser/view/migr_eipre/default/table,"Eurostat enforcement statistic - annual flow of detections, NOT a stock. Dataset migr_eipre, dimensions freq=A citizen=TOTAL reason=TOTAL apprehen=TOTAL sex=T age=TOTAL unit=PER. Rounded to nearest 5 by Eurostat."
Czech Republic,CZE,2020,irregular_proxy_detections,6515,0.000609000418588469,PANEL PRIMARY,"Eurostat, Third country nationals found to be illegally present (migr_eipre)",https://ec.europa.eu/eurostat/databrowser/view/migr_eipre/default/table,"Eurostat enforcement statistic - annual flow of detections, NOT a stock. Dataset migr_eipre, dimensions freq=A citizen=TOTAL reason=TOTAL apprehen=TOTAL sex=T age=TOTAL unit=PER. Rounded to nearest 5 by Eurostat."
Czech Republic,CZE,2021,irregular_proxy_detections,11040,0.00105085090367467,PANEL PRIMARY,"Eurostat, Third country nationals found to be illegally present (migr_eipre)",https://ec.europa.eu/eurostat/databrowser/view/migr_eipre/default/table,"Eurostat enforcement statistic - annual flow of detections, NOT a stock. Dataset migr_eipre, dimensions freq=A citizen=TOTAL reason=TOTAL apprehen=TOTAL sex=T age=TOTAL unit=PER. Rounded to nearest 5 by Eurostat."
Czech Republic,CZE,2022,irregular_proxy_detections,29130,0.00272954253316914,PANEL PRIMARY,"Eurostat, Third country nationals found to be illegally present (migr_eipre)",https://ec.europa.eu/eurostat/databrowser/view/migr_eipre/default/table,"Eurostat enforcement statistic - annual flow of detections, NOT a stock. Dataset migr_eipre, dimensions freq=A citizen=TOTAL reason=TOTAL apprehen=TOTAL sex=T age=TOTAL unit=PER. Rounded to nearest 5 by Eurostat."
Czech Republic,CZE,2017,irregular_stock,150000,0.0141583725347206,PANEL PRIMARY,"Pew Research Center (2019), Europe's Unauthorized Immigrant Population Peaks in 2016, Then Levels Off",https://www.pewresearch.org/global/2019/11/13/europes-unauthorized-immigrant-population-peaks-in-2016-then-levels-off/,"Pew residual method (population/labour-force data minus lawfully resident foreign-born), estimate INCLUDES asylum seekers awaiting a decision; published range 100000-200000, value is the midpoint of the published range. Pew reports only rounded 100k bounds."
Germany,DEU,2010,irregular_proxy_detections,50250,0.000614476478879802,PANEL PRIMARY,"Eurostat, Third country nationals found to be illegally present (migr_eipre)",https://ec.europa.eu/eurostat/databrowser/view/migr_eipre/default/table,"Eurostat enforcement statistic - annual flow of detections, NOT a stock. Dataset migr_eipre, dimensions freq=A citizen=TOTAL reason=TOTAL apprehen=TOTAL sex=T age=TOTAL unit=PER. Rounded to nearest 5 by Eurostat."
Germany,DEU,2011,irregular_proxy_detections,56345,0.000701899868356247,PANEL PRIMARY,"Eurostat, Third country nationals found to be illegally present (migr_eipre)",https://ec.europa.eu/eurostat/databrowser/view/migr_eipre/default/table,"Eurostat enforcement statistic - annual flow of detections, NOT a stock. Dataset migr_eipre, dimensions freq=A citizen=TOTAL reason=TOTAL apprehen=TOTAL sex=T age=TOTAL unit=PER. Rounded to nearest 5 by Eurostat."
Germany,DEU,2012,irregular_proxy_detections,64815,0.000805897876854801,PANEL PRIMARY,"Eurostat, Third country nationals found to be illegally present (migr_eipre)",https://ec.europa.eu/eurostat/databrowser/view/migr_eipre/default/table,"Eurostat enforcement statistic - annual flow of detections, NOT a stock. Dataset migr_eipre, dimensions freq=A citizen=TOTAL reason=TOTAL apprehen=TOTAL sex=T age=TOTAL unit=PER. Rounded to nearest 5 by Eurostat."
Germany,DEU,2013,irregular_proxy_detections,86305,0.00107017611189103,PANEL PRIMARY,"Eurostat, Third country nationals found to be illegally present (migr_eipre)",https://ec.europa.eu/eurostat/databrowser/view/migr_eipre/default/table,"Eurostat enforcement statistic - annual flow of detections, NOT a stock. Dataset migr_eipre, dimensions freq=A citizen=TOTAL reason=TOTAL apprehen=TOTAL sex=T age=TOTAL unit=PER. Rounded to nearest 5 by Eurostat."
Germany,DEU,2014,irregular_proxy_detections,128290,0.00158416941931899,PANEL PRIMARY,"Eurostat, Third country nationals found to be illegally present (migr_eipre)",https://ec.europa.eu/eurostat/databrowser/view/migr_eipre/default/table,"Eurostat enforcement statistic - annual flow of detections, NOT a stock. Dataset migr_eipre, dimensions freq=A citizen=TOTAL reason=TOTAL apprehen=TOTAL sex=T age=TOTAL unit=PER. Rounded to nearest 5 by Eurostat."
Germany,DEU,2015,irregular_proxy_detections,376435,0.00460828274538162,PANEL PRIMARY,"Eurostat, Third country nationals found to be illegally present (migr_eipre)",https://ec.europa.eu/eurostat/databrowser/view/migr_eipre/default/table,"Eurostat enforcement statistic - annual flow of detections, NOT a stock. Dataset migr_eipre, dimensions freq=A citizen=TOTAL reason=TOTAL apprehen=TOTAL sex=T age=TOTAL unit=PER. Rounded to nearest 5 by Eurostat."
Germany,DEU,2016,irregular_proxy_detections,370555,0.00449982986367394,PANEL PRIMARY,"Eurostat, Third country nationals found to be illegally present (migr_eipre)",https://ec.europa.eu/eurostat/databrowser/view/migr_eipre/default/table,"Eurostat enforcement statistic - annual flow of detections, NOT a stock. Dataset migr_eipre, dimensions freq=A citizen=TOTAL reason=TOTAL apprehen=TOTAL sex=T age=TOTAL unit=PER. Rounded to nearest 5 by Eurostat."
Germany,DEU,2017,irregular_proxy_detections,156710,0.00189590713682067,PANEL PRIMARY,"Eurostat, Third country nationals found to be illegally present (migr_eipre)",https://ec.europa.eu/eurostat/databrowser/view/migr_eipre/default/table,"Eurostat enforcement statistic - annual flow of detections, NOT a stock. Dataset migr_eipre, dimensions freq=A citizen=TOTAL reason=TOTAL apprehen=TOTAL sex=T age=TOTAL unit=PER. Rounded to nearest 5 by Eurostat."
Germany,DEU,2018,irregular_proxy_detections,134125,0.00161780031216641,PANEL PRIMARY,"Eurostat, Third country nationals found to be illegally present (migr_eipre)",https://ec.europa.eu/eurostat/databrowser/view/migr_eipre/default/table,"Eurostat enforcement statistic - annual flow of detections, NOT a stock. Dataset migr_eipre, dimensions freq=A citizen=TOTAL reason=TOTAL apprehen=TOTAL sex=T age=TOTAL unit=PER. Rounded to nearest 5 by Eurostat."
Germany,DEU,2019,irregular_proxy_detections,133525,0.00160693513368798,PANEL PRIMARY,"Eurostat, Third country nationals found to be illegally present (migr_eipre)",https://ec.europa.eu/eurostat/databrowser/view/migr_eipre/default/table,"Eurostat enforcement statistic - annual flow of detections, NOT a stock. Dataset migr_eipre, dimensions freq=A citizen=TOTAL reason=TOTAL apprehen=TOTAL sex=T age=TOTAL unit=PER. Rounded to nearest 5 by Eurostat."
Germany,DEU,2020,irregular_proxy_detections,117930,0.00141809481528879,PANEL PRIMARY,"Eurostat, Third country nationals found to be illegally present (migr_eipre)",https://ec.europa.eu/eurostat/databrowser/view/migr_eipre/default/table,"Eurostat enforcement statistic - annual flow of detections, NOT a stock. Dataset migr_eipre, dimensions freq=A citizen=TOTAL reason=TOTAL apprehen=TOTAL sex=T age=TOTAL unit=PER. Rounded to nearest 5 by Eurostat."
Germany,DEU,2021,irregular_proxy_detections,120285,0.00144580132731738,PANEL PRIMARY,"Eurostat, Third country nationals found to be illegally present (migr_eipre)",https://ec.europa.eu/eurostat/databrowser/view/migr_eipre/default/table,"Eurostat enforcement statistic - annual flow of detections, NOT a stock. Dataset migr_eipre, dimensions freq=A citizen=TOTAL reason=TOTAL apprehen=TOTAL sex=T age=TOTAL unit=PER. Rounded to nearest 5 by Eurostat."
Germany,DEU,2022,irregular_proxy_detections,198310,0.00238416944191596,PANEL PRIMARY,"Eurostat, Third country nationals found to be illegally present (migr_eipre)",https://ec.europa.eu/eurostat/databrowser/view/migr_eipre/default/table,"Eurostat enforcement statistic - annual flow of detections, NOT a stock. Dataset migr_eipre, dimensions freq=A citizen=TOTAL reason=TOTAL apprehen=TOTAL sex=T age=TOTAL unit=PER. Rounded to nearest 5 by Eurostat."
Germany,DEU,2014,irregular_stock,550000,0.00679159077578489,PANEL PRIMARY,"Pew Research Center (2019), Europe's Unauthorized Immigrant Population Peaks in 2016, Then Levels Off",https://www.pewresearch.org/global/2019/11/13/europes-unauthorized-immigrant-population-peaks-in-2016-then-levels-off/,"Pew residual method (population/labour-force data minus lawfully resident foreign-born), estimate INCLUDES asylum seekers awaiting a decision; published range 500000-600000, value is the midpoint of the published range. Pew reports only rounded 100k bounds."
Germany,DEU,2014,irregular_stock,350000,0.0043219214027722,alternative 1,"Vogel, Dita (2015), Update report Germany: Estimated number of irregular foreign residents in Germany (Database on Irregular Migration), cited in bpb country profile",https://www.bpb.de/themen/migration-integration/regionalprofile/deutschland/256275/irregulaere-migration-in-deutschland/,"Multiplier method based on police crime statistics (Polizeiliche Kriminalstatistik); published range 180000-520000, value is the midpoint. NOTE: this is a second, independent estimate for DEU 2014 alongside the Pew row - do not sum. Author regards 2015-2016 as not estimable."
Germany,DEU,2015,irregular_stock,900000,0.0110177174567813,PANEL PRIMARY,"Pew Research Center (2019), Europe's Unauthorized Immigrant Population Peaks in 2016, Then Levels Off",https://www.pewresearch.org/global/2019/11/13/europes-unauthorized-immigrant-population-peaks-in-2016-then-levels-off/,"Pew residual method (population/labour-force data minus lawfully resident foreign-born), estimate INCLUDES asylum seekers awaiting a decision; published range 600000-1200000, value is the midpoint of the published range. Pew reports only rounded 100k bounds."
Germany,DEU,2016,irregular_stock,1250000,0.0151793588794981,PANEL PRIMARY,"Pew Research Center (2019), Europe's Unauthorized Immigrant Population Peaks in 2016, Then Levels Off",https://www.pewresearch.org/global/2019/11/13/europes-unauthorized-immigrant-population-peaks-in-2016-then-levels-off/,"Pew residual method (population/labour-force data minus lawfully resident foreign-born), estimate INCLUDES asylum seekers awaiting a decision; published range 1100000-1400000, value is the midpoint of the published range. Pew reports only rounded 100k bounds."
Germany,DEU,2017,irregular_stock,1100000,0.0133080074692281,PANEL PRIMARY,"Pew Research Center (2019), Europe's Unauthorized Immigrant Population Peaks in 2016, Then Levels Off",https://www.pewresearch.org/global/2019/11/13/europes-unauthorized-immigrant-population-peaks-in-2016-then-levels-off/,"Pew residual method (population/labour-force data minus lawfully resident foreign-born), estimate INCLUDES asylum seekers awaiting a decision; published range 1000000-1200000, value is the midpoint of the published range. Pew reports only rounded 100k bounds."
Denmark,DNK,2010,irregular_proxy_detections,665,0.000119869862787762,PANEL PRIMARY,"Eurostat, Third country nationals found to be illegally present (migr_eipre)",https://ec.europa.eu/eurostat/databrowser/view/migr_eipre/default/table,"Eurostat enforcement statistic - annual flow of detections, NOT a stock. Dataset migr_eipre, dimensions freq=A citizen=TOTAL reason=TOTAL apprehen=TOTAL sex=T age=TOTAL unit=PER. Rounded to nearest 5 by Eurostat."
Denmark,DNK,2011,irregular_proxy_detections,400,7.18059114934696e-05,PANEL PRIMARY,"Eurostat, Third country nationals found to be illegally present (migr_eipre)",https://ec.europa.eu/eurostat/databrowser/view/migr_eipre/default/table,"Eurostat enforcement statistic - annual flow of detections, NOT a stock. Dataset migr_eipre, dimensions freq=A citizen=TOTAL reason=TOTAL apprehen=TOTAL sex=T age=TOTAL unit=PER. Rounded to nearest 5 by Eurostat."
Denmark,DNK,2012,irregular_proxy_detections,630,0.000112669567699388,PANEL PRIMARY,"Eurostat, Third country nationals found to be illegally present (migr_eipre)",https://ec.europa.eu/eurostat/databrowser/view/migr_eipre/default/table,"Eurostat enforcement statistic - annual flow of detections, NOT a stock. Dataset migr_eipre, dimensions freq=A citizen=TOTAL reason=TOTAL apprehen=TOTAL sex=T age=TOTAL unit=PER. Rounded to nearest 5 by Eurostat."
Denmark,DNK,2013,irregular_proxy_detections,395,7.03481360059214e-05,PANEL PRIMARY,"Eurostat, Third country nationals found to be illegally present (migr_eipre)",https://ec.europa.eu/eurostat/databrowser/view/migr_eipre/default/table,"Eurostat enforcement statistic - annual flow of detections, NOT a stock. Dataset migr_eipre, dimensions freq=A citizen=TOTAL reason=TOTAL apprehen=TOTAL sex=T age=TOTAL unit=PER. Rounded to nearest 5 by Eurostat."
Denmark,DNK,2014,irregular_proxy_detections,515,9.12558308489007e-05,PANEL PRIMARY,"Eurostat, Third country nationals found to be illegally present (migr_eipre)",https://ec.europa.eu/eurostat/databrowser/view/migr_eipre/default/table,"Eurostat enforcement statistic - annual flow of detections, NOT a stock. Dataset migr_eipre, dimensions freq=A citizen=TOTAL reason=TOTAL apprehen=TOTAL sex=T age=TOTAL unit=PER. Rounded to nearest 5 by Eurostat."
Denmark,DNK,2015,irregular_proxy_detections,2165,0.000380928384935787,PANEL PRIMARY,"Eurostat, Third country nationals found to be illegally present (migr_eipre)",https://ec.europa.eu/eurostat/databrowser/view/migr_eipre/default/table,"Eurostat enforcement statistic - annual flow of detections, NOT a stock. Dataset migr_eipre, dimensions freq=A citizen=TOTAL reason=TOTAL apprehen=TOTAL sex=T age=TOTAL unit=PER. Rounded to nearest 5 by Eurostat."
Denmark,DNK,2016,irregular_proxy_detections,1390,0.00024266717411457,PANEL PRIMARY,"Eurostat, Third country nationals found to be illegally present (migr_eipre)",https://ec.europa.eu/eurostat/databrowser/view/migr_eipre/default/table,"Eurostat enforcement statistic - annual flow of detections, NOT a stock. Dataset migr_eipre, dimensions freq=A citizen=TOTAL reason=TOTAL apprehen=TOTAL sex=T age=TOTAL unit=PER. Rounded to nearest 5 by Eurostat."
Denmark,DNK,2017,irregular_proxy_detections,1105,0.000191674559148514,PANEL PRIMARY,"Eurostat, Third country nationals found to be illegally present (migr_eipre)",https://ec.europa.eu/eurostat/databrowser/view/migr_eipre/default/table,"Eurostat enforcement statistic - annual flow of detections, NOT a stock. Dataset migr_eipre, dimensions freq=A citizen=TOTAL reason=TOTAL apprehen=TOTAL sex=T age=TOTAL unit=PER. Rounded to nearest 5 by Eurostat."
Denmark,DNK,2018,irregular_proxy_detections,1135,0.000195904609816702,PANEL PRIMARY,"Eurostat, Third country nationals found to be illegally present (migr_eipre)",https://ec.europa.eu/eurostat/databrowser/view/migr_eipre/default/table,"Eurostat enforcement statistic - annual flow of detections, NOT a stock. Dataset migr_eipre, dimensions freq=A citizen=TOTAL reason=TOTAL apprehen=TOTAL sex=T age=TOTAL unit=PER. Rounded to nearest 5 by Eurostat."
Denmark,DNK,2019,irregular_proxy_detections,1195,0.000205523438099264,PANEL PRIMARY,"Eurostat, Third country nationals found to be illegally present (migr_eipre)",https://ec.europa.eu/eurostat/databrowser/view/migr_eipre/default/table,"Eurostat enforcement statistic - annual flow of detections, NOT a stock. Dataset migr_eipre, dimensions freq=A citizen=TOTAL reason=TOTAL apprehen=TOTAL sex=T age=TOTAL unit=PER. Rounded to nearest 5 by Eurostat."
Denmark,DNK,2020,irregular_proxy_detections,490,8.40277915918705e-05,PANEL PRIMARY,"Eurostat, Third country nationals found to be illegally present (migr_eipre)",https://ec.europa.eu/eurostat/databrowser/view/migr_eipre/default/table,"Eurostat enforcement statistic - annual flow of detections, NOT a stock. Dataset migr_eipre, dimensions freq=A citizen=TOTAL reason=TOTAL apprehen=TOTAL sex=T age=TOTAL unit=PER. Rounded to nearest 5 by Eurostat."
Denmark,DNK,2021,irregular_proxy_detections,425,7.25660534635948e-05,PANEL PRIMARY,"Eurostat, Third country nationals found to be illegally present (migr_eipre)",https://ec.europa.eu/eurostat/databrowser/view/migr_eipre/default/table,"Eurostat enforcement statistic - annual flow of detections, NOT a stock. Dataset migr_eipre, dimensions freq=A citizen=TOTAL reason=TOTAL apprehen=TOTAL sex=T age=TOTAL unit=PER. Rounded to nearest 5 by Eurostat."
Denmark,DNK,2022,irregular_proxy_detections,510,8.63962058852079e-05,PANEL PRIMARY,"Eurostat, Third country nationals found to be illegally present (migr_eipre)",https://ec.europa.eu/eurostat/databrowser/view/migr_eipre/default/table,"Eurostat enforcement statistic - annual flow of detections, NOT a stock. Dataset migr_eipre, dimensions freq=A citizen=TOTAL reason=TOTAL apprehen=TOTAL sex=T age=TOTAL unit=PER. Rounded to nearest 5 by Eurostat."
Spain,ESP,2010,irregular_proxy_detections,70315,0.00150965402439755,PANEL PRIMARY,"Eurostat, Third country nationals found to be illegally present (migr_eipre)",https://ec.europa.eu/eurostat/databrowser/view/migr_eipre/default/table,"Eurostat enforcement statistic - annual flow of detections, NOT a stock. Dataset migr_eipre, dimensions freq=A citizen=TOTAL reason=TOTAL apprehen=TOTAL sex=T age=TOTAL unit=PER. Rounded to nearest 5 by Eurostat."
Spain,ESP,2011,irregular_proxy_detections,68825,0.00147242252623977,PANEL PRIMARY,"Eurostat, Third country nationals found to be illegally present (migr_eipre)",https://ec.europa.eu/eurostat/databrowser/view/migr_eipre/default/table,"Eurostat enforcement statistic - annual flow of detections, NOT a stock. Dataset migr_eipre, dimensions freq=A citizen=TOTAL reason=TOTAL apprehen=TOTAL sex=T age=TOTAL unit=PER. Rounded to nearest 5 by Eurostat."
Spain,ESP,2012,irregular_proxy_detections,52485,0.00112212041740699,PANEL PRIMARY,"Eurostat, Third country nationals found to be illegally present (migr_eipre)",https://ec.europa.eu/eurostat/databrowser/view/migr_eipre/default/table,"Eurostat enforcement statistic - annual flow of detections, NOT a stock. Dataset migr_eipre, dimensions freq=A citizen=TOTAL reason=TOTAL apprehen=TOTAL sex=T age=TOTAL unit=PER. Rounded to nearest 5 by Eurostat."
Spain,ESP,2013,irregular_proxy_detections,46195,0.000991219739286571,PANEL PRIMARY,"Eurostat, Third country nationals found to be illegally present (migr_eipre)",https://ec.europa.eu/eurostat/databrowser/view/migr_eipre/default/table,"Eurostat enforcement statistic - annual flow of detections, NOT a stock. Dataset migr_eipre, dimensions freq=A citizen=TOTAL reason=TOTAL apprehen=TOTAL sex=T age=TOTAL unit=PER. Rounded to nearest 5 by Eurostat."
Spain,ESP,2014,irregular_proxy_detections,47885,0.00103065528475412,PANEL PRIMARY,"Eurostat, Third country nationals found to be illegally present (migr_eipre)",https://ec.europa.eu/eurostat/databrowser/view/migr_eipre/default/table,"Eurostat enforcement statistic - annual flow of detections, NOT a stock. Dataset migr_eipre, dimensions freq=A citizen=TOTAL reason=TOTAL apprehen=TOTAL sex=T age=TOTAL unit=PER. Rounded to nearest 5 by Eurostat."
Spain,ESP,2015,irregular_proxy_detections,42605,0.000917770064100439,PANEL PRIMARY,"Eurostat, Third country nationals found to be illegally present (migr_eipre)",https://ec.europa.eu/eurostat/databrowser/view/migr_eipre/default/table,"Eurostat enforcement statistic - annual flow of detections, NOT a stock. Dataset migr_eipre, dimensions freq=A citizen=TOTAL reason=TOTAL apprehen=TOTAL sex=T age=TOTAL unit=PER. Rounded to nearest 5 by Eurostat."
Spain,ESP,2016,irregular_proxy_detections,37295,0.000802765689775047,PANEL PRIMARY,"Eurostat, Third country nationals found to be illegally present (migr_eipre)",https://ec.europa.eu/eurostat/databrowser/view/migr_eipre/default/table,"Eurostat enforcement statistic - annual flow of detections, NOT a stock. Dataset migr_eipre, dimensions freq=A citizen=TOTAL reason=TOTAL apprehen=TOTAL sex=T age=TOTAL unit=PER. Rounded to nearest 5 by Eurostat."
Spain,ESP,2017,irregular_proxy_detections,44625,0.000958209565939763,PANEL PRIMARY,"Eurostat, Third country nationals found to be illegally present (migr_eipre)",https://ec.europa.eu/eurostat/databrowser/view/migr_eipre/default/table,"Eurostat enforcement statistic - annual flow of detections, NOT a stock. Dataset migr_eipre, dimensions freq=A citizen=TOTAL reason=TOTAL apprehen=TOTAL sex=T age=TOTAL unit=PER. Rounded to nearest 5 by Eurostat."
Spain,ESP,2018,irregular_proxy_detections,78280,0.00167329275349023,PANEL PRIMARY,"Eurostat, Third country nationals found to be illegally present (migr_eipre)",https://ec.europa.eu/eurostat/databrowser/view/migr_eipre/default/table,"Eurostat enforcement statistic - annual flow of detections, NOT a stock. Dataset migr_eipre, dimensions freq=A citizen=TOTAL reason=TOTAL apprehen=TOTAL sex=T age=TOTAL unit=PER. Rounded to nearest 5 by Eurostat."
Spain,ESP,2019,irregular_proxy_detections,62865,0.00133418930283882,PANEL PRIMARY,"Eurostat, Third country nationals found to be illegally present (migr_eipre)",https://ec.europa.eu/eurostat/databrowser/view/migr_eipre/default/table,"Eurostat enforcement statistic - annual flow of detections, NOT a stock. Dataset migr_eipre, dimensions freq=A citizen=TOTAL reason=TOTAL apprehen=TOTAL sex=T age=TOTAL unit=PER. Rounded to nearest 5 by Eurostat."
Spain,ESP,2020,irregular_proxy_detections,72265,0.00152588426751136,PANEL PRIMARY,"Eurostat, Third country nationals found to be illegally present (migr_eipre)",https://ec.europa.eu/eurostat/databrowser/view/migr_eipre/default/table,"Eurostat enforcement statistic - annual flow of detections, NOT a stock. Dataset migr_eipre, dimensions freq=A citizen=TOTAL reason=TOTAL apprehen=TOTAL sex=T age=TOTAL unit=PER. Rounded to nearest 5 by Eurostat."
Spain,ESP,2021,irregular_proxy_detections,30615,0.000645289509881592,PANEL PRIMARY,"Eurostat, Third country nationals found to be illegally present (migr_eipre)",https://ec.europa.eu/eurostat/databrowser/view/migr_eipre/default/table,"Eurostat enforcement statistic - annual flow of detections, NOT a stock. Dataset migr_eipre, dimensions freq=A citizen=TOTAL reason=TOTAL apprehen=TOTAL sex=T age=TOTAL unit=PER. Rounded to nearest 5 by Eurostat."
Spain,ESP,2022,irregular_proxy_detections,68100,0.00142510054492413,PANEL PRIMARY,"Eurostat, Third country nationals found to be illegally present (migr_eipre)",https://ec.europa.eu/eurostat/databrowser/view/migr_eipre/default/table,"Eurostat enforcement statistic - annual flow of detections, NOT a stock. Dataset migr_eipre, dimensions freq=A citizen=TOTAL reason=TOTAL apprehen=TOTAL sex=T age=TOTAL unit=PER. Rounded to nearest 5 by Eurostat."
Spain,ESP,2017,irregular_stock,127066,0.00272842255923142,PANEL PRIMARY,"Funcas (2024), Estimacion de la poblacion en situacion irregular en Espana, Cuadro 1, Estimacion 2",https://www.funcas.es/wp-content/uploads/2024/05/2405-NCS.pdf,"Modelled resident stock: padron-residual estimate, non-EU/non-EFTA/non-UK nationals. Reference date 1 January 2017. Estimacion 2 counts only nationality groups with positive padron-minus-permits differences; Funcas presents it as the more precise variant. Estimacion 1 for 2017 is negative (-41,391) and is therefore not recorded as a stock. Printed value in Cuadro 1."
Spain,ESP,2017,irregular_stock,150000,0.00322087249055383,alternative 1,"Pew Research Center (2019), Europe's Unauthorized Immigrant Population Peaks in 2016, Then Levels Off",https://www.pewresearch.org/global/2019/11/13/europes-unauthorized-immigrant-population-peaks-in-2016-then-levels-off/,"Pew residual method (population/labour-force data minus lawfully resident foreign-born), estimate INCLUDES asylum seekers awaiting a decision; published range 100000-200000, value is the midpoint of the published range. Pew reports only rounded 100k bounds."
Spain,ESP,2018,irregular_stock,183384,0.00391996829721578,PANEL PRIMARY,"Funcas (2024), Estimacion de la poblacion en situacion irregular en Espana, Cuadro 1, Estimacion 2",https://www.funcas.es/wp-content/uploads/2024/05/2405-NCS.pdf,"Modelled resident stock: padron-residual estimate, non-EU/non-EFTA/non-UK nationals. Reference date 1 January 2018. Estimacion 2 counts only nationality groups with positive differences. Printed value in Cuadro 1."
Spain,ESP,2018,irregular_stock,22948,0.000490530430596496,alternative 1,"Funcas (2024), Estimacion de la poblacion en situacion irregular en Espana, Cuadro 1, Estimacion 1",https://www.funcas.es/wp-content/uploads/2024/05/2405-NCS.pdf,"Modelled resident stock: padron-residual estimate (official population figures minus regular residence permits/assimilable status), non-EU/non-EFTA/non-UK nationals. Reference date 1 January 2018 ('Cifras a 1 de enero de cada ano'). Estimacion 1 sums all continent differences including negative ones. Printed value in Cuadro 1, not read from a chart."
Spain,ESP,2019,irregular_stock,259140,0.00549975051201226,PANEL PRIMARY,"Funcas (2024), Estimacion de la poblacion en situacion irregular en Espana, Cuadro 1, Estimacion 2",https://www.funcas.es/wp-content/uploads/2024/05/2405-NCS.pdf,"Modelled resident stock: padron-residual estimate, non-EU/non-EFTA/non-UK nationals. Reference date 1 January 2019. Estimacion 2 counts only nationality groups with positive differences. Printed value in Cuadro 1."
Spain,ESP,2019,irregular_stock,430000,0.00912592698990997,alternative 1,"Fundacion porCausa (2020), Una fotografia de la inmigracion irregular en Espana",https://porcausa.org/wp-content/uploads/2020/07/RetratodelairregularidadporCausa.pdf,"Residual method: municipal register (Padron Municipal, which records foreigners irrespective of status) minus valid residence authorisations, cross-checked against Labour Force Survey (EPA) versus Social Security affiliation; published range 390000-470000 at end-2019, value is the midpoint."
Spain,ESP,2019,irregular_stock,151221,0.00320937629149111,alternative 2,"Funcas (2024), Estimacion de la poblacion en situacion irregular en Espana, Cuadro 1, Estimacion 1",https://www.funcas.es/wp-content/uploads/2024/05/2405-NCS.pdf,"Modelled resident stock: padron-residual estimate, non-EU/non-EFTA/non-UK nationals. Reference date 1 January 2019. Estimacion 1 (all differences, including negative). Printed value in Cuadro 1."
Spain,ESP,2020,irregular_stock,370052,0.00781369300437438,PANEL PRIMARY,"Funcas (2024), Estimacion de la poblacion en situacion irregular en Espana, Cuadro 1, Estimacion 2",https://www.funcas.es/wp-content/uploads/2024/05/2405-NCS.pdf,"Modelled resident stock: padron-residual estimate, non-EU/non-EFTA/non-UK nationals. Reference date 1 January 2020. Estimacion 2 counts only nationality groups with positive differences. Printed value in Cuadro 1."
Spain,ESP,2020,irregular_stock,307768,0.00649855876625527,alternative 1,"Funcas (2024), Estimacion de la poblacion en situacion irregular en Espana, Cuadro 1, Estimacion 1",https://www.funcas.es/wp-content/uploads/2024/05/2405-NCS.pdf,"Modelled resident stock: padron-residual estimate, non-EU/non-EFTA/non-UK nationals. Reference date 1 January 2020. Estimacion 1 (all differences, including negative). Printed value in Cuadro 1."
Spain,ESP,2021,irregular_stock,517149,0.0109002392534952,PANEL PRIMARY,"Funcas (2024), Estimacion de la poblacion en situacion irregular en Espana, Cuadro 1, Estimacion 2",https://www.funcas.es/wp-content/uploads/2024/05/2405-NCS.pdf,"Modelled resident stock: padron-residual estimate, non-EU/non-EFTA/non-UK nationals. Reference date 1 January 2021. Estimacion 2 counts only nationality groups with positive differences; Funcas presents it as the more precise variant. Estimacion 1 for the same date is 446,557. Printed value in Cuadro 1."
Spain,ESP,2021,irregular_stock,446557,0.00941233211380677,alternative 1,"Funcas (2024), Estimacion de la poblacion en situacion irregular en Espana, Cuadro 1, Estimacion 1",https://www.funcas.es/wp-content/uploads/2024/05/2405-NCS.pdf,"Modelled resident stock: padron-residual estimate, non-EU/non-EFTA/non-UK nationals. Reference date 1 January 2021. Estimacion 1 (all differences, including negative); Estimacion 2 for the same date is 517,149. Both are printed values in Cuadro 1, resolving the earlier chart-reading ambiguity: the '480.000 a finales de 2021' quoted in the body text corresponds to Estimacion 2 at 1 January 2022 (482,139), NOT to the 2021 column."
Spain,ESP,2022,irregular_stock,482139,0.0100895235187838,PANEL PRIMARY,"Funcas (2024), Estimacion de la poblacion en situacion irregular en Espana, Cuadro 1, Estimacion 2",https://www.funcas.es/wp-content/uploads/2024/05/2405-NCS.pdf,"Modelled resident stock: padron-residual estimate, non-EU/non-EFTA/non-UK nationals. Reference date 1 January 2022. Estimacion 2 counts only nationality groups with positive differences. This is the value the Funcas text describes as 'unas 480.000 personas a finales de 2021'. Printed value in Cuadro 1."
Spain,ESP,2022,irregular_stock,395591,0.0082783693049498,alternative 1,"Funcas (2024), Estimacion de la poblacion en situacion irregular en Espana, Cuadro 1, Estimacion 1",https://www.funcas.es/wp-content/uploads/2024/05/2405-NCS.pdf,"Modelled resident stock: padron-residual estimate, non-EU/non-EFTA/non-UK nationals. Reference date 1 January 2022. Estimacion 1 (all differences, including negative). Printed value in Cuadro 1."
Finland,FIN,2010,irregular_proxy_detections,3755,0.000700121864087981,PANEL PRIMARY,"Eurostat, Third country nationals found to be illegally present (migr_eipre)",https://ec.europa.eu/eurostat/databrowser/view/migr_eipre/default/table,"Eurostat enforcement statistic - annual flow of detections, NOT a stock. Dataset migr_eipre, dimensions freq=A citizen=TOTAL reason=TOTAL apprehen=TOTAL sex=T age=TOTAL unit=PER. Rounded to nearest 5 by Eurostat."
Finland,FIN,2011,irregular_proxy_detections,3305,0.000613369184035253,PANEL PRIMARY,"Eurostat, Third country nationals found to be illegally present (migr_eipre)",https://ec.europa.eu/eurostat/databrowser/view/migr_eipre/default/table,"Eurostat enforcement statistic - annual flow of detections, NOT a stock. Dataset migr_eipre, dimensions freq=A citizen=TOTAL reason=TOTAL apprehen=TOTAL sex=T age=TOTAL unit=PER. Rounded to nearest 5 by Eurostat."
Finland,FIN,2012,irregular_proxy_detections,3620,0.000668640448942191,PANEL PRIMARY,"Eurostat, Third country nationals found to be illegally present (migr_eipre)",https://ec.europa.eu/eurostat/databrowser/view/migr_eipre/default/table,"Eurostat enforcement statistic - annual flow of detections, NOT a stock. Dataset migr_eipre, dimensions freq=A citizen=TOTAL reason=TOTAL apprehen=TOTAL sex=T age=TOTAL unit=PER. Rounded to nearest 5 by Eurostat."
Finland,FIN,2013,irregular_proxy_detections,3365,0.000618683089377919,PANEL PRIMARY,"Eurostat, Third country nationals found to be illegally present (migr_eipre)",https://ec.europa.eu/eurostat/databrowser/view/migr_eipre/default/table,"Eurostat enforcement statistic - annual flow of detections, NOT a stock. Dataset migr_eipre, dimensions freq=A citizen=TOTAL reason=TOTAL apprehen=TOTAL sex=T age=TOTAL unit=PER. Rounded to nearest 5 by Eurostat."
Finland,FIN,2014,irregular_proxy_detections,2930,0.000536481472529951,PANEL PRIMARY,"Eurostat, Third country nationals found to be illegally present (migr_eipre)",https://ec.europa.eu/eurostat/databrowser/view/migr_eipre/default/table,"Eurostat enforcement statistic - annual flow of detections, NOT a stock. Dataset migr_eipre, dimensions freq=A citizen=TOTAL reason=TOTAL apprehen=TOTAL sex=T age=TOTAL unit=PER. Rounded to nearest 5 by Eurostat."
Finland,FIN,2015,irregular_proxy_detections,14285,0.00260697494000855,PANEL PRIMARY,"Eurostat, Third country nationals found to be illegally present (migr_eipre)",https://ec.europa.eu/eurostat/databrowser/view/migr_eipre/default/table,"Eurostat enforcement statistic - annual flow of detections, NOT a stock. Dataset migr_eipre, dimensions freq=A citizen=TOTAL reason=TOTAL apprehen=TOTAL sex=T age=TOTAL unit=PER. Rounded to nearest 5 by Eurostat."
Finland,FIN,2016,irregular_proxy_detections,2130,0.000387603740867428,PANEL PRIMARY,"Eurostat, Third country nationals found to be illegally present (migr_eipre)",https://ec.europa.eu/eurostat/databrowser/view/migr_eipre/default/table,"Eurostat enforcement statistic - annual flow of detections, NOT a stock. Dataset migr_eipre, dimensions freq=A citizen=TOTAL reason=TOTAL apprehen=TOTAL sex=T age=TOTAL unit=PER. Rounded to nearest 5 by Eurostat."
Finland,FIN,2017,irregular_proxy_detections,930,0.000168838756083188,PANEL PRIMARY,"Eurostat, Third country nationals found to be illegally present (migr_eipre)",https://ec.europa.eu/eurostat/databrowser/view/migr_eipre/default/table,"Eurostat enforcement statistic - annual flow of detections, NOT a stock. Dataset migr_eipre, dimensions freq=A citizen=TOTAL reason=TOTAL apprehen=TOTAL sex=T age=TOTAL unit=PER. Rounded to nearest 5 by Eurostat."
Finland,FIN,2018,irregular_proxy_detections,1305,0.000236604856292012,PANEL PRIMARY,"Eurostat, Third country nationals found to be illegally present (migr_eipre)",https://ec.europa.eu/eurostat/databrowser/view/migr_eipre/default/table,"Eurostat enforcement statistic - annual flow of detections, NOT a stock. Dataset migr_eipre, dimensions freq=A citizen=TOTAL reason=TOTAL apprehen=TOTAL sex=T age=TOTAL unit=PER. Rounded to nearest 5 by Eurostat."
Finland,FIN,2019,irregular_proxy_detections,1220,0.000220950209051497,PANEL PRIMARY,"Eurostat, Third country nationals found to be illegally present (migr_eipre)",https://ec.europa.eu/eurostat/databrowser/view/migr_eipre/default/table,"Eurostat enforcement statistic - annual flow of detections, NOT a stock. Dataset migr_eipre, dimensions freq=A citizen=TOTAL reason=TOTAL apprehen=TOTAL sex=T age=TOTAL unit=PER. Rounded to nearest 5 by Eurostat."
Finland,FIN,2020,irregular_proxy_detections,1145,0.000207069553487512,PANEL PRIMARY,"Eurostat, Third country nationals found to be illegally present (migr_eipre)",https://ec.europa.eu/eurostat/databrowser/view/migr_eipre/default/table,"Eurostat enforcement statistic - annual flow of detections, NOT a stock. Dataset migr_eipre, dimensions freq=A citizen=TOTAL reason=TOTAL apprehen=TOTAL sex=T age=TOTAL unit=PER. Rounded to nearest 5 by Eurostat."
Finland,FIN,2021,irregular_proxy_detections,1090,0.000196714790804648,PANEL PRIMARY,"Eurostat, Third country nationals found to be illegally present (migr_eipre)",https://ec.europa.eu/eurostat/databrowser/view/migr_eipre/default/table,"Eurostat enforcement statistic - annual flow of detections, NOT a stock. Dataset migr_eipre, dimensions freq=A citizen=TOTAL reason=TOTAL apprehen=TOTAL sex=T age=TOTAL unit=PER. Rounded to nearest 5 by Eurostat."
Finland,FIN,2022,irregular_proxy_detections,1190,0.00021417877916656,PANEL PRIMARY,"Eurostat, Third country nationals found to be illegally present (migr_eipre)",https://ec.europa.eu/eurostat/databrowser/view/migr_eipre/default/table,"Eurostat enforcement statistic - annual flow of detections, NOT a stock. Dataset migr_eipre, dimensions freq=A citizen=TOTAL reason=TOTAL apprehen=TOTAL sex=T age=TOTAL unit=PER. Rounded to nearest 5 by Eurostat."
France,FRA,2010,irregular_proxy_detections,56220,0.000864574440605189,PANEL PRIMARY,"Eurostat, Third country nationals found to be illegally present (migr_eipre)",https://ec.europa.eu/eurostat/databrowser/view/migr_eipre/default/table,"Eurostat enforcement statistic - annual flow of detections, NOT a stock. Dataset migr_eipre, dimensions freq=A citizen=TOTAL reason=TOTAL apprehen=TOTAL sex=T age=TOTAL unit=PER. Rounded to nearest 5 by Eurostat."
France,FRA,2011,irregular_proxy_detections,57975,0.000887270639200635,PANEL PRIMARY,"Eurostat, Third country nationals found to be illegally present (migr_eipre)",https://ec.europa.eu/eurostat/databrowser/view/migr_eipre/default/table,"Eurostat enforcement statistic - annual flow of detections, NOT a stock. Dataset migr_eipre, dimensions freq=A citizen=TOTAL reason=TOTAL apprehen=TOTAL sex=T age=TOTAL unit=PER. Rounded to nearest 5 by Eurostat."
France,FRA,2012,irregular_proxy_detections,49760,0.000757870456514449,PANEL PRIMARY,"Eurostat, Third country nationals found to be illegally present (migr_eipre)",https://ec.europa.eu/eurostat/databrowser/view/migr_eipre/default/table,"Eurostat enforcement statistic - annual flow of detections, NOT a stock. Dataset migr_eipre, dimensions freq=A citizen=TOTAL reason=TOTAL apprehen=TOTAL sex=T age=TOTAL unit=PER. Rounded to nearest 5 by Eurostat."
France,FRA,2013,irregular_proxy_detections,48965,0.000741917186132438,PANEL PRIMARY,"Eurostat, Third country nationals found to be illegally present (migr_eipre)",https://ec.europa.eu/eurostat/databrowser/view/migr_eipre/default/table,"Eurostat enforcement statistic - annual flow of detections, NOT a stock. Dataset migr_eipre, dimensions freq=A citizen=TOTAL reason=TOTAL apprehen=TOTAL sex=T age=TOTAL unit=PER. Rounded to nearest 5 by Eurostat."
France,FRA,2014,irregular_proxy_detections,96375,0.00145335539005292,PANEL PRIMARY,"Eurostat, Third country nationals found to be illegally present (migr_eipre)",https://ec.europa.eu/eurostat/databrowser/view/migr_eipre/default/table,"Eurostat enforcement statistic - annual flow of detections, NOT a stock. Dataset migr_eipre, dimensions freq=A citizen=TOTAL reason=TOTAL apprehen=TOTAL sex=T age=TOTAL unit=PER. Rounded to nearest 5 by Eurostat."
France,FRA,2015,irregular_proxy_detections,109720,0.00164872800904583,PANEL PRIMARY,"Eurostat, Third country nationals found to be illegally present (migr_eipre)",https://ec.europa.eu/eurostat/databrowser/view/migr_eipre/default/table,"Eurostat enforcement statistic - annual flow of detections, NOT a stock. Dataset migr_eipre, dimensions freq=A citizen=TOTAL reason=TOTAL apprehen=TOTAL sex=T age=TOTAL unit=PER. Rounded to nearest 5 by Eurostat."
France,FRA,2016,irregular_proxy_detections,91985,0.00137858726435652,PANEL PRIMARY,"Eurostat, Third country nationals found to be illegally present (migr_eipre)",https://ec.europa.eu/eurostat/databrowser/view/migr_eipre/default/table,"Eurostat enforcement statistic - annual flow of detections, NOT a stock. Dataset migr_eipre, dimensions freq=A citizen=TOTAL reason=TOTAL apprehen=TOTAL sex=T age=TOTAL unit=PER. Rounded to nearest 5 by Eurostat."
France,FRA,2017,irregular_proxy_detections,115085,0.00171979087247351,PANEL PRIMARY,"Eurostat, Third country nationals found to be illegally present (migr_eipre)",https://ec.europa.eu/eurostat/databrowser/view/migr_eipre/default/table,"Eurostat enforcement statistic - annual flow of detections, NOT a stock. Dataset migr_eipre, dimensions freq=A citizen=TOTAL reason=TOTAL apprehen=TOTAL sex=T age=TOTAL unit=PER. Rounded to nearest 5 by Eurostat."
France,FRA,2018,irregular_proxy_detections,105880,0.00157657243147196,PANEL PRIMARY,"Eurostat, Third country nationals found to be illegally present (migr_eipre)",https://ec.europa.eu/eurostat/databrowser/view/migr_eipre/default/table,"Eurostat enforcement statistic - annual flow of detections, NOT a stock. Dataset migr_eipre, dimensions freq=A citizen=TOTAL reason=TOTAL apprehen=TOTAL sex=T age=TOTAL unit=PER. Rounded to nearest 5 by Eurostat."
France,FRA,2019,irregular_proxy_detections,120455,0.00178764196601229,PANEL PRIMARY,"Eurostat, Third country nationals found to be illegally present (migr_eipre)",https://ec.europa.eu/eurostat/databrowser/view/migr_eipre/default/table,"Eurostat enforcement statistic - annual flow of detections, NOT a stock. Dataset migr_eipre, dimensions freq=A citizen=TOTAL reason=TOTAL apprehen=TOTAL sex=T age=TOTAL unit=PER. Rounded to nearest 5 by Eurostat."
France,FRA,2020,irregular_proxy_detections,103915,0.00153717890135236,PANEL PRIMARY,"Eurostat, Third country nationals found to be illegally present (migr_eipre)",https://ec.europa.eu/eurostat/databrowser/view/migr_eipre/default/table,"Eurostat enforcement statistic - annual flow of detections, NOT a stock. Dataset migr_eipre, dimensions freq=A citizen=TOTAL reason=TOTAL apprehen=TOTAL sex=T age=TOTAL unit=PER. Rounded to nearest 5 by Eurostat."
France,FRA,2021,irregular_proxy_detections,117265,0.0017284808555471,PANEL PRIMARY,"Eurostat, Third country nationals found to be illegally present (migr_eipre)",https://ec.europa.eu/eurostat/databrowser/view/migr_eipre/default/table,"Eurostat enforcement statistic - annual flow of detections, NOT a stock. Dataset migr_eipre, dimensions freq=A citizen=TOTAL reason=TOTAL apprehen=TOTAL sex=T age=TOTAL unit=PER. Rounded to nearest 5 by Eurostat."
France,FRA,2022,irregular_proxy_detections,115135,0.00168858131406693,PANEL PRIMARY,"Eurostat, Third country nationals found to be illegally present (migr_eipre)",https://ec.europa.eu/eurostat/databrowser/view/migr_eipre/default/table,"Eurostat enforcement statistic - annual flow of detections, NOT a stock. Dataset migr_eipre, dimensions freq=A citizen=TOTAL reason=TOTAL apprehen=TOTAL sex=T age=TOTAL unit=PER. Rounded to nearest 5 by Eurostat."
France,FRA,2014,irregular_stock,250000,0.00377005289248486,PANEL PRIMARY,"Pew Research Center (2019), Europe's Unauthorized Immigrant Population Peaks in 2016, Then Levels Off",https://www.pewresearch.org/global/2019/11/13/europes-unauthorized-immigrant-population-peaks-in-2016-then-levels-off/,"Pew residual method (population/labour-force data minus lawfully resident foreign-born), estimate INCLUDES asylum seekers awaiting a decision; published range 200000-300000, value is the midpoint of the published range. Pew reports only rounded 100k bounds."
France,FRA,2015,irregular_stock,250000,0.00375667154813577,PANEL PRIMARY,"Pew Research Center (2019), Europe's Unauthorized Immigrant Population Peaks in 2016, Then Levels Off",https://www.pewresearch.org/global/2019/11/13/europes-unauthorized-immigrant-population-peaks-in-2016-then-levels-off/,"Pew residual method (population/labour-force data minus lawfully resident foreign-born), estimate INCLUDES asylum seekers awaiting a decision; published range 200000-300000, value is the midpoint of the published range. Pew reports only rounded 100k bounds."
France,FRA,2016,irregular_stock,350000,0.00524548070364497,PANEL PRIMARY,"Pew Research Center (2019), Europe's Unauthorized Immigrant Population Peaks in 2016, Then Levels Off",https://www.pewresearch.org/global/2019/11/13/europes-unauthorized-immigrant-population-peaks-in-2016-then-levels-off/,"Pew residual method (population/labour-force data minus lawfully resident foreign-born), estimate INCLUDES asylum seekers awaiting a decision; published range 300000-400000, value is the midpoint of the published range. Pew reports only rounded 100k bounds."
France,FRA,2017,irregular_stock,350000,0.00523028027428188,PANEL PRIMARY,"Pew Research Center (2019), Europe's Unauthorized Immigrant Population Peaks in 2016, Then Levels Off",https://www.pewresearch.org/global/2019/11/13/europes-unauthorized-immigrant-population-peaks-in-2016-then-levels-off/,"Pew residual method (population/labour-force data minus lawfully resident foreign-born), estimate INCLUDES asylum seekers awaiting a decision; published range 300000-400000, value is the midpoint of the published range. Pew reports only rounded 100k bounds."
United Kingdom,GBR,2010,irregular_proxy_detections,53700,0.000855553766734779,PANEL PRIMARY,"Eurostat, Third country nationals found to be illegally present (migr_eipre)",https://ec.europa.eu/eurostat/databrowser/view/migr_eipre/default/table,"Eurostat enforcement statistic - annual flow of detections, NOT a stock. Dataset migr_eipre, dimensions freq=A citizen=TOTAL reason=TOTAL apprehen=TOTAL sex=T age=TOTAL unit=PER. Rounded to nearest 5 by Eurostat. Eurostat geo code UK. Series ends in 2019; the UK stopped reporting after leaving the EU."
United Kingdom,GBR,2011,irregular_proxy_detections,54150,0.000856007250215425,PANEL PRIMARY,"Eurostat, Third country nationals found to be illegally present (migr_eipre)",https://ec.europa.eu/eurostat/databrowser/view/migr_eipre/default/table,"Eurostat enforcement statistic - annual flow of detections, NOT a stock. Dataset migr_eipre, dimensions freq=A citizen=TOTAL reason=TOTAL apprehen=TOTAL sex=T age=TOTAL unit=PER. Rounded to nearest 5 by Eurostat. Eurostat geo code UK. Series ends in 2019; the UK stopped reporting after leaving the EU."
United Kingdom,GBR,2012,irregular_proxy_detections,49365,0.000774826952959458,PANEL PRIMARY,"Eurostat, Third country nationals found to be illegally present (migr_eipre)",https://ec.europa.eu/eurostat/databrowser/view/migr_eipre/default/table,"Eurostat enforcement statistic - annual flow of detections, NOT a stock. Dataset migr_eipre, dimensions freq=A citizen=TOTAL reason=TOTAL apprehen=TOTAL sex=T age=TOTAL unit=PER. Rounded to nearest 5 by Eurostat. Eurostat geo code UK. Series ends in 2019; the UK stopped reporting after leaving the EU."
United Kingdom,GBR,2013,irregular_proxy_detections,57415,0.000895179144968661,PANEL PRIMARY,"Eurostat, Third country nationals found to be illegally present (migr_eipre)",https://ec.europa.eu/eurostat/databrowser/view/migr_eipre/default/table,"Eurostat enforcement statistic - annual flow of detections, NOT a stock. Dataset migr_eipre, dimensions freq=A citizen=TOTAL reason=TOTAL apprehen=TOTAL sex=T age=TOTAL unit=PER. Rounded to nearest 5 by Eurostat. Eurostat geo code UK. Series ends in 2019; the UK stopped reporting after leaving the EU."
United Kingdom,GBR,2014,irregular_proxy_detections,65365,0.00101154459214782,PANEL PRIMARY,"Eurostat, Third country nationals found to be illegally present (migr_eipre)",https://ec.europa.eu/eurostat/databrowser/view/migr_eipre/default/table,"Eurostat enforcement statistic - annual flow of detections, NOT a stock. Dataset migr_eipre, dimensions freq=A citizen=TOTAL reason=TOTAL apprehen=TOTAL sex=T age=TOTAL unit=PER. Rounded to nearest 5 by Eurostat. Eurostat geo code UK. Series ends in 2019; the UK stopped reporting after leaving the EU."
United Kingdom,GBR,2015,irregular_proxy_detections,70020,0.00107579086453516,PANEL PRIMARY,"Eurostat, Third country nationals found to be illegally present (migr_eipre)",https://ec.europa.eu/eurostat/databrowser/view/migr_eipre/default/table,"Eurostat enforcement statistic - annual flow of detections, NOT a stock. Dataset migr_eipre, dimensions freq=A citizen=TOTAL reason=TOTAL apprehen=TOTAL sex=T age=TOTAL unit=PER. Rounded to nearest 5 by Eurostat. Eurostat geo code UK. Series ends in 2019; the UK stopped reporting after leaving the EU."
United Kingdom,GBR,2016,irregular_proxy_detections,59895,0.000912950035057769,PANEL PRIMARY,"Eurostat, Third country nationals found to be illegally present (migr_eipre)",https://ec.europa.eu/eurostat/databrowser/view/migr_eipre/default/table,"Eurostat enforcement statistic - annual flow of detections, NOT a stock. Dataset migr_eipre, dimensions freq=A citizen=TOTAL reason=TOTAL apprehen=TOTAL sex=T age=TOTAL unit=PER. Rounded to nearest 5 by Eurostat. Eurostat geo code UK. Series ends in 2019; the UK stopped reporting after leaving the EU."
United Kingdom,GBR,2017,irregular_proxy_detections,54910,0.000832423746285853,PANEL PRIMARY,"Eurostat, Third country nationals found to be illegally present (migr_eipre)",https://ec.europa.eu/eurostat/databrowser/view/migr_eipre/default/table,"Eurostat enforcement statistic - annual flow of detections, NOT a stock. Dataset migr_eipre, dimensions freq=A citizen=TOTAL reason=TOTAL apprehen=TOTAL sex=T age=TOTAL unit=PER. Rounded to nearest 5 by Eurostat. Eurostat geo code UK. Series ends in 2019; the UK stopped reporting after leaving the EU."
United Kingdom,GBR,2018,irregular_proxy_detections,27830,0.00041984099446347,PANEL PRIMARY,"Eurostat, Third country nationals found to be illegally present (migr_eipre)",https://ec.europa.eu/eurostat/databrowser/view/migr_eipre/default/table,"Eurostat enforcement statistic - annual flow of detections, NOT a stock. Dataset migr_eipre, dimensions freq=A citizen=TOTAL reason=TOTAL apprehen=TOTAL sex=T age=TOTAL unit=PER. Rounded to nearest 5 by Eurostat. Eurostat geo code UK. Series ends in 2019; the UK stopped reporting after leaving the EU."
United Kingdom,GBR,2019,irregular_proxy_detections,22275,0.00033431890496488,PANEL PRIMARY,"Eurostat, Third country nationals found to be illegally present (migr_eipre)",https://ec.europa.eu/eurostat/databrowser/view/migr_eipre/default/table,"Eurostat enforcement statistic - annual flow of detections, NOT a stock. Dataset migr_eipre, dimensions freq=A citizen=TOTAL reason=TOTAL apprehen=TOTAL sex=T age=TOTAL unit=PER. Rounded to nearest 5 by Eurostat. Eurostat geo code UK. Series ends in 2019; the UK stopped reporting after leaving the EU."
United Kingdom,GBR,2017,irregular_stock,800000,0.0121278272997393,PANEL PRIMARY,"Pew Research Center (2019), Europe's Unauthorized Immigrant Population Peaks in 2016, Then Levels Off - Appendix E corrected estimates",https://www.pewresearch.org/global/2019/11/13/eu-unauthorized-immigrants-appendix-e-updated-unauthorized-immigrant-population-estimates-for-europe-and-the-united-kingdom-2014-2017/,"Pew residual method, EXCLUDING asylum seekers awaiting a decision; published range 700000-900000, value is the midpoint. This corrected figure supersedes the original report estimate of 800000-1200000, which wrongly treated holders of indefinite leave to remain as unauthorized. Corrected series for 2014-2016 was not machine-readable and is therefore omitted."
Croatia,HRV,2013,irregular_proxy_detections,4150,0.00098017866177034,PANEL PRIMARY,"Eurostat, Third country nationals found to be illegally present (migr_eipre)",https://ec.europa.eu/eurostat/databrowser/view/migr_eipre/default/table,"Eurostat enforcement statistic - annual flow of detections, NOT a stock. Dataset migr_eipre, dimensions freq=A citizen=TOTAL reason=TOTAL apprehen=TOTAL sex=T age=TOTAL unit=PER. Rounded to nearest 5 by Eurostat. Croatia acceded to the EU in July 2013; no data reported before 2013."
Croatia,HRV,2014,irregular_proxy_detections,2500,0.000595011707450356,PANEL PRIMARY,"Eurostat, Third country nationals found to be illegally present (migr_eipre)",https://ec.europa.eu/eurostat/databrowser/view/migr_eipre/default/table,"Eurostat enforcement statistic - annual flow of detections, NOT a stock. Dataset migr_eipre, dimensions freq=A citizen=TOTAL reason=TOTAL apprehen=TOTAL sex=T age=TOTAL unit=PER. Rounded to nearest 5 by Eurostat. Croatia acceded to the EU in July 2013; no data reported before 2013."
Croatia,HRV,2015,irregular_proxy_detections,3295,0.000793646014608386,PANEL PRIMARY,"Eurostat, Third country nationals found to be illegally present (migr_eipre)",https://ec.europa.eu/eurostat/databrowser/view/migr_eipre/default/table,"Eurostat enforcement statistic - annual flow of detections, NOT a stock. Dataset migr_eipre, dimensions freq=A citizen=TOTAL reason=TOTAL apprehen=TOTAL sex=T age=TOTAL unit=PER. Rounded to nearest 5 by Eurostat. Croatia acceded to the EU in July 2013; no data reported before 2013."
Croatia,HRV,2016,irregular_proxy_detections,3320,0.00080840212259126,PANEL PRIMARY,"Eurostat, Third country nationals found to be illegally present (migr_eipre)",https://ec.europa.eu/eurostat/databrowser/view/migr_eipre/default/table,"Eurostat enforcement statistic - annual flow of detections, NOT a stock. Dataset migr_eipre, dimensions freq=A citizen=TOTAL reason=TOTAL apprehen=TOTAL sex=T age=TOTAL unit=PER. Rounded to nearest 5 by Eurostat. Croatia acceded to the EU in July 2013; no data reported before 2013."
Croatia,HRV,2017,irregular_proxy_detections,3495,0.000864797829072895,PANEL PRIMARY,"Eurostat, Third country nationals found to be illegally present (migr_eipre)",https://ec.europa.eu/eurostat/databrowser/view/migr_eipre/default/table,"Eurostat enforcement statistic - annual flow of detections, NOT a stock. Dataset migr_eipre, dimensions freq=A citizen=TOTAL reason=TOTAL apprehen=TOTAL sex=T age=TOTAL unit=PER. Rounded to nearest 5 by Eurostat. Croatia acceded to the EU in July 2013; no data reported before 2013."
Croatia,HRV,2018,irregular_proxy_detections,5580,0.00139892573534481,PANEL PRIMARY,"Eurostat, Third country nationals found to be illegally present (migr_eipre)",https://ec.europa.eu/eurostat/databrowser/view/migr_eipre/default/table,"Eurostat enforcement statistic - annual flow of detections, NOT a stock. Dataset migr_eipre, dimensions freq=A citizen=TOTAL reason=TOTAL apprehen=TOTAL sex=T age=TOTAL unit=PER. Rounded to nearest 5 by Eurostat. Croatia acceded to the EU in July 2013; no data reported before 2013."
Croatia,HRV,2019,irregular_proxy_detections,13630,0.00345116587624924,PANEL PRIMARY,"Eurostat, Third country nationals found to be illegally present (migr_eipre)",https://ec.europa.eu/eurostat/databrowser/view/migr_eipre/default/table,"Eurostat enforcement statistic - annual flow of detections, NOT a stock. Dataset migr_eipre, dimensions freq=A citizen=TOTAL reason=TOTAL apprehen=TOTAL sex=T age=TOTAL unit=PER. Rounded to nearest 5 by Eurostat. Croatia acceded to the EU in July 2013; no data reported before 2013."
Croatia,HRV,2020,irregular_proxy_detections,22240,0.00568186753584252,PANEL PRIMARY,"Eurostat, Third country nationals found to be illegally present (migr_eipre)",https://ec.europa.eu/eurostat/databrowser/view/migr_eipre/default/table,"Eurostat enforcement statistic - annual flow of detections, NOT a stock. Dataset migr_eipre, dimensions freq=A citizen=TOTAL reason=TOTAL apprehen=TOTAL sex=T age=TOTAL unit=PER. Rounded to nearest 5 by Eurostat. Croatia acceded to the EU in July 2013; no data reported before 2013."
Croatia,HRV,2021,irregular_proxy_detections,13540,0.00349060745592721,PANEL PRIMARY,"Eurostat, Third country nationals found to be illegally present (migr_eipre)",https://ec.europa.eu/eurostat/databrowser/view/migr_eipre/default/table,"Eurostat enforcement statistic - annual flow of detections, NOT a stock. Dataset migr_eipre, dimensions freq=A citizen=TOTAL reason=TOTAL apprehen=TOTAL sex=T age=TOTAL unit=PER. Rounded to nearest 5 by Eurostat. Croatia acceded to the EU in July 2013; no data reported before 2013."
Croatia,HRV,2022,irregular_proxy_detections,43830,0.0113677596020999,PANEL PRIMARY,"Eurostat, Third country nationals found to be illegally present (migr_eipre)",https://ec.europa.eu/eurostat/databrowser/view/migr_eipre/default/table,"Eurostat enforcement statistic - annual flow of detections, NOT a stock. Dataset migr_eipre, dimensions freq=A citizen=TOTAL reason=TOTAL apprehen=TOTAL sex=T age=TOTAL unit=PER. Rounded to nearest 5 by Eurostat. Croatia acceded to the EU in July 2013; no data reported before 2013."
Hungary,HUN,2010,irregular_proxy_detections,6970,0.000696998396903687,PANEL PRIMARY,"Eurostat, Third country nationals found to be illegally present (migr_eipre)",https://ec.europa.eu/eurostat/databrowser/view/migr_eipre/default/table,"Eurostat enforcement statistic - annual flow of detections, NOT a stock. Dataset migr_eipre, dimensions freq=A citizen=TOTAL reason=TOTAL apprehen=TOTAL sex=T age=TOTAL unit=PER. Rounded to nearest 5 by Eurostat."
Hungary,HUN,2011,irregular_proxy_detections,9655,0.00096823749787775,PANEL PRIMARY,"Eurostat, Third country nationals found to be illegally present (migr_eipre)",https://ec.europa.eu/eurostat/databrowser/view/migr_eipre/default/table,"Eurostat enforcement statistic - annual flow of detections, NOT a stock. Dataset migr_eipre, dimensions freq=A citizen=TOTAL reason=TOTAL apprehen=TOTAL sex=T age=TOTAL unit=PER. Rounded to nearest 5 by Eurostat."
Hungary,HUN,2012,irregular_proxy_detections,12175,0.00122727376279212,PANEL PRIMARY,"Eurostat, Third country nationals found to be illegally present (migr_eipre)",https://ec.europa.eu/eurostat/databrowser/view/migr_eipre/default/table,"Eurostat enforcement statistic - annual flow of detections, NOT a stock. Dataset migr_eipre, dimensions freq=A citizen=TOTAL reason=TOTAL apprehen=TOTAL sex=T age=TOTAL unit=PER. Rounded to nearest 5 by Eurostat."
Hungary,HUN,2013,irregular_proxy_detections,28755,0.00291256707615135,PANEL PRIMARY,"Eurostat, Third country nationals found to be illegally present (migr_eipre)",https://ec.europa.eu/eurostat/databrowser/view/migr_eipre/default/table,"Eurostat enforcement statistic - annual flow of detections, NOT a stock. Dataset migr_eipre, dimensions freq=A citizen=TOTAL reason=TOTAL apprehen=TOTAL sex=T age=TOTAL unit=PER. Rounded to nearest 5 by Eurostat."
Hungary,HUN,2014,irregular_proxy_detections,56170,0.00571237495471898,PANEL PRIMARY,"Eurostat, Third country nationals found to be illegally present (migr_eipre)",https://ec.europa.eu/eurostat/databrowser/view/migr_eipre/default/table,"Eurostat enforcement statistic - annual flow of detections, NOT a stock. Dataset migr_eipre, dimensions freq=A citizen=TOTAL reason=TOTAL apprehen=TOTAL sex=T age=TOTAL unit=PER. Rounded to nearest 5 by Eurostat."
Hungary,HUN,2015,irregular_proxy_detections,424055,0.0432808332112816,PANEL PRIMARY,"Eurostat, Third country nationals found to be illegally present (migr_eipre)",https://ec.europa.eu/eurostat/databrowser/view/migr_eipre/default/table,"Eurostat enforcement statistic - annual flow of detections, NOT a stock. Dataset migr_eipre, dimensions freq=A citizen=TOTAL reason=TOTAL apprehen=TOTAL sex=T age=TOTAL unit=PER. Rounded to nearest 5 by Eurostat."
Hungary,HUN,2016,irregular_proxy_detections,41560,0.00425830361520346,PANEL PRIMARY,"Eurostat, Third country nationals found to be illegally present (migr_eipre)",https://ec.europa.eu/eurostat/databrowser/view/migr_eipre/default/table,"Eurostat enforcement statistic - annual flow of detections, NOT a stock. Dataset migr_eipre, dimensions freq=A citizen=TOTAL reason=TOTAL apprehen=TOTAL sex=T age=TOTAL unit=PER. Rounded to nearest 5 by Eurostat."
Hungary,HUN,2017,irregular_proxy_detections,25730,0.00264528070818267,PANEL PRIMARY,"Eurostat, Third country nationals found to be illegally present (migr_eipre)",https://ec.europa.eu/eurostat/databrowser/view/migr_eipre/default/table,"Eurostat enforcement statistic - annual flow of detections, NOT a stock. Dataset migr_eipre, dimensions freq=A citizen=TOTAL reason=TOTAL apprehen=TOTAL sex=T age=TOTAL unit=PER. Rounded to nearest 5 by Eurostat."
Hungary,HUN,2018,irregular_proxy_detections,18915,0.00194860102499608,PANEL PRIMARY,"Eurostat, Third country nationals found to be illegally present (migr_eipre)",https://ec.europa.eu/eurostat/databrowser/view/migr_eipre/default/table,"Eurostat enforcement statistic - annual flow of detections, NOT a stock. Dataset migr_eipre, dimensions freq=A citizen=TOTAL reason=TOTAL apprehen=TOTAL sex=T age=TOTAL unit=PER. Rounded to nearest 5 by Eurostat."
Hungary,HUN,2019,irregular_proxy_detections,36440,0.00375870670782677,PANEL PRIMARY,"Eurostat, Third country nationals found to be illegally present (migr_eipre)",https://ec.europa.eu/eurostat/databrowser/view/migr_eipre/default/table,"Eurostat enforcement statistic - annual flow of detections, NOT a stock. Dataset migr_eipre, dimensions freq=A citizen=TOTAL reason=TOTAL apprehen=TOTAL sex=T age=TOTAL unit=PER. Rounded to nearest 5 by Eurostat."
Hungary,HUN,2020,irregular_proxy_detections,89370,0.00924158508540323,PANEL PRIMARY,"Eurostat, Third country nationals found to be illegally present (migr_eipre)",https://ec.europa.eu/eurostat/databrowser/view/migr_eipre/default/table,"Eurostat enforcement statistic - annual flow of detections, NOT a stock. Dataset migr_eipre, dimensions freq=A citizen=TOTAL reason=TOTAL apprehen=TOTAL sex=T age=TOTAL unit=PER. Rounded to nearest 5 by Eurostat."
Hungary,HUN,2021,irregular_proxy_detections,134140,0.0139280393631686,PANEL PRIMARY,"Eurostat, Third country nationals found to be illegally present (migr_eipre)",https://ec.europa.eu/eurostat/databrowser/view/migr_eipre/default/table,"Eurostat enforcement statistic - annual flow of detections, NOT a stock. Dataset migr_eipre, dimensions freq=A citizen=TOTAL reason=TOTAL apprehen=TOTAL sex=T age=TOTAL unit=PER. Rounded to nearest 5 by Eurostat."
Hungary,HUN,2022,irregular_proxy_detections,222515,0.0231664014249135,PANEL PRIMARY,"Eurostat, Third country nationals found to be illegally present (migr_eipre)",https://ec.europa.eu/eurostat/databrowser/view/migr_eipre/default/table,"Eurostat enforcement statistic - annual flow of detections, NOT a stock. Dataset migr_eipre, dimensions freq=A citizen=TOTAL reason=TOTAL apprehen=TOTAL sex=T age=TOTAL unit=PER. Rounded to nearest 5 by Eurostat."
Iceland,ISL,2016,irregular_proxy_detections,30,8.94350388595244e-05,PANEL PRIMARY,"Eurostat, Third country nationals found to be illegally present (migr_eipre)",https://ec.europa.eu/eurostat/databrowser/view/migr_eipre/default/table,"Eurostat enforcement statistic - annual flow of detections, NOT a stock. Dataset migr_eipre, dimensions freq=A citizen=TOTAL reason=TOTAL apprehen=TOTAL sex=T age=TOTAL unit=PER. Rounded to nearest 5 by Eurostat. Iceland reports only sporadically; most years are not available in migr_eipre."
Iceland,ISL,2017,irregular_proxy_detections,15,4.36808386721025e-05,PANEL PRIMARY,"Eurostat, Third country nationals found to be illegally present (migr_eipre)",https://ec.europa.eu/eurostat/databrowser/view/migr_eipre/default/table,"Eurostat enforcement statistic - annual flow of detections, NOT a stock. Dataset migr_eipre, dimensions freq=A citizen=TOTAL reason=TOTAL apprehen=TOTAL sex=T age=TOTAL unit=PER. Rounded to nearest 5 by Eurostat. Iceland reports only sporadically; most years are not available in migr_eipre."
Iceland,ISL,2019,irregular_proxy_detections,110,0.000305078446762424,PANEL PRIMARY,"Eurostat, Third country nationals found to be illegally present (migr_eipre)",https://ec.europa.eu/eurostat/databrowser/view/migr_eipre/default/table,"Eurostat enforcement statistic - annual flow of detections, NOT a stock. Dataset migr_eipre, dimensions freq=A citizen=TOTAL reason=TOTAL apprehen=TOTAL sex=T age=TOTAL unit=PER. Rounded to nearest 5 by Eurostat. Iceland reports only sporadically; most years are not available in migr_eipre."
Iceland,ISL,2021,irregular_proxy_detections,130,0.000348974551701922,PANEL PRIMARY,"Eurostat, Third country nationals found to be illegally present (migr_eipre)",https://ec.europa.eu/eurostat/databrowser/view/migr_eipre/default/table,"Eurostat enforcement statistic - annual flow of detections, NOT a stock. VERIFIED DIRECTLY against the Eurostat API; Iceland reports only 2016 (30), 2017 (15), 2019 (110) and 2021 (130). Added after an initial extraction missed 2021."
Israel,ISR,2020,irregular_stock,30100,0.00326637801000532,PANEL PRIMARY,"Israel Population and Immigration Authority (רשות האוכלוסין וההגירה), Foreigners in Israel (נתוני זרים בישראל), Q1 2022",https://www.gov.il/BlobFolder/generalpage/foreign_workers_stats/he/zarim_2022_q1.pdf,"Reference date end of 2020. Administrative register count of persons who entered Israel as tourists and remained without a valid permit; published as '30.1 thousand'. Excludes infiltrators and lapsed foreign workers, which PIBA counts separately."
Israel,ISR,2022,irregular_stock,26798,0.00280387130525765,PANEL PRIMARY,"Israel Population and Immigration Authority (רשות האוכלוסין וההגירה), Foreigners in Israel (נתוני זרים בישראל), Q1 2022",https://www.gov.il/BlobFolder/generalpage/foreign_workers_stats/he/zarim_2022_q1.pdf,"Reference date 31 March 2022. Administrative register count of 'infiltrators' (מסתננים) resident in Israel, i.e. persons who entered irregularly via the Egyptian border; 76% Eritrean, 14% Sudanese. Separate PIBA category from tourist overstayers and lapsed workers."
Israel,ISR,2022,irregular_stock,22571,0.00236160083703898,alternative 1,"Israel Population and Immigration Authority (רשות האוכלוסין וההגירה), Foreigners in Israel (נתוני זרים בישראל), Q1 2022",https://www.gov.il/BlobFolder/generalpage/foreign_workers_stats/he/zarim_2022_q1.pdf,Reference date 31 March 2022. Administrative register count of foreign workers without valid status (עובדים זרים ללא היתר). Separate PIBA category; not additive with the infiltrator or tourist-overstayer rows without double-counting checks.
Italy,ITA,2010,irregular_proxy_detections,46955,0.000784945929002606,PANEL PRIMARY,"Eurostat, Third country nationals found to be illegally present (migr_eipre)",https://ec.europa.eu/eurostat/databrowser/view/migr_eipre/default/table,"Eurostat enforcement statistic - annual flow of detections, NOT a stock. Dataset migr_eipre, dimensions freq=A citizen=TOTAL reason=TOTAL apprehen=TOTAL sex=T age=TOTAL unit=PER. Rounded to nearest 5 by Eurostat."
Italy,ITA,2011,irregular_proxy_detections,29505,0.000491530114003501,PANEL PRIMARY,"Eurostat, Third country nationals found to be illegally present (migr_eipre)",https://ec.europa.eu/eurostat/databrowser/view/migr_eipre/default/table,"Eurostat enforcement statistic - annual flow of detections, NOT a stock. Dataset migr_eipre, dimensions freq=A citizen=TOTAL reason=TOTAL apprehen=TOTAL sex=T age=TOTAL unit=PER. Rounded to nearest 5 by Eurostat."
Italy,ITA,2012,irregular_proxy_detections,29345,0.000487529357881554,PANEL PRIMARY,"Eurostat, Third country nationals found to be illegally present (migr_eipre)",https://ec.europa.eu/eurostat/databrowser/view/migr_eipre/default/table,"Eurostat enforcement statistic - annual flow of detections, NOT a stock. Dataset migr_eipre, dimensions freq=A citizen=TOTAL reason=TOTAL apprehen=TOTAL sex=T age=TOTAL unit=PER. Rounded to nearest 5 by Eurostat."
Italy,ITA,2013,irregular_proxy_detections,23945,0.000397021382930017,PANEL PRIMARY,"Eurostat, Third country nationals found to be illegally present (migr_eipre)",https://ec.europa.eu/eurostat/databrowser/view/migr_eipre/default/table,"Eurostat enforcement statistic - annual flow of detections, NOT a stock. Dataset migr_eipre, dimensions freq=A citizen=TOTAL reason=TOTAL apprehen=TOTAL sex=T age=TOTAL unit=PER. Rounded to nearest 5 by Eurostat."
Italy,ITA,2014,irregular_proxy_detections,25300,0.000419424792219362,PANEL PRIMARY,"Eurostat, Third country nationals found to be illegally present (migr_eipre)",https://ec.europa.eu/eurostat/databrowser/view/migr_eipre/default/table,"Eurostat enforcement statistic - annual flow of detections, NOT a stock. Dataset migr_eipre, dimensions freq=A citizen=TOTAL reason=TOTAL apprehen=TOTAL sex=T age=TOTAL unit=PER. Rounded to nearest 5 by Eurostat."
Italy,ITA,2015,irregular_proxy_detections,27305,0.000453348482029726,PANEL PRIMARY,"Eurostat, Third country nationals found to be illegally present (migr_eipre)",https://ec.europa.eu/eurostat/databrowser/view/migr_eipre/default/table,"Eurostat enforcement statistic - annual flow of detections, NOT a stock. Dataset migr_eipre, dimensions freq=A citizen=TOTAL reason=TOTAL apprehen=TOTAL sex=T age=TOTAL unit=PER. Rounded to nearest 5 by Eurostat."
Italy,ITA,2016,irregular_proxy_detections,32365,0.000538382765377083,PANEL PRIMARY,"Eurostat, Third country nationals found to be illegally present (migr_eipre)",https://ec.europa.eu/eurostat/databrowser/view/migr_eipre/default/table,"Eurostat enforcement statistic - annual flow of detections, NOT a stock. Dataset migr_eipre, dimensions freq=A citizen=TOTAL reason=TOTAL apprehen=TOTAL sex=T age=TOTAL unit=PER. Rounded to nearest 5 by Eurostat."
Italy,ITA,2017,irregular_proxy_detections,36230,0.000603810670306175,PANEL PRIMARY,"Eurostat, Third country nationals found to be illegally present (migr_eipre)",https://ec.europa.eu/eurostat/databrowser/view/migr_eipre/default/table,"Eurostat enforcement statistic - annual flow of detections, NOT a stock. Dataset migr_eipre, dimensions freq=A citizen=TOTAL reason=TOTAL apprehen=TOTAL sex=T age=TOTAL unit=PER. Rounded to nearest 5 by Eurostat."
Italy,ITA,2018,irregular_proxy_detections,26780,0.000447248545486104,PANEL PRIMARY,"Eurostat, Third country nationals found to be illegally present (migr_eipre)",https://ec.europa.eu/eurostat/databrowser/view/migr_eipre/default/table,"Eurostat enforcement statistic - annual flow of detections, NOT a stock. Dataset migr_eipre, dimensions freq=A citizen=TOTAL reason=TOTAL apprehen=TOTAL sex=T age=TOTAL unit=PER. Rounded to nearest 5 by Eurostat."
Italy,ITA,2019,irregular_proxy_detections,26885,0.000450115748474349,PANEL PRIMARY,"Eurostat, Third country nationals found to be illegally present (migr_eipre)",https://ec.europa.eu/eurostat/databrowser/view/migr_eipre/default/table,"Eurostat enforcement statistic - annual flow of detections, NOT a stock. Dataset migr_eipre, dimensions freq=A citizen=TOTAL reason=TOTAL apprehen=TOTAL sex=T age=TOTAL unit=PER. Rounded to nearest 5 by Eurostat."
Italy,ITA,2020,irregular_proxy_detections,22785,0.000383335135465522,PANEL PRIMARY,"Eurostat, Third country nationals found to be illegally present (migr_eipre)",https://ec.europa.eu/eurostat/databrowser/view/migr_eipre/default/table,"Eurostat enforcement statistic - annual flow of detections, NOT a stock. Dataset migr_eipre, dimensions freq=A citizen=TOTAL reason=TOTAL apprehen=TOTAL sex=T age=TOTAL unit=PER. Rounded to nearest 5 by Eurostat."
Italy,ITA,2021,irregular_proxy_detections,92070,0.00155699407505158,PANEL PRIMARY,"Eurostat, Third country nationals found to be illegally present (migr_eipre)",https://ec.europa.eu/eurostat/databrowser/view/migr_eipre/default/table,"Eurostat enforcement statistic - annual flow of detections, NOT a stock. Dataset migr_eipre, dimensions freq=A citizen=TOTAL reason=TOTAL apprehen=TOTAL sex=T age=TOTAL unit=PER. Rounded to nearest 5 by Eurostat."
Italy,ITA,2022,irregular_proxy_detections,138420,0.00234555836023544,PANEL PRIMARY,"Eurostat, Third country nationals found to be illegally present (migr_eipre)",https://ec.europa.eu/eurostat/databrowser/view/migr_eipre/default/table,"Eurostat enforcement statistic - annual flow of detections, NOT a stock. Dataset migr_eipre, dimensions freq=A citizen=TOTAL reason=TOTAL apprehen=TOTAL sex=T age=TOTAL unit=PER. Rounded to nearest 5 by Eurostat."
Italy,ITA,2014,irregular_stock,400000,0.00663122201137331,PANEL PRIMARY,"Pew Research Center (2019), Europe's Unauthorized Immigrant Population Peaks in 2016, Then Levels Off",https://www.pewresearch.org/global/2019/11/13/europes-unauthorized-immigrant-population-peaks-in-2016-then-levels-off/,"Pew residual method (population/labour-force data minus lawfully resident foreign-born), estimate INCLUDES asylum seekers awaiting a decision; published range 300000-500000, value is the midpoint of the published range. Pew reports only rounded 100k bounds."
Italy,ITA,2015,irregular_stock,404000,0.00670766477714739,PANEL PRIMARY,"Fondazione ISMU, XXII Rapporto sulle migrazioni 2016",https://www.antoniocasella.eu/nume/Ismu_1dic2016.pdf,"ISMU annual estimate of irregular presence at 1 January (stranieri irregolarmente presenti); derived from ISMU's reconstruction of total foreign presence (regular registered, regular unregistered, irregular) benchmarked on ISTAT resident population, residence permits and regularisation/amnesty administrative records. Point estimate, no published interval. NOTE: for 2015-2017 an alternative Pew estimate also exists in this file - do not sum."
Italy,ITA,2015,irregular_stock,450000,0.00747140878642654,alternative 1,"Pew Research Center (2019), Europe's Unauthorized Immigrant Population Peaks in 2016, Then Levels Off",https://www.pewresearch.org/global/2019/11/13/europes-unauthorized-immigrant-population-peaks-in-2016-then-levels-off/,"Pew residual method (population/labour-force data minus lawfully resident foreign-born), estimate INCLUDES asylum seekers awaiting a decision; published range 300000-600000, value is the midpoint of the published range. Pew reports only rounded 100k bounds."
Italy,ITA,2016,irregular_stock,435000,0.00723610390665938,PANEL PRIMARY,"Fondazione ISMU, XXII Rapporto sulle migrazioni 2016",https://www.antoniocasella.eu/nume/Ismu_1dic2016.pdf,"ISMU annual estimate of irregular presence at 1 January (stranieri irregolarmente presenti); derived from ISMU's reconstruction of total foreign presence (regular registered, regular unregistered, irregular) benchmarked on ISTAT resident population, residence permits and regularisation/amnesty administrative records. Point estimate, no published interval. NOTE: for 2015-2017 an alternative Pew estimate also exists in this file - do not sum."
Italy,ITA,2016,irregular_stock,500000,0.00831736081225216,alternative 1,"Pew Research Center (2019), Europe's Unauthorized Immigrant Population Peaks in 2016, Then Levels Off",https://www.pewresearch.org/global/2019/11/13/europes-unauthorized-immigrant-population-peaks-in-2016-then-levels-off/,"Pew residual method (population/labour-force data minus lawfully resident foreign-born), estimate INCLUDES asylum seekers awaiting a decision; published range 400000-600000, value is the midpoint of the published range. Pew reports only rounded 100k bounds."
Italy,ITA,2017,irregular_stock,491000,0.0081830261970834,PANEL PRIMARY,"Fondazione ISMU estimate, reported in Neodemos",https://www.neodemos.info/2018/07/27/irregolari-sanatorie-e-rimpatri/,"ISMU annual estimate of irregular presence at 1 January (stranieri irregolarmente presenti); derived from ISMU's reconstruction of total foreign presence (regular registered, regular unregistered, irregular) benchmarked on ISTAT resident population, residence permits and regularisation/amnesty administrative records. Point estimate, no published interval. NOTE: for 2015-2017 an alternative Pew estimate also exists in this file - do not sum."
Italy,ITA,2017,irregular_stock,600000,0.00999962468075365,alternative 1,"Pew Research Center (2019), Europe's Unauthorized Immigrant Population Peaks in 2016, Then Levels Off",https://www.pewresearch.org/global/2019/11/13/europes-unauthorized-immigrant-population-peaks-in-2016-then-levels-off/,"Pew residual method (population/labour-force data minus lawfully resident foreign-born), estimate INCLUDES asylum seekers awaiting a decision; published range 500000-700000, value is the midpoint of the published range. Pew reports only rounded 100k bounds."
Italy,ITA,2018,irregular_stock,533000,0.00890154872083993,PANEL PRIMARY,"Fondazione ISMU, XXIV Rapporto sulle migrazioni 2018",https://www.vita.it/rapporto-ismu-calano-gli-sbarcati-ma-sale-la-quota-degli-irregolari/,"ISMU annual estimate of irregular presence at 1 January (stranieri irregolarmente presenti); derived from ISMU's reconstruction of total foreign presence (regular registered, regular unregistered, irregular) benchmarked on ISTAT resident population, residence permits and regularisation/amnesty administrative records. Point estimate, no published interval. NOTE: for 2015-2017 an alternative Pew estimate also exists in this file - do not sum."
Italy,ITA,2019,irregular_stock,562000,0.00940915196736411,PANEL PRIMARY,"Fondazione ISMU, XXV Rapporto sulle migrazioni 2019",https://www.ismu.org/comunicato-stampa-xxv-rapporto-ismu/,"ISMU annual estimate of irregular presence at 1 January (stranieri irregolarmente presenti); derived from ISMU's reconstruction of total foreign presence (regular registered, regular unregistered, irregular) benchmarked on ISTAT resident population, residence permits and regularisation/amnesty administrative records. Point estimate, no published interval. NOTE: for 2015-2017 an alternative Pew estimate also exists in this file - do not sum."
Italy,ITA,2020,irregular_stock,517000,0.00869801470422098,PANEL PRIMARY,"Fondazione ISMU, XXVI Rapporto sulle migrazioni 2020",https://www.cinformi.it/Comunicazione/Notizie/I-dati-del-Rapporto-ISMU-sulle-migrazioni-2020,"ISMU annual estimate of irregular presence at 1 January (stranieri irregolarmente presenti); derived from ISMU's reconstruction of total foreign presence (regular registered, regular unregistered, irregular) benchmarked on ISTAT resident population, residence permits and regularisation/amnesty administrative records. Point estimate, no published interval. NOTE: for 2015-2017 an alternative Pew estimate also exists in this file - do not sum."
Italy,ITA,2021,irregular_stock,519000,0.00877679944554979,PANEL PRIMARY,"Fondazione ISMU, XXVII Rapporto sulle migrazioni 2021",https://www.ismu.org/xxvii-rapporto-sulle-migrazioni-2021-comunicato-stampa-11-2-2022/,"ISMU annual estimate of irregular presence at 1 January (stranieri irregolarmente presenti); derived from ISMU's reconstruction of total foreign presence (regular registered, regular unregistered, irregular) benchmarked on ISTAT resident population, residence permits and regularisation/amnesty administrative records. Point estimate, no published interval. NOTE: for 2015-2017 an alternative Pew estimate also exists in this file - do not sum."
Italy,ITA,2022,irregular_stock,506000,0.00857428500418386,PANEL PRIMARY,"Fondazione ISMU, XXVII Rapporto sulle migrazioni 2021",https://www.ismu.org/xxvii-rapporto-sulle-migrazioni-2021-comunicato-stampa-11-2-2022/,"ISMU annual estimate of irregular presence at 1 January (stranieri irregolarmente presenti); derived from ISMU's reconstruction of total foreign presence (regular registered, regular unregistered, irregular) benchmarked on ISTAT resident population, residence permits and regularisation/amnesty administrative records. Point estimate, no published interval. 2022 fall reflects completion of the 2020 regularisation (sanatoria). NOTE: for 2015-2017 an alternative Pew estimate also exists in this file - do not sum."
Japan,JPN,2010,irregular_proxy_overstayers,91778,0.000716623721402358,PANEL PRIMARY,"Japan Immigration Services Agency (2015), Immigration Control in Recent Years, Table 21 (changes in the estimated number of foreign nationals overstaying)",https://www.moj.go.jp/isa/content/930003133.pdf,"Overstayers (不法残留者) as of 1 January 2010. PROVENANCE: taken from an independently compiled comparison dataset citing ISA Table 21. The 2015 value in that same table was re-read directly from this PDF and matched exactly (60,007), but Table 21 itself could not be re-extracted, so 2010 is not independently re-verified."
Japan,JPN,2011,irregular_proxy_overstayers,78488,0.000613988563203555,PANEL PRIMARY,"Global Detention Project, Japan Immigration Detention Profile (reproducing Ministry of Justice, 2011, p.34)",https://www.globaldetentionproject.org/countries/asia-pacific/japan,"overstayers (不法残留者) reported for 2011; the MOJ/ISA series is compiled as of 1 January. Source text: 'Immigration authorities estimate that in 2011 there were between 90,000 and 100,000 undocumented migrants in Japan, including 78,488 overstayers' (cited to MoJ, 2011, p.34). CAVEAT: the secondary source gives the year only and does not restate the 1 January reference date; the MOJ primary release for 1 January 2011 was no longer reachable (removed from moj.go.jp; nisshinkyo.org mirror returns 404 to the fetcher)."
Japan,JPN,2012,irregular_proxy_overstayers,67065,0.000525468349669746,PANEL PRIMARY,"Japan Immigration Services Agency (2015), Immigration Control in Recent Years, Table 21 (changes in the estimated number of foreign nationals overstaying)",https://www.moj.go.jp/isa/content/930003133.pdf,"Overstayers (不法残留者) as of 1 January 2012. PROVENANCE: taken from an independently compiled comparison dataset citing ISA Table 21; the 2015 value from the same table was re-read directly and matched exactly, but 2012 is not independently re-verified."
Japan,JPN,2013,irregular_proxy_overstayers,62009,0.000486554984503119,PANEL PRIMARY,"Japan Immigration Services Agency (2015), Immigration Control in Recent Years, Table 21 (changes in the estimated number of foreign nationals overstaying)",https://www.moj.go.jp/isa/content/930003133.pdf,"Overstayers (不法残留者) as of 1 January 2013. PROVENANCE: taken from an independently compiled comparison dataset citing ISA Table 21; the 2015 value from the same table was re-read directly and matched exactly, but 2013 is not independently re-verified."
Japan,JPN,2014,irregular_proxy_overstayers,59061,0.000464038781859895,PANEL PRIMARY,"出入国在留管理庁 本邦における不法残留者数について (Immigration Services Agency of Japan, Number of Overstayers in Japan)",https://www.moj.go.jp/isa/content/001459199.pdf,"As of 1 Jan 2014 (平成26年1月1日現在). RE-CONFIRMATION of a value already in the dataset. READ FROM A CHART: the labelled data point marked 過去最低 (all-time low) on 第1図 不法残留者数の推移 in the 令和7年 operations digest. Matches the already-confirmed 59,061."
Japan,JPN,2014,irregular_proxy_overstayers,59061,0.000464038781859895,alternative 1,"Ministry of Justice Immigration Bureau, Honpo ni okeru fuho zanryusha su ni tsuite (Heisei 26-nen 1-gatsu 1-nichi genzai), mirrored by Nisshinkyo",https://www.nisshinkyo.org/news/pdf/G-26-2.pdf,"overstayers (不法残留者) as of 1 January 2014. Source sentence read verbatim: '平成26年1月1日現在の本邦における不法残留者数は，5万9，061人'. CAVEAT: the PDF itself returned 404 to the fetcher, so the figure was read from the indexed document text; independently corroborated as the labelled series minimum (59,061) in the ISA chart 【第１図】不法残留者数の推移, https://www.moj.go.jp/isa/content/001415150.pdf"
Japan,JPN,2015,irregular_proxy_overstayers,60007,0.000471972062513273,PANEL PRIMARY,"Japan Immigration Services Agency (2015), Immigration Control in Recent Years",https://www.moj.go.jp/isa/content/930003133.pdf,"Overstayers (不法残留者) as of 1 January 2015. VERIFIED DIRECTLY from this PDF: 'the estimated number of foreign nationals who overstayed was 60,007 as of January 1, 2015, an increase of 946 (1.6%) from 59,061 at January 1, 2014.'"
Japan,JPN,2017,irregular_proxy_overstayers,65270,0.000514050341807643,PANEL PRIMARY,"出入国在留管理庁 本邦における不法残留者数について (Immigration Services Agency of Japan, Number of Overstayers in Japan)",https://www.moj.go.jp/isa/content/001344148.pdf,"As of 1 Jan 2017 (平成29年1月1日現在). Read from 第1表 of the press release dated 31 Mar 2021 (本邦における不法残留者数について（令和3年1月1日現在）). Verified two ways within the table: 男 35,843 + 女 29,427 = 65,270; and the 11 nationality/region rows sum to 65,270. Landing page: https://www.moj.go.jp/isa/publications/press/13_00013.html"
Japan,JPN,2017,irregular_proxy_overstayers,65270,0.000514050341807643,alternative 1,"Immigration Services Agency of Japan, Honpo ni okeru fuho zanryusha su ni tsuite (Reiwa 3-nen 1-gatsu 1-nichi genzai), Table 1 (Dai-1-hyo)",https://www.moj.go.jp/isa/content/001344148.pdf,"overstayers (fuho zanryusha, 不法残留者) as of 1 January 2017. Administrative register count. Read from the year columns of 【第１表】国籍・地域別 性別 不法残留者数の推移 in the official ISA statistical annex to the 1 January 2021 press release, which tabulates 1 January 2017-2021."
Japan,JPN,2018,irregular_proxy_overstayers,66498,0.000524386685697613,PANEL PRIMARY,"出入国在留管理庁 本邦における不法残留者数について (Immigration Services Agency of Japan, Number of Overstayers in Japan)",https://www.moj.go.jp/isa/content/001344904.pdf,"As of 1 Jan 2018 (平成30年1月1日現在（2018年）- the source PDF prints the Western year itself). Read from 第1表 of the press release dated 29 Mar 2022 (本邦における不法残留者数について（令和4年1月1日現在）). Corroborated by an independent PDF, 第1表 of the 2021 release (https://www.moj.go.jp/isa/content/001344148.pdf), which gives the same 66,498; also 男 37,052 + 女 29,446 = 66,498 and nationality rows sum to 66,498."
Japan,JPN,2018,irregular_proxy_overstayers,66498,0.000524386685697613,alternative 1,"Immigration Services Agency of Japan, Honpo ni okeru fuho zanryusha su ni tsuite (Reiwa 3-nen 1-gatsu 1-nichi genzai), Table 1 (Dai-1-hyo)",https://www.moj.go.jp/isa/content/001344148.pdf,"overstayers (fuho zanryusha, 不法残留者) as of 1 January 2018. Administrative register count. Read from the year columns of 【第１表】国籍・地域別 性別 不法残留者数の推移 in the official ISA statistical annex to the 1 January 2021 press release, which tabulates 1 January 2017-2021."
Japan,JPN,2019,irregular_proxy_overstayers,74167,0.000585684616174299,PANEL PRIMARY,"出入国在留管理庁 本邦における不法残留者数について (Immigration Services Agency of Japan, Number of Overstayers in Japan)",https://www.moj.go.jp/isa/content/001344904.pdf,"As of 1 Jan 2019 (平成31年1月1日現在（2019年）- the source PDF prints the Western year itself). Read from 第1表 of the press release dated 29 Mar 2022. Corroborated by an independent PDF, 第1表 of the 2021 release (https://www.moj.go.jp/isa/content/001344148.pdf), same 74,167; also 男 42,632 + 女 31,535 = 74,167 and nationality rows sum to 74,167."
Japan,JPN,2019,irregular_proxy_overstayers,74167,0.000585684616174299,alternative 1,"Immigration Services Agency of Japan, Honpo ni okeru fuho zanryusha su ni tsuite (Reiwa 3-nen 1-gatsu 1-nichi genzai), Table 1 (Dai-1-hyo)",https://www.moj.go.jp/isa/content/001344148.pdf,"overstayers (fuho zanryusha, 不法残留者) as of 1 January 2019. Administrative register count. Read from the year columns of 【第１表】国籍・地域別 性別 不法残留者数の推移 in the official ISA statistical annex to the 1 January 2021 press release, which tabulates 1 January 2017-2021."
Japan,JPN,2020,irregular_proxy_overstayers,82892,0.000656513095888675,PANEL PRIMARY,"出入国在留管理庁 本邦における不法残留者数について (Immigration Services Agency of Japan, Number of Overstayers in Japan)",https://www.moj.go.jp/isa/content/001344904.pdf,As of 1 Jan 2020 (令和2年1月1日現在（2020年）). RE-CONFIRMATION of a value already in the dataset. 第1表 of the 29 Mar 2022 release; identical figure in the 31 Mar 2021 release PDF.
Japan,JPN,2020,irregular_proxy_overstayers,82892,0.000656513095888675,alternative 1,"Immigration Services Agency of Japan, Overstayers as of 1 January (本邦における不法残留者数について)",https://www.moj.go.jp/isa/publications/press/13_00013.html,Reference date 1 January 2020. Administrative register count of persons remaining beyond authorised period of stay (不法残留者). Prior-year comparison figure in the 1 January 2021 release.
Japan,JPN,2021,irregular_proxy_overstayers,82868,0.000659348740113439,PANEL PRIMARY,"出入国在留管理庁 本邦における不法残留者数について (Immigration Services Agency of Japan, Number of Overstayers in Japan)",https://www.moj.go.jp/isa/content/001344904.pdf,"As of 1 Jan 2021 (令和3年1月1日現在（2021年）). RE-CONFIRMATION of a value already in the dataset. 第1表 of the 29 Mar 2022 release; identical figure in the 31 Mar 2021 release PDF, whose text also states a decrease of 24 persons (-0.03%) vs 1 Jan 2020, consistent with 82,892 - 24 = 82,868."
Japan,JPN,2021,irregular_proxy_overstayers,82868,0.000659348740113439,alternative 1,"Immigration Services Agency of Japan, Overstayers as of 1 January (本邦における不法残留者数について)",https://www.moj.go.jp/isa/publications/press/13_00013.html,"Reference date 1 January 2021. Administrative register count of overstayers (不法残留者). Of whom 49,496 male and 33,372 female."
Japan,JPN,2022,irregular_proxy_overstayers,66759,0.000533538508442946,PANEL PRIMARY,"出入国在留管理庁 本邦における不法残留者数について (Immigration Services Agency of Japan, Number of Overstayers in Japan)",https://www.moj.go.jp/isa/content/001344904.pdf,"As of 1 Jan 2022 (令和4年1月1日現在（2022年）). RE-CONFIRMATION of a value already in the dataset. 第1表 of the 29 Mar 2022 release; the release text states a decrease of 16,109 (-19.4%) vs 1 Jan 2021, consistent with 82,868 - 16,109 = 66,759."
Japan,JPN,2022,irregular_proxy_overstayers,66759,0.000533538508442946,alternative 1,"Immigration Services Agency of Japan, Overstayers as of 1 January (本邦における不法残留者数について)",https://www.moj.go.jp/isa/publications/press/13_00003.html,Reference date 1 January 2022. Administrative register count of overstayers (不法残留者); down 19.4% on 1 January 2021. Cross-checked against ISA table 001403958.pdf.
Korea (South),KOR,2010,irregular_proxy_overstayers,168515,0.00340062596621649,PANEL PRIMARY,"Korean National Police University press, Cheryu oegugin beomjoe-e gwanhan gyeongchal-ui daeeung bangan (2015), Table 1, citing Ministry of Justice Korea Immigration Service statistical yearbook",https://press.police.ac.kr/pds/1476878914562.pdf,"illegal residents (불법체류자), calendar-year figure as tabulated in the MOJ Korea Immigration Service statistical yearbook (통계연보); the yearbook series is compiled as of 31 December. Predominantly visa overstayers. Source line: '출처: 법무부 출입국·외국인 정책본부, 통계연보 자료'. Korean government portals (data.go.kr, index.go.kr, kosis) block the fetcher, so this secondary academic tabulation of the MOJ series was used."
Korea (South),KOR,2011,irregular_proxy_overstayers,167780,0.00335985774613021,PANEL PRIMARY,"Korean National Police University press, Cheryu oegugin beomjoe-e gwanhan gyeongchal-ui daeeung bangan (2015), Table 1, citing Ministry of Justice Korea Immigration Service statistical yearbook",https://press.police.ac.kr/pds/1476878914562.pdf,"illegal residents (불법체류자), calendar-year figure as tabulated in the MOJ Korea Immigration Service statistical yearbook (통계연보); the yearbook series is compiled as of 31 December. Predominantly visa overstayers. Source line: '출처: 법무부 출입국·외국인 정책본부, 통계연보 자료'. Korean government portals (data.go.kr, index.go.kr, kosis) block the fetcher, so this secondary academic tabulation of the MOJ series was used."
Korea (South),KOR,2012,irregular_proxy_overstayers,177854,0.00354291874121623,PANEL PRIMARY,"Korean National Police University press, Cheryu oegugin beomjoe-e gwanhan gyeongchal-ui daeeung bangan (2015), Table 1, citing Ministry of Justice Korea Immigration Service statistical yearbook",https://press.police.ac.kr/pds/1476878914562.pdf,"illegal residents (불법체류자), calendar-year figure as tabulated in the MOJ Korea Immigration Service statistical yearbook (통계연보); the yearbook series is compiled as of 31 December. Predominantly visa overstayers. Source line: '출처: 법무부 출입국·외국인 정책본부, 통계연보 자료'. Korean government portals (data.go.kr, index.go.kr, kosis) block the fetcher, so this secondary academic tabulation of the MOJ series was used."
Korea (South),KOR,2013,irregular_proxy_overstayers,183106,0.0036309740132507,PANEL PRIMARY,"Korean National Police University press, Cheryu oegugin beomjoe-e gwanhan gyeongchal-ui daeeung bangan (2015), Table 1, citing Ministry of Justice Korea Immigration Service statistical yearbook",https://press.police.ac.kr/pds/1476878914562.pdf,"illegal residents (불법체류자), calendar-year figure as tabulated in the MOJ Korea Immigration Service statistical yearbook (통계연보); the yearbook series is compiled as of 31 December. Predominantly visa overstayers. Source line: '출처: 법무부 출입국·외국인 정책본부, 통계연보 자료'. Korean government portals (data.go.kr, index.go.kr, kosis) block the fetcher, so this secondary academic tabulation of the MOJ series was used."
Korea (South),KOR,2014,irregular_proxy_overstayers,208778,0.00411412305980577,PANEL PRIMARY,"Korean National Police University press, Cheryu oegugin beomjoe-e gwanhan gyeongchal-ui daeeung bangan (2015), Table 1, citing Ministry of Justice Korea Immigration Service statistical yearbook",https://press.police.ac.kr/pds/1476878914562.pdf,"illegal residents (불법체류자), calendar-year figure as tabulated in the MOJ Korea Immigration Service statistical yearbook (통계연보); the yearbook series is compiled as of 31 December. Predominantly visa overstayers. Source line: '출처: 법무부 출입국·외국인 정책본부, 통계연보 자료'. Korean government portals (data.go.kr, index.go.kr, kosis) block the fetcher, so this secondary academic tabulation of the MOJ series was used."
Korea (South),KOR,2015,irregular_proxy_overstayers,212596,0.00416732766575255,PANEL PRIMARY,"Korean National Police University press, Cheryu oegugin beomjoe-e gwanhan gyeongchal-ui daeeung bangan (2015), Table 1, citing Ministry of Justice Korea Immigration Service statistical yearbook",https://press.police.ac.kr/pds/1476878914562.pdf,"illegal residents (불법체류자) as of 31 AUGUST 2015, NOT year-end - the source column is labelled '2015. 8. 기준' and the table footer reads '2015. 8. 31. 기준'. Not strictly comparable with the 31 December figures for other years; use with care or drop."
Korea (South),KOR,2018,irregular_proxy_overstayers,355126,0.00688428032784222,PANEL PRIMARY,"Ministry of Justice of Korea, Immigration and Foreign Policy Statistics (불법체류외국인), reported via EKW",https://www.ekw.co.kr/news/articleView.html?idxno=11130,"Reference date 31 December 2018. Administrative register count of foreigners in illegal residence (불법체류자), predominantly overstayers. Figure taken from a secondary report citing the MOJ 2022 monthly statistics bulletin and 2021 statistical yearbook; the MOJ primary files were not directly reachable (robots.txt)."
Korea (South),KOR,2020,irregular_proxy_overstayers,392196,0.00756605817794767,PANEL PRIMARY,"Ministry of Justice of Korea, Immigration and Foreign Policy Statistics (불법체류외국인), reported via EKW",https://www.ekw.co.kr/news/articleView.html?idxno=11130,"Reference date 31 December 2020. Administrative register count of foreigners in illegal residence (불법체류자), predominantly overstayers. Figure taken from a secondary report citing the MOJ 2022 monthly statistics bulletin and 2021 statistical yearbook; the MOJ primary files were not directly reachable (robots.txt)."
Korea (South),KOR,2021,irregular_proxy_overstayers,388700,0.00750827624715762,PANEL PRIMARY,"Ministry of Justice of Korea, Immigration and Foreign Policy Statistics (불법체류외국인), reported via EKW",https://www.ekw.co.kr/news/articleView.html?idxno=11130,"Reference date 31 December 2021. Administrative register count of foreigners in illegal residence (불법체류자), predominantly overstayers. Figure taken from a secondary report citing the MOJ 2022 monthly statistics bulletin and 2021 statistical yearbook; the MOJ primary files were not directly reachable (robots.txt). Value ends in '00' and may have been rounded by the secondary source."
Korea (South),KOR,2022,irregular_proxy_overstayers,411270,0.00795915527250058,PANEL PRIMARY,"Ministry of Justice of Korea, Immigration and Foreign Policy Statistics (불법체류외국인), reported via EKW",https://www.ekw.co.kr/news/articleView.html?idxno=11130,"Reference date 31 December 2022. Administrative register count of foreigners in illegal residence (불법체류자), predominantly overstayers. Figure taken from a secondary report citing the MOJ 2022 monthly statistics bulletin and 2021 statistical yearbook; the MOJ primary files were not directly reachable (robots.txt)."
Lithuania,LTU,2010,irregular_proxy_detections,1345,0.000434251708433394,PANEL PRIMARY,"Eurostat, Third country nationals found to be illegally present (migr_eipre)",https://ec.europa.eu/eurostat/databrowser/view/migr_eipre/default/table,"Eurostat enforcement statistic - annual flow of detections, NOT a stock. Dataset migr_eipre, dimensions freq=A citizen=TOTAL reason=TOTAL apprehen=TOTAL sex=T age=TOTAL unit=PER. Rounded to nearest 5 by Eurostat."
Lithuania,LTU,2011,irregular_proxy_detections,1895,0.000625801860233181,PANEL PRIMARY,"Eurostat, Third country nationals found to be illegally present (migr_eipre)",https://ec.europa.eu/eurostat/databrowser/view/migr_eipre/default/table,"Eurostat enforcement statistic - annual flow of detections, NOT a stock. Dataset migr_eipre, dimensions freq=A citizen=TOTAL reason=TOTAL apprehen=TOTAL sex=T age=TOTAL unit=PER. Rounded to nearest 5 by Eurostat."
Lithuania,LTU,2012,irregular_proxy_detections,2080,0.000695852551520689,PANEL PRIMARY,"Eurostat, Third country nationals found to be illegally present (migr_eipre)",https://ec.europa.eu/eurostat/databrowser/view/migr_eipre/default/table,"Eurostat enforcement statistic - annual flow of detections, NOT a stock. Dataset migr_eipre, dimensions freq=A citizen=TOTAL reason=TOTAL apprehen=TOTAL sex=T age=TOTAL unit=PER. Rounded to nearest 5 by Eurostat."
Lithuania,LTU,2013,irregular_proxy_detections,1910,0.000644997889404812,PANEL PRIMARY,"Eurostat, Third country nationals found to be illegally present (migr_eipre)",https://ec.europa.eu/eurostat/databrowser/view/migr_eipre/default/table,"Eurostat enforcement statistic - annual flow of detections, NOT a stock. Dataset migr_eipre, dimensions freq=A citizen=TOTAL reason=TOTAL apprehen=TOTAL sex=T age=TOTAL unit=PER. Rounded to nearest 5 by Eurostat."
Lithuania,LTU,2014,irregular_proxy_detections,2465,0.00083921950203132,PANEL PRIMARY,"Eurostat, Third country nationals found to be illegally present (migr_eipre)",https://ec.europa.eu/eurostat/databrowser/view/migr_eipre/default/table,"Eurostat enforcement statistic - annual flow of detections, NOT a stock. Dataset migr_eipre, dimensions freq=A citizen=TOTAL reason=TOTAL apprehen=TOTAL sex=T age=TOTAL unit=PER. Rounded to nearest 5 by Eurostat."
Lithuania,LTU,2015,irregular_proxy_detections,2040,0.000700763866966163,PANEL PRIMARY,"Eurostat, Third country nationals found to be illegally present (migr_eipre)",https://ec.europa.eu/eurostat/databrowser/view/migr_eipre/default/table,"Eurostat enforcement statistic - annual flow of detections, NOT a stock. Dataset migr_eipre, dimensions freq=A citizen=TOTAL reason=TOTAL apprehen=TOTAL sex=T age=TOTAL unit=PER. Rounded to nearest 5 by Eurostat."
Lithuania,LTU,2016,irregular_proxy_detections,1920,0.000667286455301365,PANEL PRIMARY,"Eurostat, Third country nationals found to be illegally present (migr_eipre)",https://ec.europa.eu/eurostat/databrowser/view/migr_eipre/default/table,"Eurostat enforcement statistic - annual flow of detections, NOT a stock. Dataset migr_eipre, dimensions freq=A citizen=TOTAL reason=TOTAL apprehen=TOTAL sex=T age=TOTAL unit=PER. Rounded to nearest 5 by Eurostat."
Lithuania,LTU,2017,irregular_proxy_detections,2210,0.000777446591002234,PANEL PRIMARY,"Eurostat, Third country nationals found to be illegally present (migr_eipre)",https://ec.europa.eu/eurostat/databrowser/view/migr_eipre/default/table,"Eurostat enforcement statistic - annual flow of detections, NOT a stock. Dataset migr_eipre, dimensions freq=A citizen=TOTAL reason=TOTAL apprehen=TOTAL sex=T age=TOTAL unit=PER. Rounded to nearest 5 by Eurostat."
Lithuania,LTU,2018,irregular_proxy_detections,2660,0.000943530079455165,PANEL PRIMARY,"Eurostat, Third country nationals found to be illegally present (migr_eipre)",https://ec.europa.eu/eurostat/databrowser/view/migr_eipre/default/table,"Eurostat enforcement statistic - annual flow of detections, NOT a stock. Dataset migr_eipre, dimensions freq=A citizen=TOTAL reason=TOTAL apprehen=TOTAL sex=T age=TOTAL unit=PER. Rounded to nearest 5 by Eurostat."
Lithuania,LTU,2019,irregular_proxy_detections,2440,0.000867991017004442,PANEL PRIMARY,"Eurostat, Third country nationals found to be illegally present (migr_eipre)",https://ec.europa.eu/eurostat/databrowser/view/migr_eipre/default/table,"Eurostat enforcement statistic - annual flow of detections, NOT a stock. Dataset migr_eipre, dimensions freq=A citizen=TOTAL reason=TOTAL apprehen=TOTAL sex=T age=TOTAL unit=PER. Rounded to nearest 5 by Eurostat."
Lithuania,LTU,2020,irregular_proxy_detections,1960,0.000697417314238806,PANEL PRIMARY,"Eurostat, Third country nationals found to be illegally present (migr_eipre)",https://ec.europa.eu/eurostat/databrowser/view/migr_eipre/default/table,"Eurostat enforcement statistic - annual flow of detections, NOT a stock. Dataset migr_eipre, dimensions freq=A citizen=TOTAL reason=TOTAL apprehen=TOTAL sex=T age=TOTAL unit=PER. Rounded to nearest 5 by Eurostat."
Lithuania,LTU,2021,irregular_proxy_detections,5025,0.00178928777444648,PANEL PRIMARY,"Eurostat, Third country nationals found to be illegally present (migr_eipre)",https://ec.europa.eu/eurostat/databrowser/view/migr_eipre/default/table,"Eurostat enforcement statistic - annual flow of detections, NOT a stock. Dataset migr_eipre, dimensions freq=A citizen=TOTAL reason=TOTAL apprehen=TOTAL sex=T age=TOTAL unit=PER. Rounded to nearest 5 by Eurostat."
Lithuania,LTU,2022,irregular_proxy_detections,3450,0.00121837564746071,PANEL PRIMARY,"Eurostat, Third country nationals found to be illegally present (migr_eipre)",https://ec.europa.eu/eurostat/databrowser/view/migr_eipre/default/table,"Eurostat enforcement statistic - annual flow of detections, NOT a stock. Dataset migr_eipre, dimensions freq=A citizen=TOTAL reason=TOTAL apprehen=TOTAL sex=T age=TOTAL unit=PER. Rounded to nearest 5 by Eurostat."
Mexico,MEX,2017,irregular_proxy_detections,93846,0.000760502079832913,PANEL PRIMARY,"Unidad de Politica Migratoria, Registro e Identidad de Personas (UPMRIP), SEGOB, Boletin de Estadisticas Migratorias, as compiled in IOM Mexico, Estadisticas migratorias 2023",https://mexico.iom.int/sites/g/files/tmzbdl1686/files/documents/2024-03/estadisticas-migratorias-2023.pdf,"ENFORCEMENT/TRANSIT FLOW, not a stock. EVENTS, not persons: 'eventos de personas en situacion migratoria irregular' presented to the Mexican migration authority during calendar year 2017. One person may be recorded multiple times. Largely transit migrants heading to the United States. Administrative count."
Mexico,MEX,2018,irregular_proxy_detections,131445,0.00105515841941965,PANEL PRIMARY,"Unidad de Politica Migratoria, Registro e Identidad de Personas (UPMRIP), SEGOB, Boletin de Estadisticas Migratorias, as compiled in IOM Mexico, Estadisticas migratorias 2023",https://mexico.iom.int/sites/g/files/tmzbdl1686/files/documents/2024-03/estadisticas-migratorias-2023.pdf,"ENFORCEMENT/TRANSIT FLOW, not a stock. EVENTS, not persons: 'eventos de personas en situacion migratoria irregular' presented to the Mexican migration authority during calendar year 2018. One person may be recorded multiple times. Largely transit migrants. Administrative count."
Mexico,MEX,2019,irregular_proxy_detections,182940,0.00145464108031408,PANEL PRIMARY,"Unidad de Politica Migratoria, Registro e Identidad de Personas (UPMRIP), SEGOB, Boletin de Estadisticas Migratorias, as compiled in IOM Mexico, Estadisticas migratorias 2023",https://mexico.iom.int/sites/g/files/tmzbdl1686/files/documents/2024-03/estadisticas-migratorias-2023.pdf,"ENFORCEMENT/TRANSIT FLOW, not a stock. EVENTS, not persons: 'eventos de personas en situacion migratoria irregular' during calendar year 2019. Largely transit migrants. Administrative count. Independently corroborated at 182,940 in Papeles de Poblacion 29(118), SciELO Mexico, citing UPM."
Mexico,MEX,2020,irregular_proxy_detections,82379,0.000649681503144337,PANEL PRIMARY,"Unidad de Politica Migratoria, Registro e Identidad de Personas (UPMRIP), SEGOB, Boletin de Estadisticas Migratorias, as compiled in IOM Mexico, Estadisticas migratorias 2023",https://mexico.iom.int/sites/g/files/tmzbdl1686/files/documents/2024-03/estadisticas-migratorias-2023.pdf,"ENFORCEMENT/TRANSIT FLOW, not a stock. EVENTS, not persons: 'eventos de personas en situacion migratoria irregular' during calendar year 2020 (COVID-19 year). Largely transit migrants. Administrative count. Independently corroborated at 82,379 in Papeles de Poblacion 29(118), SciELO Mexico."
Mexico,MEX,2021,irregular_proxy_detections,309692,0.00242613782379357,PANEL PRIMARY,"Unidad de Politica Migratoria, Registro e Identidad de Personas (UPMRIP), SEGOB, Boletin de Estadisticas Migratorias, as compiled in IOM Mexico, Estadisticas migratorias 2023",https://mexico.iom.int/sites/g/files/tmzbdl1686/files/documents/2024-03/estadisticas-migratorias-2023.pdf,"ENFORCEMENT/TRANSIT FLOW, not a stock. EVENTS, not persons: 'eventos de personas en situacion migratoria irregular' during calendar year 2021. Largely transit migrants. Administrative count. Independently corroborated at 309,692 in Papeles de Poblacion 29(118), SciELO Mexico, and in the IOM Mexico Q2-2023 bulletin."
Mexico,MEX,2022,irregular_proxy_detections,441409,0.00343206828584988,PANEL PRIMARY,"Unidad de Politica Migratoria, Registro e Identidad de Personas (UPMRIP), SEGOB, Boletin de Estadisticas Migratorias, as compiled in IOM Mexico, Estadisticas migratorias 2023",https://mexico.iom.int/sites/g/files/tmzbdl1686/files/documents/2024-03/estadisticas-migratorias-2023.pdf,"ENFORCEMENT/TRANSIT FLOW, not a stock. EVENTS, not persons: 'eventos de personas en situacion migratoria irregular' during calendar year 2022. Largely transit migrants. Administrative count. Vintage caveat: a later UPM vintage cited in Papeles de Poblacion 29(118) gives 444,439 for 2022; the value here is the IOM/UPMRIP bulletin figure used consistently across 2017-2022."
Netherlands,NLD,2010,irregular_proxy_detections,7580,0.000456203446033239,PANEL PRIMARY,"Eurostat, Third country nationals found to be illegally present (migr_eipre)",https://ec.europa.eu/eurostat/databrowser/view/migr_eipre/default/table,"Eurostat enforcement statistic - annual flow of detections, NOT a stock. Dataset migr_eipre, dimensions freq=A citizen=TOTAL reason=TOTAL apprehen=TOTAL sex=T age=TOTAL unit=PER. Rounded to nearest 5 by Eurostat."
Netherlands,NLD,2011,irregular_proxy_detections,6145,0.000368116741110715,PANEL PRIMARY,"Eurostat, Third country nationals found to be illegally present (migr_eipre)",https://ec.europa.eu/eurostat/databrowser/view/migr_eipre/default/table,"Eurostat enforcement statistic - annual flow of detections, NOT a stock. Dataset migr_eipre, dimensions freq=A citizen=TOTAL reason=TOTAL apprehen=TOTAL sex=T age=TOTAL unit=PER. Rounded to nearest 5 by Eurostat."
Netherlands,NLD,2012,irregular_proxy_detections,4005,0.000239033666563971,PANEL PRIMARY,"Eurostat, Third country nationals found to be illegally present (migr_eipre)",https://ec.europa.eu/eurostat/databrowser/view/migr_eipre/default/table,"Eurostat enforcement statistic - annual flow of detections, NOT a stock. Dataset migr_eipre, dimensions freq=A citizen=TOTAL reason=TOTAL apprehen=TOTAL sex=T age=TOTAL unit=PER. Rounded to nearest 5 by Eurostat."
Netherlands,NLD,2013,irregular_proxy_detections,2715,0.000161564520597899,PANEL PRIMARY,"Eurostat, Third country nationals found to be illegally present (migr_eipre)",https://ec.europa.eu/eurostat/databrowser/view/migr_eipre/default/table,"Eurostat enforcement statistic - annual flow of detections, NOT a stock. Dataset migr_eipre, dimensions freq=A citizen=TOTAL reason=TOTAL apprehen=TOTAL sex=T age=TOTAL unit=PER. Rounded to nearest 5 by Eurostat."
Netherlands,NLD,2014,irregular_proxy_detections,2645,0.000156833604822482,PANEL PRIMARY,"Eurostat, Third country nationals found to be illegally present (migr_eipre)",https://ec.europa.eu/eurostat/databrowser/view/migr_eipre/default/table,"Eurostat enforcement statistic - annual flow of detections, NOT a stock. Dataset migr_eipre, dimensions freq=A citizen=TOTAL reason=TOTAL apprehen=TOTAL sex=T age=TOTAL unit=PER. Rounded to nearest 5 by Eurostat."
Netherlands,NLD,2015,irregular_proxy_detections,3150,0.000185951258456134,PANEL PRIMARY,"Eurostat, Third country nationals found to be illegally present (migr_eipre)",https://ec.europa.eu/eurostat/databrowser/view/migr_eipre/default/table,"Eurostat enforcement statistic - annual flow of detections, NOT a stock. Dataset migr_eipre, dimensions freq=A citizen=TOTAL reason=TOTAL apprehen=TOTAL sex=T age=TOTAL unit=PER. Rounded to nearest 5 by Eurostat."
Netherlands,NLD,2016,irregular_proxy_detections,2760,0.000162063952549554,PANEL PRIMARY,"Eurostat, Third country nationals found to be illegally present (migr_eipre)",https://ec.europa.eu/eurostat/databrowser/view/migr_eipre/default/table,"Eurostat enforcement statistic - annual flow of detections, NOT a stock. Dataset migr_eipre, dimensions freq=A citizen=TOTAL reason=TOTAL apprehen=TOTAL sex=T age=TOTAL unit=PER. Rounded to nearest 5 by Eurostat."
Netherlands,NLD,2017,irregular_proxy_detections,2120,0.000123750123750124,PANEL PRIMARY,"Eurostat, Third country nationals found to be illegally present (migr_eipre)",https://ec.europa.eu/eurostat/databrowser/view/migr_eipre/default/table,"Eurostat enforcement statistic - annual flow of detections, NOT a stock. Dataset migr_eipre, dimensions freq=A citizen=TOTAL reason=TOTAL apprehen=TOTAL sex=T age=TOTAL unit=PER. Rounded to nearest 5 by Eurostat."
Netherlands,NLD,2018,irregular_proxy_detections,2790,0.000161911610884732,PANEL PRIMARY,"Eurostat, Third country nationals found to be illegally present (migr_eipre)",https://ec.europa.eu/eurostat/databrowser/view/migr_eipre/default/table,"Eurostat enforcement statistic - annual flow of detections, NOT a stock. Dataset migr_eipre, dimensions freq=A citizen=TOTAL reason=TOTAL apprehen=TOTAL sex=T age=TOTAL unit=PER. Rounded to nearest 5 by Eurostat."
Netherlands,NLD,2019,irregular_proxy_detections,3565,0.000205536229320547,PANEL PRIMARY,"Eurostat, Third country nationals found to be illegally present (migr_eipre)",https://ec.europa.eu/eurostat/databrowser/view/migr_eipre/default/table,"Eurostat enforcement statistic - annual flow of detections, NOT a stock. Dataset migr_eipre, dimensions freq=A citizen=TOTAL reason=TOTAL apprehen=TOTAL sex=T age=TOTAL unit=PER. Rounded to nearest 5 by Eurostat."
Netherlands,NLD,2020,irregular_proxy_detections,3640,0.000208697646418026,PANEL PRIMARY,"Eurostat, Third country nationals found to be illegally present (migr_eipre)",https://ec.europa.eu/eurostat/databrowser/view/migr_eipre/default/table,"Eurostat enforcement statistic - annual flow of detections, NOT a stock. Dataset migr_eipre, dimensions freq=A citizen=TOTAL reason=TOTAL apprehen=TOTAL sex=T age=TOTAL unit=PER. Rounded to nearest 5 by Eurostat."
Netherlands,NLD,2021,irregular_proxy_detections,5010,0.000285746160221808,PANEL PRIMARY,"Eurostat, Third country nationals found to be illegally present (migr_eipre)",https://ec.europa.eu/eurostat/databrowser/view/migr_eipre/default/table,"Eurostat enforcement statistic - annual flow of detections, NOT a stock. Dataset migr_eipre, dimensions freq=A citizen=TOTAL reason=TOTAL apprehen=TOTAL sex=T age=TOTAL unit=PER. Rounded to nearest 5 by Eurostat."
Netherlands,NLD,2022,irregular_proxy_detections,5475,0.000309304873594019,PANEL PRIMARY,"Eurostat, Third country nationals found to be illegally present (migr_eipre)",https://ec.europa.eu/eurostat/databrowser/view/migr_eipre/default/table,"Eurostat enforcement statistic - annual flow of detections, NOT a stock. Dataset migr_eipre, dimensions freq=A citizen=TOTAL reason=TOTAL apprehen=TOTAL sex=T age=TOTAL unit=PER. Rounded to nearest 5 by Eurostat."
Netherlands,NLD,2017,irregular_stock,40500,0.00236409434522642,PANEL PRIMARY,"Van der Heijden, Cruyff, Van Gils (WODC), Schattingen onrechtmatig in Nederland verblijvende vreemdelingen 2017-2018",https://www.wodc.nl/actueel/nieuws/2020/12/16/nieuwe-schatting-voor-de-periode-medio-2017---medio-2018,"Capture-recapture; this round used Dual Systems Estimation alongside the truncated Poisson model. Published range approximately 23000-58000 for mid-2017 to mid-2018; value is the midpoint of that range, no point estimate was published. Not strictly comparable with the later 2018-2023 series."
Netherlands,NLD,2018,irregular_stock,34952,0.00202836366438822,PANEL PRIMARY,"Van der Heijden, Cruyff, Lugtig, Engbersen, Van Gils (WODC/Utrecht University/Erasmus University Rotterdam), Schattingen onrechtmatig in Nederland verblijvende vreemdelingen medio 2018-2019 tot medio 2022-2023",https://www.wodc.nl/actueel/nieuws/2026/03/31/nieuwe-schattingen-beschikbaar-over-het-aantal-vreemdelingen-zonder-verblijfsvergunning,"Capture-recapture (truncated Poisson regression) on police apprehension/detention records; reference period is mid-2018 to mid-2019, coded to the starting year. Point estimate with 95% CI 21056-48848. Overlapping CIs mean the 2018-2023 changes are not statistically significant."
Netherlands,NLD,2019,irregular_stock,24124,0.00139084319667009,PANEL PRIMARY,"Van der Heijden, Cruyff, Lugtig, Engbersen, Van Gils (WODC/Utrecht University/Erasmus University Rotterdam), Schattingen onrechtmatig in Nederland verblijvende vreemdelingen medio 2018-2019 tot medio 2022-2023",https://www.wodc.nl/actueel/nieuws/2026/03/31/nieuwe-schattingen-beschikbaar-over-het-aantal-vreemdelingen-zonder-verblijfsvergunning,"Capture-recapture (truncated Poisson regression) on police apprehension/detention records; reference period is mid-2019 to mid-2020, coded to the starting year. Point estimate with 95% CI 18511-29737. Overlapping CIs mean the 2018-2023 changes are not statistically significant."
Netherlands,NLD,2020,irregular_stock,24283,0.00139225410658487,PANEL PRIMARY,"Van der Heijden, Cruyff, Lugtig, Engbersen, Van Gils (WODC/Utrecht University/Erasmus University Rotterdam), Schattingen onrechtmatig in Nederland verblijvende vreemdelingen medio 2018-2019 tot medio 2022-2023",https://www.wodc.nl/actueel/nieuws/2026/03/31/nieuwe-schattingen-beschikbaar-over-het-aantal-vreemdelingen-zonder-verblijfsvergunning,"Capture-recapture (truncated Poisson regression) on police apprehension/detention records; reference period is mid-2020 to mid-2021, coded to the starting year. Point estimate with 95% CI 19202-29364. Overlapping CIs mean the 2018-2023 changes are not statistically significant."
Netherlands,NLD,2021,irregular_stock,20197,0.00115193916127741,PANEL PRIMARY,"Van der Heijden, Cruyff, Lugtig, Engbersen, Van Gils (WODC/Utrecht University/Erasmus University Rotterdam), Schattingen onrechtmatig in Nederland verblijvende vreemdelingen medio 2018-2019 tot medio 2022-2023",https://www.wodc.nl/actueel/nieuws/2026/03/31/nieuwe-schattingen-beschikbaar-over-het-aantal-vreemdelingen-zonder-verblijfsvergunning,"Capture-recapture (truncated Poisson regression) on police apprehension/detention records; reference period is mid-2021 to mid-2022, coded to the starting year. Point estimate with 95% CI 15923-24471. Overlapping CIs mean the 2018-2023 changes are not statistically significant."
Netherlands,NLD,2022,irregular_stock,20065,0.00113355292943634,PANEL PRIMARY,"Van der Heijden, Cruyff, Lugtig, Engbersen, Van Gils (WODC/Utrecht University/Erasmus University Rotterdam), Schattingen onrechtmatig in Nederland verblijvende vreemdelingen medio 2018-2019 tot medio 2022-2023",https://www.wodc.nl/actueel/nieuws/2026/03/31/nieuwe-schattingen-beschikbaar-over-het-aantal-vreemdelingen-zonder-verblijfsvergunning,"Capture-recapture (truncated Poisson regression) on police apprehension/detention records; reference period is mid-2022 to mid-2023, coded to the starting year. Point estimate with 95% CI 16955-23175. Overlapping CIs mean the 2018-2023 changes are not statistically significant."
Norway,NOR,2010,irregular_proxy_detections,2410,0.000492917935095184,PANEL PRIMARY,"Eurostat, Third country nationals found to be illegally present (migr_eipre)",https://ec.europa.eu/eurostat/databrowser/view/migr_eipre/default/table,"Eurostat enforcement statistic - annual flow of detections, NOT a stock. Dataset migr_eipre, dimensions freq=A citizen=TOTAL reason=TOTAL apprehen=TOTAL sex=T age=TOTAL unit=PER. Rounded to nearest 5 by Eurostat."
Norway,NOR,2011,irregular_proxy_detections,1925,0.000388646436324168,PANEL PRIMARY,"Eurostat, Third country nationals found to be illegally present (migr_eipre)",https://ec.europa.eu/eurostat/databrowser/view/migr_eipre/default/table,"Eurostat enforcement statistic - annual flow of detections, NOT a stock. Dataset migr_eipre, dimensions freq=A citizen=TOTAL reason=TOTAL apprehen=TOTAL sex=T age=TOTAL unit=PER. Rounded to nearest 5 by Eurostat."
Norway,NOR,2012,irregular_proxy_detections,2760,0.000549957129247697,PANEL PRIMARY,"Eurostat, Third country nationals found to be illegally present (migr_eipre)",https://ec.europa.eu/eurostat/databrowser/view/migr_eipre/default/table,"Eurostat enforcement statistic - annual flow of detections, NOT a stock. Dataset migr_eipre, dimensions freq=A citizen=TOTAL reason=TOTAL apprehen=TOTAL sex=T age=TOTAL unit=PER. Rounded to nearest 5 by Eurostat."
Norway,NOR,2013,irregular_proxy_detections,3180,0.000626030711334286,PANEL PRIMARY,"Eurostat, Third country nationals found to be illegally present (migr_eipre)",https://ec.europa.eu/eurostat/databrowser/view/migr_eipre/default/table,"Eurostat enforcement statistic - annual flow of detections, NOT a stock. Dataset migr_eipre, dimensions freq=A citizen=TOTAL reason=TOTAL apprehen=TOTAL sex=T age=TOTAL unit=PER. Rounded to nearest 5 by Eurostat."
Norway,NOR,2014,irregular_proxy_detections,3720,0.000724125365566515,PANEL PRIMARY,"Eurostat, Third country nationals found to be illegally present (migr_eipre)",https://ec.europa.eu/eurostat/databrowser/view/migr_eipre/default/table,"Eurostat enforcement statistic - annual flow of detections, NOT a stock. Dataset migr_eipre, dimensions freq=A citizen=TOTAL reason=TOTAL apprehen=TOTAL sex=T age=TOTAL unit=PER. Rounded to nearest 5 by Eurostat."
Norway,NOR,2015,irregular_proxy_detections,5455,0.00105134191122974,PANEL PRIMARY,"Eurostat, Third country nationals found to be illegally present (migr_eipre)",https://ec.europa.eu/eurostat/databrowser/view/migr_eipre/default/table,"Eurostat enforcement statistic - annual flow of detections, NOT a stock. Dataset migr_eipre, dimensions freq=A citizen=TOTAL reason=TOTAL apprehen=TOTAL sex=T age=TOTAL unit=PER. Rounded to nearest 5 by Eurostat."
Norway,NOR,2016,irregular_proxy_detections,5330,0.00101824064446036,PANEL PRIMARY,"Eurostat, Third country nationals found to be illegally present (migr_eipre)",https://ec.europa.eu/eurostat/databrowser/view/migr_eipre/default/table,"Eurostat enforcement statistic - annual flow of detections, NOT a stock. Dataset migr_eipre, dimensions freq=A citizen=TOTAL reason=TOTAL apprehen=TOTAL sex=T age=TOTAL unit=PER. Rounded to nearest 5 by Eurostat."
Norway,NOR,2017,irregular_proxy_detections,3850,0.000729585625685053,PANEL PRIMARY,"Eurostat, Third country nationals found to be illegally present (migr_eipre)",https://ec.europa.eu/eurostat/databrowser/view/migr_eipre/default/table,"Eurostat enforcement statistic - annual flow of detections, NOT a stock. Dataset migr_eipre, dimensions freq=A citizen=TOTAL reason=TOTAL apprehen=TOTAL sex=T age=TOTAL unit=PER. Rounded to nearest 5 by Eurostat."
Norway,NOR,2018,irregular_proxy_detections,3230,0.000608066844430522,PANEL PRIMARY,"Eurostat, Third country nationals found to be illegally present (migr_eipre)",https://ec.europa.eu/eurostat/databrowser/view/migr_eipre/default/table,"Eurostat enforcement statistic - annual flow of detections, NOT a stock. Dataset migr_eipre, dimensions freq=A citizen=TOTAL reason=TOTAL apprehen=TOTAL sex=T age=TOTAL unit=PER. Rounded to nearest 5 by Eurostat."
Norway,NOR,2019,irregular_proxy_detections,2915,0.000545074174965257,PANEL PRIMARY,"Eurostat, Third country nationals found to be illegally present (migr_eipre)",https://ec.europa.eu/eurostat/databrowser/view/migr_eipre/default/table,"Eurostat enforcement statistic - annual flow of detections, NOT a stock. Dataset migr_eipre, dimensions freq=A citizen=TOTAL reason=TOTAL apprehen=TOTAL sex=T age=TOTAL unit=PER. Rounded to nearest 5 by Eurostat."
Norway,NOR,2020,irregular_proxy_detections,1900,0.000353194317289327,PANEL PRIMARY,"Eurostat, Third country nationals found to be illegally present (migr_eipre)",https://ec.europa.eu/eurostat/databrowser/view/migr_eipre/default/table,"Eurostat enforcement statistic - annual flow of detections, NOT a stock. Dataset migr_eipre, dimensions freq=A citizen=TOTAL reason=TOTAL apprehen=TOTAL sex=T age=TOTAL unit=PER. Rounded to nearest 5 by Eurostat."
Norway,NOR,2021,irregular_proxy_detections,1430,0.000264407431512928,PANEL PRIMARY,"Eurostat, Third country nationals found to be illegally present (migr_eipre)",https://ec.europa.eu/eurostat/databrowser/view/migr_eipre/default/table,"Eurostat enforcement statistic - annual flow of detections, NOT a stock. Dataset migr_eipre, dimensions freq=A citizen=TOTAL reason=TOTAL apprehen=TOTAL sex=T age=TOTAL unit=PER. Rounded to nearest 5 by Eurostat."
Norway,NOR,2022,irregular_proxy_detections,2305,0.000422383426297391,PANEL PRIMARY,"Eurostat, Third country nationals found to be illegally present (migr_eipre)",https://ec.europa.eu/eurostat/databrowser/view/migr_eipre/default/table,"Eurostat enforcement statistic - annual flow of detections, NOT a stock. Dataset migr_eipre, dimensions freq=A citizen=TOTAL reason=TOTAL apprehen=TOTAL sex=T age=TOTAL unit=PER. Rounded to nearest 5 by Eurostat."
New Zealand,NZL,2010,irregular_proxy_overstayers,15614,0.00358884777162296,PANEL PRIMARY,"Immigration New Zealand (MBIE), 'OVERSTAYERS' factsheet, October 2018, released under the Official Information Act and published on FYI.org.nz",https://fyi.org.nz/request/29926/response/118942/attach/4/Appendix%20A%20Immigration%20New%20Zealand%20Overstayers%20Factsheet%202017.pdf,"estimated overstayer population (people unlawfully in New Zealand), reference date October 2010. Register-derived estimate from the INZ overstayer estimate series; INZ notes the methodology was revised for the December 2017 estimate, so figures up to October 2014 / January 2016 are on the older basis. The same table also reports 15,760 for April 2010; the later 2010 estimate is used here."
New Zealand,NZL,2011,irregular_proxy_overstayers,15030,0.00342837591240876,PANEL PRIMARY,"Immigration New Zealand (MBIE), 'OVERSTAYERS' factsheet, October 2018, released under the Official Information Act and published on FYI.org.nz",https://fyi.org.nz/request/29926/response/118942/attach/4/Appendix%20A%20Immigration%20New%20Zealand%20Overstayers%20Factsheet%202017.pdf,"estimated overstayer population (people unlawfully in New Zealand), reference date May 2011. Register-derived estimate from the INZ overstayer estimate series; INZ notes the methodology was revised for the December 2017 estimate, so figures up to October 2014 / January 2016 are on the older basis."
New Zealand,NZL,2012,irregular_proxy_overstayers,14044,0.00318595313173476,PANEL PRIMARY,"Immigration New Zealand (MBIE), 'OVERSTAYERS' factsheet, October 2018, released under the Official Information Act and published on FYI.org.nz",https://fyi.org.nz/request/29926/response/118942/attach/4/Appendix%20A%20Immigration%20New%20Zealand%20Overstayers%20Factsheet%202017.pdf,"estimated overstayer population (people unlawfully in New Zealand), reference date August 2012. Register-derived estimate from the INZ overstayer estimate series; INZ notes the methodology was revised for the December 2017 estimate, so figures up to October 2014 / January 2016 are on the older basis."
New Zealand,NZL,2013,irregular_proxy_overstayers,13151,0.00296053668310034,PANEL PRIMARY,"Immigration New Zealand (MBIE), 'OVERSTAYERS' factsheet, October 2018, released under the Official Information Act and published on FYI.org.nz",https://fyi.org.nz/request/29926/response/118942/attach/4/Appendix%20A%20Immigration%20New%20Zealand%20Overstayers%20Factsheet%202017.pdf,"estimated overstayer population (people unlawfully in New Zealand), reference date September 2013. Register-derived estimate from the INZ overstayer estimate series; INZ notes the methodology was revised for the December 2017 estimate, so figures up to October 2014 / January 2016 are on the older basis."
New Zealand,NZL,2014,irregular_proxy_overstayers,12162,0.00269279309199602,PANEL PRIMARY,"Immigration New Zealand (MBIE), 'OVERSTAYERS' factsheet, October 2018, released under the Official Information Act and published on FYI.org.nz",https://fyi.org.nz/request/29926/response/118942/attach/4/Appendix%20A%20Immigration%20New%20Zealand%20Overstayers%20Factsheet%202017.pdf,"estimated overstayer population (people unlawfully in New Zealand), reference date October 2014. Register-derived estimate from the INZ overstayer estimate series; INZ notes the methodology was revised for the December 2017 estimate, so figures up to October 2014 / January 2016 are on the older basis."
New Zealand,NZL,2016,irregular_proxy_overstayers,10894,0.00231093952185995,PANEL PRIMARY,"Immigration New Zealand (MBIE), 'OVERSTAYERS' factsheet, October 2018, released under the Official Information Act and published on FYI.org.nz",https://fyi.org.nz/request/29926/response/118942/attach/4/Appendix%20A%20Immigration%20New%20Zealand%20Overstayers%20Factsheet%202017.pdf,"estimated overstayer population (people unlawfully in New Zealand), reference date December 2016. Register-derived estimate from the INZ overstayer estimate series; INZ notes the methodology was revised for the December 2017 estimate, so figures up to October 2014 / January 2016 are on the older basis. The same table also reports 10,848 for January 2016; the December 2016 estimate is used here."
New Zealand,NZL,2017,irregular_proxy_overstayers,14000,0.0029084261259764,PANEL PRIMARY,"Immigration New Zealand, New estimate of people who have overstayed their visa (5 September 2025)",https://immigration.govt.nz/assets/inz/documents/visa-paks/5-September-2025-New-estimate-of-people-who-have-overstayed-their-visa.pdf,"Reference year 2017. Register-derived estimate of the overstayer population, published as 'approximately 14,000'; INZ states it is not directly comparable with its later (2025) estimate because the methodology changed."
Poland,POL,2010,irregular_proxy_detections,4005,0.000105276179241725,PANEL PRIMARY,"Eurostat, Third country nationals found to be illegally present (migr_eipre)",https://ec.europa.eu/eurostat/databrowser/view/migr_eipre/default/table,"Eurostat enforcement statistic - annual flow of detections, NOT a stock. Dataset migr_eipre, dimensions freq=A citizen=TOTAL reason=TOTAL apprehen=TOTAL sex=T age=TOTAL unit=PER. Rounded to nearest 5 by Eurostat."
Poland,POL,2011,irregular_proxy_detections,6875,0.000180620390978123,PANEL PRIMARY,"Eurostat, Third country nationals found to be illegally present (migr_eipre)",https://ec.europa.eu/eurostat/databrowser/view/migr_eipre/default/table,"Eurostat enforcement statistic - annual flow of detections, NOT a stock. Dataset migr_eipre, dimensions freq=A citizen=TOTAL reason=TOTAL apprehen=TOTAL sex=T age=TOTAL unit=PER. Rounded to nearest 5 by Eurostat."
Poland,POL,2012,irregular_proxy_detections,8140,0.000213855054193603,PANEL PRIMARY,"Eurostat, Third country nationals found to be illegally present (migr_eipre)",https://ec.europa.eu/eurostat/databrowser/view/migr_eipre/default/table,"Eurostat enforcement statistic - annual flow of detections, NOT a stock. Dataset migr_eipre, dimensions freq=A citizen=TOTAL reason=TOTAL apprehen=TOTAL sex=T age=TOTAL unit=PER. Rounded to nearest 5 by Eurostat."
Poland,POL,2013,irregular_proxy_detections,9280,0.000243952475954646,PANEL PRIMARY,"Eurostat, Third country nationals found to be illegally present (migr_eipre)",https://ec.europa.eu/eurostat/databrowser/view/migr_eipre/default/table,"Eurostat enforcement statistic - annual flow of detections, NOT a stock. Dataset migr_eipre, dimensions freq=A citizen=TOTAL reason=TOTAL apprehen=TOTAL sex=T age=TOTAL unit=PER. Rounded to nearest 5 by Eurostat."
Poland,POL,2014,irregular_proxy_detections,12050,0.000317007366277809,PANEL PRIMARY,"Eurostat, Third country nationals found to be illegally present (migr_eipre)",https://ec.europa.eu/eurostat/databrowser/view/migr_eipre/default/table,"Eurostat enforcement statistic - annual flow of detections, NOT a stock. Dataset migr_eipre, dimensions freq=A citizen=TOTAL reason=TOTAL apprehen=TOTAL sex=T age=TOTAL unit=PER. Rounded to nearest 5 by Eurostat."
Poland,POL,2015,irregular_proxy_detections,16835,0.000443184789339936,PANEL PRIMARY,"Eurostat, Third country nationals found to be illegally present (migr_eipre)",https://ec.europa.eu/eurostat/databrowser/view/migr_eipre/default/table,"Eurostat enforcement statistic - annual flow of detections, NOT a stock. Dataset migr_eipre, dimensions freq=A citizen=TOTAL reason=TOTAL apprehen=TOTAL sex=T age=TOTAL unit=PER. Rounded to nearest 5 by Eurostat."
Poland,POL,2016,irregular_proxy_detections,23375,0.000615616182285808,PANEL PRIMARY,"Eurostat, Third country nationals found to be illegally present (migr_eipre)",https://ec.europa.eu/eurostat/databrowser/view/migr_eipre/default/table,"Eurostat enforcement statistic - annual flow of detections, NOT a stock. Dataset migr_eipre, dimensions freq=A citizen=TOTAL reason=TOTAL apprehen=TOTAL sex=T age=TOTAL unit=PER. Rounded to nearest 5 by Eurostat."
Poland,POL,2017,irregular_proxy_detections,28470,0.000749707187598437,PANEL PRIMARY,"Eurostat, Third country nationals found to be illegally present (migr_eipre)",https://ec.europa.eu/eurostat/databrowser/view/migr_eipre/default/table,"Eurostat enforcement statistic - annual flow of detections, NOT a stock. Dataset migr_eipre, dimensions freq=A citizen=TOTAL reason=TOTAL apprehen=TOTAL sex=T age=TOTAL unit=PER. Rounded to nearest 5 by Eurostat."
Poland,POL,2018,irregular_proxy_detections,31245,0.00082278356012877,PANEL PRIMARY,"Eurostat, Third country nationals found to be illegally present (migr_eipre)",https://ec.europa.eu/eurostat/databrowser/view/migr_eipre/default/table,"Eurostat enforcement statistic - annual flow of detections, NOT a stock. Dataset migr_eipre, dimensions freq=A citizen=TOTAL reason=TOTAL apprehen=TOTAL sex=T age=TOTAL unit=PER. Rounded to nearest 5 by Eurostat."
Poland,POL,2019,irregular_proxy_detections,30900,0.000813897363328129,PANEL PRIMARY,"Eurostat, Third country nationals found to be illegally present (migr_eipre)",https://ec.europa.eu/eurostat/databrowser/view/migr_eipre/default/table,"Eurostat enforcement statistic - annual flow of detections, NOT a stock. Dataset migr_eipre, dimensions freq=A citizen=TOTAL reason=TOTAL apprehen=TOTAL sex=T age=TOTAL unit=PER. Rounded to nearest 5 by Eurostat."
Poland,POL,2020,irregular_proxy_detections,12170,0.000324397103850895,PANEL PRIMARY,"Eurostat, Third country nationals found to be illegally present (migr_eipre)",https://ec.europa.eu/eurostat/databrowser/view/migr_eipre/default/table,"Eurostat enforcement statistic - annual flow of detections, NOT a stock. Dataset migr_eipre, dimensions freq=A citizen=TOTAL reason=TOTAL apprehen=TOTAL sex=T age=TOTAL unit=PER. Rounded to nearest 5 by Eurostat."
Poland,POL,2021,irregular_proxy_detections,12795,0.000345983250733156,PANEL PRIMARY,"Eurostat, Third country nationals found to be illegally present (migr_eipre)",https://ec.europa.eu/eurostat/databrowser/view/migr_eipre/default/table,"Eurostat enforcement statistic - annual flow of detections, NOT a stock. Dataset migr_eipre, dimensions freq=A citizen=TOTAL reason=TOTAL apprehen=TOTAL sex=T age=TOTAL unit=PER. Rounded to nearest 5 by Eurostat."
Poland,POL,2022,irregular_proxy_detections,10510,0.000285429135916385,PANEL PRIMARY,"Eurostat, Third country nationals found to be illegally present (migr_eipre)",https://ec.europa.eu/eurostat/databrowser/view/migr_eipre/default/table,"Eurostat enforcement statistic - annual flow of detections, NOT a stock. Dataset migr_eipre, dimensions freq=A citizen=TOTAL reason=TOTAL apprehen=TOTAL sex=T age=TOTAL unit=PER. Rounded to nearest 5 by Eurostat."
Portugal,PRT,2010,irregular_proxy_detections,10085,0.000953835677332098,PANEL PRIMARY,"Eurostat, Third country nationals found to be illegally present (migr_eipre)",https://ec.europa.eu/eurostat/databrowser/view/migr_eipre/default/table,"Eurostat enforcement statistic - annual flow of detections, NOT a stock. Dataset migr_eipre, dimensions freq=A citizen=TOTAL reason=TOTAL apprehen=TOTAL sex=T age=TOTAL unit=PER. Rounded to nearest 5 by Eurostat. CORRECTED: an earlier extraction of this country shifted the series one year forward; re-read directly from the Eurostat API and cross-checked against an independent compilation."
Portugal,PRT,2011,irregular_proxy_detections,9230,0.000874255036201547,PANEL PRIMARY,"Eurostat, Third country nationals found to be illegally present (migr_eipre)",https://ec.europa.eu/eurostat/databrowser/view/migr_eipre/default/table,"Eurostat enforcement statistic - annual flow of detections, NOT a stock. Dataset migr_eipre, dimensions freq=A citizen=TOTAL reason=TOTAL apprehen=TOTAL sex=T age=TOTAL unit=PER. Rounded to nearest 5 by Eurostat. CORRECTED: an earlier extraction of this country shifted the series one year forward; re-read directly from the Eurostat API and cross-checked against an independent compilation."
Portugal,PRT,2012,irregular_proxy_detections,9110,0.00086639421374202,PANEL PRIMARY,"Eurostat, Third country nationals found to be illegally present (migr_eipre)",https://ec.europa.eu/eurostat/databrowser/view/migr_eipre/default/table,"Eurostat enforcement statistic - annual flow of detections, NOT a stock. Dataset migr_eipre, dimensions freq=A citizen=TOTAL reason=TOTAL apprehen=TOTAL sex=T age=TOTAL unit=PER. Rounded to nearest 5 by Eurostat. CORRECTED: an earlier extraction of this country shifted the series one year forward; re-read directly from the Eurostat API and cross-checked against an independent compilation."
Portugal,PRT,2013,irregular_proxy_detections,5155,0.000492957308749538,PANEL PRIMARY,"Eurostat, Third country nationals found to be illegally present (migr_eipre)",https://ec.europa.eu/eurostat/databrowser/view/migr_eipre/default/table,"Eurostat enforcement statistic - annual flow of detections, NOT a stock. Dataset migr_eipre, dimensions freq=A citizen=TOTAL reason=TOTAL apprehen=TOTAL sex=T age=TOTAL unit=PER. Rounded to nearest 5 by Eurostat. CORRECTED: an earlier extraction of this country shifted the series one year forward; re-read directly from the Eurostat API and cross-checked against an independent compilation."
Portugal,PRT,2014,irregular_proxy_detections,4530,0.000435532448513431,PANEL PRIMARY,"Eurostat, Third country nationals found to be illegally present (migr_eipre)",https://ec.europa.eu/eurostat/databrowser/view/migr_eipre/default/table,"Eurostat enforcement statistic - annual flow of detections, NOT a stock. Dataset migr_eipre, dimensions freq=A citizen=TOTAL reason=TOTAL apprehen=TOTAL sex=T age=TOTAL unit=PER. Rounded to nearest 5 by Eurostat. CORRECTED: an earlier extraction of this country shifted the series one year forward; re-read directly from the Eurostat API and cross-checked against an independent compilation."
Portugal,PRT,2015,irregular_proxy_detections,5145,0.000496713868482911,PANEL PRIMARY,"Eurostat, Third country nationals found to be illegally present (migr_eipre)",https://ec.europa.eu/eurostat/databrowser/view/migr_eipre/default/table,"Eurostat enforcement statistic - annual flow of detections, NOT a stock. Dataset migr_eipre, dimensions freq=A citizen=TOTAL reason=TOTAL apprehen=TOTAL sex=T age=TOTAL unit=PER. Rounded to nearest 5 by Eurostat. CORRECTED: an earlier extraction of this country shifted the series one year forward; re-read directly from the Eurostat API and cross-checked against an independent compilation."
Portugal,PRT,2016,irregular_proxy_detections,6500,0.00062951239325891,PANEL PRIMARY,"Eurostat, Third country nationals found to be illegally present (migr_eipre)",https://ec.europa.eu/eurostat/databrowser/view/migr_eipre/default/table,"Eurostat enforcement statistic - annual flow of detections, NOT a stock. Dataset migr_eipre, dimensions freq=A citizen=TOTAL reason=TOTAL apprehen=TOTAL sex=T age=TOTAL unit=PER. Rounded to nearest 5 by Eurostat. CORRECTED: an earlier extraction of this country shifted the series one year forward; re-read directly from the Eurostat API and cross-checked against an independent compilation."
Portugal,PRT,2017,irregular_proxy_detections,6005,0.000582992728367135,PANEL PRIMARY,"Eurostat, Third country nationals found to be illegally present (migr_eipre)",https://ec.europa.eu/eurostat/databrowser/view/migr_eipre/default/table,"Eurostat enforcement statistic - annual flow of detections, NOT a stock. Dataset migr_eipre, dimensions freq=A citizen=TOTAL reason=TOTAL apprehen=TOTAL sex=T age=TOTAL unit=PER. Rounded to nearest 5 by Eurostat. CORRECTED: an earlier extraction of this country shifted the series one year forward; re-read directly from the Eurostat API and cross-checked against an independent compilation."
Portugal,PRT,2018,irregular_proxy_detections,4760,0.000462862931699907,PANEL PRIMARY,"Eurostat, Third country nationals found to be illegally present (migr_eipre)",https://ec.europa.eu/eurostat/databrowser/view/migr_eipre/default/table,"Eurostat enforcement statistic - annual flow of detections, NOT a stock. Dataset migr_eipre, dimensions freq=A citizen=TOTAL reason=TOTAL apprehen=TOTAL sex=T age=TOTAL unit=PER. Rounded to nearest 5 by Eurostat. CORRECTED: an earlier extraction of this country shifted the series one year forward; re-read directly from the Eurostat API and cross-checked against an independent compilation."
Portugal,PRT,2019,irregular_proxy_detections,5890,0.000572608341824431,PANEL PRIMARY,"Eurostat, Third country nationals found to be illegally present (migr_eipre)",https://ec.europa.eu/eurostat/databrowser/view/migr_eipre/default/table,"Eurostat enforcement statistic - annual flow of detections, NOT a stock. Dataset migr_eipre, dimensions freq=A citizen=TOTAL reason=TOTAL apprehen=TOTAL sex=T age=TOTAL unit=PER. Rounded to nearest 5 by Eurostat. CORRECTED: an earlier extraction of this country shifted the series one year forward; re-read directly from the Eurostat API and cross-checked against an independent compilation."
Portugal,PRT,2020,irregular_proxy_detections,3145,0.000305426363063474,PANEL PRIMARY,"Eurostat, Third country nationals found to be illegally present (migr_eipre)",https://ec.europa.eu/eurostat/databrowser/view/migr_eipre/default/table,"Eurostat enforcement statistic - annual flow of detections, NOT a stock. Dataset migr_eipre, dimensions freq=A citizen=TOTAL reason=TOTAL apprehen=TOTAL sex=T age=TOTAL unit=PER. Rounded to nearest 5 by Eurostat. CORRECTED: an earlier extraction of this country shifted the series one year forward; re-read directly from the Eurostat API and cross-checked against an independent compilation."
Portugal,PRT,2021,irregular_proxy_detections,1855,0.000179022414088784,PANEL PRIMARY,"Eurostat, Third country nationals found to be illegally present (migr_eipre)",https://ec.europa.eu/eurostat/databrowser/view/migr_eipre/default/table,"Eurostat enforcement statistic - annual flow of detections, NOT a stock. Dataset migr_eipre, dimensions freq=A citizen=TOTAL reason=TOTAL apprehen=TOTAL sex=T age=TOTAL unit=PER. Rounded to nearest 5 by Eurostat. CORRECTED: an earlier extraction of this country shifted the series one year forward; re-read directly from the Eurostat API and cross-checked against an independent compilation."
Portugal,PRT,2022,irregular_proxy_detections,2170,0.000207967314055179,PANEL PRIMARY,"Eurostat, Third country nationals found to be illegally present (migr_eipre)",https://ec.europa.eu/eurostat/databrowser/view/migr_eipre/default/table,"Eurostat enforcement statistic - annual flow of detections, NOT a stock. Dataset migr_eipre, dimensions freq=A citizen=TOTAL reason=TOTAL apprehen=TOTAL sex=T age=TOTAL unit=PER. Rounded to nearest 5 by Eurostat. CORRECTED: an earlier extraction of this country shifted the series one year forward; re-read directly from the Eurostat API and cross-checked against an independent compilation."
Russia,RUS,2020,irregular_stock,1200000,0.00826189388440019,PANEL PRIMARY,"Russian Ministry of Internal Affairs (MVD) data, reported by The Moscow Times, 16 April 2021",https://www.themoscowtimes.com/2021/04/16/russia-tells-illegal-migrants-from-post-soviet-countries-to-leave-by-june-15-a73623,"ADMINISTRATIVE COUNT, not a modelled stock and not an enforcement flow: MVD register of nationals of post-Soviet/CIS states residing in Russia without valid documentation, as at late 2020. LOWER BOUND: source states 'more than 1.2 million'; recorded here as 1,200,000. Covers CIS nationals only (Uzbekistan 332,000; Tajikistan 247,000; Ukraine 152,000; Azerbaijan 120,000; Kyrgyzstan 115,000; Armenia 61,000; Moldova 56,000; Kazakhstan 49,000) and therefore excludes non-CIS irregular migrants. No published method statement accompanies the figure."
Slovak Republic,SVK,2010,irregular_proxy_detections,1440,0.000267090648340291,PANEL PRIMARY,"Eurostat, Third country nationals found to be illegally present (migr_eipre)",https://ec.europa.eu/eurostat/databrowser/view/migr_eipre/default/table,"Eurostat enforcement statistic - annual flow of detections, NOT a stock. Dataset migr_eipre, dimensions freq=A citizen=TOTAL reason=TOTAL apprehen=TOTAL sex=T age=TOTAL unit=PER. Rounded to nearest 5 by Eurostat."
Slovak Republic,SVK,2011,irregular_proxy_detections,1145,0.000212100510078572,PANEL PRIMARY,"Eurostat, Third country nationals found to be illegally present (migr_eipre)",https://ec.europa.eu/eurostat/databrowser/view/migr_eipre/default/table,"Eurostat enforcement statistic - annual flow of detections, NOT a stock. Dataset migr_eipre, dimensions freq=A citizen=TOTAL reason=TOTAL apprehen=TOTAL sex=T age=TOTAL unit=PER. Rounded to nearest 5 by Eurostat."
Slovak Republic,SVK,2012,irregular_proxy_detections,1395,0.000257971265884419,PANEL PRIMARY,"Eurostat, Third country nationals found to be illegally present (migr_eipre)",https://ec.europa.eu/eurostat/databrowser/view/migr_eipre/default/table,"Eurostat enforcement statistic - annual flow of detections, NOT a stock. Dataset migr_eipre, dimensions freq=A citizen=TOTAL reason=TOTAL apprehen=TOTAL sex=T age=TOTAL unit=PER. Rounded to nearest 5 by Eurostat."
Slovak Republic,SVK,2013,irregular_proxy_detections,1025,0.000189345203645847,PANEL PRIMARY,"Eurostat, Third country nationals found to be illegally present (migr_eipre)",https://ec.europa.eu/eurostat/databrowser/view/migr_eipre/default/table,"Eurostat enforcement statistic - annual flow of detections, NOT a stock. Dataset migr_eipre, dimensions freq=A citizen=TOTAL reason=TOTAL apprehen=TOTAL sex=T age=TOTAL unit=PER. Rounded to nearest 5 by Eurostat."
Slovak Republic,SVK,2014,irregular_proxy_detections,1155,0.000213152761878468,PANEL PRIMARY,"Eurostat, Third country nationals found to be illegally present (migr_eipre)",https://ec.europa.eu/eurostat/databrowser/view/migr_eipre/default/table,"Eurostat enforcement statistic - annual flow of detections, NOT a stock. Dataset migr_eipre, dimensions freq=A citizen=TOTAL reason=TOTAL apprehen=TOTAL sex=T age=TOTAL unit=PER. Rounded to nearest 5 by Eurostat."
Slovak Republic,SVK,2015,irregular_proxy_detections,1985,0.000365979504041538,PANEL PRIMARY,"Eurostat, Third country nationals found to be illegally present (migr_eipre)",https://ec.europa.eu/eurostat/databrowser/view/migr_eipre/default/table,"Eurostat enforcement statistic - annual flow of detections, NOT a stock. Dataset migr_eipre, dimensions freq=A citizen=TOTAL reason=TOTAL apprehen=TOTAL sex=T age=TOTAL unit=PER. Rounded to nearest 5 by Eurostat."
Slovak Republic,SVK,2016,irregular_proxy_detections,2035,0.00037471472884832,PANEL PRIMARY,"Eurostat, Third country nationals found to be illegally present (migr_eipre)",https://ec.europa.eu/eurostat/databrowser/view/migr_eipre/default/table,"Eurostat enforcement statistic - annual flow of detections, NOT a stock. Dataset migr_eipre, dimensions freq=A citizen=TOTAL reason=TOTAL apprehen=TOTAL sex=T age=TOTAL unit=PER. Rounded to nearest 5 by Eurostat."
Slovak Republic,SVK,2017,irregular_proxy_detections,2590,0.000476170165199793,PANEL PRIMARY,"Eurostat, Third country nationals found to be illegally present (migr_eipre)",https://ec.europa.eu/eurostat/databrowser/view/migr_eipre/default/table,"Eurostat enforcement statistic - annual flow of detections, NOT a stock. Dataset migr_eipre, dimensions freq=A citizen=TOTAL reason=TOTAL apprehen=TOTAL sex=T age=TOTAL unit=PER. Rounded to nearest 5 by Eurostat."
Slovak Republic,SVK,2018,irregular_proxy_detections,2635,0.000483772862857645,PANEL PRIMARY,"Eurostat, Third country nationals found to be illegally present (migr_eipre)",https://ec.europa.eu/eurostat/databrowser/view/migr_eipre/default/table,"Eurostat enforcement statistic - annual flow of detections, NOT a stock. Dataset migr_eipre, dimensions freq=A citizen=TOTAL reason=TOTAL apprehen=TOTAL sex=T age=TOTAL unit=PER. Rounded to nearest 5 by Eurostat."
Slovak Republic,SVK,2019,irregular_proxy_detections,2005,0.000367610187257513,PANEL PRIMARY,"Eurostat, Third country nationals found to be illegally present (migr_eipre)",https://ec.europa.eu/eurostat/databrowser/view/migr_eipre/default/table,"Eurostat enforcement statistic - annual flow of detections, NOT a stock. Dataset migr_eipre, dimensions freq=A citizen=TOTAL reason=TOTAL apprehen=TOTAL sex=T age=TOTAL unit=PER. Rounded to nearest 5 by Eurostat."
Slovak Republic,SVK,2020,irregular_proxy_detections,1215,0.000222575289526486,PANEL PRIMARY,"Eurostat, Third country nationals found to be illegally present (migr_eipre)",https://ec.europa.eu/eurostat/databrowser/view/migr_eipre/default/table,"Eurostat enforcement statistic - annual flow of detections, NOT a stock. Dataset migr_eipre, dimensions freq=A citizen=TOTAL reason=TOTAL apprehen=TOTAL sex=T age=TOTAL unit=PER. Rounded to nearest 5 by Eurostat."
Slovak Republic,SVK,2021,irregular_proxy_detections,1715,0.000314837935566351,PANEL PRIMARY,"Eurostat, Third country nationals found to be illegally present (migr_eipre)",https://ec.europa.eu/eurostat/databrowser/view/migr_eipre/default/table,"Eurostat enforcement statistic - annual flow of detections, NOT a stock. Dataset migr_eipre, dimensions freq=A citizen=TOTAL reason=TOTAL apprehen=TOTAL sex=T age=TOTAL unit=PER. Rounded to nearest 5 by Eurostat."
Slovak Republic,SVK,2022,irregular_proxy_detections,11705,0.00215492165327136,PANEL PRIMARY,"Eurostat, Third country nationals found to be illegally present (migr_eipre)",https://ec.europa.eu/eurostat/databrowser/view/migr_eipre/default/table,"Eurostat enforcement statistic - annual flow of detections, NOT a stock. Dataset migr_eipre, dimensions freq=A citizen=TOTAL reason=TOTAL apprehen=TOTAL sex=T age=TOTAL unit=PER. Rounded to nearest 5 by Eurostat."
Slovenia,SVN,2010,irregular_proxy_detections,3415,0.00166700592555928,PANEL PRIMARY,"Eurostat, Third country nationals found to be illegally present (migr_eipre)",https://ec.europa.eu/eurostat/databrowser/view/migr_eipre/default/table,"Eurostat enforcement statistic - annual flow of detections, NOT a stock. Dataset migr_eipre, dimensions freq=A citizen=TOTAL reason=TOTAL apprehen=TOTAL sex=T age=TOTAL unit=PER. Rounded to nearest 5 by Eurostat."
Slovenia,SVN,2011,irregular_proxy_detections,4350,0.00211901251094214,PANEL PRIMARY,"Eurostat, Third country nationals found to be illegally present (migr_eipre)",https://ec.europa.eu/eurostat/databrowser/view/migr_eipre/default/table,"Eurostat enforcement statistic - annual flow of detections, NOT a stock. Dataset migr_eipre, dimensions freq=A citizen=TOTAL reason=TOTAL apprehen=TOTAL sex=T age=TOTAL unit=PER. Rounded to nearest 5 by Eurostat."
Slovenia,SVN,2012,irregular_proxy_detections,1555,0.00075589684608725,PANEL PRIMARY,"Eurostat, Third country nationals found to be illegally present (migr_eipre)",https://ec.europa.eu/eurostat/databrowser/view/migr_eipre/default/table,"Eurostat enforcement statistic - annual flow of detections, NOT a stock. Dataset migr_eipre, dimensions freq=A citizen=TOTAL reason=TOTAL apprehen=TOTAL sex=T age=TOTAL unit=PER. Rounded to nearest 5 by Eurostat."
Slovenia,SVN,2013,irregular_proxy_detections,1040,0.000504865887716856,PANEL PRIMARY,"Eurostat, Third country nationals found to be illegally present (migr_eipre)",https://ec.europa.eu/eurostat/databrowser/view/migr_eipre/default/table,"Eurostat enforcement statistic - annual flow of detections, NOT a stock. Dataset migr_eipre, dimensions freq=A citizen=TOTAL reason=TOTAL apprehen=TOTAL sex=T age=TOTAL unit=PER. Rounded to nearest 5 by Eurostat."
Slovenia,SVN,2014,irregular_proxy_detections,1025,0.000497095025169982,PANEL PRIMARY,"Eurostat, Third country nationals found to be illegally present (migr_eipre)",https://ec.europa.eu/eurostat/databrowser/view/migr_eipre/default/table,"Eurostat enforcement statistic - annual flow of detections, NOT a stock. Dataset migr_eipre, dimensions freq=A citizen=TOTAL reason=TOTAL apprehen=TOTAL sex=T age=TOTAL unit=PER. Rounded to nearest 5 by Eurostat."
Slovenia,SVN,2015,irregular_proxy_detections,1025,0.000496721396480111,PANEL PRIMARY,"Eurostat, Third country nationals found to be illegally present (migr_eipre)",https://ec.europa.eu/eurostat/databrowser/view/migr_eipre/default/table,"Eurostat enforcement statistic - annual flow of detections, NOT a stock. Dataset migr_eipre, dimensions freq=A citizen=TOTAL reason=TOTAL apprehen=TOTAL sex=T age=TOTAL unit=PER. Rounded to nearest 5 by Eurostat."
Slovenia,SVN,2016,irregular_proxy_detections,2475,0.00119852283876066,PANEL PRIMARY,"Eurostat, Third country nationals found to be illegally present (migr_eipre)",https://ec.europa.eu/eurostat/databrowser/view/migr_eipre/default/table,"Eurostat enforcement statistic - annual flow of detections, NOT a stock. Dataset migr_eipre, dimensions freq=A citizen=TOTAL reason=TOTAL apprehen=TOTAL sex=T age=TOTAL unit=PER. Rounded to nearest 5 by Eurostat."
Slovenia,SVN,2017,irregular_proxy_detections,4180,0.00202285340410417,PANEL PRIMARY,"Eurostat, Third country nationals found to be illegally present (migr_eipre)",https://ec.europa.eu/eurostat/databrowser/view/migr_eipre/default/table,"Eurostat enforcement statistic - annual flow of detections, NOT a stock. Dataset migr_eipre, dimensions freq=A citizen=TOTAL reason=TOTAL apprehen=TOTAL sex=T age=TOTAL unit=PER. Rounded to nearest 5 by Eurostat."
Slovenia,SVN,2018,irregular_proxy_detections,4345,0.00209509261321938,PANEL PRIMARY,"Eurostat, Third country nationals found to be illegally present (migr_eipre)",https://ec.europa.eu/eurostat/databrowser/view/migr_eipre/default/table,"Eurostat enforcement statistic - annual flow of detections, NOT a stock. Dataset migr_eipre, dimensions freq=A citizen=TOTAL reason=TOTAL apprehen=TOTAL sex=T age=TOTAL unit=PER. Rounded to nearest 5 by Eurostat."
Slovenia,SVN,2019,irregular_proxy_detections,5765,0.00276050632426492,PANEL PRIMARY,"Eurostat, Third country nationals found to be illegally present (migr_eipre)",https://ec.europa.eu/eurostat/databrowser/view/migr_eipre/default/table,"Eurostat enforcement statistic - annual flow of detections, NOT a stock. Dataset migr_eipre, dimensions freq=A citizen=TOTAL reason=TOTAL apprehen=TOTAL sex=T age=TOTAL unit=PER. Rounded to nearest 5 by Eurostat."
Slovenia,SVN,2020,irregular_proxy_detections,4605,0.00219033408659263,PANEL PRIMARY,"Eurostat, Third country nationals found to be illegally present (migr_eipre)",https://ec.europa.eu/eurostat/databrowser/view/migr_eipre/default/table,"Eurostat enforcement statistic - annual flow of detections, NOT a stock. Dataset migr_eipre, dimensions freq=A citizen=TOTAL reason=TOTAL apprehen=TOTAL sex=T age=TOTAL unit=PER. Rounded to nearest 5 by Eurostat."
Slovenia,SVN,2021,irregular_proxy_detections,14430,0.00684509451495888,PANEL PRIMARY,"Eurostat, Third country nationals found to be illegally present (migr_eipre)",https://ec.europa.eu/eurostat/databrowser/view/migr_eipre/default/table,"Eurostat enforcement statistic - annual flow of detections, NOT a stock. Dataset migr_eipre, dimensions freq=A citizen=TOTAL reason=TOTAL apprehen=TOTAL sex=T age=TOTAL unit=PER. Rounded to nearest 5 by Eurostat."
Slovenia,SVN,2022,irregular_proxy_detections,35215,0.0166731689579352,PANEL PRIMARY,"Eurostat, Third country nationals found to be illegally present (migr_eipre)",https://ec.europa.eu/eurostat/databrowser/view/migr_eipre/default/table,"Eurostat enforcement statistic - annual flow of detections, NOT a stock. Dataset migr_eipre, dimensions freq=A citizen=TOTAL reason=TOTAL apprehen=TOTAL sex=T age=TOTAL unit=PER. Rounded to nearest 5 by Eurostat."
Sweden,SWE,2010,irregular_proxy_detections,27460,0.00292809032422896,PANEL PRIMARY,"Eurostat, Third country nationals found to be illegally present (migr_eipre)",https://ec.europa.eu/eurostat/databrowser/view/migr_eipre/default/table,"Eurostat enforcement statistic - annual flow of detections, NOT a stock. Dataset migr_eipre, dimensions freq=A citizen=TOTAL reason=TOTAL apprehen=TOTAL sex=T age=TOTAL unit=PER. Rounded to nearest 5 by Eurostat. CORRECTED: an earlier extraction of this country shifted the series one year forward; re-read directly from the Eurostat API and cross-checked against an independent compilation. Break in series: Sweden's 2014 figure (72835) and earlier years are not comparable with 2014 onwards owing to a change in national reporting practice."
Sweden,SWE,2011,irregular_proxy_detections,20765,0.00219753750920844,PANEL PRIMARY,"Eurostat, Third country nationals found to be illegally present (migr_eipre)",https://ec.europa.eu/eurostat/databrowser/view/migr_eipre/default/table,"Eurostat enforcement statistic - annual flow of detections, NOT a stock. Dataset migr_eipre, dimensions freq=A citizen=TOTAL reason=TOTAL apprehen=TOTAL sex=T age=TOTAL unit=PER. Rounded to nearest 5 by Eurostat. CORRECTED: an earlier extraction of this country shifted the series one year forward; re-read directly from the Eurostat API and cross-checked against an independent compilation. Break in series: Sweden's 2014 figure (72835) and earlier years are not comparable with 2014 onwards owing to a change in national reporting practice."
Sweden,SWE,2012,irregular_proxy_detections,23205,0.00243766029152757,PANEL PRIMARY,"Eurostat, Third country nationals found to be illegally present (migr_eipre)",https://ec.europa.eu/eurostat/databrowser/view/migr_eipre/default/table,"Eurostat enforcement statistic - annual flow of detections, NOT a stock. Dataset migr_eipre, dimensions freq=A citizen=TOTAL reason=TOTAL apprehen=TOTAL sex=T age=TOTAL unit=PER. Rounded to nearest 5 by Eurostat. CORRECTED: an earlier extraction of this country shifted the series one year forward; re-read directly from the Eurostat API and cross-checked against an independent compilation. Break in series: Sweden's 2014 figure (72835) and earlier years are not comparable with 2014 onwards owing to a change in national reporting practice."
Sweden,SWE,2013,irregular_proxy_detections,24400,0.00254156632774602,PANEL PRIMARY,"Eurostat, Third country nationals found to be illegally present (migr_eipre)",https://ec.europa.eu/eurostat/databrowser/view/migr_eipre/default/table,"Eurostat enforcement statistic - annual flow of detections, NOT a stock. Dataset migr_eipre, dimensions freq=A citizen=TOTAL reason=TOTAL apprehen=TOTAL sex=T age=TOTAL unit=PER. Rounded to nearest 5 by Eurostat. CORRECTED: an earlier extraction of this country shifted the series one year forward; re-read directly from the Eurostat API and cross-checked against an independent compilation. Break in series: Sweden's 2014 figure (72835) and earlier years are not comparable with 2014 onwards owing to a change in national reporting practice."
Sweden,SWE,2014,irregular_proxy_detections,72835,0.00751177534083256,PANEL PRIMARY,"Eurostat, Third country nationals found to be illegally present (migr_eipre)",https://ec.europa.eu/eurostat/databrowser/view/migr_eipre/default/table,"Eurostat enforcement statistic - annual flow of detections, NOT a stock. Dataset migr_eipre, dimensions freq=A citizen=TOTAL reason=TOTAL apprehen=TOTAL sex=T age=TOTAL unit=PER. Rounded to nearest 5 by Eurostat. CORRECTED: an earlier extraction of this country shifted the series one year forward; re-read directly from the Eurostat API and cross-checked against an independent compilation. Break in series: Sweden's 2014 figure (72835) and earlier years are not comparable with 2014 onwards owing to a change in national reporting practice."
Sweden,SWE,2015,irregular_proxy_detections,1445,0.000147461227901991,PANEL PRIMARY,"Eurostat, Third country nationals found to be illegally present (migr_eipre)",https://ec.europa.eu/eurostat/databrowser/view/migr_eipre/default/table,"Eurostat enforcement statistic - annual flow of detections, NOT a stock. Dataset migr_eipre, dimensions freq=A citizen=TOTAL reason=TOTAL apprehen=TOTAL sex=T age=TOTAL unit=PER. Rounded to nearest 5 by Eurostat. CORRECTED: an earlier extraction of this country shifted the series one year forward; re-read directly from the Eurostat API and cross-checked against an independent compilation. Break in series: Sweden's 2014 figure (72835) and earlier years are not comparable with 2014 onwards owing to a change in national reporting practice."
Sweden,SWE,2016,irregular_proxy_detections,1210,0.000121937885244357,PANEL PRIMARY,"Eurostat, Third country nationals found to be illegally present (migr_eipre)",https://ec.europa.eu/eurostat/databrowser/view/migr_eipre/default/table,"Eurostat enforcement statistic - annual flow of detections, NOT a stock. Dataset migr_eipre, dimensions freq=A citizen=TOTAL reason=TOTAL apprehen=TOTAL sex=T age=TOTAL unit=PER. Rounded to nearest 5 by Eurostat. CORRECTED: an earlier extraction of this country shifted the series one year forward; re-read directly from the Eurostat API and cross-checked against an independent compilation. Break in series: Sweden's 2014 figure (72835) and earlier years are not comparable with 2014 onwards owing to a change in national reporting practice."
Sweden,SWE,2017,irregular_proxy_detections,2145,0.000213269477767179,PANEL PRIMARY,"Eurostat, Third country nationals found to be illegally present (migr_eipre)",https://ec.europa.eu/eurostat/databrowser/view/migr_eipre/default/table,"Eurostat enforcement statistic - annual flow of detections, NOT a stock. Dataset migr_eipre, dimensions freq=A citizen=TOTAL reason=TOTAL apprehen=TOTAL sex=T age=TOTAL unit=PER. Rounded to nearest 5 by Eurostat. CORRECTED: an earlier extraction of this country shifted the series one year forward; re-read directly from the Eurostat API and cross-checked against an independent compilation. Break in series: Sweden's 2014 figure (72835) and earlier years are not comparable with 2014 onwards owing to a change in national reporting practice."
Sweden,SWE,2018,irregular_proxy_detections,1720,0.000169038213840023,PANEL PRIMARY,"Eurostat, Third country nationals found to be illegally present (migr_eipre)",https://ec.europa.eu/eurostat/databrowser/view/migr_eipre/default/table,"Eurostat enforcement statistic - annual flow of detections, NOT a stock. Dataset migr_eipre, dimensions freq=A citizen=TOTAL reason=TOTAL apprehen=TOTAL sex=T age=TOTAL unit=PER. Rounded to nearest 5 by Eurostat. CORRECTED: an earlier extraction of this country shifted the series one year forward; re-read directly from the Eurostat API and cross-checked against an independent compilation. Break in series: Sweden's 2014 figure (72835) and earlier years are not comparable with 2014 onwards owing to a change in national reporting practice."
Sweden,SWE,2019,irregular_proxy_detections,2170,0.000211112350977299,PANEL PRIMARY,"Eurostat, Third country nationals found to be illegally present (migr_eipre)",https://ec.europa.eu/eurostat/databrowser/view/migr_eipre/default/table,"Eurostat enforcement statistic - annual flow of detections, NOT a stock. Dataset migr_eipre, dimensions freq=A citizen=TOTAL reason=TOTAL apprehen=TOTAL sex=T age=TOTAL unit=PER. Rounded to nearest 5 by Eurostat. CORRECTED: an earlier extraction of this country shifted the series one year forward; re-read directly from the Eurostat API and cross-checked against an independent compilation. Break in series: Sweden's 2014 figure (72835) and earlier years are not comparable with 2014 onwards owing to a change in national reporting practice."
Sweden,SWE,2020,irregular_proxy_detections,2615,0.000252573009053414,PANEL PRIMARY,"Eurostat, Third country nationals found to be illegally present (migr_eipre)",https://ec.europa.eu/eurostat/databrowser/view/migr_eipre/default/table,"Eurostat enforcement statistic - annual flow of detections, NOT a stock. Dataset migr_eipre, dimensions freq=A citizen=TOTAL reason=TOTAL apprehen=TOTAL sex=T age=TOTAL unit=PER. Rounded to nearest 5 by Eurostat. CORRECTED: an earlier extraction of this country shifted the series one year forward; re-read directly from the Eurostat API and cross-checked against an independent compilation. Break in series: Sweden's 2014 figure (72835) and earlier years are not comparable with 2014 onwards owing to a change in national reporting practice."
Sweden,SWE,2021,irregular_proxy_detections,2635,0.000252980780853262,PANEL PRIMARY,"Eurostat, Third country nationals found to be illegally present (migr_eipre)",https://ec.europa.eu/eurostat/databrowser/view/migr_eipre/default/table,"Eurostat enforcement statistic - annual flow of detections, NOT a stock. Dataset migr_eipre, dimensions freq=A citizen=TOTAL reason=TOTAL apprehen=TOTAL sex=T age=TOTAL unit=PER. Rounded to nearest 5 by Eurostat. CORRECTED: an earlier extraction of this country shifted the series one year forward; re-read directly from the Eurostat API and cross-checked against an independent compilation. Break in series: Sweden's 2014 figure (72835) and earlier years are not comparable with 2014 onwards owing to a change in national reporting practice."
Sweden,SWE,2022,irregular_proxy_detections,2455,0.000234100678167256,PANEL PRIMARY,"Eurostat, Third country nationals found to be illegally present (migr_eipre)",https://ec.europa.eu/eurostat/databrowser/view/migr_eipre/default/table,"Eurostat enforcement statistic - annual flow of detections, NOT a stock. Dataset migr_eipre, dimensions freq=A citizen=TOTAL reason=TOTAL apprehen=TOTAL sex=T age=TOTAL unit=PER. Rounded to nearest 5 by Eurostat. CORRECTED: an earlier extraction of this country shifted the series one year forward; re-read directly from the Eurostat API and cross-checked against an independent compilation. Break in series: Sweden's 2014 figure (72835) and earlier years are not comparable with 2014 onwards owing to a change in national reporting practice."
Turkey,TUR,2010,irregular_proxy_detections,32667,0.00044662345856664,PANEL PRIMARY,Presidency of Migration Management / Goc Idaresi Baskanligi (GIB) figures reported by Demiroren Haber Ajansi (DHA),https://www.dha.com.tr/gundem/guzel-yasam-icin-hedef-ulke-turkiyede-20-yilda-2-6-milyon-duzensiz-gocmen-yakalandi-2478884,"ENFORCEMENT/TRANSIT FLOW, not a stock: number of irregular migrants apprehended during calendar year 2010. Administrative apprehension count published by DGMM/PMM. Syrians under temporary protection are excluded from this series. goc.gov.tr publishes the series only as images; value read from DHA reporting quoting GIB verbatim ('en az yakalandigi yil 32 bin 667 ile 2010 oldu')."
Turkey,TUR,2014,irregular_proxy_detections,58647,0.000759854475695359,PANEL PRIMARY,Presidency of Migration Management / Goc Idaresi Baskanligi (GIB) figures reported by Demiroren Haber Ajansi (DHA),https://www.dha.com.tr/gundem/guzel-yasam-icin-hedef-ulke-turkiyede-20-yilda-2-6-milyon-duzensiz-gocmen-yakalandi-2478884,"ENFORCEMENT/TRANSIT FLOW, not a stock: irregular migrants apprehended during calendar year 2014. Administrative apprehension count published by DGMM/PMM. Syrians under temporary protection excluded. Verbatim: '2014te 58 bin 647 duzensiz gocmen yakalanirken'."
Turkey,TUR,2015,irregular_proxy_detections,146485,0.00187276717564401,PANEL PRIMARY,Presidency of Migration Management / Goc Idaresi Baskanligi (GIB) figures reported by Demiroren Haber Ajansi (DHA),https://www.dha.com.tr/gundem/guzel-yasam-icin-hedef-ulke-turkiyede-20-yilda-2-6-milyon-duzensiz-gocmen-yakalandi-2478884,"ENFORCEMENT/TRANSIT FLOW, not a stock: irregular migrants apprehended during calendar year 2015. Administrative apprehension count published by DGMM/PMM. Syrians under temporary protection excluded."
Turkey,TUR,2018,irregular_proxy_detections,268003,0.00329212878997785,PANEL PRIMARY,Presidency of Migration Management / Goc Idaresi Baskanligi (GIB) figures reported by Demiroren Haber Ajansi (DHA),https://www.dha.com.tr/gundem/guzel-yasam-icin-hedef-ulke-turkiyede-20-yilda-2-6-milyon-duzensiz-gocmen-yakalandi-2478884,"ENFORCEMENT/TRANSIT FLOW, not a stock: irregular migrants apprehended during calendar year 2018. Administrative apprehension count published by DGMM/PMM. Syrians under temporary protection excluded."
Turkey,TUR,2019,irregular_proxy_detections,454662,0.00550575300583293,PANEL PRIMARY,Presidency of Migration Management / Goc Idaresi Baskanligi (GIB) figures reported by Demiroren Haber Ajansi (DHA),https://www.dha.com.tr/gundem/guzel-yasam-icin-hedef-ulke-turkiyede-20-yilda-2-6-milyon-duzensiz-gocmen-yakalandi-2478884,"ENFORCEMENT/TRANSIT FLOW, not a stock: irregular migrants apprehended during calendar year 2019 (peak year on record). Administrative apprehension count published by DGMM/PMM. Syrians under temporary protection excluded. Independently corroborated at 454,662 by AIDA/ECRE country report on Turkiye citing PMM."
Turkey,TUR,2020,irregular_proxy_detections,122302,0.00146672026564112,PANEL PRIMARY,Presidency of Migration Management / Goc Idaresi Baskanligi (GIB) figures reported by Demiroren Haber Ajansi (DHA),https://www.dha.com.tr/gundem/guzel-yasam-icin-hedef-ulke-turkiyede-20-yilda-2-6-milyon-duzensiz-gocmen-yakalandi-2478884,"ENFORCEMENT/TRANSIT FLOW, not a stock: irregular migrants apprehended during calendar year 2020 (COVID-19 border closures). Administrative apprehension count published by DGMM/PMM. Syrians under temporary protection excluded."
Turkey,TUR,2021,irregular_proxy_detections,162996,0.0019370314333726,PANEL PRIMARY,Presidency of Migration Management / Goc Idaresi Baskanligi (GIB) data tabulated in Turkiye'nin Duzensiz Gocle Mucadele Stratejisine Iliskin Bir Degerlendirme (DergiPark),https://dergipark.org.tr/tr/download/article-file/3843070,"ENFORCEMENT/TRANSIT FLOW, not a stock: irregular migrants apprehended during calendar year 2021. Administrative apprehension count published by DGMM/PMM (cited as GIB 2024h). Syrians under temporary protection excluded. Same value also appears in the AYBU-GPM Turkiye Goc ve Insan Hareketlilikleri Yillik Raporu 2021. The adjacent values in this source for 2019, 2020, 2022 and 2023 match the DGMM figures exactly, which anchors the 2021 reading."
Turkey,TUR,2022,irregular_proxy_detections,285027,0.00335405144507503,PANEL PRIMARY,Presidency of Migration Management / Goc Idaresi Baskanligi (GIB) figures reported by Demiroren Haber Ajansi (DHA),https://www.dha.com.tr/gundem/guzel-yasam-icin-hedef-ulke-turkiyede-20-yilda-2-6-milyon-duzensiz-gocmen-yakalandi-2478884,"ENFORCEMENT/TRANSIT FLOW, not a stock: irregular migrants apprehended during calendar year 2022. Administrative apprehension count published by DGMM/PMM. Syrians under temporary protection excluded. Verbatim: '2022de 285 bin 27'."
Taiwan,TWN,2011,irregular_proxy_overstayers,33730,0.00145231431646932,PANEL PRIMARY,"Ministry of Labor, Republic of China (Taiwan), Monthly Bulletin of Labour Statistics, Table 12-7 Status of the Missing Foreign Workers by Nationality (表 12-7 失聯移工概況—按國籍分)",https://statdb.mol.gov.tw/html/mon/212070.pdf,"absconded / missing migrant workers (失聯移工), stock at END OF YEAR 2011. Counts migrant workers whose employment permit has lapsed and who have not been located. This is the Ministry of Labor absconded-worker measure, a DIFFERENT series from the National Immigration Agency 逾期停留/逾期居留 (overstaying visit / overstaying residence) counts used for TWN 2014-2018; the two are not additive and not directly comparable."
Taiwan,TWN,2012,irregular_proxy_overstayers,37177,0.00159448447418082,PANEL PRIMARY,"Ministry of Labor, Republic of China (Taiwan), Monthly Bulletin of Labour Statistics, Table 12-7 Status of the Missing Foreign Workers by Nationality (表 12-7 失聯移工概況—按國籍分)",https://statdb.mol.gov.tw/html/mon/212070.pdf,"absconded / missing migrant workers (失聯移工), stock at END OF YEAR 2012. Counts migrant workers whose employment permit has lapsed and who have not been located. This is the Ministry of Labor absconded-worker measure, a DIFFERENT series from the National Immigration Agency 逾期停留/逾期居留 (overstaying visit / overstaying residence) counts used for TWN 2014-2018; the two are not additive and not directly comparable."
Taiwan,TWN,2013,irregular_proxy_overstayers,41724,0.0017850603234363,PANEL PRIMARY,"Ministry of Labor, Republic of China (Taiwan), Monthly Bulletin of Labour Statistics, Table 12-7 Status of the Missing Foreign Workers by Nationality (表 12-7 失聯移工概況—按國籍分)",https://statdb.mol.gov.tw/html/mon/212070.pdf,"absconded / missing migrant workers (失聯移工), stock at END OF YEAR 2013. Counts migrant workers whose employment permit has lapsed and who have not been located. This is the Ministry of Labor absconded-worker measure, a DIFFERENT series from the National Immigration Agency 逾期停留/逾期居留 (overstaying visit / overstaying residence) counts used for TWN 2014-2018; the two are not additive and not directly comparable."
Taiwan,TWN,2014,irregular_proxy_overstayers,68998,0.0029443543569173,PANEL PRIMARY,"National Immigration Agency (內政部移民署), reported by the Legislative Yuan Budget Center",https://www.ly.gov.tw/Pages/Detail.aspx?nodeid=33580&pid=188916,Reference date 31 December 2014. Administrative register count of overstaying foreign nationals: 49265 overstaying residence (逾期居留) plus 19733 overstaying visit (逾期停留). Source is a Legislative Yuan Budget Center report (Oct 2019) reproducing NIA figures.
Taiwan,TWN,2015,irregular_proxy_overstayers,77422,0.00329567512344628,PANEL PRIMARY,"National Immigration Agency (內政部移民署), reported by the Legislative Yuan Budget Center",https://www.ly.gov.tw/Pages/Detail.aspx?nodeid=33580&pid=188916,Reference date 31 December 2015. Administrative register count of overstaying foreign nationals: 56557 overstaying residence (逾期居留) plus 20865 overstaying visit (逾期停留). Source is a Legislative Yuan Budget Center report (Oct 2019) reproducing NIA figures.
Taiwan,TWN,2016,irregular_proxy_overstayers,79392,0.00337264231096007,PANEL PRIMARY,"National Immigration Agency (內政部移民署), reported by the Legislative Yuan Budget Center",https://www.ly.gov.tw/Pages/Detail.aspx?nodeid=33580&pid=188916,Reference date 31 December 2016. Administrative register count of overstaying foreign nationals: 58700 overstaying residence (逾期居留) plus 20692 overstaying visit (逾期停留). Source is a Legislative Yuan Budget Center report (Oct 2019) reproducing NIA figures.
Taiwan,TWN,2017,irregular_proxy_overstayers,79909,0.00339010777843682,PANEL PRIMARY,"National Immigration Agency (內政部移民署), reported by the Legislative Yuan Budget Center",https://www.ly.gov.tw/Pages/Detail.aspx?nodeid=33580&pid=188916,Reference date 31 December 2017. Administrative register count of overstaying foreign nationals: 56675 overstaying residence (逾期居留) plus 23234 overstaying visit (逾期停留). Source is a Legislative Yuan Budget Center report (Oct 2019) reproducing NIA figures.
Taiwan,TWN,2018,irregular_proxy_overstayers,89965,0.00381386490918707,PANEL PRIMARY,"National Immigration Agency (內政部移民署), reported by the Legislative Yuan Budget Center",https://www.ly.gov.tw/Pages/Detail.aspx?nodeid=33580&pid=188916,Reference date 31 December 2018. Administrative register count of overstaying foreign nationals: 54681 overstaying residence (逾期居留) plus 35284 overstaying visit (逾期停留). Source is a Legislative Yuan Budget Center report (Oct 2019) reproducing NIA figures.
Taiwan,TWN,2019,irregular_proxy_overstayers,47632,0.0020180382077438,PANEL PRIMARY,"National Immigration Agency / Ministry of Labor (失聯移工), reported by the Legislative Yuan Budget Center",https://www.ly.gov.tw/Pages/Detail.aspx?nodeid=33580&pid=188916,Reference date 31 July 2019 (not year-end). Administrative count of absconded/missing migrant workers (失聯移工) not yet located - a DIFFERENT series from the 逾期停留/居留 overstayer counts above and not additive with them.
Taiwan,TWN,2019,irregular_proxy_overstayers,48491,0.00205443169994341,alternative 1,"Ministry of Labor, Republic of China (Taiwan), Monthly Bulletin of Labour Statistics, Table 12-7 Status of the Missing Foreign Workers by Nationality (表 12-7 失聯移工概況—按國籍分)",https://statdb.mol.gov.tw/html/mon/212070.pdf,"absconded / missing migrant workers (失聯移工), stock at END OF YEAR 2019. Counts migrant workers whose employment permit has lapsed and who have not been located. This is the Ministry of Labor absconded-worker measure, a DIFFERENT series from the National Immigration Agency 逾期停留/逾期居留 (overstaying visit / overstaying residence) counts used for TWN 2014-2018; the two are not additive and not directly comparable."
Taiwan,TWN,2020,irregular_proxy_overstayers,52199,0.00221546102250323,PANEL PRIMARY,"Ministry of Labor, Republic of China (Taiwan), Monthly Bulletin of Labour Statistics, Table 12-7 Status of the Missing Foreign Workers by Nationality (表 12-7 失聯移工概況—按國籍分)",https://statdb.mol.gov.tw/html/mon/212070.pdf,"absconded / missing migrant workers (失聯移工), stock at END OF YEAR 2020. Counts migrant workers whose employment permit has lapsed and who have not been located. This is the Ministry of Labor absconded-worker measure, a DIFFERENT series from the National Immigration Agency 逾期停留/逾期居留 (overstaying visit / overstaying residence) counts used for TWN 2014-2018; the two are not additive and not directly comparable."
Taiwan,TWN,2021,irregular_proxy_overstayers,55805,0.00238734760953372,PANEL PRIMARY,"Ministry of Labor, Republic of China (Taiwan), Monthly Bulletin of Labour Statistics, Table 12-7 Status of the Missing Foreign Workers by Nationality (表 12-7 失聯移工概況—按國籍分)",https://statdb.mol.gov.tw/html/mon/212070.pdf,"absconded / missing migrant workers (失聯移工), stock at END OF YEAR 2021. Counts migrant workers whose employment permit has lapsed and who have not been located. This is the Ministry of Labor absconded-worker measure, a DIFFERENT series from the National Immigration Agency 逾期停留/逾期居留 (overstaying visit / overstaying residence) counts used for TWN 2014-2018; the two are not additive and not directly comparable."
Taiwan,TWN,2022,irregular_proxy_overstayers,80331,0.00345292254683503,PANEL PRIMARY,"Ministry of Labor, Republic of China (Taiwan), Monthly Bulletin of Labour Statistics, Table 12-7 Status of the Missing Foreign Workers by Nationality (表 12-7 失聯移工概況—按國籍分)",https://statdb.mol.gov.tw/html/mon/212070.pdf,"absconded / missing migrant workers (失聯移工), stock at END OF YEAR 2022. Counts migrant workers whose employment permit has lapsed and who have not been located. This is the Ministry of Labor absconded-worker measure, a DIFFERENT series from the National Immigration Agency 逾期停留/逾期居留 (overstaying visit / overstaying residence) counts used for TWN 2014-2018; the two are not additive and not directly comparable."
United States,USA,2010,irregular_stock,11590000,0.0374622355050215,PANEL PRIMARY,"DHS Office of Homeland Security Statistics, Estimates of the Unauthorized Immigrant Population Residing in the United States: January 2015-January 2018, Table A2-1",https://ohss.dhs.gov/sites/default/files/2023-12/unauthorized_immigrant_population_estimates_2015_-_2018.pdf,"Modelled resident stock (ACS residual method), reference date 1 January 2010. AMBIGUITY FLAG: Table A2-1 prints TWO values for 2010 (10,790,000 and 11,590,000) reflecting a revision to align with the 2010 Census. 11,590,000 is recorded here because it is continuous with the 2011-2018 series; 10,790,000 is retained as an alternative row. Verify against the PDF before publication. Value read independently by two extractions."
United States,USA,2010,irregular_stock,11200000,0.0362016425932908,alternative 1,"Pew Hispanic Center, Unauthorized Immigrant Population: National and State Trends, 2010",https://www.pewresearch.org/race-and-ethnicity/2011/02/01/unauthorized-immigrant-population-brnational-and-state-trends-2010/,"Reference date March 2010. Modelled stock estimate (augmented residual method, CPS-based). Published 1 February 2011."
United States,USA,2010,irregular_stock,10790000,0.034876403891215,alternative 2,"DHS Office of Homeland Security Statistics, Estimates of the Unauthorized Immigrant Population Residing in the United States: January 2015-January 2018, Table A2-1 (pre-revision entry)",https://ohss.dhs.gov/sites/default/files/2023-12/unauthorized_immigrant_population_estimates_2015_-_2018.pdf,"ALTERNATIVE ENTRY for 1 January 2010. Table A2-1 prints two 2010 values; this is the lower one, understood to precede the revision aligning estimates with the 2010 Census. Not continuous with 2011-2018."
United States,USA,2011,irregular_stock,11510000,0.036910017619611,PANEL PRIMARY,"DHS Office of Homeland Security Statistics, Estimates of the Unauthorized Immigrant Population Residing in the United States: January 2015-January 2018, Table A2-1",https://ohss.dhs.gov/sites/default/files/2023-12/unauthorized_immigrant_population_estimates_2015_-_2018.pdf,"Modelled resident stock (ACS residual method), reference date 1 January 2011. Read directly from Table A2-1 and independently confirmed by a second extraction. CORRECTION: an earlier pass recorded 11,600,000 from a rounded chart; that value was wrong."
United States,USA,2011,irregular_stock,10300000,0.0330298159410941,alternative 1,"Migration Policy Institute, Unauthorized Immigrants in the United States: Stable Numbers, Changing Origins",https://www.migrationpolicy.org/sites/default/files/publications/mpi-unauthorized-immigrants-stablenumbers-changingorigins_final.pdf,Modelled stock estimate from pooled 2010-2012 ACS; MPI publishes it as a single 2010-2012 figure. Assigned here to 2011 as the midpoint of the pooling window - not a published 2011-specific value.
United States,USA,2012,irregular_stock,11430000,0.0363620053514246,PANEL PRIMARY,"DHS Office of Homeland Security Statistics, Estimates of the Unauthorized Immigrant Population Residing in the United States: January 2015-January 2018, Table A2-1",https://ohss.dhs.gov/sites/default/files/2023-12/unauthorized_immigrant_population_estimates_2015_-_2018.pdf,"Modelled resident stock (ACS residual method), reference date 1 January 2012. Read directly from Table A2-1; confirmed by two independent extractions."
United States,USA,2013,irregular_stock,11210000,0.0353933368876537,PANEL PRIMARY,"DHS Office of Homeland Security Statistics, Estimates of the Unauthorized Immigrant Population Residing in the United States: January 2015-January 2018, Table A2-1",https://ohss.dhs.gov/sites/default/files/2023-12/unauthorized_immigrant_population_estimates_2015_-_2018.pdf,"Modelled resident stock (ACS residual method), reference date 1 January 2013. Read directly from Table A2-1; confirmed by two independent extractions."
United States,USA,2014,irregular_stock,11460000,0.0358957827028434,PANEL PRIMARY,"DHS Office of Homeland Security Statistics, Estimates of the Unauthorized Immigrant Population Residing in the United States: January 2015-January 2018, Table A2-1",https://ohss.dhs.gov/sites/default/files/2023-12/unauthorized_immigrant_population_estimates_2015_-_2018.pdf,"Modelled resident stock (ACS residual method), reference date 1 January 2014. Read directly from Table A2-1; confirmed by two independent extractions."
United States,USA,2015,irregular_stock,11440000,0.0355483606999312,PANEL PRIMARY,"DHS Office of Homeland Security Statistics, Estimates of the Unauthorized Immigrant Population Residing in the United States: January 2015-January 2018, Table A2-1",https://ohss.dhs.gov/sites/default/files/2023-12/unauthorized_immigrant_population_estimates_2015_-_2018.pdf,"Modelled resident stock (ACS residual method), reference date 1 January 2015. AMBIGUITY FLAG: Table A2-1 prints TWO values for 2015 (11,960,000 and 11,440,000) reflecting a methodology update. 11,440,000 is recorded as the report's current-methodology figure; 11,960,000 is retained as an alternative row. Verify against the PDF before publication."
United States,USA,2015,irregular_stock,11960000,0.0371641952772008,alternative 1,"DHS Office of Homeland Security Statistics, Estimates of the Unauthorized Immigrant Population Residing in the United States: January 2015-January 2018, Table A2-1 (pre-update entry)",https://ohss.dhs.gov/sites/default/files/2023-12/unauthorized_immigrant_population_estimates_2015_-_2018.pdf,"ALTERNATIVE ENTRY for 1 January 2015. Table A2-1 prints two 2015 values; this is the higher one, understood to precede the methodology update applied to 2016-2018."
United States,USA,2016,irregular_stock,11750000,0.0362259257142227,PANEL PRIMARY,"DHS Office of Homeland Security Statistics, Estimates of the Unauthorized Immigrant Population Residing in the United States: January 2015-January 2018, Table A2-1",https://ohss.dhs.gov/sites/default/files/2023-12/unauthorized_immigrant_population_estimates_2015_-_2018.pdf,"Modelled resident stock (ACS residual method), reference date 1 January 2016. Read directly from Table A2-1; confirmed by two independent extractions."
United States,USA,2017,irregular_stock,11410000,0.0349347803015199,PANEL PRIMARY,"DHS Office of Homeland Security Statistics, Estimates of the Unauthorized Immigrant Population Residing in the United States: January 2015-January 2018, Table A2-1",https://ohss.dhs.gov/sites/default/files/2023-12/unauthorized_immigrant_population_estimates_2015_-_2018.pdf,"Modelled resident stock (ACS residual method), reference date 1 January 2017. Read directly from Table A2-1; confirmed by two independent extractions."
United States,USA,2017,irregular_stock,10500000,0.0321485708296195,alternative 1,"Pew Research Center, Unauthorized immigrant population trends",https://www.pewresearch.org/race-and-ethnicity/feature/unauthorized-trends/,Reference year 2017. Modelled stock estimate (residual method). Pre-2025 vintage.
United States,USA,2018,irregular_stock,11390000,0.0346696334132497,PANEL PRIMARY,"DHS Office of Homeland Security Statistics, Estimates of the Unauthorized Immigrant Population Residing in the United States: January 2015-January 2018, Table A2-1",https://ohss.dhs.gov/sites/default/files/2023-12/unauthorized_immigrant_population_estimates_2015_-_2018.pdf,"Modelled resident stock (ACS residual method), reference date 1 January 2018. Read directly from Table A2-1; confirmed by two independent extractions. NOTE: the later DHS report (Baker & Warren 2024) revises January 2018 to 11,570,000; that revision is in the Long sheet."
United States,USA,2018,irregular_stock,11000000,0.0334825256844379,alternative 1,"Migration Policy Institute, Unauthorized Immigrants in the United States: Stable Numbers, Changing Origins",https://www.migrationpolicy.org/sites/default/files/publications/mpi-unauthorized-immigrants-stablenumbers-changingorigins_final.pdf,"Reference year 2018. Modelled stock estimate from pooled 2014-2018 ACS and 2008 SIPP, weighted to 2018."
United States,USA,2019,irregular_stock,11110000,0.0336436027535754,PANEL PRIMARY,"DHS Office of Homeland Security Statistics (Baker & Warren 2024), Estimates of the Unauthorized Immigrant Population Residing in the United States: January 2018-January 2022, as reproduced in Choices Magazine (AAEA)",https://www.choicesmagazine.org/UserFiles/file/cmsarticle_991.pdf,"Modelled resident stock (ACS-based residual method). Reference date 1 January 2019. The ohss.dhs.gov PDF returns HTTP 403; value read from Table 3 of the AAEA Choices Magazine article, which reproduces the DHS/OHSS table with full attribution to Baker and Warren (2024)."
United States,USA,2019,irregular_stock,11000000,0.0333104977758172,alternative 1,"Migration Policy Institute (with Jennifer Van Hook, Penn State), Diverse Flows Drive Increase in U.S. Unauthorized Immigrant Population (July 2024)",https://www.migrationpolicy.org/commentary/diverse-flows-drive-increase-us-unauthorized-immigrant-population,"Modelled resident stock (ACS/SIPP-based residual method). Reference year 2019. MPI publishes no independent 2020 estimate: the 2020 value in its series was interpolated as the average of 2019 and 2021 because of low-quality pandemic ACS data, so 2020 is deliberately omitted here."
United States,USA,2019,irregular_stock,10350000,0.0313421501799734,alternative 2,"Center for Migration Studies of New York (Robert Warren), After a Decade of Decline, the US Undocumented Population Increased by 650,000 in 2022, Journal on Migration and Human Security",https://journals.sagepub.com/doi/10.1177/23315024241226624,"Modelled resident stock (ACS-based residual method with undercount adjustment). Reference date 1 July 2019. DOI 10.1177/23315024241226624. Same value also published in Warren (2021), JMHS, DOI 10.1177/2331502421993746."
United States,USA,2020,irregular_stock,10510000,0.0316969060176543,PANEL PRIMARY,"DHS Office of Homeland Security Statistics (Baker & Warren 2024), Estimates of the Unauthorized Immigrant Population Residing in the United States: January 2018-January 2022, as reproduced in Choices Magazine (AAEA)",https://www.choicesmagazine.org/UserFiles/file/cmsarticle_991.pdf,"Modelled resident stock (ACS-based residual method). Reference date 1 January 2020. The ohss.dhs.gov PDF returns HTTP 403; value read from Table 3 of the AAEA Choices Magazine article, which reproduces the DHS/OHSS table with full attribution. DHS published NO January 2021 estimate because the 2020 ACS was unusable for this purpose."
United States,USA,2020,irregular_stock,10210000,0.0307921418116318,alternative 1,"Center for Migration Studies of New York (Robert Warren), After a Decade of Decline, the US Undocumented Population Increased by 650,000 in 2022, Journal on Migration and Human Security",https://journals.sagepub.com/doi/10.1177/23315024241226624,Modelled resident stock (ACS-based residual method with undercount adjustment). Reference date 1 July 2020. DOI 10.1177/23315024241226624.
United States,USA,2020,irregular_stock,10000000,0.0301588068674161,alternative 2,"Center for Migration Studies of New York (Robert Warren), US Undocumented Population Increased to 11.7 Million in July 2023",https://cmsny.org/us-undocumented-population-increased-in-july-2023-warren-090624/,Reference year 2020. Modelled residual stock estimate from ACS. Figure stated in prose as '10 million' (rounded); treat as approximate.
United States,USA,2021,irregular_stock,10500000,0.0316169670327717,PANEL PRIMARY,"Pew Research Center, Q&A: How Pew Research Center estimates the number of unauthorized immigrants living in the U.S. (22 August 2025)",https://www.pewresearch.org/short-reads/2025/08/22/qa-how-pew-research-center-estimates-the-number-of-unauthorized-immigrants-living-in-the-us/,"Modelled resident stock (augmented residual method, ACS-based). Reference year 2021. 2025 revised vintage; source states the population 'grew from an estimated 10.5 million to 14 million' between 2021 and 2023."
United States,USA,2021,irregular_stock,11200000,0.0337247648349565,alternative 1,"Migration Policy Institute (with Jennifer Van Hook, Penn State), Diverse Flows Drive Increase in U.S. Unauthorized Immigrant Population (July 2024)",https://www.migrationpolicy.org/commentary/diverse-flows-drive-increase-us-unauthorized-immigrant-population,Modelled resident stock (ACS/SIPP-based residual method). Reference year 2021.
United States,USA,2021,irregular_stock,10500000,0.0316169670327717,alternative 2,"Pew Research Center, What we know about unauthorized immigrants living in the U.S. (July 2024)",https://www.pewresearch.org/short-reads/2024/07/22/what-we-know-about-unauthorized-immigrants-living-in-the-us/,"Reference year 2021. Modelled stock estimate (residual method). 2024 vintage; superseded by Pew's August 2025 revision, which was not recorded here because the revised 2021/2022 values could not be read unambiguously from the source."
United States,USA,2021,irregular_stock,10290000,0.0309846276921162,alternative 3,"Center for Migration Studies of New York (Robert Warren), After a Decade of Decline, the US Undocumented Population Increased by 650,000 in 2022, Journal on Migration and Human Security",https://journals.sagepub.com/doi/10.1177/23315024241226624,Modelled resident stock (ACS-based residual method with undercount adjustment). Reference date 1 July 2021. DOI 10.1177/23315024241226624.
United States,USA,2022,irregular_stock,10990000,0.0329045557342455,PANEL PRIMARY,"DHS Office of Homeland Security Statistics (Baker & Warren 2024), Estimates of the Unauthorized Immigrant Population Residing in the United States: January 2018-January 2022, as reproduced in Choices Magazine (AAEA)",https://www.choicesmagazine.org/UserFiles/file/cmsarticle_991.pdf,"Modelled resident stock (ACS-based residual method). Reference date 1 January 2022. Read from Table 3 of the AAEA Choices Magazine article reproducing the DHS/OHSS table. Independently corroborated at 10.99 million by the Social Security Bulletin (SSA, v85n2) and by US House Judiciary testimony (HHRG-119-JU10-Wstate-RodriguezJ)."
United States,USA,2022,irregular_stock,11800000,0.0353297322715284,alternative 1,"Pew Research Center, Q&A: How Pew Research Center estimates the number of unauthorized immigrants living in the U.S. (22 August 2025)",https://www.pewresearch.org/short-reads/2025/08/22/qa-how-pew-research-center-estimates-the-number-of-unauthorized-immigrants-living-in-the-us/,"Modelled resident stock (augmented residual method, ACS-based). Reference year 2022. 2025 revised vintage; source states verbatim: 'we revised our estimate of the unauthorized immigrant population for 2022 upward, from 11.0 million to 11.8 million.' Revision follows the Census Bureau's December 2024 population-estimate update and reweighting of the 2022 and 2023 ACS."
United States,USA,2022,irregular_stock,11300000,0.0338327097176501,alternative 2,"Migration Policy Institute (with Jennifer Van Hook, Penn State), Diverse Flows Drive Increase in U.S. Unauthorized Immigrant Population (July 2024)",https://www.migrationpolicy.org/commentary/diverse-flows-drive-increase-us-unauthorized-immigrant-population,Modelled resident stock (ACS/SIPP-based residual method). Reference year 2022.
United States,USA,2022,irregular_stock,11000000,0.0329344961853231,alternative 3,"Pew Research Center, What we know about unauthorized immigrants living in the U.S. (July 2024)",https://www.pewresearch.org/short-reads/2024/07/22/what-we-know-about-unauthorized-immigrants-living-in-the-us/,Reference year 2022. Modelled stock estimate (residual method). 2024 vintage; Pew revised its series upward in August 2025.
United States,USA,2022,irregular_stock,10940000,0.0327548534788577,alternative 4,"Center for Migration Studies of New York (Robert Warren), After a Decade of Decline, the US Undocumented Population Increased by 650,000 in 2022, Journal on Migration and Human Security",https://journals.sagepub.com/doi/10.1177/23315024241226624,Modelled resident stock (ACS-based residual method with undercount adjustment). Reference date 1 July 2022. DOI 10.1177/23315024241226624.
