country,iso3,year,variable,value,source_name,source_url,notes,used_in_panel,collection_file
Australia,AUS,2010,foreign_born,5881360,"OECD International Migration Database (stocks of foreign-born population, measure B14)","https://sdmx.oecd.org/public/rest/data/OECD.ELS.IMD,DSD_MIG_F@DF_MIG_POPF,1.0/AUS.W.A.B14._T._Z._Z.PS?startPeriod=2010&endPeriod=2022&format=jsondata&dimensionAtObservation=AllDimensions",Overseas-born estimated resident population; reference date 30 June. OECD IMD series sourced from ABS.,yes,noneu_stock.csv
Australia,AUS,2011,foreign_born,6018180,"OECD International Migration Database (stocks of foreign-born population, measure B14)","https://sdmx.oecd.org/public/rest/data/OECD.ELS.IMD,DSD_MIG_F@DF_MIG_POPF,1.0/AUS.W.A.B14._T._Z._Z.PS?startPeriod=2010&endPeriod=2022&format=jsondata&dimensionAtObservation=AllDimensions",Overseas-born estimated resident population; reference date 30 June. OECD IMD series sourced from ABS.,yes,noneu_stock.csv
Australia,AUS,2012,foreign_born,6214010,"OECD International Migration Database (stocks of foreign-born population, measure B14)","https://sdmx.oecd.org/public/rest/data/OECD.ELS.IMD,DSD_MIG_F@DF_MIG_POPF,1.0/AUS.W.A.B14._T._Z._Z.PS?startPeriod=2010&endPeriod=2022&format=jsondata&dimensionAtObservation=AllDimensions",Overseas-born estimated resident population; reference date 30 June. OECD IMD series sourced from ABS.,yes,noneu_stock.csv
Australia,AUS,2013,foreign_born,6408740,"OECD International Migration Database (stocks of foreign-born population, measure B14)","https://sdmx.oecd.org/public/rest/data/OECD.ELS.IMD,DSD_MIG_F@DF_MIG_POPF,1.0/AUS.W.A.B14._T._Z._Z.PS?startPeriod=2010&endPeriod=2022&format=jsondata&dimensionAtObservation=AllDimensions",Overseas-born estimated resident population; reference date 30 June. OECD IMD series sourced from ABS.,yes,noneu_stock.csv
Australia,AUS,2014,foreign_born,6570240,"OECD International Migration Database (stocks of foreign-born population, measure B14)","https://sdmx.oecd.org/public/rest/data/OECD.ELS.IMD,DSD_MIG_F@DF_MIG_POPF,1.0/AUS.W.A.B14._T._Z._Z.PS?startPeriod=2010&endPeriod=2022&format=jsondata&dimensionAtObservation=AllDimensions",Overseas-born estimated resident population; reference date 30 June. OECD IMD series sourced from ABS.,yes,noneu_stock.csv
Australia,AUS,2015,foreign_born,6729730,"OECD International Migration Database (stocks of foreign-born population, measure B14)","https://sdmx.oecd.org/public/rest/data/OECD.ELS.IMD,DSD_MIG_F@DF_MIG_POPF,1.0/AUS.W.A.B14._T._Z._Z.PS?startPeriod=2010&endPeriod=2022&format=jsondata&dimensionAtObservation=AllDimensions",Overseas-born estimated resident population; reference date 30 June. OECD IMD series sourced from ABS.,yes,noneu_stock.csv
Australia,AUS,2016,foreign_born,6912110,"OECD International Migration Database (stocks of foreign-born population, measure B14)","https://sdmx.oecd.org/public/rest/data/OECD.ELS.IMD,DSD_MIG_F@DF_MIG_POPF,1.0/AUS.W.A.B14._T._Z._Z.PS?startPeriod=2010&endPeriod=2022&format=jsondata&dimensionAtObservation=AllDimensions",Overseas-born estimated resident population; reference date 30 June. OECD IMD series sourced from ABS.,yes,noneu_stock.csv
Australia,AUS,2017,foreign_born,7142030,"OECD International Migration Database (stocks of foreign-born population, measure B14)","https://sdmx.oecd.org/public/rest/data/OECD.ELS.IMD,DSD_MIG_F@DF_MIG_POPF,1.0/AUS.W.A.B14._T._Z._Z.PS?startPeriod=2010&endPeriod=2022&format=jsondata&dimensionAtObservation=AllDimensions",Overseas-born estimated resident population; reference date 30 June. OECD IMD series sourced from ABS.,yes,noneu_stock.csv
Australia,AUS,2018,foreign_born,7346520,"OECD International Migration Database (stocks of foreign-born population, measure B14)","https://sdmx.oecd.org/public/rest/data/OECD.ELS.IMD,DSD_MIG_F@DF_MIG_POPF,1.0/AUS.W.A.B14._T._Z._Z.PS?startPeriod=2010&endPeriod=2022&format=jsondata&dimensionAtObservation=AllDimensions",Overseas-born estimated resident population; reference date 30 June. OECD IMD series sourced from ABS.,yes,noneu_stock.csv
Australia,AUS,2019,foreign_born,7549660,"OECD International Migration Database (stocks of foreign-born population, measure B14)","https://sdmx.oecd.org/public/rest/data/OECD.ELS.IMD,DSD_MIG_F@DF_MIG_POPF,1.0/AUS.W.A.B14._T._Z._Z.PS?startPeriod=2010&endPeriod=2022&format=jsondata&dimensionAtObservation=AllDimensions",Overseas-born estimated resident population; reference date 30 June. OECD IMD series sourced from ABS.,yes,noneu_stock.csv
Australia,AUS,2020,foreign_born,7672450,"OECD International Migration Database (stocks of foreign-born population, measure B14)","https://sdmx.oecd.org/public/rest/data/OECD.ELS.IMD,DSD_MIG_F@DF_MIG_POPF,1.0/AUS.W.A.B14._T._Z._Z.PS?startPeriod=2010&endPeriod=2022&format=jsondata&dimensionAtObservation=AllDimensions",Overseas-born estimated resident population; reference date 30 June. OECD IMD series sourced from ABS.,yes,noneu_stock.csv
Australia,AUS,2021,foreign_born,7525860,"OECD International Migration Database (stocks of foreign-born population, measure B14)","https://sdmx.oecd.org/public/rest/data/OECD.ELS.IMD,DSD_MIG_F@DF_MIG_POPF,1.0/AUS.W.A.B14._T._Z._Z.PS?startPeriod=2010&endPeriod=2022&format=jsondata&dimensionAtObservation=AllDimensions",Overseas-born estimated resident population; reference date 30 June. OECD IMD series sourced from ABS.,yes,noneu_stock.csv
Australia,AUS,2022,foreign_born,7681720,"OECD International Migration Database (stocks of foreign-born population, measure B14)","https://sdmx.oecd.org/public/rest/data/OECD.ELS.IMD,DSD_MIG_F@DF_MIG_POPF,1.0/AUS.W.A.B14._T._Z._Z.PS?startPeriod=2010&endPeriod=2022&format=jsondata&dimensionAtObservation=AllDimensions",Overseas-born estimated resident population; reference date 30 June. OECD IMD series sourced from ABS.,yes,noneu_stock.csv
Australia,AUS,2010,irregular_proxy_overstayers,53900,"ANU Press, A Long Way to Go, Chapter 2, Table 2.3 Estimated size of irregular migrant populations by region/country",https://press-files.anu.edu.au/downloads/press/n4016/html/ch02.xhtml,"estimated irregular migrant population of Australia (visa overstayers / unlawful non-citizens in the community) for 2010. Table 2.3 source note (l): 'Department of Immigration and Border Protection (DIBP) (2010).' The DIAC/DIBP overstayer estimate is published as at 30 June, but the ANU table states the year only and does not restate the within-year reference date.",yes,irregular_row_fill.csv
Australia,AUS,2011,irregular_proxy_overstayers,58400,"ANU Press, A Long Way to Go, Chapter 2, Table 2.3 Estimated size of irregular migrant populations by region/country",https://press-files.anu.edu.au/downloads/press/n4016/html/ch02.xhtml,"estimated irregular migrant population of Australia (visa overstayers / unlawful non-citizens in the community) for 2011. Table 2.3 source note (m): 'Australian National Audit Office (ANAO) (2013), p. 39.' The DIAC/DIBP overstayer estimate is published as at 30 June, but the ANU table states the year only and does not restate the within-year reference date.",yes,irregular_row_fill.csv
Australia,AUS,2011,irregular_proxy_overstayers,22660,"Australian Department of Immigration and Citizenship (2012), Trends in Migration: Australia 2010-11, Table 11",https://www.homeaffairs.gov.au/research-and-stats/files/trends-in-migration-2010-11.pdf,"ALTERNATIVE ESTIMATE for 30 June 2011: official estimate of unlawful non-citizens, rounded, excluding people in immigration detention. This is a NARROWER measure than the 58,400 visa-overstayer figure also recorded for AUS 2011; the two are not contradictory. Taken from an independently compiled comparison dataset; not independently re-verified.",no,from_other_file.csv
Australia,AUS,2015,irregular_proxy_overstayers,62000,"Australian Department of Immigration and Border Protection (2016), Annual Report 2015-16, p.51",https://www.homeaffairs.gov.au/reports-and-pubs/Annualreports/dibp-annual-report-2015-16.pdf,Unlawful non-citizens in the community at 30 June 2015. DIFFERENT MEASURE from the visa-overstayer estimates recorded for AUS 2010/2011/2016: 'unlawful non-citizens in the community' excludes people in immigration detention. Taken from an independently compiled comparison dataset; not independently re-verified.,yes,from_other_file.csv
Australia,AUS,2016,irregular_proxy_overstayers,64600,"Australian Department of Immigration and Border Protection, Senate Legal and Constitutional Affairs Committee, Budget Estimates Question on Notice BE17171",https://www.aph.gov.au/~/media/Committees/legcon_ctte/estimates/bud_1718/DIBP/QoNs/BE17171.pdf,Reference date 30 June 2016. Departmental estimate of unlawful non-citizens (visa overstayers) in the Australian community; register-derived estimate rather than a survey model.,yes,irregular_row.csv
Australia,AUS,2010,population,22031750,"World Bank, World Development Indicators (SP.POP.TOTL), sourced from UN World Population Prospects and national statistical offices",https://api.worldbank.org/v2/country/all/indicator/SP.POP.TOTL,"Total resident population, mid-year estimate. Retrieved via World Bank API, August 2026.",yes,worldbank_api
Australia,AUS,2011,population,22340024,"World Bank, World Development Indicators (SP.POP.TOTL), sourced from UN World Population Prospects and national statistical offices",https://api.worldbank.org/v2/country/all/indicator/SP.POP.TOTL,"Total resident population, mid-year estimate. Retrieved via World Bank API, August 2026.",yes,worldbank_api
Australia,AUS,2012,population,22733465,"World Bank, World Development Indicators (SP.POP.TOTL), sourced from UN World Population Prospects and national statistical offices",https://api.worldbank.org/v2/country/all/indicator/SP.POP.TOTL,"Total resident population, mid-year estimate. Retrieved via World Bank API, August 2026.",yes,worldbank_api
Australia,AUS,2013,population,23128129,"World Bank, World Development Indicators (SP.POP.TOTL), sourced from UN World Population Prospects and national statistical offices",https://api.worldbank.org/v2/country/all/indicator/SP.POP.TOTL,"Total resident population, mid-year estimate. Retrieved via World Bank API, August 2026.",yes,worldbank_api
Australia,AUS,2014,population,23475686,"World Bank, World Development Indicators (SP.POP.TOTL), sourced from UN World Population Prospects and national statistical offices",https://api.worldbank.org/v2/country/all/indicator/SP.POP.TOTL,"Total resident population, mid-year estimate. Retrieved via World Bank API, August 2026.",yes,worldbank_api
Australia,AUS,2015,population,23815995,"World Bank, World Development Indicators (SP.POP.TOTL), sourced from UN World Population Prospects and national statistical offices",https://api.worldbank.org/v2/country/all/indicator/SP.POP.TOTL,"Total resident population, mid-year estimate. Retrieved via World Bank API, August 2026.",yes,worldbank_api
Australia,AUS,2016,population,24190907,"World Bank, World Development Indicators (SP.POP.TOTL), sourced from UN World Population Prospects and national statistical offices",https://api.worldbank.org/v2/country/all/indicator/SP.POP.TOTL,"Total resident population, mid-year estimate. Retrieved via World Bank API, August 2026.",yes,worldbank_api
Australia,AUS,2017,population,24592588,"World Bank, World Development Indicators (SP.POP.TOTL), sourced from UN World Population Prospects and national statistical offices",https://api.worldbank.org/v2/country/all/indicator/SP.POP.TOTL,"Total resident population, mid-year estimate. Retrieved via World Bank API, August 2026.",yes,worldbank_api
Australia,AUS,2018,population,24963258,"World Bank, World Development Indicators (SP.POP.TOTL), sourced from UN World Population Prospects and national statistical offices",https://api.worldbank.org/v2/country/all/indicator/SP.POP.TOTL,"Total resident population, mid-year estimate. Retrieved via World Bank API, August 2026.",yes,worldbank_api
Australia,AUS,2019,population,25334826,"World Bank, World Development Indicators (SP.POP.TOTL), sourced from UN World Population Prospects and national statistical offices",https://api.worldbank.org/v2/country/all/indicator/SP.POP.TOTL,"Total resident population, mid-year estimate. Retrieved via World Bank API, August 2026.",yes,worldbank_api
Australia,AUS,2020,population,25649248,"World Bank, World Development Indicators (SP.POP.TOTL), sourced from UN World Population Prospects and national statistical offices",https://api.worldbank.org/v2/country/all/indicator/SP.POP.TOTL,"Total resident population, mid-year estimate. Retrieved via World Bank API, August 2026.",yes,worldbank_api
Australia,AUS,2021,population,25685412,"World Bank, World Development Indicators (SP.POP.TOTL), sourced from UN World Population Prospects and national statistical offices",https://api.worldbank.org/v2/country/all/indicator/SP.POP.TOTL,"Total resident population, mid-year estimate. Retrieved via World Bank API, August 2026.",yes,worldbank_api
Australia,AUS,2022,population,26018721,"World Bank, World Development Indicators (SP.POP.TOTL), sourced from UN World Population Prospects and national statistical offices",https://api.worldbank.org/v2/country/all/indicator/SP.POP.TOTL,"Total resident population, mid-year estimate. Retrieved via World Bank API, August 2026.",yes,worldbank_api
Austria,AUT,2010,foreign_born,1274901,Eurostat [migr_pop3ctb],https://ec.europa.eu/eurostat/api/dissemination/statistics/1.0/data/migr_pop3ctb?format=JSON&lang=EN&geo=AT&age=TOTAL&sex=T&unit=NR&c_birth=FOR&sinceTimePeriod=2010&untilTimePeriod=2022,stock at 1 Jan; c_birth=FOR (born in a foreign country),yes,eu_stock.csv
Austria,AUT,2011,foreign_born,1294224,Eurostat [migr_pop3ctb],https://ec.europa.eu/eurostat/api/dissemination/statistics/1.0/data/migr_pop3ctb?format=JSON&lang=EN&geo=AT&age=TOTAL&sex=T&unit=NR&c_birth=FOR&sinceTimePeriod=2010&untilTimePeriod=2022,stock at 1 Jan; c_birth=FOR (born in a foreign country),yes,eu_stock.csv
Austria,AUT,2012,foreign_born,1322656,Eurostat [migr_pop3ctb],https://ec.europa.eu/eurostat/api/dissemination/statistics/1.0/data/migr_pop3ctb?format=JSON&lang=EN&geo=AT&age=TOTAL&sex=T&unit=NR&c_birth=FOR&sinceTimePeriod=2010&untilTimePeriod=2022,stock at 1 Jan; c_birth=FOR (born in a foreign country),yes,eu_stock.csv
Austria,AUT,2013,foreign_born,1364003,Eurostat [migr_pop3ctb],https://ec.europa.eu/eurostat/api/dissemination/statistics/1.0/data/migr_pop3ctb?format=JSON&lang=EN&geo=AT&age=TOTAL&sex=T&unit=NR&c_birth=FOR&sinceTimePeriod=2010&untilTimePeriod=2022,stock at 1 Jan; c_birth=FOR (born in a foreign country),yes,eu_stock.csv
Austria,AUT,2014,foreign_born,1414215,Eurostat [migr_pop3ctb],https://ec.europa.eu/eurostat/api/dissemination/statistics/1.0/data/migr_pop3ctb?format=JSON&lang=EN&geo=AT&age=TOTAL&sex=T&unit=NR&c_birth=FOR&sinceTimePeriod=2010&untilTimePeriod=2022,stock at 1 Jan; c_birth=FOR (born in a foreign country),yes,eu_stock.csv
Austria,AUT,2015,foreign_born,1483123,Eurostat [migr_pop3ctb],https://ec.europa.eu/eurostat/api/dissemination/statistics/1.0/data/migr_pop3ctb?format=JSON&lang=EN&geo=AT&age=TOTAL&sex=T&unit=NR&c_birth=FOR&sinceTimePeriod=2010&untilTimePeriod=2022,stock at 1 Jan; c_birth=FOR (born in a foreign country),yes,eu_stock.csv
Austria,AUT,2016,foreign_born,1588209,Eurostat [migr_pop3ctb],https://ec.europa.eu/eurostat/api/dissemination/statistics/1.0/data/migr_pop3ctb?format=JSON&lang=EN&geo=AT&age=TOTAL&sex=T&unit=NR&c_birth=FOR&sinceTimePeriod=2010&untilTimePeriod=2022,stock at 1 Jan; c_birth=FOR (born in a foreign country),yes,eu_stock.csv
Austria,AUT,2017,foreign_born,1649008,Eurostat [migr_pop3ctb],https://ec.europa.eu/eurostat/api/dissemination/statistics/1.0/data/migr_pop3ctb?format=JSON&lang=EN&geo=AT&age=TOTAL&sex=T&unit=NR&c_birth=FOR&sinceTimePeriod=2010&untilTimePeriod=2022,stock at 1 Jan; c_birth=FOR (born in a foreign country),yes,eu_stock.csv
Austria,AUT,2018,foreign_born,1690619,Eurostat [migr_pop3ctb],https://ec.europa.eu/eurostat/api/dissemination/statistics/1.0/data/migr_pop3ctb?format=JSON&lang=EN&geo=AT&age=TOTAL&sex=T&unit=NR&c_birth=FOR&sinceTimePeriod=2010&untilTimePeriod=2022,stock at 1 Jan; c_birth=FOR (born in a foreign country),yes,eu_stock.csv
Austria,AUT,2019,foreign_born,1722833,Eurostat [migr_pop3ctb],https://ec.europa.eu/eurostat/api/dissemination/statistics/1.0/data/migr_pop3ctb?format=JSON&lang=EN&geo=AT&age=TOTAL&sex=T&unit=NR&c_birth=FOR&sinceTimePeriod=2010&untilTimePeriod=2022,stock at 1 Jan; c_birth=FOR (born in a foreign country),yes,eu_stock.csv
Austria,AUT,2020,foreign_born,1760595,Eurostat [migr_pop3ctb],https://ec.europa.eu/eurostat/api/dissemination/statistics/1.0/data/migr_pop3ctb?format=JSON&lang=EN&geo=AT&age=TOTAL&sex=T&unit=NR&c_birth=FOR&sinceTimePeriod=2010&untilTimePeriod=2022,stock at 1 Jan; c_birth=FOR (born in a foreign country),yes,eu_stock.csv
Austria,AUT,2021,foreign_born,1792053,Eurostat [migr_pop3ctb],https://ec.europa.eu/eurostat/api/dissemination/statistics/1.0/data/migr_pop3ctb?format=JSON&lang=EN&geo=AT&age=TOTAL&sex=T&unit=NR&c_birth=FOR&sinceTimePeriod=2010&untilTimePeriod=2022,stock at 1 Jan; c_birth=FOR (born in a foreign country),yes,eu_stock.csv
Austria,AUT,2022,foreign_born,1834342,Eurostat [migr_pop3ctb],https://ec.europa.eu/eurostat/api/dissemination/statistics/1.0/data/migr_pop3ctb?format=JSON&lang=EN&geo=AT&age=TOTAL&sex=T&unit=NR&c_birth=FOR&sinceTimePeriod=2010&untilTimePeriod=2022,stock at 1 Jan; c_birth=FOR (born in a foreign country),yes,eu_stock.csv
Austria,AUT,2010,foreign_nationals,879102,Eurostat [migr_pop1ctz],https://ec.europa.eu/eurostat/api/dissemination/statistics/1.0/data/migr_pop1ctz?format=JSON&lang=EN&geo=AT&age=TOTAL&sex=T&unit=NR&citizen=FOR_STLS&sinceTimePeriod=2010&untilTimePeriod=2022,stock at 1 Jan; citizen=FOR_STLS (foreign citizens incl. stateless),yes,eu_stock.csv
Austria,AUT,2011,foreign_nationals,908591,Eurostat [migr_pop1ctz],https://ec.europa.eu/eurostat/api/dissemination/statistics/1.0/data/migr_pop1ctz?format=JSON&lang=EN&geo=AT&age=TOTAL&sex=T&unit=NR&citizen=FOR_STLS&sinceTimePeriod=2010&untilTimePeriod=2022,stock at 1 Jan; citizen=FOR_STLS (foreign citizens incl. stateless),yes,eu_stock.csv
Austria,AUT,2012,foreign_nationals,946610,Eurostat [migr_pop1ctz],https://ec.europa.eu/eurostat/api/dissemination/statistics/1.0/data/migr_pop1ctz?format=JSON&lang=EN&geo=AT&age=TOTAL&sex=T&unit=NR&citizen=FOR_STLS&sinceTimePeriod=2010&untilTimePeriod=2022,stock at 1 Jan; citizen=FOR_STLS (foreign citizens incl. stateless),yes,eu_stock.csv
Austria,AUT,2013,foreign_nationals,999095,Eurostat [migr_pop1ctz],https://ec.europa.eu/eurostat/api/dissemination/statistics/1.0/data/migr_pop1ctz?format=JSON&lang=EN&geo=AT&age=TOTAL&sex=T&unit=NR&citizen=FOR_STLS&sinceTimePeriod=2010&untilTimePeriod=2022,stock at 1 Jan; citizen=FOR_STLS (foreign citizens incl. stateless),yes,eu_stock.csv
Austria,AUT,2014,foreign_nationals,1060446,Eurostat [migr_pop1ctz],https://ec.europa.eu/eurostat/api/dissemination/statistics/1.0/data/migr_pop1ctz?format=JSON&lang=EN&geo=AT&age=TOTAL&sex=T&unit=NR&citizen=FOR_STLS&sinceTimePeriod=2010&untilTimePeriod=2022,stock at 1 Jan; citizen=FOR_STLS (foreign citizens incl. stateless),yes,eu_stock.csv
Austria,AUT,2015,foreign_nationals,1139736,Eurostat [migr_pop1ctz],https://ec.europa.eu/eurostat/api/dissemination/statistics/1.0/data/migr_pop1ctz?format=JSON&lang=EN&geo=AT&age=TOTAL&sex=T&unit=NR&citizen=FOR_STLS&sinceTimePeriod=2010&untilTimePeriod=2022,stock at 1 Jan; citizen=FOR_STLS (foreign citizens incl. stateless),yes,eu_stock.csv
Austria,AUT,2016,foreign_nationals,1260188,Eurostat [migr_pop1ctz],https://ec.europa.eu/eurostat/api/dissemination/statistics/1.0/data/migr_pop1ctz?format=JSON&lang=EN&geo=AT&age=TOTAL&sex=T&unit=NR&citizen=FOR_STLS&sinceTimePeriod=2010&untilTimePeriod=2022,stock at 1 Jan; citizen=FOR_STLS (foreign citizens incl. stateless),yes,eu_stock.csv
Austria,AUT,2017,foreign_nationals,1333239,Eurostat [migr_pop1ctz],https://ec.europa.eu/eurostat/api/dissemination/statistics/1.0/data/migr_pop1ctz?format=JSON&lang=EN&geo=AT&age=TOTAL&sex=T&unit=NR&citizen=FOR_STLS&sinceTimePeriod=2010&untilTimePeriod=2022,stock at 1 Jan; citizen=FOR_STLS (foreign citizens incl. stateless),yes,eu_stock.csv
Austria,AUT,2018,foreign_nationals,1385823,Eurostat [migr_pop1ctz],https://ec.europa.eu/eurostat/api/dissemination/statistics/1.0/data/migr_pop1ctz?format=JSON&lang=EN&geo=AT&age=TOTAL&sex=T&unit=NR&citizen=FOR_STLS&sinceTimePeriod=2010&untilTimePeriod=2022,stock at 1 Jan; citizen=FOR_STLS (foreign citizens incl. stateless),yes,eu_stock.csv
Austria,AUT,2019,foreign_nationals,1427105,Eurostat [migr_pop1ctz],https://ec.europa.eu/eurostat/api/dissemination/statistics/1.0/data/migr_pop1ctz?format=JSON&lang=EN&geo=AT&age=TOTAL&sex=T&unit=NR&citizen=FOR_STLS&sinceTimePeriod=2010&untilTimePeriod=2022,stock at 1 Jan; citizen=FOR_STLS (foreign citizens incl. stateless),yes,eu_stock.csv
Austria,AUT,2020,foreign_nationals,1473453,Eurostat [migr_pop1ctz],https://ec.europa.eu/eurostat/api/dissemination/statistics/1.0/data/migr_pop1ctz?format=JSON&lang=EN&geo=AT&age=TOTAL&sex=T&unit=NR&citizen=FOR_STLS&sinceTimePeriod=2010&untilTimePeriod=2022,stock at 1 Jan; citizen=FOR_STLS (foreign citizens incl. stateless),yes,eu_stock.csv
Austria,AUT,2021,foreign_nationals,1517372,Eurostat [migr_pop1ctz],https://ec.europa.eu/eurostat/api/dissemination/statistics/1.0/data/migr_pop1ctz?format=JSON&lang=EN&geo=AT&age=TOTAL&sex=T&unit=NR&citizen=FOR_STLS&sinceTimePeriod=2010&untilTimePeriod=2022,stock at 1 Jan; citizen=FOR_STLS (foreign citizens incl. stateless),yes,eu_stock.csv
Austria,AUT,2022,foreign_nationals,1572316,Eurostat [migr_pop1ctz],https://ec.europa.eu/eurostat/api/dissemination/statistics/1.0/data/migr_pop1ctz?format=JSON&lang=EN&geo=AT&age=TOTAL&sex=T&unit=NR&citizen=FOR_STLS&sinceTimePeriod=2010&untilTimePeriod=2022,stock at 1 Jan; citizen=FOR_STLS (foreign citizens incl. stateless),yes,eu_stock.csv
Austria,AUT,2010,irregular_proxy_detections,15220,"Eurostat, Third country nationals found to be illegally present (migr_eipre)",https://ec.europa.eu/eurostat/databrowser/view/migr_eipre/default/table,"Eurostat enforcement statistic - annual flow of detections, NOT a stock. Dataset migr_eipre, dimensions freq=A citizen=TOTAL reason=TOTAL apprehen=TOTAL sex=T age=TOTAL unit=PER. Rounded to nearest 5 by Eurostat.",yes,irregular_eu.csv
Austria,AUT,2011,irregular_proxy_detections,20080,"Eurostat, Third country nationals found to be illegally present (migr_eipre)",https://ec.europa.eu/eurostat/databrowser/view/migr_eipre/default/table,"Eurostat enforcement statistic - annual flow of detections, NOT a stock. Dataset migr_eipre, dimensions freq=A citizen=TOTAL reason=TOTAL apprehen=TOTAL sex=T age=TOTAL unit=PER. Rounded to nearest 5 by Eurostat.",yes,irregular_eu.csv
Austria,AUT,2012,irregular_proxy_detections,23135,"Eurostat, Third country nationals found to be illegally present (migr_eipre)",https://ec.europa.eu/eurostat/databrowser/view/migr_eipre/default/table,"Eurostat enforcement statistic - annual flow of detections, NOT a stock. Dataset migr_eipre, dimensions freq=A citizen=TOTAL reason=TOTAL apprehen=TOTAL sex=T age=TOTAL unit=PER. Rounded to nearest 5 by Eurostat.",yes,irregular_eu.csv
Austria,AUT,2013,irregular_proxy_detections,25960,"Eurostat, Third country nationals found to be illegally present (migr_eipre)",https://ec.europa.eu/eurostat/databrowser/view/migr_eipre/default/table,"Eurostat enforcement statistic - annual flow of detections, NOT a stock. Dataset migr_eipre, dimensions freq=A citizen=TOTAL reason=TOTAL apprehen=TOTAL sex=T age=TOTAL unit=PER. Rounded to nearest 5 by Eurostat.",yes,irregular_eu.csv
Austria,AUT,2014,irregular_proxy_detections,33055,"Eurostat, Third country nationals found to be illegally present (migr_eipre)",https://ec.europa.eu/eurostat/databrowser/view/migr_eipre/default/table,"Eurostat enforcement statistic - annual flow of detections, NOT a stock. Dataset migr_eipre, dimensions freq=A citizen=TOTAL reason=TOTAL apprehen=TOTAL sex=T age=TOTAL unit=PER. Rounded to nearest 5 by Eurostat.",yes,irregular_eu.csv
Austria,AUT,2015,irregular_proxy_detections,86220,"Eurostat, Third country nationals found to be illegally present (migr_eipre)",https://ec.europa.eu/eurostat/databrowser/view/migr_eipre/default/table,"Eurostat enforcement statistic - annual flow of detections, NOT a stock. Dataset migr_eipre, dimensions freq=A citizen=TOTAL reason=TOTAL apprehen=TOTAL sex=T age=TOTAL unit=PER. Rounded to nearest 5 by Eurostat.",yes,irregular_eu.csv
Austria,AUT,2016,irregular_proxy_detections,49810,"Eurostat, Third country nationals found to be illegally present (migr_eipre)",https://ec.europa.eu/eurostat/databrowser/view/migr_eipre/default/table,"Eurostat enforcement statistic - annual flow of detections, NOT a stock. Dataset migr_eipre, dimensions freq=A citizen=TOTAL reason=TOTAL apprehen=TOTAL sex=T age=TOTAL unit=PER. Rounded to nearest 5 by Eurostat.",yes,irregular_eu.csv
Austria,AUT,2017,irregular_proxy_detections,26660,"Eurostat, Third country nationals found to be illegally present (migr_eipre)",https://ec.europa.eu/eurostat/databrowser/view/migr_eipre/default/table,"Eurostat enforcement statistic - annual flow of detections, NOT a stock. Dataset migr_eipre, dimensions freq=A citizen=TOTAL reason=TOTAL apprehen=TOTAL sex=T age=TOTAL unit=PER. Rounded to nearest 5 by Eurostat.",yes,irregular_eu.csv
Austria,AUT,2018,irregular_proxy_detections,18840,"Eurostat, Third country nationals found to be illegally present (migr_eipre)",https://ec.europa.eu/eurostat/databrowser/view/migr_eipre/default/table,"Eurostat enforcement statistic - annual flow of detections, NOT a stock. Dataset migr_eipre, dimensions freq=A citizen=TOTAL reason=TOTAL apprehen=TOTAL sex=T age=TOTAL unit=PER. Rounded to nearest 5 by Eurostat.",yes,irregular_eu.csv
Austria,AUT,2019,irregular_proxy_detections,16090,"Eurostat, Third country nationals found to be illegally present (migr_eipre)",https://ec.europa.eu/eurostat/databrowser/view/migr_eipre/default/table,"Eurostat enforcement statistic - annual flow of detections, NOT a stock. Dataset migr_eipre, dimensions freq=A citizen=TOTAL reason=TOTAL apprehen=TOTAL sex=T age=TOTAL unit=PER. Rounded to nearest 5 by Eurostat.",yes,irregular_eu.csv
Austria,AUT,2020,irregular_proxy_detections,18715,"Eurostat, Third country nationals found to be illegally present (migr_eipre)",https://ec.europa.eu/eurostat/databrowser/view/migr_eipre/default/table,"Eurostat enforcement statistic - annual flow of detections, NOT a stock. Dataset migr_eipre, dimensions freq=A citizen=TOTAL reason=TOTAL apprehen=TOTAL sex=T age=TOTAL unit=PER. Rounded to nearest 5 by Eurostat.",yes,irregular_eu.csv
Austria,AUT,2021,irregular_proxy_detections,38410,"Eurostat, Third country nationals found to be illegally present (migr_eipre)",https://ec.europa.eu/eurostat/databrowser/view/migr_eipre/default/table,"Eurostat enforcement statistic - annual flow of detections, NOT a stock. Dataset migr_eipre, dimensions freq=A citizen=TOTAL reason=TOTAL apprehen=TOTAL sex=T age=TOTAL unit=PER. Rounded to nearest 5 by Eurostat.",yes,irregular_eu.csv
Austria,AUT,2022,irregular_proxy_detections,105545,"Eurostat, Third country nationals found to be illegally present (migr_eipre)",https://ec.europa.eu/eurostat/databrowser/view/migr_eipre/default/table,"Eurostat enforcement statistic - annual flow of detections, NOT a stock. Dataset migr_eipre, dimensions freq=A citizen=TOTAL reason=TOTAL apprehen=TOTAL sex=T age=TOTAL unit=PER. Rounded to nearest 5 by Eurostat.",yes,irregular_eu.csv
Austria,AUT,2017,irregular_stock,150000,"Pew Research Center (2019), Europe's Unauthorized Immigrant Population Peaks in 2016, Then Levels Off",https://www.pewresearch.org/global/2019/11/13/europes-unauthorized-immigrant-population-peaks-in-2016-then-levels-off/,"Pew residual method (population/labour-force data minus lawfully resident foreign-born), estimate INCLUDES asylum seekers awaiting a decision; published range 100000-200000, value is the midpoint of the published range. Pew reports only rounded 100k bounds.",yes,irregular_eu.csv
Austria,AUT,2010,population,8363404,"World Bank, World Development Indicators (SP.POP.TOTL), sourced from UN World Population Prospects and national statistical offices",https://api.worldbank.org/v2/country/all/indicator/SP.POP.TOTL,"Total resident population, mid-year estimate. Retrieved via World Bank API, August 2026.",yes,worldbank_api
Austria,AUT,2011,population,8391643,"World Bank, World Development Indicators (SP.POP.TOTL), sourced from UN World Population Prospects and national statistical offices",https://api.worldbank.org/v2/country/all/indicator/SP.POP.TOTL,"Total resident population, mid-year estimate. Retrieved via World Bank API, August 2026.",yes,worldbank_api
Austria,AUT,2012,population,8429991,"World Bank, World Development Indicators (SP.POP.TOTL), sourced from UN World Population Prospects and national statistical offices",https://api.worldbank.org/v2/country/all/indicator/SP.POP.TOTL,"Total resident population, mid-year estimate. Retrieved via World Bank API, August 2026.",yes,worldbank_api
Austria,AUT,2013,population,8479823,"World Bank, World Development Indicators (SP.POP.TOTL), sourced from UN World Population Prospects and national statistical offices",https://api.worldbank.org/v2/country/all/indicator/SP.POP.TOTL,"Total resident population, mid-year estimate. Retrieved via World Bank API, August 2026.",yes,worldbank_api
Austria,AUT,2014,population,8546356,"World Bank, World Development Indicators (SP.POP.TOTL), sourced from UN World Population Prospects and national statistical offices",https://api.worldbank.org/v2/country/all/indicator/SP.POP.TOTL,"Total resident population, mid-year estimate. Retrieved via World Bank API, August 2026.",yes,worldbank_api
Austria,AUT,2015,population,8642699,"World Bank, World Development Indicators (SP.POP.TOTL), sourced from UN World Population Prospects and national statistical offices",https://api.worldbank.org/v2/country/all/indicator/SP.POP.TOTL,"Total resident population, mid-year estimate. Retrieved via World Bank API, August 2026.",yes,worldbank_api
Austria,AUT,2016,population,8736668,"World Bank, World Development Indicators (SP.POP.TOTL), sourced from UN World Population Prospects and national statistical offices",https://api.worldbank.org/v2/country/all/indicator/SP.POP.TOTL,"Total resident population, mid-year estimate. Retrieved via World Bank API, August 2026.",yes,worldbank_api
Austria,AUT,2017,population,8797566,"World Bank, World Development Indicators (SP.POP.TOTL), sourced from UN World Population Prospects and national statistical offices",https://api.worldbank.org/v2/country/all/indicator/SP.POP.TOTL,"Total resident population, mid-year estimate. Retrieved via World Bank API, August 2026.",yes,worldbank_api
Austria,AUT,2018,population,8840521,"World Bank, World Development Indicators (SP.POP.TOTL), sourced from UN World Population Prospects and national statistical offices",https://api.worldbank.org/v2/country/all/indicator/SP.POP.TOTL,"Total resident population, mid-year estimate. Retrieved via World Bank API, August 2026.",yes,worldbank_api
Austria,AUT,2019,population,8879920,"World Bank, World Development Indicators (SP.POP.TOTL), sourced from UN World Population Prospects and national statistical offices",https://api.worldbank.org/v2/country/all/indicator/SP.POP.TOTL,"Total resident population, mid-year estimate. Retrieved via World Bank API, August 2026.",yes,worldbank_api
Austria,AUT,2020,population,8916864,"World Bank, World Development Indicators (SP.POP.TOTL), sourced from UN World Population Prospects and national statistical offices",https://api.worldbank.org/v2/country/all/indicator/SP.POP.TOTL,"Total resident population, mid-year estimate. Retrieved via World Bank API, August 2026.",yes,worldbank_api
Austria,AUT,2021,population,8955797,"World Bank, World Development Indicators (SP.POP.TOTL), sourced from UN World Population Prospects and national statistical offices",https://api.worldbank.org/v2/country/all/indicator/SP.POP.TOTL,"Total resident population, mid-year estimate. Retrieved via World Bank API, August 2026.",yes,worldbank_api
Austria,AUT,2022,population,9041851,"World Bank, World Development Indicators (SP.POP.TOTL), sourced from UN World Population Prospects and national statistical offices",https://api.worldbank.org/v2/country/all/indicator/SP.POP.TOTL,"Total resident population, mid-year estimate. Retrieved via World Bank API, August 2026.",yes,worldbank_api
Belgium,BEL,2010,foreign_born,1503806,Eurostat [migr_pop3ctb],https://ec.europa.eu/eurostat/api/dissemination/statistics/1.0/data/migr_pop3ctb?format=JSON&lang=EN&geo=BE&age=TOTAL&sex=T&unit=NR&c_birth=FOR&sinceTimePeriod=2010&untilTimePeriod=2022,stock at 1 Jan; c_birth=FOR (born in a foreign country),yes,eu_stock.csv
Belgium,BEL,2011,foreign_born,1628793,Eurostat [migr_pop3ctb],https://ec.europa.eu/eurostat/api/dissemination/statistics/1.0/data/migr_pop3ctb?format=JSON&lang=EN&geo=BE&age=TOTAL&sex=T&unit=NR&c_birth=FOR&sinceTimePeriod=2010&untilTimePeriod=2022,stock at 1 Jan; c_birth=FOR (born in a foreign country),yes,eu_stock.csv
Belgium,BEL,2012,foreign_born,1677737,Eurostat [migr_pop3ctb],https://ec.europa.eu/eurostat/api/dissemination/statistics/1.0/data/migr_pop3ctb?format=JSON&lang=EN&geo=BE&age=TOTAL&sex=T&unit=NR&c_birth=FOR&sinceTimePeriod=2010&untilTimePeriod=2022,stock at 1 Jan; c_birth=FOR (born in a foreign country),yes,eu_stock.csv
Belgium,BEL,2013,foreign_born,1722265,Eurostat [migr_pop3ctb],https://ec.europa.eu/eurostat/api/dissemination/statistics/1.0/data/migr_pop3ctb?format=JSON&lang=EN&geo=BE&age=TOTAL&sex=T&unit=NR&c_birth=FOR&sinceTimePeriod=2010&untilTimePeriod=2022,stock at 1 Jan; c_birth=FOR (born in a foreign country),yes,eu_stock.csv
Belgium,BEL,2014,foreign_born,1748748,Eurostat [migr_pop3ctb],https://ec.europa.eu/eurostat/api/dissemination/statistics/1.0/data/migr_pop3ctb?format=JSON&lang=EN&geo=BE&age=TOTAL&sex=T&unit=NR&c_birth=FOR&sinceTimePeriod=2010&untilTimePeriod=2022,stock at 1 Jan; c_birth=FOR (born in a foreign country),yes,eu_stock.csv
Belgium,BEL,2015,foreign_born,1783488,Eurostat [migr_pop3ctb],https://ec.europa.eu/eurostat/api/dissemination/statistics/1.0/data/migr_pop3ctb?format=JSON&lang=EN&geo=BE&age=TOTAL&sex=T&unit=NR&c_birth=FOR&sinceTimePeriod=2010&untilTimePeriod=2022,stock at 1 Jan; c_birth=FOR (born in a foreign country),yes,eu_stock.csv
Belgium,BEL,2016,foreign_born,1845631,Eurostat [migr_pop3ctb],https://ec.europa.eu/eurostat/api/dissemination/statistics/1.0/data/migr_pop3ctb?format=JSON&lang=EN&geo=BE&age=TOTAL&sex=T&unit=NR&c_birth=FOR&sinceTimePeriod=2010&untilTimePeriod=2022,stock at 1 Jan; c_birth=FOR (born in a foreign country),yes,eu_stock.csv
Belgium,BEL,2017,foreign_born,1876726,Eurostat [migr_pop3ctb],https://ec.europa.eu/eurostat/api/dissemination/statistics/1.0/data/migr_pop3ctb?format=JSON&lang=EN&geo=BE&age=TOTAL&sex=T&unit=NR&c_birth=FOR&sinceTimePeriod=2010&untilTimePeriod=2022,stock at 1 Jan; c_birth=FOR (born in a foreign country),yes,eu_stock.csv
Belgium,BEL,2018,foreign_born,1916272,Eurostat [migr_pop3ctb],https://ec.europa.eu/eurostat/api/dissemination/statistics/1.0/data/migr_pop3ctb?format=JSON&lang=EN&geo=BE&age=TOTAL&sex=T&unit=NR&c_birth=FOR&sinceTimePeriod=2010&untilTimePeriod=2022,stock at 1 Jan; c_birth=FOR (born in a foreign country),yes,eu_stock.csv
Belgium,BEL,2019,foreign_born,1968060,Eurostat [migr_pop3ctb],https://ec.europa.eu/eurostat/api/dissemination/statistics/1.0/data/migr_pop3ctb?format=JSON&lang=EN&geo=BE&age=TOTAL&sex=T&unit=NR&c_birth=FOR&sinceTimePeriod=2010&untilTimePeriod=2022,stock at 1 Jan; c_birth=FOR (born in a foreign country),yes,eu_stock.csv
Belgium,BEL,2020,foreign_born,2027763,Eurostat [migr_pop3ctb],https://ec.europa.eu/eurostat/api/dissemination/statistics/1.0/data/migr_pop3ctb?format=JSON&lang=EN&geo=BE&age=TOTAL&sex=T&unit=NR&c_birth=FOR&sinceTimePeriod=2010&untilTimePeriod=2022,stock at 1 Jan; c_birth=FOR (born in a foreign country),yes,eu_stock.csv
Belgium,BEL,2021,foreign_born,2065727,Eurostat [migr_pop3ctb],https://ec.europa.eu/eurostat/api/dissemination/statistics/1.0/data/migr_pop3ctb?format=JSON&lang=EN&geo=BE&age=TOTAL&sex=T&unit=NR&c_birth=FOR&sinceTimePeriod=2010&untilTimePeriod=2022,stock at 1 Jan; c_birth=FOR (born in a foreign country),yes,eu_stock.csv
Belgium,BEL,2022,foreign_born,2119691,Eurostat [migr_pop3ctb],https://ec.europa.eu/eurostat/api/dissemination/statistics/1.0/data/migr_pop3ctb?format=JSON&lang=EN&geo=BE&age=TOTAL&sex=T&unit=NR&c_birth=FOR&sinceTimePeriod=2010&untilTimePeriod=2022,stock at 1 Jan; c_birth=FOR (born in a foreign country),yes,eu_stock.csv
Belgium,BEL,2010,foreign_nationals,1052844,Eurostat [migr_pop1ctz],https://ec.europa.eu/eurostat/api/dissemination/statistics/1.0/data/migr_pop1ctz?format=JSON&lang=EN&geo=BE&age=TOTAL&sex=T&unit=NR&citizen=FOR_STLS&sinceTimePeriod=2010&untilTimePeriod=2022,stock at 1 Jan; citizen=FOR_STLS (foreign citizens incl. stateless),yes,eu_stock.csv
Belgium,BEL,2011,foreign_nationals,1162608,Eurostat [migr_pop1ctz],https://ec.europa.eu/eurostat/api/dissemination/statistics/1.0/data/migr_pop1ctz?format=JSON&lang=EN&geo=BE&age=TOTAL&sex=T&unit=NR&citizen=FOR_STLS&sinceTimePeriod=2010&untilTimePeriod=2022,stock at 1 Jan; citizen=FOR_STLS (foreign citizens incl. stateless),yes,eu_stock.csv
Belgium,BEL,2012,foreign_nationals,1197598,Eurostat [migr_pop1ctz],https://ec.europa.eu/eurostat/api/dissemination/statistics/1.0/data/migr_pop1ctz?format=JSON&lang=EN&geo=BE&age=TOTAL&sex=T&unit=NR&citizen=FOR_STLS&sinceTimePeriod=2010&untilTimePeriod=2022,stock at 1 Jan; citizen=FOR_STLS (foreign citizens incl. stateless),yes,eu_stock.csv
Belgium,BEL,2013,foreign_nationals,1222741,Eurostat [migr_pop1ctz],https://ec.europa.eu/eurostat/api/dissemination/statistics/1.0/data/migr_pop1ctz?format=JSON&lang=EN&geo=BE&age=TOTAL&sex=T&unit=NR&citizen=FOR_STLS&sinceTimePeriod=2010&untilTimePeriod=2022,stock at 1 Jan; citizen=FOR_STLS (foreign citizens incl. stateless),yes,eu_stock.csv
Belgium,BEL,2014,foreign_nationals,1237696,Eurostat [migr_pop1ctz],https://ec.europa.eu/eurostat/api/dissemination/statistics/1.0/data/migr_pop1ctz?format=JSON&lang=EN&geo=BE&age=TOTAL&sex=T&unit=NR&citizen=FOR_STLS&sinceTimePeriod=2010&untilTimePeriod=2022,stock at 1 Jan; citizen=FOR_STLS (foreign citizens incl. stateless),yes,eu_stock.csv
Belgium,BEL,2015,foreign_nationals,1272751,Eurostat [migr_pop1ctz],https://ec.europa.eu/eurostat/api/dissemination/statistics/1.0/data/migr_pop1ctz?format=JSON&lang=EN&geo=BE&age=TOTAL&sex=T&unit=NR&citizen=FOR_STLS&sinceTimePeriod=2010&untilTimePeriod=2022,stock at 1 Jan; citizen=FOR_STLS (foreign citizens incl. stateless),yes,eu_stock.csv
Belgium,BEL,2016,foreign_nationals,1327421,Eurostat [migr_pop1ctz],https://ec.europa.eu/eurostat/api/dissemination/statistics/1.0/data/migr_pop1ctz?format=JSON&lang=EN&geo=BE&age=TOTAL&sex=T&unit=NR&citizen=FOR_STLS&sinceTimePeriod=2010&untilTimePeriod=2022,stock at 1 Jan; citizen=FOR_STLS (foreign citizens incl. stateless),yes,eu_stock.csv
Belgium,BEL,2017,foreign_nationals,1346358,Eurostat [migr_pop1ctz],https://ec.europa.eu/eurostat/api/dissemination/statistics/1.0/data/migr_pop1ctz?format=JSON&lang=EN&geo=BE&age=TOTAL&sex=T&unit=NR&citizen=FOR_STLS&sinceTimePeriod=2010&untilTimePeriod=2022,stock at 1 Jan; citizen=FOR_STLS (foreign citizens incl. stateless),yes,eu_stock.csv
Belgium,BEL,2018,foreign_nationals,1366070,Eurostat [migr_pop1ctz],https://ec.europa.eu/eurostat/api/dissemination/statistics/1.0/data/migr_pop1ctz?format=JSON&lang=EN&geo=BE&age=TOTAL&sex=T&unit=NR&citizen=FOR_STLS&sinceTimePeriod=2010&untilTimePeriod=2022,stock at 1 Jan; citizen=FOR_STLS (foreign citizens incl. stateless),yes,eu_stock.csv
Belgium,BEL,2019,foreign_nationals,1400238,Eurostat [migr_pop1ctz],https://ec.europa.eu/eurostat/api/dissemination/statistics/1.0/data/migr_pop1ctz?format=JSON&lang=EN&geo=BE&age=TOTAL&sex=T&unit=NR&citizen=FOR_STLS&sinceTimePeriod=2010&untilTimePeriod=2022,stock at 1 Jan; citizen=FOR_STLS (foreign citizens incl. stateless),yes,eu_stock.csv
Belgium,BEL,2020,foreign_nationals,1437580,Eurostat [migr_pop1ctz],https://ec.europa.eu/eurostat/api/dissemination/statistics/1.0/data/migr_pop1ctz?format=JSON&lang=EN&geo=BE&age=TOTAL&sex=T&unit=NR&citizen=FOR_STLS&sinceTimePeriod=2010&untilTimePeriod=2022,stock at 1 Jan; citizen=FOR_STLS (foreign citizens incl. stateless),yes,eu_stock.csv
Belgium,BEL,2021,foreign_nationals,1454039,Eurostat [migr_pop1ctz],https://ec.europa.eu/eurostat/api/dissemination/statistics/1.0/data/migr_pop1ctz?format=JSON&lang=EN&geo=BE&age=TOTAL&sex=T&unit=NR&citizen=FOR_STLS&sinceTimePeriod=2010&untilTimePeriod=2022,stock at 1 Jan; citizen=FOR_STLS (foreign citizens incl. stateless),yes,eu_stock.csv
Belgium,BEL,2022,foreign_nationals,1488896,Eurostat [migr_pop1ctz],https://ec.europa.eu/eurostat/api/dissemination/statistics/1.0/data/migr_pop1ctz?format=JSON&lang=EN&geo=BE&age=TOTAL&sex=T&unit=NR&citizen=FOR_STLS&sinceTimePeriod=2010&untilTimePeriod=2022,stock at 1 Jan; citizen=FOR_STLS (foreign citizens incl. stateless),yes,eu_stock.csv
Belgium,BEL,2010,irregular_proxy_detections,12115,"Eurostat, Third country nationals found to be illegally present (migr_eipre)",https://ec.europa.eu/eurostat/databrowser/view/migr_eipre/default/table,"Eurostat enforcement statistic - annual flow of detections, NOT a stock. Dataset migr_eipre, dimensions freq=A citizen=TOTAL reason=TOTAL apprehen=TOTAL sex=T age=TOTAL unit=PER. Rounded to nearest 5 by Eurostat.",yes,irregular_eu.csv
Belgium,BEL,2011,irregular_proxy_detections,13550,"Eurostat, Third country nationals found to be illegally present (migr_eipre)",https://ec.europa.eu/eurostat/databrowser/view/migr_eipre/default/table,"Eurostat enforcement statistic - annual flow of detections, NOT a stock. Dataset migr_eipre, dimensions freq=A citizen=TOTAL reason=TOTAL apprehen=TOTAL sex=T age=TOTAL unit=PER. Rounded to nearest 5 by Eurostat.",yes,irregular_eu.csv
Belgium,BEL,2012,irregular_proxy_detections,15085,"Eurostat, Third country nationals found to be illegally present (migr_eipre)",https://ec.europa.eu/eurostat/databrowser/view/migr_eipre/default/table,"Eurostat enforcement statistic - annual flow of detections, NOT a stock. Dataset migr_eipre, dimensions freq=A citizen=TOTAL reason=TOTAL apprehen=TOTAL sex=T age=TOTAL unit=PER. Rounded to nearest 5 by Eurostat.",yes,irregular_eu.csv
Belgium,BEL,2013,irregular_proxy_detections,15075,"Eurostat, Third country nationals found to be illegally present (migr_eipre)",https://ec.europa.eu/eurostat/databrowser/view/migr_eipre/default/table,"Eurostat enforcement statistic - annual flow of detections, NOT a stock. Dataset migr_eipre, dimensions freq=A citizen=TOTAL reason=TOTAL apprehen=TOTAL sex=T age=TOTAL unit=PER. Rounded to nearest 5 by Eurostat.",yes,irregular_eu.csv
Belgium,BEL,2014,irregular_proxy_detections,15540,"Eurostat, Third country nationals found to be illegally present (migr_eipre)",https://ec.europa.eu/eurostat/databrowser/view/migr_eipre/default/table,"Eurostat enforcement statistic - annual flow of detections, NOT a stock. Dataset migr_eipre, dimensions freq=A citizen=TOTAL reason=TOTAL apprehen=TOTAL sex=T age=TOTAL unit=PER. Rounded to nearest 5 by Eurostat.",yes,irregular_eu.csv
Belgium,BEL,2015,irregular_proxy_detections,16275,"Eurostat, Third country nationals found to be illegally present (migr_eipre)",https://ec.europa.eu/eurostat/databrowser/view/migr_eipre/default/table,"Eurostat enforcement statistic - annual flow of detections, NOT a stock. Dataset migr_eipre, dimensions freq=A citizen=TOTAL reason=TOTAL apprehen=TOTAL sex=T age=TOTAL unit=PER. Rounded to nearest 5 by Eurostat.",yes,irregular_eu.csv
Belgium,BEL,2016,irregular_proxy_detections,19320,"Eurostat, Third country nationals found to be illegally present (migr_eipre)",https://ec.europa.eu/eurostat/databrowser/view/migr_eipre/default/table,"Eurostat enforcement statistic - annual flow of detections, NOT a stock. Dataset migr_eipre, dimensions freq=A citizen=TOTAL reason=TOTAL apprehen=TOTAL sex=T age=TOTAL unit=PER. Rounded to nearest 5 by Eurostat.",yes,irregular_eu.csv
Belgium,BEL,2017,irregular_proxy_detections,18285,"Eurostat, Third country nationals found to be illegally present (migr_eipre)",https://ec.europa.eu/eurostat/databrowser/view/migr_eipre/default/table,"Eurostat enforcement statistic - annual flow of detections, NOT a stock. Dataset migr_eipre, dimensions freq=A citizen=TOTAL reason=TOTAL apprehen=TOTAL sex=T age=TOTAL unit=PER. Rounded to nearest 5 by Eurostat.",yes,irregular_eu.csv
Belgium,BEL,2018,irregular_proxy_detections,19145,"Eurostat, Third country nationals found to be illegally present (migr_eipre)",https://ec.europa.eu/eurostat/databrowser/view/migr_eipre/default/table,"Eurostat enforcement statistic - annual flow of detections, NOT a stock. Dataset migr_eipre, dimensions freq=A citizen=TOTAL reason=TOTAL apprehen=TOTAL sex=T age=TOTAL unit=PER. Rounded to nearest 5 by Eurostat.",yes,irregular_eu.csv
Belgium,BEL,2019,irregular_proxy_detections,17585,"Eurostat, Third country nationals found to be illegally present (migr_eipre)",https://ec.europa.eu/eurostat/databrowser/view/migr_eipre/default/table,"Eurostat enforcement statistic - annual flow of detections, NOT a stock. Dataset migr_eipre, dimensions freq=A citizen=TOTAL reason=TOTAL apprehen=TOTAL sex=T age=TOTAL unit=PER. Rounded to nearest 5 by Eurostat.",yes,irregular_eu.csv
Belgium,BEL,2020,irregular_proxy_detections,11495,"Eurostat, Third country nationals found to be illegally present (migr_eipre)",https://ec.europa.eu/eurostat/databrowser/view/migr_eipre/default/table,"Eurostat enforcement statistic - annual flow of detections, NOT a stock. Dataset migr_eipre, dimensions freq=A citizen=TOTAL reason=TOTAL apprehen=TOTAL sex=T age=TOTAL unit=PER. Rounded to nearest 5 by Eurostat.",yes,irregular_eu.csv
Belgium,BEL,2021,irregular_proxy_detections,10885,"Eurostat, Third country nationals found to be illegally present (migr_eipre)",https://ec.europa.eu/eurostat/databrowser/view/migr_eipre/default/table,"Eurostat enforcement statistic - annual flow of detections, NOT a stock. Dataset migr_eipre, dimensions freq=A citizen=TOTAL reason=TOTAL apprehen=TOTAL sex=T age=TOTAL unit=PER. Rounded to nearest 5 by Eurostat.",yes,irregular_eu.csv
Belgium,BEL,2022,irregular_proxy_detections,10965,"Eurostat, Third country nationals found to be illegally present (migr_eipre)",https://ec.europa.eu/eurostat/databrowser/view/migr_eipre/default/table,"Eurostat enforcement statistic - annual flow of detections, NOT a stock. Dataset migr_eipre, dimensions freq=A citizen=TOTAL reason=TOTAL apprehen=TOTAL sex=T age=TOTAL unit=PER. Rounded to nearest 5 by Eurostat.",yes,irregular_eu.csv
Belgium,BEL,2010,population,10895586,"World Bank, World Development Indicators (SP.POP.TOTL), sourced from UN World Population Prospects and national statistical offices",https://api.worldbank.org/v2/country/all/indicator/SP.POP.TOTL,"Total resident population, mid-year estimate. Retrieved via World Bank API, August 2026.",yes,worldbank_api
Belgium,BEL,2011,population,11038264,"World Bank, World Development Indicators (SP.POP.TOTL), sourced from UN World Population Prospects and national statistical offices",https://api.worldbank.org/v2/country/all/indicator/SP.POP.TOTL,"Total resident population, mid-year estimate. Retrieved via World Bank API, August 2026.",yes,worldbank_api
Belgium,BEL,2012,population,11106932,"World Bank, World Development Indicators (SP.POP.TOTL), sourced from UN World Population Prospects and national statistical offices",https://api.worldbank.org/v2/country/all/indicator/SP.POP.TOTL,"Total resident population, mid-year estimate. Retrieved via World Bank API, August 2026.",yes,worldbank_api
Belgium,BEL,2013,population,11159407,"World Bank, World Development Indicators (SP.POP.TOTL), sourced from UN World Population Prospects and national statistical offices",https://api.worldbank.org/v2/country/all/indicator/SP.POP.TOTL,"Total resident population, mid-year estimate. Retrieved via World Bank API, August 2026.",yes,worldbank_api
Belgium,BEL,2014,population,11209057,"World Bank, World Development Indicators (SP.POP.TOTL), sourced from UN World Population Prospects and national statistical offices",https://api.worldbank.org/v2/country/all/indicator/SP.POP.TOTL,"Total resident population, mid-year estimate. Retrieved via World Bank API, August 2026.",yes,worldbank_api
Belgium,BEL,2015,population,11274196,"World Bank, World Development Indicators (SP.POP.TOTL), sourced from UN World Population Prospects and national statistical offices",https://api.worldbank.org/v2/country/all/indicator/SP.POP.TOTL,"Total resident population, mid-year estimate. Retrieved via World Bank API, August 2026.",yes,worldbank_api
Belgium,BEL,2016,population,11331422,"World Bank, World Development Indicators (SP.POP.TOTL), sourced from UN World Population Prospects and national statistical offices",https://api.worldbank.org/v2/country/all/indicator/SP.POP.TOTL,"Total resident population, mid-year estimate. Retrieved via World Bank API, August 2026.",yes,worldbank_api
Belgium,BEL,2017,population,11375158,"World Bank, World Development Indicators (SP.POP.TOTL), sourced from UN World Population Prospects and national statistical offices",https://api.worldbank.org/v2/country/all/indicator/SP.POP.TOTL,"Total resident population, mid-year estimate. Retrieved via World Bank API, August 2026.",yes,worldbank_api
Belgium,BEL,2018,population,11427054,"World Bank, World Development Indicators (SP.POP.TOTL), sourced from UN World Population Prospects and national statistical offices",https://api.worldbank.org/v2/country/all/indicator/SP.POP.TOTL,"Total resident population, mid-year estimate. Retrieved via World Bank API, August 2026.",yes,worldbank_api
Belgium,BEL,2019,population,11488980,"World Bank, World Development Indicators (SP.POP.TOTL), sourced from UN World Population Prospects and national statistical offices",https://api.worldbank.org/v2/country/all/indicator/SP.POP.TOTL,"Total resident population, mid-year estimate. Retrieved via World Bank API, August 2026.",yes,worldbank_api
Belgium,BEL,2020,population,11538604,"World Bank, World Development Indicators (SP.POP.TOTL), sourced from UN World Population Prospects and national statistical offices",https://api.worldbank.org/v2/country/all/indicator/SP.POP.TOTL,"Total resident population, mid-year estimate. Retrieved via World Bank API, August 2026.",yes,worldbank_api
Belgium,BEL,2021,population,11586195,"World Bank, World Development Indicators (SP.POP.TOTL), sourced from UN World Population Prospects and national statistical offices",https://api.worldbank.org/v2/country/all/indicator/SP.POP.TOTL,"Total resident population, mid-year estimate. Retrieved via World Bank API, August 2026.",yes,worldbank_api
Belgium,BEL,2022,population,11680210,"World Bank, World Development Indicators (SP.POP.TOTL), sourced from UN World Population Prospects and national statistical offices",https://api.worldbank.org/v2/country/all/indicator/SP.POP.TOTL,"Total resident population, mid-year estimate. Retrieved via World Bank API, August 2026.",yes,worldbank_api
Bulgaria,BGR,2011,foreign_born,78621,Eurostat [migr_pop3ctb],https://ec.europa.eu/eurostat/api/dissemination/statistics/1.0/data/migr_pop3ctb?format=JSON&lang=EN&geo=BG&age=TOTAL&sex=T&unit=NR&c_birth=FOR&sinceTimePeriod=2010&untilTimePeriod=2022,stock at 1 Jan; c_birth=FOR (born in a foreign country); Eurostat series starts in 2011,yes,eu_stock.csv
Bulgaria,BGR,2012,foreign_born,85076,Eurostat [migr_pop3ctb],https://ec.europa.eu/eurostat/api/dissemination/statistics/1.0/data/migr_pop3ctb?format=JSON&lang=EN&geo=BG&age=TOTAL&sex=T&unit=NR&c_birth=FOR&sinceTimePeriod=2010&untilTimePeriod=2022,stock at 1 Jan; c_birth=FOR (born in a foreign country); Eurostat series starts in 2011,yes,eu_stock.csv
Bulgaria,BGR,2013,foreign_born,95180,Eurostat [migr_pop3ctb],https://ec.europa.eu/eurostat/api/dissemination/statistics/1.0/data/migr_pop3ctb?format=JSON&lang=EN&geo=BG&age=TOTAL&sex=T&unit=NR&c_birth=FOR&sinceTimePeriod=2010&untilTimePeriod=2022,stock at 1 Jan; c_birth=FOR (born in a foreign country); Eurostat series starts in 2011,yes,eu_stock.csv
Bulgaria,BGR,2014,foreign_born,107275,Eurostat [migr_pop3ctb],https://ec.europa.eu/eurostat/api/dissemination/statistics/1.0/data/migr_pop3ctb?format=JSON&lang=EN&geo=BG&age=TOTAL&sex=T&unit=NR&c_birth=FOR&sinceTimePeriod=2010&untilTimePeriod=2022,stock at 1 Jan; c_birth=FOR (born in a foreign country); Eurostat series starts in 2011,yes,eu_stock.csv
Bulgaria,BGR,2015,foreign_born,120635,Eurostat [migr_pop3ctb],https://ec.europa.eu/eurostat/api/dissemination/statistics/1.0/data/migr_pop3ctb?format=JSON&lang=EN&geo=BG&age=TOTAL&sex=T&unit=NR&c_birth=FOR&sinceTimePeriod=2010&untilTimePeriod=2022,stock at 1 Jan; c_birth=FOR (born in a foreign country); Eurostat series starts in 2011,yes,eu_stock.csv
Bulgaria,BGR,2016,foreign_born,131924,Eurostat [migr_pop3ctb],https://ec.europa.eu/eurostat/api/dissemination/statistics/1.0/data/migr_pop3ctb?format=JSON&lang=EN&geo=BG&age=TOTAL&sex=T&unit=NR&c_birth=FOR&sinceTimePeriod=2010&untilTimePeriod=2022,stock at 1 Jan; c_birth=FOR (born in a foreign country); Eurostat series starts in 2011,yes,eu_stock.csv
Bulgaria,BGR,2017,foreign_born,139655,Eurostat [migr_pop3ctb],https://ec.europa.eu/eurostat/api/dissemination/statistics/1.0/data/migr_pop3ctb?format=JSON&lang=EN&geo=BG&age=TOTAL&sex=T&unit=NR&c_birth=FOR&sinceTimePeriod=2010&untilTimePeriod=2022,stock at 1 Jan; c_birth=FOR (born in a foreign country); Eurostat series starts in 2011,yes,eu_stock.csv
Bulgaria,BGR,2018,foreign_born,149096,Eurostat [migr_pop3ctb],https://ec.europa.eu/eurostat/api/dissemination/statistics/1.0/data/migr_pop3ctb?format=JSON&lang=EN&geo=BG&age=TOTAL&sex=T&unit=NR&c_birth=FOR&sinceTimePeriod=2010&untilTimePeriod=2022,stock at 1 Jan; c_birth=FOR (born in a foreign country); Eurostat series starts in 2011,yes,eu_stock.csv
Bulgaria,BGR,2019,foreign_born,162346,Eurostat [migr_pop3ctb],https://ec.europa.eu/eurostat/api/dissemination/statistics/1.0/data/migr_pop3ctb?format=JSON&lang=EN&geo=BG&age=TOTAL&sex=T&unit=NR&c_birth=FOR&sinceTimePeriod=2010&untilTimePeriod=2022,stock at 1 Jan; c_birth=FOR (born in a foreign country); Eurostat series starts in 2011,yes,eu_stock.csv
Bulgaria,BGR,2020,foreign_born,176321,Eurostat [migr_pop3ctb],https://ec.europa.eu/eurostat/api/dissemination/statistics/1.0/data/migr_pop3ctb?format=JSON&lang=EN&geo=BG&age=TOTAL&sex=T&unit=NR&c_birth=FOR&sinceTimePeriod=2010&untilTimePeriod=2022,stock at 1 Jan; c_birth=FOR (born in a foreign country); Eurostat series starts in 2011,yes,eu_stock.csv
Bulgaria,BGR,2021,foreign_born,188519,Eurostat [migr_pop3ctb],https://ec.europa.eu/eurostat/api/dissemination/statistics/1.0/data/migr_pop3ctb?format=JSON&lang=EN&geo=BG&age=TOTAL&sex=T&unit=NR&c_birth=FOR&sinceTimePeriod=2010&untilTimePeriod=2022,stock at 1 Jan; c_birth=FOR (born in a foreign country); Eurostat series starts in 2011,yes,eu_stock.csv
Bulgaria,BGR,2022,foreign_born,142214,Eurostat [migr_pop3ctb],https://ec.europa.eu/eurostat/api/dissemination/statistics/1.0/data/migr_pop3ctb?format=JSON&lang=EN&geo=BG&age=TOTAL&sex=T&unit=NR&c_birth=FOR&sinceTimePeriod=2010&untilTimePeriod=2022,stock at 1 Jan; c_birth=FOR (born in a foreign country); apparent break in series (population census re-basing); Eurostat series starts in 2011,yes,eu_stock.csv
Bulgaria,BGR,2010,foreign_nationals,38002,Eurostat [migr_pop1ctz],https://ec.europa.eu/eurostat/api/dissemination/statistics/1.0/data/migr_pop1ctz?format=JSON&lang=EN&geo=BG&age=TOTAL&sex=T&unit=NR&citizen=FOR_STLS&sinceTimePeriod=2010&untilTimePeriod=2022,stock at 1 Jan; citizen=FOR_STLS (foreign citizens incl. stateless),yes,eu_stock.csv
Bulgaria,BGR,2011,foreign_nationals,38815,Eurostat [migr_pop1ctz],https://ec.europa.eu/eurostat/api/dissemination/statistics/1.0/data/migr_pop1ctz?format=JSON&lang=EN&geo=BG&age=TOTAL&sex=T&unit=NR&citizen=FOR_STLS&sinceTimePeriod=2010&untilTimePeriod=2022,stock at 1 Jan; citizen=FOR_STLS (foreign citizens incl. stateless),yes,eu_stock.csv
Bulgaria,BGR,2012,foreign_nationals,39432,Eurostat [migr_pop1ctz],https://ec.europa.eu/eurostat/api/dissemination/statistics/1.0/data/migr_pop1ctz?format=JSON&lang=EN&geo=BG&age=TOTAL&sex=T&unit=NR&citizen=FOR_STLS&sinceTimePeriod=2010&untilTimePeriod=2022,stock at 1 Jan; citizen=FOR_STLS (foreign citizens incl. stateless),yes,eu_stock.csv
Bulgaria,BGR,2013,foreign_nationals,44506,Eurostat [migr_pop1ctz],https://ec.europa.eu/eurostat/api/dissemination/statistics/1.0/data/migr_pop1ctz?format=JSON&lang=EN&geo=BG&age=TOTAL&sex=T&unit=NR&citizen=FOR_STLS&sinceTimePeriod=2010&untilTimePeriod=2022,stock at 1 Jan; citizen=FOR_STLS (foreign citizens incl. stateless),yes,eu_stock.csv
Bulgaria,BGR,2014,foreign_nationals,53253,Eurostat [migr_pop1ctz],https://ec.europa.eu/eurostat/api/dissemination/statistics/1.0/data/migr_pop1ctz?format=JSON&lang=EN&geo=BG&age=TOTAL&sex=T&unit=NR&citizen=FOR_STLS&sinceTimePeriod=2010&untilTimePeriod=2022,stock at 1 Jan; citizen=FOR_STLS (foreign citizens incl. stateless),yes,eu_stock.csv
Bulgaria,BGR,2015,foreign_nationals,63879,Eurostat [migr_pop1ctz],https://ec.europa.eu/eurostat/api/dissemination/statistics/1.0/data/migr_pop1ctz?format=JSON&lang=EN&geo=BG&age=TOTAL&sex=T&unit=NR&citizen=FOR_STLS&sinceTimePeriod=2010&untilTimePeriod=2022,stock at 1 Jan; citizen=FOR_STLS (foreign citizens incl. stateless),yes,eu_stock.csv
Bulgaria,BGR,2016,foreign_nationals,71491,Eurostat [migr_pop1ctz],https://ec.europa.eu/eurostat/api/dissemination/statistics/1.0/data/migr_pop1ctz?format=JSON&lang=EN&geo=BG&age=TOTAL&sex=T&unit=NR&citizen=FOR_STLS&sinceTimePeriod=2010&untilTimePeriod=2022,stock at 1 Jan; citizen=FOR_STLS (foreign citizens incl. stateless),yes,eu_stock.csv
Bulgaria,BGR,2017,foreign_nationals,76562,Eurostat [migr_pop1ctz],https://ec.europa.eu/eurostat/api/dissemination/statistics/1.0/data/migr_pop1ctz?format=JSON&lang=EN&geo=BG&age=TOTAL&sex=T&unit=NR&citizen=FOR_STLS&sinceTimePeriod=2010&untilTimePeriod=2022,stock at 1 Jan; citizen=FOR_STLS (foreign citizens incl. stateless),yes,eu_stock.csv
Bulgaria,BGR,2018,foreign_nationals,82370,Eurostat [migr_pop1ctz],https://ec.europa.eu/eurostat/api/dissemination/statistics/1.0/data/migr_pop1ctz?format=JSON&lang=EN&geo=BG&age=TOTAL&sex=T&unit=NR&citizen=FOR_STLS&sinceTimePeriod=2010&untilTimePeriod=2022,stock at 1 Jan; citizen=FOR_STLS (foreign citizens incl. stateless),yes,eu_stock.csv
Bulgaria,BGR,2019,foreign_nationals,91243,Eurostat [migr_pop1ctz],https://ec.europa.eu/eurostat/api/dissemination/statistics/1.0/data/migr_pop1ctz?format=JSON&lang=EN&geo=BG&age=TOTAL&sex=T&unit=NR&citizen=FOR_STLS&sinceTimePeriod=2010&untilTimePeriod=2022,stock at 1 Jan; citizen=FOR_STLS (foreign citizens incl. stateless),yes,eu_stock.csv
Bulgaria,BGR,2020,foreign_nationals,100768,Eurostat [migr_pop1ctz],https://ec.europa.eu/eurostat/api/dissemination/statistics/1.0/data/migr_pop1ctz?format=JSON&lang=EN&geo=BG&age=TOTAL&sex=T&unit=NR&citizen=FOR_STLS&sinceTimePeriod=2010&untilTimePeriod=2022,stock at 1 Jan; citizen=FOR_STLS (foreign citizens incl. stateless),yes,eu_stock.csv
Bulgaria,BGR,2021,foreign_nationals,108438,Eurostat [migr_pop1ctz],https://ec.europa.eu/eurostat/api/dissemination/statistics/1.0/data/migr_pop1ctz?format=JSON&lang=EN&geo=BG&age=TOTAL&sex=T&unit=NR&citizen=FOR_STLS&sinceTimePeriod=2010&untilTimePeriod=2022,stock at 1 Jan; citizen=FOR_STLS (foreign citizens incl. stateless),yes,eu_stock.csv
Bulgaria,BGR,2022,foreign_nationals,63861,Eurostat [migr_pop1ctz],https://ec.europa.eu/eurostat/api/dissemination/statistics/1.0/data/migr_pop1ctz?format=JSON&lang=EN&geo=BG&age=TOTAL&sex=T&unit=NR&citizen=FOR_STLS&sinceTimePeriod=2010&untilTimePeriod=2022,stock at 1 Jan; citizen=FOR_STLS (foreign citizens incl. stateless); apparent break in series (population census re-basing),yes,eu_stock.csv
Bulgaria,BGR,2010,irregular_proxy_detections,1705,"Eurostat, Third country nationals found to be illegally present (migr_eipre)",https://ec.europa.eu/eurostat/databrowser/view/migr_eipre/default/table,"Eurostat enforcement statistic - annual flow of detections, NOT a stock. Dataset migr_eipre, dimensions freq=A citizen=TOTAL reason=TOTAL apprehen=TOTAL sex=T age=TOTAL unit=PER. Rounded to nearest 5 by Eurostat.",yes,irregular_eu.csv
Bulgaria,BGR,2011,irregular_proxy_detections,1355,"Eurostat, Third country nationals found to be illegally present (migr_eipre)",https://ec.europa.eu/eurostat/databrowser/view/migr_eipre/default/table,"Eurostat enforcement statistic - annual flow of detections, NOT a stock. Dataset migr_eipre, dimensions freq=A citizen=TOTAL reason=TOTAL apprehen=TOTAL sex=T age=TOTAL unit=PER. Rounded to nearest 5 by Eurostat.",yes,irregular_eu.csv
Bulgaria,BGR,2012,irregular_proxy_detections,2050,"Eurostat, Third country nationals found to be illegally present (migr_eipre)",https://ec.europa.eu/eurostat/databrowser/view/migr_eipre/default/table,"Eurostat enforcement statistic - annual flow of detections, NOT a stock. Dataset migr_eipre, dimensions freq=A citizen=TOTAL reason=TOTAL apprehen=TOTAL sex=T age=TOTAL unit=PER. Rounded to nearest 5 by Eurostat.",yes,irregular_eu.csv
Bulgaria,BGR,2013,irregular_proxy_detections,5260,"Eurostat, Third country nationals found to be illegally present (migr_eipre)",https://ec.europa.eu/eurostat/databrowser/view/migr_eipre/default/table,"Eurostat enforcement statistic - annual flow of detections, NOT a stock. Dataset migr_eipre, dimensions freq=A citizen=TOTAL reason=TOTAL apprehen=TOTAL sex=T age=TOTAL unit=PER. Rounded to nearest 5 by Eurostat.",yes,irregular_eu.csv
Bulgaria,BGR,2014,irregular_proxy_detections,12870,"Eurostat, Third country nationals found to be illegally present (migr_eipre)",https://ec.europa.eu/eurostat/databrowser/view/migr_eipre/default/table,"Eurostat enforcement statistic - annual flow of detections, NOT a stock. Dataset migr_eipre, dimensions freq=A citizen=TOTAL reason=TOTAL apprehen=TOTAL sex=T age=TOTAL unit=PER. Rounded to nearest 5 by Eurostat.",yes,irregular_eu.csv
Bulgaria,BGR,2015,irregular_proxy_detections,20810,"Eurostat, Third country nationals found to be illegally present (migr_eipre)",https://ec.europa.eu/eurostat/databrowser/view/migr_eipre/default/table,"Eurostat enforcement statistic - annual flow of detections, NOT a stock. Dataset migr_eipre, dimensions freq=A citizen=TOTAL reason=TOTAL apprehen=TOTAL sex=T age=TOTAL unit=PER. Rounded to nearest 5 by Eurostat.",yes,irregular_eu.csv
Bulgaria,BGR,2016,irregular_proxy_detections,14125,"Eurostat, Third country nationals found to be illegally present (migr_eipre)",https://ec.europa.eu/eurostat/databrowser/view/migr_eipre/default/table,"Eurostat enforcement statistic - annual flow of detections, NOT a stock. Dataset migr_eipre, dimensions freq=A citizen=TOTAL reason=TOTAL apprehen=TOTAL sex=T age=TOTAL unit=PER. Rounded to nearest 5 by Eurostat.",yes,irregular_eu.csv
Bulgaria,BGR,2017,irregular_proxy_detections,2595,"Eurostat, Third country nationals found to be illegally present (migr_eipre)",https://ec.europa.eu/eurostat/databrowser/view/migr_eipre/default/table,"Eurostat enforcement statistic - annual flow of detections, NOT a stock. Dataset migr_eipre, dimensions freq=A citizen=TOTAL reason=TOTAL apprehen=TOTAL sex=T age=TOTAL unit=PER. Rounded to nearest 5 by Eurostat.",yes,irregular_eu.csv
Bulgaria,BGR,2018,irregular_proxy_detections,1305,"Eurostat, Third country nationals found to be illegally present (migr_eipre)",https://ec.europa.eu/eurostat/databrowser/view/migr_eipre/default/table,"Eurostat enforcement statistic - annual flow of detections, NOT a stock. Dataset migr_eipre, dimensions freq=A citizen=TOTAL reason=TOTAL apprehen=TOTAL sex=T age=TOTAL unit=PER. Rounded to nearest 5 by Eurostat.",yes,irregular_eu.csv
Bulgaria,BGR,2019,irregular_proxy_detections,655,"Eurostat, Third country nationals found to be illegally present (migr_eipre)",https://ec.europa.eu/eurostat/databrowser/view/migr_eipre/default/table,"Eurostat enforcement statistic - annual flow of detections, NOT a stock. Dataset migr_eipre, dimensions freq=A citizen=TOTAL reason=TOTAL apprehen=TOTAL sex=T age=TOTAL unit=PER. Rounded to nearest 5 by Eurostat.",yes,irregular_eu.csv
Bulgaria,BGR,2020,irregular_proxy_detections,670,"Eurostat, Third country nationals found to be illegally present (migr_eipre)",https://ec.europa.eu/eurostat/databrowser/view/migr_eipre/default/table,"Eurostat enforcement statistic - annual flow of detections, NOT a stock. Dataset migr_eipre, dimensions freq=A citizen=TOTAL reason=TOTAL apprehen=TOTAL sex=T age=TOTAL unit=PER. Rounded to nearest 5 by Eurostat.",yes,irregular_eu.csv
Bulgaria,BGR,2021,irregular_proxy_detections,3200,"Eurostat, Third country nationals found to be illegally present (migr_eipre)",https://ec.europa.eu/eurostat/databrowser/view/migr_eipre/default/table,"Eurostat enforcement statistic - annual flow of detections, NOT a stock. Dataset migr_eipre, dimensions freq=A citizen=TOTAL reason=TOTAL apprehen=TOTAL sex=T age=TOTAL unit=PER. Rounded to nearest 5 by Eurostat.",yes,irregular_eu.csv
Bulgaria,BGR,2022,irregular_proxy_detections,10135,"Eurostat, Third country nationals found to be illegally present (migr_eipre)",https://ec.europa.eu/eurostat/databrowser/view/migr_eipre/default/table,"Eurostat enforcement statistic - annual flow of detections, NOT a stock. Dataset migr_eipre, dimensions freq=A citizen=TOTAL reason=TOTAL apprehen=TOTAL sex=T age=TOTAL unit=PER. Rounded to nearest 5 by Eurostat.",yes,irregular_eu.csv
Bulgaria,BGR,2010,population,7395599,"World Bank, World Development Indicators (SP.POP.TOTL), sourced from UN World Population Prospects and national statistical offices",https://api.worldbank.org/v2/country/all/indicator/SP.POP.TOTL,"Total resident population, mid-year estimate. Retrieved via World Bank API, August 2026.",yes,worldbank_api
Bulgaria,BGR,2011,population,7348328,"World Bank, World Development Indicators (SP.POP.TOTL), sourced from UN World Population Prospects and national statistical offices",https://api.worldbank.org/v2/country/all/indicator/SP.POP.TOTL,"Total resident population, mid-year estimate. Retrieved via World Bank API, August 2026.",yes,worldbank_api
Bulgaria,BGR,2012,population,7305888,"World Bank, World Development Indicators (SP.POP.TOTL), sourced from UN World Population Prospects and national statistical offices",https://api.worldbank.org/v2/country/all/indicator/SP.POP.TOTL,"Total resident population, mid-year estimate. Retrieved via World Bank API, August 2026.",yes,worldbank_api
Bulgaria,BGR,2013,population,7160005,"World Bank, World Development Indicators (SP.POP.TOTL), sourced from UN World Population Prospects and national statistical offices",https://api.worldbank.org/v2/country/all/indicator/SP.POP.TOTL,"Total resident population, mid-year estimate. Retrieved via World Bank API, August 2026.",yes,worldbank_api
Bulgaria,BGR,2014,population,7073572,"World Bank, World Development Indicators (SP.POP.TOTL), sourced from UN World Population Prospects and national statistical offices",https://api.worldbank.org/v2/country/all/indicator/SP.POP.TOTL,"Total resident population, mid-year estimate. Retrieved via World Bank API, August 2026.",yes,worldbank_api
Bulgaria,BGR,2015,population,6984225,"World Bank, World Development Indicators (SP.POP.TOTL), sourced from UN World Population Prospects and national statistical offices",https://api.worldbank.org/v2/country/all/indicator/SP.POP.TOTL,"Total resident population, mid-year estimate. Retrieved via World Bank API, August 2026.",yes,worldbank_api
Bulgaria,BGR,2016,population,6894139,"World Bank, World Development Indicators (SP.POP.TOTL), sourced from UN World Population Prospects and national statistical offices",https://api.worldbank.org/v2/country/all/indicator/SP.POP.TOTL,"Total resident population, mid-year estimate. Retrieved via World Bank API, August 2026.",yes,worldbank_api
Bulgaria,BGR,2017,population,6803468,"World Bank, World Development Indicators (SP.POP.TOTL), sourced from UN World Population Prospects and national statistical offices",https://api.worldbank.org/v2/country/all/indicator/SP.POP.TOTL,"Total resident population, mid-year estimate. Retrieved via World Bank API, August 2026.",yes,worldbank_api
Bulgaria,BGR,2018,population,6710798,"World Bank, World Development Indicators (SP.POP.TOTL), sourced from UN World Population Prospects and national statistical offices",https://api.worldbank.org/v2/country/all/indicator/SP.POP.TOTL,"Total resident population, mid-year estimate. Retrieved via World Bank API, August 2026.",yes,worldbank_api
Bulgaria,BGR,2019,population,6616726,"World Bank, World Development Indicators (SP.POP.TOTL), sourced from UN World Population Prospects and national statistical offices",https://api.worldbank.org/v2/country/all/indicator/SP.POP.TOTL,"Total resident population, mid-year estimate. Retrieved via World Bank API, August 2026.",yes,worldbank_api
Bulgaria,BGR,2020,population,6550696,"World Bank, World Development Indicators (SP.POP.TOTL), sourced from UN World Population Prospects and national statistical offices",https://api.worldbank.org/v2/country/all/indicator/SP.POP.TOTL,"Total resident population, mid-year estimate. Retrieved via World Bank API, August 2026.",yes,worldbank_api
Bulgaria,BGR,2021,population,6507301,"World Bank, World Development Indicators (SP.POP.TOTL), sourced from UN World Population Prospects and national statistical offices",https://api.worldbank.org/v2/country/all/indicator/SP.POP.TOTL,"Total resident population, mid-year estimate. Retrieved via World Bank API, August 2026.",yes,worldbank_api
Bulgaria,BGR,2022,population,6465097,"World Bank, World Development Indicators (SP.POP.TOTL), sourced from UN World Population Prospects and national statistical offices",https://api.worldbank.org/v2/country/all/indicator/SP.POP.TOTL,"Total resident population, mid-year estimate. Retrieved via World Bank API, August 2026.",yes,worldbank_api
Switzerland,CHE,2011,foreign_born,1940349,Eurostat [migr_pop3ctb],https://ec.europa.eu/eurostat/api/dissemination/statistics/1.0/data/migr_pop3ctb?format=JSON&lang=EN&geo=CH&age=TOTAL&sex=T&unit=NR&c_birth=FOR&sinceTimePeriod=2010&untilTimePeriod=2022,stock at 1 Jan; c_birth=FOR (born in a foreign country); Eurostat series for Switzerland starts in 2011,yes,eu_stock.csv
Switzerland,CHE,2012,foreign_born,2033702,Eurostat [migr_pop3ctb],https://ec.europa.eu/eurostat/api/dissemination/statistics/1.0/data/migr_pop3ctb?format=JSON&lang=EN&geo=CH&age=TOTAL&sex=T&unit=NR&c_birth=FOR&sinceTimePeriod=2010&untilTimePeriod=2022,stock at 1 Jan; c_birth=FOR (born in a foreign country); Eurostat series for Switzerland starts in 2011,yes,eu_stock.csv
Switzerland,CHE,2013,foreign_born,2102964,Eurostat [migr_pop3ctb],https://ec.europa.eu/eurostat/api/dissemination/statistics/1.0/data/migr_pop3ctb?format=JSON&lang=EN&geo=CH&age=TOTAL&sex=T&unit=NR&c_birth=FOR&sinceTimePeriod=2010&untilTimePeriod=2022,stock at 1 Jan; c_birth=FOR (born in a foreign country); Eurostat series for Switzerland starts in 2011,yes,eu_stock.csv
Switzerland,CHE,2014,foreign_born,2183206,Eurostat [migr_pop3ctb],https://ec.europa.eu/eurostat/api/dissemination/statistics/1.0/data/migr_pop3ctb?format=JSON&lang=EN&geo=CH&age=TOTAL&sex=T&unit=NR&c_birth=FOR&sinceTimePeriod=2010&untilTimePeriod=2022,stock at 1 Jan; c_birth=FOR (born in a foreign country); Eurostat series for Switzerland starts in 2011,yes,eu_stock.csv
Switzerland,CHE,2015,foreign_born,2258196,Eurostat [migr_pop3ctb],https://ec.europa.eu/eurostat/api/dissemination/statistics/1.0/data/migr_pop3ctb?format=JSON&lang=EN&geo=CH&age=TOTAL&sex=T&unit=NR&c_birth=FOR&sinceTimePeriod=2010&untilTimePeriod=2022,stock at 1 Jan; c_birth=FOR (born in a foreign country); Eurostat series for Switzerland starts in 2011,yes,eu_stock.csv
Switzerland,CHE,2016,foreign_born,2324461,Eurostat [migr_pop3ctb],https://ec.europa.eu/eurostat/api/dissemination/statistics/1.0/data/migr_pop3ctb?format=JSON&lang=EN&geo=CH&age=TOTAL&sex=T&unit=NR&c_birth=FOR&sinceTimePeriod=2010&untilTimePeriod=2022,stock at 1 Jan; c_birth=FOR (born in a foreign country); Eurostat series for Switzerland starts in 2011,yes,eu_stock.csv
Switzerland,CHE,2017,foreign_born,2391480,Eurostat [migr_pop3ctb],https://ec.europa.eu/eurostat/api/dissemination/statistics/1.0/data/migr_pop3ctb?format=JSON&lang=EN&geo=CH&age=TOTAL&sex=T&unit=NR&c_birth=FOR&sinceTimePeriod=2010&untilTimePeriod=2022,stock at 1 Jan; c_birth=FOR (born in a foreign country); Eurostat series for Switzerland starts in 2011,yes,eu_stock.csv
Switzerland,CHE,2018,foreign_born,2432519,Eurostat [migr_pop3ctb],https://ec.europa.eu/eurostat/api/dissemination/statistics/1.0/data/migr_pop3ctb?format=JSON&lang=EN&geo=CH&age=TOTAL&sex=T&unit=NR&c_birth=FOR&sinceTimePeriod=2010&untilTimePeriod=2022,stock at 1 Jan; c_birth=FOR (born in a foreign country); Eurostat series for Switzerland starts in 2011,yes,eu_stock.csv
Switzerland,CHE,2019,foreign_born,2469381,Eurostat [migr_pop3ctb],https://ec.europa.eu/eurostat/api/dissemination/statistics/1.0/data/migr_pop3ctb?format=JSON&lang=EN&geo=CH&age=TOTAL&sex=T&unit=NR&c_birth=FOR&sinceTimePeriod=2010&untilTimePeriod=2022,stock at 1 Jan; c_birth=FOR (born in a foreign country); Eurostat series for Switzerland starts in 2011,yes,eu_stock.csv
Switzerland,CHE,2020,foreign_born,2509692,Eurostat [migr_pop3ctb],https://ec.europa.eu/eurostat/api/dissemination/statistics/1.0/data/migr_pop3ctb?format=JSON&lang=EN&geo=CH&age=TOTAL&sex=T&unit=NR&c_birth=FOR&sinceTimePeriod=2010&untilTimePeriod=2022,stock at 1 Jan; c_birth=FOR (born in a foreign country); Eurostat series for Switzerland starts in 2011,yes,eu_stock.csv
Switzerland,CHE,2021,foreign_born,2553225,Eurostat [migr_pop3ctb],https://ec.europa.eu/eurostat/api/dissemination/statistics/1.0/data/migr_pop3ctb?format=JSON&lang=EN&geo=CH&age=TOTAL&sex=T&unit=NR&c_birth=FOR&sinceTimePeriod=2010&untilTimePeriod=2022,stock at 1 Jan; c_birth=FOR (born in a foreign country); Eurostat series for Switzerland starts in 2011,yes,eu_stock.csv
Switzerland,CHE,2022,foreign_born,2598146,Eurostat [migr_pop3ctb],https://ec.europa.eu/eurostat/api/dissemination/statistics/1.0/data/migr_pop3ctb?format=JSON&lang=EN&geo=CH&age=TOTAL&sex=T&unit=NR&c_birth=FOR&sinceTimePeriod=2010&untilTimePeriod=2022,stock at 1 Jan; c_birth=FOR (born in a foreign country); Eurostat series for Switzerland starts in 2011,yes,eu_stock.csv
Switzerland,CHE,2010,foreign_nationals,1714004,Eurostat [migr_pop1ctz],https://ec.europa.eu/eurostat/api/dissemination/statistics/1.0/data/migr_pop1ctz?format=JSON&lang=EN&geo=CH&age=TOTAL&sex=T&unit=NR&citizen=FOR_STLS&sinceTimePeriod=2010&untilTimePeriod=2022,stock at 1 Jan; citizen=FOR_STLS (foreign citizens incl. stateless),yes,eu_stock.csv
Switzerland,CHE,2011,foreign_nationals,1765750,Eurostat [migr_pop1ctz],https://ec.europa.eu/eurostat/api/dissemination/statistics/1.0/data/migr_pop1ctz?format=JSON&lang=EN&geo=CH&age=TOTAL&sex=T&unit=NR&citizen=FOR_STLS&sinceTimePeriod=2010&untilTimePeriod=2022,stock at 1 Jan; citizen=FOR_STLS (foreign citizens incl. stateless),yes,eu_stock.csv
Switzerland,CHE,2012,foreign_nationals,1815063,Eurostat [migr_pop1ctz],https://ec.europa.eu/eurostat/api/dissemination/statistics/1.0/data/migr_pop1ctz?format=JSON&lang=EN&geo=CH&age=TOTAL&sex=T&unit=NR&citizen=FOR_STLS&sinceTimePeriod=2010&untilTimePeriod=2022,stock at 1 Jan; citizen=FOR_STLS (foreign citizens incl. stateless),yes,eu_stock.csv
Switzerland,CHE,2013,foreign_nationals,1869070,Eurostat [migr_pop1ctz],https://ec.europa.eu/eurostat/api/dissemination/statistics/1.0/data/migr_pop1ctz?format=JSON&lang=EN&geo=CH&age=TOTAL&sex=T&unit=NR&citizen=FOR_STLS&sinceTimePeriod=2010&untilTimePeriod=2022,stock at 1 Jan; citizen=FOR_STLS (foreign citizens incl. stateless),yes,eu_stock.csv
Switzerland,CHE,2014,foreign_nationals,1936412,Eurostat [migr_pop1ctz],https://ec.europa.eu/eurostat/api/dissemination/statistics/1.0/data/migr_pop1ctz?format=JSON&lang=EN&geo=CH&age=TOTAL&sex=T&unit=NR&citizen=FOR_STLS&sinceTimePeriod=2010&untilTimePeriod=2022,stock at 1 Jan; citizen=FOR_STLS (foreign citizens incl. stateless),yes,eu_stock.csv
Switzerland,CHE,2015,foreign_nationals,1997179,Eurostat [migr_pop1ctz],https://ec.europa.eu/eurostat/api/dissemination/statistics/1.0/data/migr_pop1ctz?format=JSON&lang=EN&geo=CH&age=TOTAL&sex=T&unit=NR&citizen=FOR_STLS&sinceTimePeriod=2010&untilTimePeriod=2022,stock at 1 Jan; citizen=FOR_STLS (foreign citizens incl. stateless),yes,eu_stock.csv
Switzerland,CHE,2016,foreign_nationals,2047200,Eurostat [migr_pop1ctz],https://ec.europa.eu/eurostat/api/dissemination/statistics/1.0/data/migr_pop1ctz?format=JSON&lang=EN&geo=CH&age=TOTAL&sex=T&unit=NR&citizen=FOR_STLS&sinceTimePeriod=2010&untilTimePeriod=2022,stock at 1 Jan; citizen=FOR_STLS (foreign citizens incl. stateless),yes,eu_stock.csv
Switzerland,CHE,2017,foreign_nationals,2099319,Eurostat [migr_pop1ctz],https://ec.europa.eu/eurostat/api/dissemination/statistics/1.0/data/migr_pop1ctz?format=JSON&lang=EN&geo=CH&age=TOTAL&sex=T&unit=NR&citizen=FOR_STLS&sinceTimePeriod=2010&untilTimePeriod=2022,stock at 1 Jan; citizen=FOR_STLS (foreign citizens incl. stateless),yes,eu_stock.csv
Switzerland,CHE,2018,foreign_nationals,2124540,Eurostat [migr_pop1ctz],https://ec.europa.eu/eurostat/api/dissemination/statistics/1.0/data/migr_pop1ctz?format=JSON&lang=EN&geo=CH&age=TOTAL&sex=T&unit=NR&citizen=FOR_STLS&sinceTimePeriod=2010&untilTimePeriod=2022,stock at 1 Jan; citizen=FOR_STLS (foreign citizens incl. stateless),yes,eu_stock.csv
Switzerland,CHE,2019,foreign_nationals,2146381,Eurostat [migr_pop1ctz],https://ec.europa.eu/eurostat/api/dissemination/statistics/1.0/data/migr_pop1ctz?format=JSON&lang=EN&geo=CH&age=TOTAL&sex=T&unit=NR&citizen=FOR_STLS&sinceTimePeriod=2010&untilTimePeriod=2022,stock at 1 Jan; citizen=FOR_STLS (foreign citizens incl. stateless),yes,eu_stock.csv
Switzerland,CHE,2020,foreign_nationals,2173429,Eurostat [migr_pop1ctz],https://ec.europa.eu/eurostat/api/dissemination/statistics/1.0/data/migr_pop1ctz?format=JSON&lang=EN&geo=CH&age=TOTAL&sex=T&unit=NR&citizen=FOR_STLS&sinceTimePeriod=2010&untilTimePeriod=2022,stock at 1 Jan; citizen=FOR_STLS (foreign citizens incl. stateless),yes,eu_stock.csv
Switzerland,CHE,2021,foreign_nationals,2208864,Eurostat [migr_pop1ctz],https://ec.europa.eu/eurostat/api/dissemination/statistics/1.0/data/migr_pop1ctz?format=JSON&lang=EN&geo=CH&age=TOTAL&sex=T&unit=NR&citizen=FOR_STLS&sinceTimePeriod=2010&untilTimePeriod=2022,stock at 1 Jan; citizen=FOR_STLS (foreign citizens incl. stateless),yes,eu_stock.csv
Switzerland,CHE,2022,foreign_nationals,2242343,Eurostat [migr_pop1ctz],https://ec.europa.eu/eurostat/api/dissemination/statistics/1.0/data/migr_pop1ctz?format=JSON&lang=EN&geo=CH&age=TOTAL&sex=T&unit=NR&citizen=FOR_STLS&sinceTimePeriod=2010&untilTimePeriod=2022,stock at 1 Jan; citizen=FOR_STLS (foreign citizens incl. stateless),yes,eu_stock.csv
Switzerland,CHE,2010,irregular_proxy_detections,12020,"Eurostat, Third country nationals found to be illegally present (migr_eipre)",https://ec.europa.eu/eurostat/databrowser/view/migr_eipre/default/table,"Eurostat enforcement statistic - annual flow of detections, NOT a stock. Dataset migr_eipre, dimensions freq=A citizen=TOTAL reason=TOTAL apprehen=TOTAL sex=T age=TOTAL unit=PER. Rounded to nearest 5 by Eurostat. CORRECTED: an earlier extraction of this country shifted the series one year forward; re-read directly from the Eurostat API and cross-checked against an independent compilation.",yes,irregular_eu.csv
Switzerland,CHE,2011,irregular_proxy_detections,12630,"Eurostat, Third country nationals found to be illegally present (migr_eipre)",https://ec.europa.eu/eurostat/databrowser/view/migr_eipre/default/table,"Eurostat enforcement statistic - annual flow of detections, NOT a stock. Dataset migr_eipre, dimensions freq=A citizen=TOTAL reason=TOTAL apprehen=TOTAL sex=T age=TOTAL unit=PER. Rounded to nearest 5 by Eurostat. CORRECTED: an earlier extraction of this country shifted the series one year forward; re-read directly from the Eurostat API and cross-checked against an independent compilation.",yes,irregular_eu.csv
Switzerland,CHE,2012,irregular_proxy_detections,14170,"Eurostat, Third country nationals found to be illegally present (migr_eipre)",https://ec.europa.eu/eurostat/databrowser/view/migr_eipre/default/table,"Eurostat enforcement statistic - annual flow of detections, NOT a stock. Dataset migr_eipre, dimensions freq=A citizen=TOTAL reason=TOTAL apprehen=TOTAL sex=T age=TOTAL unit=PER. Rounded to nearest 5 by Eurostat. CORRECTED: an earlier extraction of this country shifted the series one year forward; re-read directly from the Eurostat API and cross-checked against an independent compilation.",yes,irregular_eu.csv
Switzerland,CHE,2013,irregular_proxy_detections,15045,"Eurostat, Third country nationals found to be illegally present (migr_eipre)",https://ec.europa.eu/eurostat/databrowser/view/migr_eipre/default/table,"Eurostat enforcement statistic - annual flow of detections, NOT a stock. Dataset migr_eipre, dimensions freq=A citizen=TOTAL reason=TOTAL apprehen=TOTAL sex=T age=TOTAL unit=PER. Rounded to nearest 5 by Eurostat. CORRECTED: an earlier extraction of this country shifted the series one year forward; re-read directly from the Eurostat API and cross-checked against an independent compilation.",yes,irregular_eu.csv
Switzerland,CHE,2014,irregular_proxy_detections,13800,"Eurostat, Third country nationals found to be illegally present (migr_eipre)",https://ec.europa.eu/eurostat/databrowser/view/migr_eipre/default/table,"Eurostat enforcement statistic - annual flow of detections, NOT a stock. Dataset migr_eipre, dimensions freq=A citizen=TOTAL reason=TOTAL apprehen=TOTAL sex=T age=TOTAL unit=PER. Rounded to nearest 5 by Eurostat. CORRECTED: an earlier extraction of this country shifted the series one year forward; re-read directly from the Eurostat API and cross-checked against an independent compilation.",yes,irregular_eu.csv
Switzerland,CHE,2015,irregular_proxy_detections,15555,"Eurostat, Third country nationals found to be illegally present (migr_eipre)",https://ec.europa.eu/eurostat/databrowser/view/migr_eipre/default/table,"Eurostat enforcement statistic - annual flow of detections, NOT a stock. Dataset migr_eipre, dimensions freq=A citizen=TOTAL reason=TOTAL apprehen=TOTAL sex=T age=TOTAL unit=PER. Rounded to nearest 5 by Eurostat. CORRECTED: an earlier extraction of this country shifted the series one year forward; re-read directly from the Eurostat API and cross-checked against an independent compilation.",yes,irregular_eu.csv
Switzerland,CHE,2016,irregular_proxy_detections,15765,"Eurostat, Third country nationals found to be illegally present (migr_eipre)",https://ec.europa.eu/eurostat/databrowser/view/migr_eipre/default/table,"Eurostat enforcement statistic - annual flow of detections, NOT a stock. Dataset migr_eipre, dimensions freq=A citizen=TOTAL reason=TOTAL apprehen=TOTAL sex=T age=TOTAL unit=PER. Rounded to nearest 5 by Eurostat. CORRECTED: an earlier extraction of this country shifted the series one year forward; re-read directly from the Eurostat API and cross-checked against an independent compilation.",yes,irregular_eu.csv
Switzerland,CHE,2017,irregular_proxy_detections,13940,"Eurostat, Third country nationals found to be illegally present (migr_eipre)",https://ec.europa.eu/eurostat/databrowser/view/migr_eipre/default/table,"Eurostat enforcement statistic - annual flow of detections, NOT a stock. Dataset migr_eipre, dimensions freq=A citizen=TOTAL reason=TOTAL apprehen=TOTAL sex=T age=TOTAL unit=PER. Rounded to nearest 5 by Eurostat. CORRECTED: an earlier extraction of this country shifted the series one year forward; re-read directly from the Eurostat API and cross-checked against an independent compilation.",yes,irregular_eu.csv
Switzerland,CHE,2018,irregular_proxy_detections,14420,"Eurostat, Third country nationals found to be illegally present (migr_eipre)",https://ec.europa.eu/eurostat/databrowser/view/migr_eipre/default/table,"Eurostat enforcement statistic - annual flow of detections, NOT a stock. Dataset migr_eipre, dimensions freq=A citizen=TOTAL reason=TOTAL apprehen=TOTAL sex=T age=TOTAL unit=PER. Rounded to nearest 5 by Eurostat. CORRECTED: an earlier extraction of this country shifted the series one year forward; re-read directly from the Eurostat API and cross-checked against an independent compilation.",yes,irregular_eu.csv
Switzerland,CHE,2019,irregular_proxy_detections,13885,"Eurostat, Third country nationals found to be illegally present (migr_eipre)",https://ec.europa.eu/eurostat/databrowser/view/migr_eipre/default/table,"Eurostat enforcement statistic - annual flow of detections, NOT a stock. Dataset migr_eipre, dimensions freq=A citizen=TOTAL reason=TOTAL apprehen=TOTAL sex=T age=TOTAL unit=PER. Rounded to nearest 5 by Eurostat. CORRECTED: an earlier extraction of this country shifted the series one year forward; re-read directly from the Eurostat API and cross-checked against an independent compilation.",yes,irregular_eu.csv
Switzerland,CHE,2020,irregular_proxy_detections,11020,"Eurostat, Third country nationals found to be illegally present (migr_eipre)",https://ec.europa.eu/eurostat/databrowser/view/migr_eipre/default/table,"Eurostat enforcement statistic - annual flow of detections, NOT a stock. Dataset migr_eipre, dimensions freq=A citizen=TOTAL reason=TOTAL apprehen=TOTAL sex=T age=TOTAL unit=PER. Rounded to nearest 5 by Eurostat. CORRECTED: an earlier extraction of this country shifted the series one year forward; re-read directly from the Eurostat API and cross-checked against an independent compilation.",yes,irregular_eu.csv
Switzerland,CHE,2021,irregular_proxy_detections,12175,"Eurostat, Third country nationals found to be illegally present (migr_eipre)",https://ec.europa.eu/eurostat/databrowser/view/migr_eipre/default/table,"Eurostat enforcement statistic - annual flow of detections, NOT a stock. Dataset migr_eipre, dimensions freq=A citizen=TOTAL reason=TOTAL apprehen=TOTAL sex=T age=TOTAL unit=PER. Rounded to nearest 5 by Eurostat. CORRECTED: an earlier extraction of this country shifted the series one year forward; re-read directly from the Eurostat API and cross-checked against an independent compilation.",yes,irregular_eu.csv
Switzerland,CHE,2022,irregular_proxy_detections,15130,"Eurostat, Third country nationals found to be illegally present (migr_eipre)",https://ec.europa.eu/eurostat/databrowser/view/migr_eipre/default/table,"Eurostat enforcement statistic - annual flow of detections, NOT a stock. Dataset migr_eipre, dimensions freq=A citizen=TOTAL reason=TOTAL apprehen=TOTAL sex=T age=TOTAL unit=PER. Rounded to nearest 5 by Eurostat. CORRECTED: an earlier extraction of this country shifted the series one year forward; re-read directly from the Eurostat API and cross-checked against an independent compilation.",yes,irregular_eu.csv
Switzerland,CHE,2015,irregular_stock,76000,"Morlok, Oswald, Meier, Efionayi-Mader, Ruedin, Bader, Wanner (2015), Sans-Papiers in der Schweiz 2015, State Secretariat for Migration (SEM)",https://www.sem.admin.ch/dam/sem/de/data/internationales/illegale-migration/sans_papiers/ber-sanspapiers-2015-d.pdf,"Expert-interview / Delphi estimate for 12 cantons extrapolated by regression to the remaining 15 cantons, cross-checked against ZEMIS, AHV and vital-statistics data; point estimate 76000, plausible range 50000-99000. Covers third-country (non-EU/EFTA) nationals only.",yes,irregular_eu.csv
Switzerland,CHE,2017,irregular_stock,150000,"Pew Research Center (2019), Europe's Unauthorized Immigrant Population Peaks in 2016, Then Levels Off",https://www.pewresearch.org/global/2019/11/13/europes-unauthorized-immigrant-population-peaks-in-2016-then-levels-off/,"Pew residual method (population/labour-force data minus lawfully resident foreign-born), estimate INCLUDES asylum seekers awaiting a decision; published range 100000-200000, value is the midpoint of the published range. Pew reports only rounded 100k bounds.",yes,irregular_eu.csv
Switzerland,CHE,2010,population,7824909,"World Bank, World Development Indicators (SP.POP.TOTL), sourced from UN World Population Prospects and national statistical offices",https://api.worldbank.org/v2/country/all/indicator/SP.POP.TOTL,"Total resident population, mid-year estimate. Retrieved via World Bank API, August 2026.",yes,worldbank_api
Switzerland,CHE,2011,population,7912398,"World Bank, World Development Indicators (SP.POP.TOTL), sourced from UN World Population Prospects and national statistical offices",https://api.worldbank.org/v2/country/all/indicator/SP.POP.TOTL,"Total resident population, mid-year estimate. Retrieved via World Bank API, August 2026.",yes,worldbank_api
Switzerland,CHE,2012,population,7996861,"World Bank, World Development Indicators (SP.POP.TOTL), sourced from UN World Population Prospects and national statistical offices",https://api.worldbank.org/v2/country/all/indicator/SP.POP.TOTL,"Total resident population, mid-year estimate. Retrieved via World Bank API, August 2026.",yes,worldbank_api
Switzerland,CHE,2013,population,8089346,"World Bank, World Development Indicators (SP.POP.TOTL), sourced from UN World Population Prospects and national statistical offices",https://api.worldbank.org/v2/country/all/indicator/SP.POP.TOTL,"Total resident population, mid-year estimate. Retrieved via World Bank API, August 2026.",yes,worldbank_api
Switzerland,CHE,2014,population,8188649,"World Bank, World Development Indicators (SP.POP.TOTL), sourced from UN World Population Prospects and national statistical offices",https://api.worldbank.org/v2/country/all/indicator/SP.POP.TOTL,"Total resident population, mid-year estimate. Retrieved via World Bank API, August 2026.",yes,worldbank_api
Switzerland,CHE,2015,population,8282396,"World Bank, World Development Indicators (SP.POP.TOTL), sourced from UN World Population Prospects and national statistical offices",https://api.worldbank.org/v2/country/all/indicator/SP.POP.TOTL,"Total resident population, mid-year estimate. Retrieved via World Bank API, August 2026.",yes,worldbank_api
Switzerland,CHE,2016,population,8373338,"World Bank, World Development Indicators (SP.POP.TOTL), sourced from UN World Population Prospects and national statistical offices",https://api.worldbank.org/v2/country/all/indicator/SP.POP.TOTL,"Total resident population, mid-year estimate. Retrieved via World Bank API, August 2026.",yes,worldbank_api
Switzerland,CHE,2017,population,8451840,"World Bank, World Development Indicators (SP.POP.TOTL), sourced from UN World Population Prospects and national statistical offices",https://api.worldbank.org/v2/country/all/indicator/SP.POP.TOTL,"Total resident population, mid-year estimate. Retrieved via World Bank API, August 2026.",yes,worldbank_api
Switzerland,CHE,2018,population,8514329,"World Bank, World Development Indicators (SP.POP.TOTL), sourced from UN World Population Prospects and national statistical offices",https://api.worldbank.org/v2/country/all/indicator/SP.POP.TOTL,"Total resident population, mid-year estimate. Retrieved via World Bank API, August 2026.",yes,worldbank_api
Switzerland,CHE,2019,population,8575280,"World Bank, World Development Indicators (SP.POP.TOTL), sourced from UN World Population Prospects and national statistical offices",https://api.worldbank.org/v2/country/all/indicator/SP.POP.TOTL,"Total resident population, mid-year estimate. Retrieved via World Bank API, August 2026.",yes,worldbank_api
Switzerland,CHE,2020,population,8638167,"World Bank, World Development Indicators (SP.POP.TOTL), sourced from UN World Population Prospects and national statistical offices",https://api.worldbank.org/v2/country/all/indicator/SP.POP.TOTL,"Total resident population, mid-year estimate. Retrieved via World Bank API, August 2026.",yes,worldbank_api
Switzerland,CHE,2021,population,8704546,"World Bank, World Development Indicators (SP.POP.TOTL), sourced from UN World Population Prospects and national statistical offices",https://api.worldbank.org/v2/country/all/indicator/SP.POP.TOTL,"Total resident population, mid-year estimate. Retrieved via World Bank API, August 2026.",yes,worldbank_api
Switzerland,CHE,2022,population,8777088,"World Bank, World Development Indicators (SP.POP.TOTL), sourced from UN World Population Prospects and national statistical offices",https://api.worldbank.org/v2/country/all/indicator/SP.POP.TOTL,"Total resident population, mid-year estimate. Retrieved via World Bank API, August 2026.",yes,worldbank_api
Chile,CHL,2010,foreign_born,352344,"OECD International Migration Database (stocks of foreign-born population, measure B14)","https://sdmx.oecd.org/public/rest/data/OECD.ELS.IMD,DSD_MIG_F@DF_MIG_POPF,1.0/CHL.W.A.B14._T._Z._Z.PS?startPeriod=2010&endPeriod=2022&format=jsondata&dimensionAtObservation=AllDimensions",OECD IMD foreign-born stock for Chile; derived from INE/SERMIG foreign-resident estimates and Censo 2017. NOTE: OECD labels this series one year later than the corresponding B15 foreign-national series (e.g. 1534813 appears as 2021 here and as 2020 under B15). Values recorded exactly as published.,yes,noneu_stock.csv
Chile,CHL,2011,foreign_born,369436,"OECD International Migration Database (stocks of foreign-born population, measure B14)","https://sdmx.oecd.org/public/rest/data/OECD.ELS.IMD,DSD_MIG_F@DF_MIG_POPF,1.0/CHL.W.A.B14._T._Z._Z.PS?startPeriod=2010&endPeriod=2022&format=jsondata&dimensionAtObservation=AllDimensions",OECD IMD foreign-born stock for Chile; derived from INE/SERMIG foreign-resident estimates and Censo 2017. NOTE: OECD labels this series one year later than the corresponding B15 foreign-national series (e.g. 1534813 appears as 2021 here and as 2020 under B15). Values recorded exactly as published.,yes,noneu_stock.csv
Chile,CHL,2012,foreign_born,388229,"OECD International Migration Database (stocks of foreign-born population, measure B14)","https://sdmx.oecd.org/public/rest/data/OECD.ELS.IMD,DSD_MIG_F@DF_MIG_POPF,1.0/CHL.W.A.B14._T._Z._Z.PS?startPeriod=2010&endPeriod=2022&format=jsondata&dimensionAtObservation=AllDimensions",OECD IMD foreign-born stock for Chile; derived from INE/SERMIG foreign-resident estimates and Censo 2017. NOTE: OECD labels this series one year later than the corresponding B15 foreign-national series (e.g. 1534813 appears as 2021 here and as 2020 under B15). Values recorded exactly as published.,yes,noneu_stock.csv
Chile,CHL,2013,foreign_born,415540,"OECD International Migration Database (stocks of foreign-born population, measure B14)","https://sdmx.oecd.org/public/rest/data/OECD.ELS.IMD,DSD_MIG_F@DF_MIG_POPF,1.0/CHL.W.A.B14._T._Z._Z.PS?startPeriod=2010&endPeriod=2022&format=jsondata&dimensionAtObservation=AllDimensions",OECD IMD foreign-born stock for Chile; derived from INE/SERMIG foreign-resident estimates and Censo 2017. NOTE: OECD labels this series one year later than the corresponding B15 foreign-national series (e.g. 1534813 appears as 2021 here and as 2020 under B15). Values recorded exactly as published.,yes,noneu_stock.csv
Chile,CHL,2014,foreign_born,441529,"OECD International Migration Database (stocks of foreign-born population, measure B14)","https://sdmx.oecd.org/public/rest/data/OECD.ELS.IMD,DSD_MIG_F@DF_MIG_POPF,1.0/CHL.W.A.B14._T._Z._Z.PS?startPeriod=2010&endPeriod=2022&format=jsondata&dimensionAtObservation=AllDimensions",OECD IMD foreign-born stock for Chile; derived from INE/SERMIG foreign-resident estimates and Censo 2017. NOTE: OECD labels this series one year later than the corresponding B15 foreign-national series (e.g. 1534813 appears as 2021 here and as 2020 under B15). Values recorded exactly as published.,yes,noneu_stock.csv
Chile,CHL,2015,foreign_born,465319,"OECD International Migration Database (stocks of foreign-born population, measure B14)","https://sdmx.oecd.org/public/rest/data/OECD.ELS.IMD,DSD_MIG_F@DF_MIG_POPF,1.0/CHL.W.A.B14._T._Z._Z.PS?startPeriod=2010&endPeriod=2022&format=jsondata&dimensionAtObservation=AllDimensions",OECD IMD foreign-born stock for Chile; derived from INE/SERMIG foreign-resident estimates and Censo 2017. NOTE: OECD labels this series one year later than the corresponding B15 foreign-national series (e.g. 1534813 appears as 2021 here and as 2020 under B15). Values recorded exactly as published.,yes,noneu_stock.csv
Chile,CHL,2017,foreign_born,746435,"OECD International Migration Database (stocks of foreign-born population, measure B14)","https://sdmx.oecd.org/public/rest/data/OECD.ELS.IMD,DSD_MIG_F@DF_MIG_POPF,1.0/CHL.W.A.B14._T._Z._Z.PS?startPeriod=2010&endPeriod=2022&format=jsondata&dimensionAtObservation=AllDimensions",OECD IMD foreign-born stock for Chile; derived from INE/SERMIG foreign-resident estimates and Censo 2017. NOTE: OECD labels this series one year later than the corresponding B15 foreign-national series (e.g. 1534813 appears as 2021 here and as 2020 under B15). Values recorded exactly as published.,yes,noneu_stock.csv
Chile,CHL,2019,foreign_born,1306859,"OECD International Migration Database (stocks of foreign-born population, measure B14)","https://sdmx.oecd.org/public/rest/data/OECD.ELS.IMD,DSD_MIG_F@DF_MIG_POPF,1.0/CHL.W.A.B14._T._Z._Z.PS?startPeriod=2010&endPeriod=2022&format=jsondata&dimensionAtObservation=AllDimensions",OECD IMD foreign-born stock for Chile; derived from INE/SERMIG foreign-resident estimates and Censo 2017. NOTE: OECD labels this series one year later than the corresponding B15 foreign-national series (e.g. 1534813 appears as 2021 here and as 2020 under B15). Values recorded exactly as published.,yes,noneu_stock.csv
Chile,CHL,2020,foreign_born,1486810,"OECD International Migration Database (stocks of foreign-born population, measure B14)","https://sdmx.oecd.org/public/rest/data/OECD.ELS.IMD,DSD_MIG_F@DF_MIG_POPF,1.0/CHL.W.A.B14._T._Z._Z.PS?startPeriod=2010&endPeriod=2022&format=jsondata&dimensionAtObservation=AllDimensions",OECD IMD foreign-born stock for Chile; derived from INE/SERMIG foreign-resident estimates and Censo 2017. NOTE: OECD labels this series one year later than the corresponding B15 foreign-national series (e.g. 1534813 appears as 2021 here and as 2020 under B15). Values recorded exactly as published.,yes,noneu_stock.csv
Chile,CHL,2021,foreign_born,1534813,"OECD International Migration Database (stocks of foreign-born population, measure B14)","https://sdmx.oecd.org/public/rest/data/OECD.ELS.IMD,DSD_MIG_F@DF_MIG_POPF,1.0/CHL.W.A.B14._T._Z._Z.PS?startPeriod=2010&endPeriod=2022&format=jsondata&dimensionAtObservation=AllDimensions",OECD IMD foreign-born stock for Chile; derived from INE/SERMIG foreign-resident estimates and Censo 2017. NOTE: OECD labels this series one year later than the corresponding B15 foreign-national series (e.g. 1534813 appears as 2021 here and as 2020 under B15). Values recorded exactly as published.,yes,noneu_stock.csv
Chile,CHL,2022,foreign_born,1630812,"OECD International Migration Database (stocks of foreign-born population, measure B14)","https://sdmx.oecd.org/public/rest/data/OECD.ELS.IMD,DSD_MIG_F@DF_MIG_POPF,1.0/CHL.W.A.B14._T._Z._Z.PS?startPeriod=2010&endPeriod=2022&format=jsondata&dimensionAtObservation=AllDimensions",OECD IMD foreign-born stock for Chile; derived from INE/SERMIG foreign-resident estimates and Censo 2017. NOTE: OECD labels this series one year later than the corresponding B15 foreign-national series (e.g. 1534813 appears as 2021 here and as 2020 under B15). Values recorded exactly as published.,yes,noneu_stock.csv
Chile,CHL,2017,foreign_nationals,746465,"OECD International Migration Database (stocks of foreign population, measure B15)","https://sdmx.oecd.org/public/rest/data/OECD.ELS.IMD,DSD_MIG@DF_MIG,1.0/CHL.W.A.B15._T._Z._Z.PS?startPeriod=2010&endPeriod=2022&format=jsondata&dimensionAtObservation=AllDimensions",Foreign nationals resident in Chile; OECD IMD series based on INE/SERMIG estimates of foreign residents. Reference date 31 December.,yes,noneu_stock.csv
Chile,CHL,2018,foreign_nationals,1306859,"OECD International Migration Database (stocks of foreign population, measure B15)","https://sdmx.oecd.org/public/rest/data/OECD.ELS.IMD,DSD_MIG@DF_MIG,1.0/CHL.W.A.B15._T._Z._Z.PS?startPeriod=2010&endPeriod=2022&format=jsondata&dimensionAtObservation=AllDimensions",Foreign nationals resident in Chile; OECD IMD series based on INE/SERMIG estimates of foreign residents. Reference date 31 December.,yes,noneu_stock.csv
Chile,CHL,2019,foreign_nationals,1486810,"OECD International Migration Database (stocks of foreign population, measure B15)","https://sdmx.oecd.org/public/rest/data/OECD.ELS.IMD,DSD_MIG@DF_MIG,1.0/CHL.W.A.B15._T._Z._Z.PS?startPeriod=2010&endPeriod=2022&format=jsondata&dimensionAtObservation=AllDimensions",Foreign nationals resident in Chile; OECD IMD series based on INE/SERMIG estimates of foreign residents. Reference date 31 December.,yes,noneu_stock.csv
Chile,CHL,2020,foreign_nationals,1534813,"OECD International Migration Database (stocks of foreign population, measure B15)","https://sdmx.oecd.org/public/rest/data/OECD.ELS.IMD,DSD_MIG@DF_MIG,1.0/CHL.W.A.B15._T._Z._Z.PS?startPeriod=2010&endPeriod=2022&format=jsondata&dimensionAtObservation=AllDimensions",Foreign nationals resident in Chile; OECD IMD series based on INE/SERMIG estimates of foreign residents. Reference date 31 December.,yes,noneu_stock.csv
Chile,CHL,2021,foreign_nationals,1630812,"OECD International Migration Database (stocks of foreign population, measure B15)","https://sdmx.oecd.org/public/rest/data/OECD.ELS.IMD,DSD_MIG@DF_MIG,1.0/CHL.W.A.B15._T._Z._Z.PS?startPeriod=2010&endPeriod=2022&format=jsondata&dimensionAtObservation=AllDimensions",Foreign nationals resident in Chile; OECD IMD series based on INE/SERMIG estimates of foreign residents. Reference date 31 December.,yes,noneu_stock.csv
Chile,CHL,2022,foreign_nationals,1836137,"OECD International Migration Database (stocks of foreign population, measure B15)","https://sdmx.oecd.org/public/rest/data/OECD.ELS.IMD,DSD_MIG@DF_MIG,1.0/CHL.W.A.B15._T._Z._Z.PS?startPeriod=2010&endPeriod=2022&format=jsondata&dimensionAtObservation=AllDimensions",Foreign nationals resident in Chile; OECD IMD series based on INE/SERMIG estimates of foreign residents. Reference date 31 December.,yes,noneu_stock.csv
Chile,CHL,2018,irregular_stock,59682,"Instituto Nacional de Estadisticas (INE) and Servicio Nacional de Migraciones (SERMIG), Estimacion de Personas Extranjeras Residentes Habituales en Chile 2023 - Sintesis (2023 revised methodology)",https://www.ine.gob.cl/docs/default-source/demografia-y-migracion/publicaciones-y-anuarios/migraci%C3%B3n-internacional/estimaci%C3%B3n-poblaci%C3%B3n-extranjera-en-chile-2018/sintesis-epe2023.pdf?sfvrsn=cc51129c_10,"Reference date 31 December 2018. Modelled stock estimate, REVISED under the 2023 methodology which added Mineduc school-enrolment and SERMIG biometric-registration records. Substantially higher than the 2022-methodology value for the same year.",yes,irregular_row.csv
Chile,CHL,2018,irregular_stock,10375,"Instituto Nacional de Estadisticas (INE) and Servicio Nacional de Migraciones (SERMIG), Estimacion de Personas Extranjeras Residentes Habituales en Chile 2023 - Sintesis (2022 methodology series)",https://www.ine.gob.cl/docs/default-source/demografia-y-migracion/publicaciones-y-anuarios/migraci%C3%B3n-internacional/estimaci%C3%B3n-poblaci%C3%B3n-extranjera-en-chile-2018/sintesis-epe2023.pdf?sfvrsn=cc51129c_10,"Reference date 31 December 2018. Modelled stock estimate of foreign residents in irregular migratory status, built from census plus administrative records. This is the 2022-methodology series; INE revised 2018-2020 sharply upward in the 2023 methodology (recorded as separate rows).",no,irregular_row.csv
Chile,CHL,2019,irregular_stock,115059,"Instituto Nacional de Estadisticas (INE) and Servicio Nacional de Migraciones (SERMIG), Estimacion de Personas Extranjeras Residentes Habituales en Chile 2023 - Sintesis (2023 revised methodology)",https://www.ine.gob.cl/docs/default-source/demografia-y-migracion/publicaciones-y-anuarios/migraci%C3%B3n-internacional/estimaci%C3%B3n-poblaci%C3%B3n-extranjera-en-chile-2018/sintesis-epe2023.pdf?sfvrsn=cc51129c_10,"Reference date 31 December 2019. Modelled stock estimate, REVISED under the 2023 methodology which added Mineduc school-enrolment and SERMIG biometric-registration records. Substantially higher than the 2022-methodology value for the same year.",yes,irregular_row.csv
Chile,CHL,2019,irregular_stock,21833,"Instituto Nacional de Estadisticas (INE) and Servicio Nacional de Migraciones (SERMIG), Estimacion de Personas Extranjeras Residentes Habituales en Chile 2023 - Sintesis (2022 methodology series)",https://www.ine.gob.cl/docs/default-source/demografia-y-migracion/publicaciones-y-anuarios/migraci%C3%B3n-internacional/estimaci%C3%B3n-poblaci%C3%B3n-extranjera-en-chile-2018/sintesis-epe2023.pdf?sfvrsn=cc51129c_10,"Reference date 31 December 2019. Modelled stock estimate of foreign residents in irregular migratory status, built from census plus administrative records. This is the 2022-methodology series; INE revised 2018-2020 sharply upward in the 2023 methodology (recorded as separate rows).",no,irregular_row.csv
Chile,CHL,2020,irregular_stock,130017,"Instituto Nacional de Estadisticas (INE) and Servicio Nacional de Migraciones (SERMIG), Estimacion de Personas Extranjeras Residentes Habituales en Chile 2023 - Sintesis (2023 revised methodology)",https://www.ine.gob.cl/docs/default-source/demografia-y-migracion/publicaciones-y-anuarios/migraci%C3%B3n-internacional/estimaci%C3%B3n-poblaci%C3%B3n-extranjera-en-chile-2018/sintesis-epe2023.pdf?sfvrsn=cc51129c_10,"Reference date 31 December 2020. Modelled stock estimate, REVISED under the 2023 methodology which added Mineduc school-enrolment and SERMIG biometric-registration records. Substantially higher than the 2022-methodology value for the same year.",yes,irregular_row.csv
Chile,CHL,2020,irregular_stock,14818,"Instituto Nacional de Estadisticas (INE) and Servicio Nacional de Migraciones (SERMIG), Estimacion de Personas Extranjeras Residentes Habituales en Chile 2023 - Sintesis (2022 methodology series)",https://www.ine.gob.cl/docs/default-source/demografia-y-migracion/publicaciones-y-anuarios/migraci%C3%B3n-internacional/estimaci%C3%B3n-poblaci%C3%B3n-extranjera-en-chile-2018/sintesis-epe2023.pdf?sfvrsn=cc51129c_10,"Reference date 31 December 2020. Modelled stock estimate of foreign residents in irregular migratory status, built from census plus administrative records. This is the 2022-methodology series; INE revised 2018-2020 sharply upward in the 2023 methodology (recorded as separate rows).",no,irregular_row.csv
Chile,CHL,2021,irregular_stock,53356,"Instituto Nacional de Estadisticas (INE) and Servicio Nacional de Migraciones (SERMIG), Estimacion de Personas Extranjeras Residentes Habituales en Chile 2023 - Sintesis (2022 methodology series)",https://www.ine.gob.cl/docs/default-source/demografia-y-migracion/publicaciones-y-anuarios/migraci%C3%B3n-internacional/estimaci%C3%B3n-poblaci%C3%B3n-extranjera-en-chile-2018/sintesis-epe2023.pdf?sfvrsn=cc51129c_10,"Reference date 31 December 2021. Modelled stock estimate of foreign residents in irregular migratory status, built from census plus administrative records. This is the 2022-methodology series; INE revised 2018-2020 sharply upward in the 2023 methodology (recorded as separate rows).",yes,irregular_row.csv
Chile,CHL,2022,irregular_stock,109846,"Instituto Nacional de Estadisticas (INE) and Servicio Nacional de Migraciones (SERMIG), Estimacion de Personas Extranjeras Residentes Habituales en Chile 2023 - Sintesis (2022 methodology series)",https://www.ine.gob.cl/docs/default-source/demografia-y-migracion/publicaciones-y-anuarios/migraci%C3%B3n-internacional/estimaci%C3%B3n-poblaci%C3%B3n-extranjera-en-chile-2018/sintesis-epe2023.pdf?sfvrsn=cc51129c_10,"Reference date 31 December 2022. Modelled stock estimate of foreign residents in irregular migratory status, built from census plus administrative records. This is the 2022-methodology series; INE revised 2018-2020 sharply upward in the 2023 methodology (recorded as separate rows).",yes,irregular_row.csv
Chile,CHL,2022,irregular_stock,107223,"Instituto Nacional de Estadisticas (INE) de Chile, press release 29 December 2023",https://www.ine.gob.cl/sala-de-prensa/prensa/general/noticia/2023/12/29/poblaci%C3%B3n-extranjera-residente-en-chile-super%C3%B3-los-1-6-millones-de-personas-en-2022-con-un-6-6-de-ellas-en-situaci%C3%B3n-irregular,"Reference date 31 December 2022. Modelled stock estimate: 6.6% of a total foreign population of 1,625,074. Differs slightly from the 109,846 in the 2023 Sintesis (different publication vintage).",no,irregular_row.csv
Chile,CHL,2010,population,17181464,"World Bank, World Development Indicators (SP.POP.TOTL), sourced from UN World Population Prospects and national statistical offices",https://api.worldbank.org/v2/country/all/indicator/SP.POP.TOTL,"Total resident population, mid-year estimate. Retrieved via World Bank API, August 2026.",yes,worldbank_api
Chile,CHL,2011,population,17351816,"World Bank, World Development Indicators (SP.POP.TOTL), sourced from UN World Population Prospects and national statistical offices",https://api.worldbank.org/v2/country/all/indicator/SP.POP.TOTL,"Total resident population, mid-year estimate. Retrieved via World Bank API, August 2026.",yes,worldbank_api
Chile,CHL,2012,population,17519119,"World Bank, World Development Indicators (SP.POP.TOTL), sourced from UN World Population Prospects and national statistical offices",https://api.worldbank.org/v2/country/all/indicator/SP.POP.TOTL,"Total resident population, mid-year estimate. Retrieved via World Bank API, August 2026.",yes,worldbank_api
Chile,CHL,2013,population,17687006,"World Bank, World Development Indicators (SP.POP.TOTL), sourced from UN World Population Prospects and national statistical offices",https://api.worldbank.org/v2/country/all/indicator/SP.POP.TOTL,"Total resident population, mid-year estimate. Retrieved via World Bank API, August 2026.",yes,worldbank_api
Chile,CHL,2014,population,17864195,"World Bank, World Development Indicators (SP.POP.TOTL), sourced from UN World Population Prospects and national statistical offices",https://api.worldbank.org/v2/country/all/indicator/SP.POP.TOTL,"Total resident population, mid-year estimate. Retrieved via World Bank API, August 2026.",yes,worldbank_api
Chile,CHL,2015,population,18047625,"World Bank, World Development Indicators (SP.POP.TOTL), sourced from UN World Population Prospects and national statistical offices",https://api.worldbank.org/v2/country/all/indicator/SP.POP.TOTL,"Total resident population, mid-year estimate. Retrieved via World Bank API, August 2026.",yes,worldbank_api
Chile,CHL,2016,population,18267221,"World Bank, World Development Indicators (SP.POP.TOTL), sourced from UN World Population Prospects and national statistical offices",https://api.worldbank.org/v2/country/all/indicator/SP.POP.TOTL,"Total resident population, mid-year estimate. Retrieved via World Bank API, August 2026.",yes,worldbank_api
Chile,CHL,2017,population,18558868,"World Bank, World Development Indicators (SP.POP.TOTL), sourced from UN World Population Prospects and national statistical offices",https://api.worldbank.org/v2/country/all/indicator/SP.POP.TOTL,"Total resident population, mid-year estimate. Retrieved via World Bank API, August 2026.",yes,worldbank_api
Chile,CHL,2018,population,18893191,"World Bank, World Development Indicators (SP.POP.TOTL), sourced from UN World Population Prospects and national statistical offices",https://api.worldbank.org/v2/country/all/indicator/SP.POP.TOTL,"Total resident population, mid-year estimate. Retrieved via World Bank API, August 2026.",yes,worldbank_api
Chile,CHL,2019,population,19197744,"World Bank, World Development Indicators (SP.POP.TOTL), sourced from UN World Population Prospects and national statistical offices",https://api.worldbank.org/v2/country/all/indicator/SP.POP.TOTL,"Total resident population, mid-year estimate. Retrieved via World Bank API, August 2026.",yes,worldbank_api
Chile,CHL,2020,population,19370624,"World Bank, World Development Indicators (SP.POP.TOTL), sourced from UN World Population Prospects and national statistical offices",https://api.worldbank.org/v2/country/all/indicator/SP.POP.TOTL,"Total resident population, mid-year estimate. Retrieved via World Bank API, August 2026.",yes,worldbank_api
Chile,CHL,2021,population,19456334,"World Bank, World Development Indicators (SP.POP.TOTL), sourced from UN World Population Prospects and national statistical offices",https://api.worldbank.org/v2/country/all/indicator/SP.POP.TOTL,"Total resident population, mid-year estimate. Retrieved via World Bank API, August 2026.",yes,worldbank_api
Chile,CHL,2022,population,19553036,"World Bank, World Development Indicators (SP.POP.TOTL), sourced from UN World Population Prospects and national statistical offices",https://api.worldbank.org/v2/country/all/indicator/SP.POP.TOTL,"Total resident population, mid-year estimate. Retrieved via World Bank API, August 2026.",yes,worldbank_api
China,CHN,2010,foreign_born,1010008,UN DESA International Migrant Stock (World Bank indicator SM.POP.TOTL),https://api.worldbank.org/v2/country/CHN;IND;PHL;RUS;ZAF;SUR;THA/indicator/SM.POP.TOTL?format=json&date=2010:2022&per_page=200,"UN estimate (not annual); mid-year benchmark year only; retrieved from World Bank mirror of UN DESA International Migrant Stock, accessed 2026-08; latest UN revision is IMS 2024",yes,nonoecd_stock.csv
China,CHN,2015,foreign_born,1196007,UN DESA International Migrant Stock (World Bank indicator SM.POP.TOTL),https://api.worldbank.org/v2/country/CHN;IND;PHL;RUS;ZAF;SUR;THA/indicator/SM.POP.TOTL?format=json&date=2010:2022&per_page=200,"UN estimate (not annual); mid-year benchmark year only; retrieved from World Bank mirror of UN DESA International Migrant Stock, accessed 2026-08",yes,nonoecd_stock.csv
China,CHN,2020,foreign_born,1415116,UN DESA International Migrant Stock (World Bank indicator SM.POP.TOTL),https://api.worldbank.org/v2/country/CHN;IND;PHL;RUS;ZAF;SUR;THA/indicator/SM.POP.TOTL?format=json&date=2010:2022&per_page=200,"UN estimate (not annual); mid-year benchmark year only; retrieved from World Bank mirror of UN DESA International Migrant Stock, accessed 2026-08",yes,nonoecd_stock.csv
China,CHN,2010,foreign_nationals,593832,National Bureau of Statistics of China - 2010 Population Census (Sixth National Population Census),https://www.stats.gov.cn/english/NewsEvents/201104/t20110429_26451.html,"Census count, reference date 1 Nov 2010; foreign nationals who had stayed or intended to stay more than three months in mainland China; excludes 426313 residents of Hong Kong SAR (234829), Macao SAR (21201) and Taiwan (170283) who are counted separately, giving a total of 1020145 persons from outside the mainland",yes,nonoecd_stock.csv
China,CHN,2020,foreign_nationals,845697,National Bureau of Statistics of China - Communique of the Seventh National Population Census (No. 8),https://www.stats.gov.cn/english/PressRelease/202105/t20210510_1817193.html,"Census count, reference date 1 Nov 2020; foreign nationals residing in the 31 mainland provinces; excludes 584998 residents of Hong Kong SAR (371380), Macao SAR (55732) and Taiwan (157886), giving a total of 1430695 persons from outside the mainland",yes,nonoecd_stock.csv
China,CHN,2010,population,1337705000,"World Bank, World Development Indicators (SP.POP.TOTL), sourced from UN World Population Prospects and national statistical offices",https://api.worldbank.org/v2/country/all/indicator/SP.POP.TOTL,"Total resident population, mid-year estimate. Retrieved via World Bank API, August 2026.",yes,worldbank_api
China,CHN,2011,population,1345035000,"World Bank, World Development Indicators (SP.POP.TOTL), sourced from UN World Population Prospects and national statistical offices",https://api.worldbank.org/v2/country/all/indicator/SP.POP.TOTL,"Total resident population, mid-year estimate. Retrieved via World Bank API, August 2026.",yes,worldbank_api
China,CHN,2012,population,1354190000,"World Bank, World Development Indicators (SP.POP.TOTL), sourced from UN World Population Prospects and national statistical offices",https://api.worldbank.org/v2/country/all/indicator/SP.POP.TOTL,"Total resident population, mid-year estimate. Retrieved via World Bank API, August 2026.",yes,worldbank_api
China,CHN,2013,population,1363240000,"World Bank, World Development Indicators (SP.POP.TOTL), sourced from UN World Population Prospects and national statistical offices",https://api.worldbank.org/v2/country/all/indicator/SP.POP.TOTL,"Total resident population, mid-year estimate. Retrieved via World Bank API, August 2026.",yes,worldbank_api
China,CHN,2014,population,1371860000,"World Bank, World Development Indicators (SP.POP.TOTL), sourced from UN World Population Prospects and national statistical offices",https://api.worldbank.org/v2/country/all/indicator/SP.POP.TOTL,"Total resident population, mid-year estimate. Retrieved via World Bank API, August 2026.",yes,worldbank_api
China,CHN,2015,population,1379860000,"World Bank, World Development Indicators (SP.POP.TOTL), sourced from UN World Population Prospects and national statistical offices",https://api.worldbank.org/v2/country/all/indicator/SP.POP.TOTL,"Total resident population, mid-year estimate. Retrieved via World Bank API, August 2026.",yes,worldbank_api
China,CHN,2016,population,1387790000,"World Bank, World Development Indicators (SP.POP.TOTL), sourced from UN World Population Prospects and national statistical offices",https://api.worldbank.org/v2/country/all/indicator/SP.POP.TOTL,"Total resident population, mid-year estimate. Retrieved via World Bank API, August 2026.",yes,worldbank_api
China,CHN,2017,population,1396215000,"World Bank, World Development Indicators (SP.POP.TOTL), sourced from UN World Population Prospects and national statistical offices",https://api.worldbank.org/v2/country/all/indicator/SP.POP.TOTL,"Total resident population, mid-year estimate. Retrieved via World Bank API, August 2026.",yes,worldbank_api
China,CHN,2018,population,1402760000,"World Bank, World Development Indicators (SP.POP.TOTL), sourced from UN World Population Prospects and national statistical offices",https://api.worldbank.org/v2/country/all/indicator/SP.POP.TOTL,"Total resident population, mid-year estimate. Retrieved via World Bank API, August 2026.",yes,worldbank_api
China,CHN,2019,population,1407745000,"World Bank, World Development Indicators (SP.POP.TOTL), sourced from UN World Population Prospects and national statistical offices",https://api.worldbank.org/v2/country/all/indicator/SP.POP.TOTL,"Total resident population, mid-year estimate. Retrieved via World Bank API, August 2026.",yes,worldbank_api
China,CHN,2020,population,1411100000,"World Bank, World Development Indicators (SP.POP.TOTL), sourced from UN World Population Prospects and national statistical offices",https://api.worldbank.org/v2/country/all/indicator/SP.POP.TOTL,"Total resident population, mid-year estimate. Retrieved via World Bank API, August 2026.",yes,worldbank_api
China,CHN,2021,population,1412360000,"World Bank, World Development Indicators (SP.POP.TOTL), sourced from UN World Population Prospects and national statistical offices",https://api.worldbank.org/v2/country/all/indicator/SP.POP.TOTL,"Total resident population, mid-year estimate. Retrieved via World Bank API, August 2026.",yes,worldbank_api
China,CHN,2022,population,1412175000,"World Bank, World Development Indicators (SP.POP.TOTL), sourced from UN World Population Prospects and national statistical offices",https://api.worldbank.org/v2/country/all/indicator/SP.POP.TOTL,"Total resident population, mid-year estimate. Retrieved via World Bank API, August 2026.",yes,worldbank_api
Czech Republic,CZE,2010,foreign_born,398493,Eurostat [migr_pop3ctb],https://ec.europa.eu/eurostat/api/dissemination/statistics/1.0/data/migr_pop3ctb?format=JSON&lang=EN&geo=CZ&age=TOTAL&sex=T&unit=NR&c_birth=FOR&sinceTimePeriod=2010&untilTimePeriod=2022,stock at 1 Jan; c_birth=FOR (born in a foreign country),yes,eu_stock.csv
Czech Republic,CZE,2011,foreign_born,387971,Eurostat [migr_pop3ctb],https://ec.europa.eu/eurostat/api/dissemination/statistics/1.0/data/migr_pop3ctb?format=JSON&lang=EN&geo=CZ&age=TOTAL&sex=T&unit=NR&c_birth=FOR&sinceTimePeriod=2010&untilTimePeriod=2022,stock at 1 Jan; c_birth=FOR (born in a foreign country),yes,eu_stock.csv
Czech Republic,CZE,2012,foreign_born,390843,Eurostat [migr_pop3ctb],https://ec.europa.eu/eurostat/api/dissemination/statistics/1.0/data/migr_pop3ctb?format=JSON&lang=EN&geo=CZ&age=TOTAL&sex=T&unit=NR&c_birth=FOR&sinceTimePeriod=2010&untilTimePeriod=2022,stock at 1 Jan; c_birth=FOR (born in a foreign country),yes,eu_stock.csv
Czech Republic,CZE,2013,foreign_born,387337,Eurostat [migr_pop3ctb],https://ec.europa.eu/eurostat/api/dissemination/statistics/1.0/data/migr_pop3ctb?format=JSON&lang=EN&geo=CZ&age=TOTAL&sex=T&unit=NR&c_birth=FOR&sinceTimePeriod=2010&untilTimePeriod=2022,stock at 1 Jan; c_birth=FOR (born in a foreign country),yes,eu_stock.csv
Czech Republic,CZE,2014,foreign_born,396156,Eurostat [migr_pop3ctb],https://ec.europa.eu/eurostat/api/dissemination/statistics/1.0/data/migr_pop3ctb?format=JSON&lang=EN&geo=CZ&age=TOTAL&sex=T&unit=NR&c_birth=FOR&sinceTimePeriod=2010&untilTimePeriod=2022,stock at 1 Jan; c_birth=FOR (born in a foreign country),yes,eu_stock.csv
Czech Republic,CZE,2015,foreign_born,416454,Eurostat [migr_pop3ctb],https://ec.europa.eu/eurostat/api/dissemination/statistics/1.0/data/migr_pop3ctb?format=JSON&lang=EN&geo=CZ&age=TOTAL&sex=T&unit=NR&c_birth=FOR&sinceTimePeriod=2010&untilTimePeriod=2022,stock at 1 Jan; c_birth=FOR (born in a foreign country),yes,eu_stock.csv
Czech Republic,CZE,2016,foreign_born,433290,Eurostat [migr_pop3ctb],https://ec.europa.eu/eurostat/api/dissemination/statistics/1.0/data/migr_pop3ctb?format=JSON&lang=EN&geo=CZ&age=TOTAL&sex=T&unit=NR&c_birth=FOR&sinceTimePeriod=2010&untilTimePeriod=2022,stock at 1 Jan; c_birth=FOR (born in a foreign country),yes,eu_stock.csv
Czech Republic,CZE,2017,foreign_born,465056,Eurostat [migr_pop3ctb],https://ec.europa.eu/eurostat/api/dissemination/statistics/1.0/data/migr_pop3ctb?format=JSON&lang=EN&geo=CZ&age=TOTAL&sex=T&unit=NR&c_birth=FOR&sinceTimePeriod=2010&untilTimePeriod=2022,stock at 1 Jan; c_birth=FOR (born in a foreign country),yes,eu_stock.csv
Czech Republic,CZE,2018,foreign_born,467580,Eurostat [migr_pop3ctb],https://ec.europa.eu/eurostat/api/dissemination/statistics/1.0/data/migr_pop3ctb?format=JSON&lang=EN&geo=CZ&age=TOTAL&sex=T&unit=NR&c_birth=FOR&sinceTimePeriod=2010&untilTimePeriod=2022,stock at 1 Jan; c_birth=FOR (born in a foreign country),yes,eu_stock.csv
Czech Republic,CZE,2019,foreign_born,507051,Eurostat [migr_pop3ctb],https://ec.europa.eu/eurostat/api/dissemination/statistics/1.0/data/migr_pop3ctb?format=JSON&lang=EN&geo=CZ&age=TOTAL&sex=T&unit=NR&c_birth=FOR&sinceTimePeriod=2010&untilTimePeriod=2022,stock at 1 Jan; c_birth=FOR (born in a foreign country),yes,eu_stock.csv
Czech Republic,CZE,2020,foreign_born,533639,Eurostat [migr_pop3ctb],https://ec.europa.eu/eurostat/api/dissemination/statistics/1.0/data/migr_pop3ctb?format=JSON&lang=EN&geo=CZ&age=TOTAL&sex=T&unit=NR&c_birth=FOR&sinceTimePeriod=2010&untilTimePeriod=2022,stock at 1 Jan; c_birth=FOR (born in a foreign country),yes,eu_stock.csv
Czech Republic,CZE,2021,foreign_born,409220,Eurostat [migr_pop3ctb],https://ec.europa.eu/eurostat/api/dissemination/statistics/1.0/data/migr_pop3ctb?format=JSON&lang=EN&geo=CZ&age=TOTAL&sex=T&unit=NR&c_birth=FOR&sinceTimePeriod=2010&untilTimePeriod=2022,stock at 1 Jan; c_birth=FOR (born in a foreign country); apparent break in series (population census re-basing),yes,eu_stock.csv
Czech Republic,CZE,2022,foreign_born,685840,Eurostat [migr_pop3ctb],https://ec.europa.eu/eurostat/api/dissemination/statistics/1.0/data/migr_pop3ctb?format=JSON&lang=EN&geo=CZ&age=TOTAL&sex=T&unit=NR&c_birth=FOR&sinceTimePeriod=2010&untilTimePeriod=2022,stock at 1 Jan; c_birth=FOR (born in a foreign country); apparent break in series (population census re-basing),yes,eu_stock.csv
Czech Republic,CZE,2010,foreign_nationals,424419,Eurostat [migr_pop1ctz],https://ec.europa.eu/eurostat/api/dissemination/statistics/1.0/data/migr_pop1ctz?format=JSON&lang=EN&geo=CZ&age=TOTAL&sex=T&unit=NR&citizen=FOR_STLS&sinceTimePeriod=2010&untilTimePeriod=2022,stock at 1 Jan; citizen=FOR_STLS (foreign citizens incl. stateless),yes,eu_stock.csv
Czech Republic,CZE,2011,foreign_nationals,416737,Eurostat [migr_pop1ctz],https://ec.europa.eu/eurostat/api/dissemination/statistics/1.0/data/migr_pop1ctz?format=JSON&lang=EN&geo=CZ&age=TOTAL&sex=T&unit=NR&citizen=FOR_STLS&sinceTimePeriod=2010&untilTimePeriod=2022,stock at 1 Jan; citizen=FOR_STLS (foreign citizens incl. stateless),yes,eu_stock.csv
Czech Republic,CZE,2012,foreign_nationals,422966,Eurostat [migr_pop1ctz],https://ec.europa.eu/eurostat/api/dissemination/statistics/1.0/data/migr_pop1ctz?format=JSON&lang=EN&geo=CZ&age=TOTAL&sex=T&unit=NR&citizen=FOR_STLS&sinceTimePeriod=2010&untilTimePeriod=2022,stock at 1 Jan; citizen=FOR_STLS (foreign citizens incl. stateless),yes,eu_stock.csv
Czech Republic,CZE,2013,foreign_nationals,422280,Eurostat [migr_pop1ctz],https://ec.europa.eu/eurostat/api/dissemination/statistics/1.0/data/migr_pop1ctz?format=JSON&lang=EN&geo=CZ&age=TOTAL&sex=T&unit=NR&citizen=FOR_STLS&sinceTimePeriod=2010&untilTimePeriod=2022,stock at 1 Jan; citizen=FOR_STLS (foreign citizens incl. stateless),yes,eu_stock.csv
Czech Republic,CZE,2014,foreign_nationals,434581,Eurostat [migr_pop1ctz],https://ec.europa.eu/eurostat/api/dissemination/statistics/1.0/data/migr_pop1ctz?format=JSON&lang=EN&geo=CZ&age=TOTAL&sex=T&unit=NR&citizen=FOR_STLS&sinceTimePeriod=2010&untilTimePeriod=2022,stock at 1 Jan; citizen=FOR_STLS (foreign citizens incl. stateless),yes,eu_stock.csv
Czech Republic,CZE,2015,foreign_nationals,457323,Eurostat [migr_pop1ctz],https://ec.europa.eu/eurostat/api/dissemination/statistics/1.0/data/migr_pop1ctz?format=JSON&lang=EN&geo=CZ&age=TOTAL&sex=T&unit=NR&citizen=FOR_STLS&sinceTimePeriod=2010&untilTimePeriod=2022,stock at 1 Jan; citizen=FOR_STLS (foreign citizens incl. stateless),yes,eu_stock.csv
Czech Republic,CZE,2016,foreign_nationals,476345,Eurostat [migr_pop1ctz],https://ec.europa.eu/eurostat/api/dissemination/statistics/1.0/data/migr_pop1ctz?format=JSON&lang=EN&geo=CZ&age=TOTAL&sex=T&unit=NR&citizen=FOR_STLS&sinceTimePeriod=2010&untilTimePeriod=2022,stock at 1 Jan; citizen=FOR_STLS (foreign citizens incl. stateless),yes,eu_stock.csv
Czech Republic,CZE,2017,foreign_nationals,510841,Eurostat [migr_pop1ctz],https://ec.europa.eu/eurostat/api/dissemination/statistics/1.0/data/migr_pop1ctz?format=JSON&lang=EN&geo=CZ&age=TOTAL&sex=T&unit=NR&citizen=FOR_STLS&sinceTimePeriod=2010&untilTimePeriod=2022,stock at 1 Jan; citizen=FOR_STLS (foreign citizens incl. stateless),yes,eu_stock.csv
Czech Republic,CZE,2018,foreign_nationals,515422,Eurostat [migr_pop1ctz],https://ec.europa.eu/eurostat/api/dissemination/statistics/1.0/data/migr_pop1ctz?format=JSON&lang=EN&geo=CZ&age=TOTAL&sex=T&unit=NR&citizen=FOR_STLS&sinceTimePeriod=2010&untilTimePeriod=2022,stock at 1 Jan; citizen=FOR_STLS (foreign citizens incl. stateless),yes,eu_stock.csv
Czech Republic,CZE,2019,foreign_nationals,557458,Eurostat [migr_pop1ctz],https://ec.europa.eu/eurostat/api/dissemination/statistics/1.0/data/migr_pop1ctz?format=JSON&lang=EN&geo=CZ&age=TOTAL&sex=T&unit=NR&citizen=FOR_STLS&sinceTimePeriod=2010&untilTimePeriod=2022,stock at 1 Jan; citizen=FOR_STLS (foreign citizens incl. stateless),yes,eu_stock.csv
Czech Republic,CZE,2020,foreign_nationals,586646,Eurostat [migr_pop1ctz],https://ec.europa.eu/eurostat/api/dissemination/statistics/1.0/data/migr_pop1ctz?format=JSON&lang=EN&geo=CZ&age=TOTAL&sex=T&unit=NR&citizen=FOR_STLS&sinceTimePeriod=2010&untilTimePeriod=2022,stock at 1 Jan; citizen=FOR_STLS (foreign citizens incl. stateless),yes,eu_stock.csv
Czech Republic,CZE,2021,foreign_nationals,488532,Eurostat [migr_pop1ctz],https://ec.europa.eu/eurostat/api/dissemination/statistics/1.0/data/migr_pop1ctz?format=JSON&lang=EN&geo=CZ&age=TOTAL&sex=T&unit=NR&citizen=FOR_STLS&sinceTimePeriod=2010&untilTimePeriod=2022,stock at 1 Jan; citizen=FOR_STLS (foreign citizens incl. stateless); apparent break in series (population census re-basing),yes,eu_stock.csv
Czech Republic,CZE,2022,foreign_nationals,538237,Eurostat [migr_pop1ctz],https://ec.europa.eu/eurostat/api/dissemination/statistics/1.0/data/migr_pop1ctz?format=JSON&lang=EN&geo=CZ&age=TOTAL&sex=T&unit=NR&citizen=FOR_STLS&sinceTimePeriod=2010&untilTimePeriod=2022,stock at 1 Jan; citizen=FOR_STLS (foreign citizens incl. stateless),yes,eu_stock.csv
Czech Republic,CZE,2010,irregular_proxy_detections,2655,"Eurostat, Third country nationals found to be illegally present (migr_eipre)",https://ec.europa.eu/eurostat/databrowser/view/migr_eipre/default/table,"Eurostat enforcement statistic - annual flow of detections, NOT a stock. Dataset migr_eipre, dimensions freq=A citizen=TOTAL reason=TOTAL apprehen=TOTAL sex=T age=TOTAL unit=PER. Rounded to nearest 5 by Eurostat.",yes,irregular_eu.csv
Czech Republic,CZE,2011,irregular_proxy_detections,3085,"Eurostat, Third country nationals found to be illegally present (migr_eipre)",https://ec.europa.eu/eurostat/databrowser/view/migr_eipre/default/table,"Eurostat enforcement statistic - annual flow of detections, NOT a stock. Dataset migr_eipre, dimensions freq=A citizen=TOTAL reason=TOTAL apprehen=TOTAL sex=T age=TOTAL unit=PER. Rounded to nearest 5 by Eurostat.",yes,irregular_eu.csv
Czech Republic,CZE,2012,irregular_proxy_detections,3315,"Eurostat, Third country nationals found to be illegally present (migr_eipre)",https://ec.europa.eu/eurostat/databrowser/view/migr_eipre/default/table,"Eurostat enforcement statistic - annual flow of detections, NOT a stock. Dataset migr_eipre, dimensions freq=A citizen=TOTAL reason=TOTAL apprehen=TOTAL sex=T age=TOTAL unit=PER. Rounded to nearest 5 by Eurostat.",yes,irregular_eu.csv
Czech Republic,CZE,2013,irregular_proxy_detections,3695,"Eurostat, Third country nationals found to be illegally present (migr_eipre)",https://ec.europa.eu/eurostat/databrowser/view/migr_eipre/default/table,"Eurostat enforcement statistic - annual flow of detections, NOT a stock. Dataset migr_eipre, dimensions freq=A citizen=TOTAL reason=TOTAL apprehen=TOTAL sex=T age=TOTAL unit=PER. Rounded to nearest 5 by Eurostat.",yes,irregular_eu.csv
Czech Republic,CZE,2014,irregular_proxy_detections,4430,"Eurostat, Third country nationals found to be illegally present (migr_eipre)",https://ec.europa.eu/eurostat/databrowser/view/migr_eipre/default/table,"Eurostat enforcement statistic - annual flow of detections, NOT a stock. Dataset migr_eipre, dimensions freq=A citizen=TOTAL reason=TOTAL apprehen=TOTAL sex=T age=TOTAL unit=PER. Rounded to nearest 5 by Eurostat.",yes,irregular_eu.csv
Czech Republic,CZE,2015,irregular_proxy_detections,8165,"Eurostat, Third country nationals found to be illegally present (migr_eipre)",https://ec.europa.eu/eurostat/databrowser/view/migr_eipre/default/table,"Eurostat enforcement statistic - annual flow of detections, NOT a stock. Dataset migr_eipre, dimensions freq=A citizen=TOTAL reason=TOTAL apprehen=TOTAL sex=T age=TOTAL unit=PER. Rounded to nearest 5 by Eurostat.",yes,irregular_eu.csv
Czech Republic,CZE,2016,irregular_proxy_detections,4885,"Eurostat, Third country nationals found to be illegally present (migr_eipre)",https://ec.europa.eu/eurostat/databrowser/view/migr_eipre/default/table,"Eurostat enforcement statistic - annual flow of detections, NOT a stock. Dataset migr_eipre, dimensions freq=A citizen=TOTAL reason=TOTAL apprehen=TOTAL sex=T age=TOTAL unit=PER. Rounded to nearest 5 by Eurostat.",yes,irregular_eu.csv
Czech Republic,CZE,2017,irregular_proxy_detections,4360,"Eurostat, Third country nationals found to be illegally present (migr_eipre)",https://ec.europa.eu/eurostat/databrowser/view/migr_eipre/default/table,"Eurostat enforcement statistic - annual flow of detections, NOT a stock. Dataset migr_eipre, dimensions freq=A citizen=TOTAL reason=TOTAL apprehen=TOTAL sex=T age=TOTAL unit=PER. Rounded to nearest 5 by Eurostat.",yes,irregular_eu.csv
Czech Republic,CZE,2018,irregular_proxy_detections,4505,"Eurostat, Third country nationals found to be illegally present (migr_eipre)",https://ec.europa.eu/eurostat/databrowser/view/migr_eipre/default/table,"Eurostat enforcement statistic - annual flow of detections, NOT a stock. Dataset migr_eipre, dimensions freq=A citizen=TOTAL reason=TOTAL apprehen=TOTAL sex=T age=TOTAL unit=PER. Rounded to nearest 5 by Eurostat.",yes,irregular_eu.csv
Czech Republic,CZE,2019,irregular_proxy_detections,4995,"Eurostat, Third country nationals found to be illegally present (migr_eipre)",https://ec.europa.eu/eurostat/databrowser/view/migr_eipre/default/table,"Eurostat enforcement statistic - annual flow of detections, NOT a stock. Dataset migr_eipre, dimensions freq=A citizen=TOTAL reason=TOTAL apprehen=TOTAL sex=T age=TOTAL unit=PER. Rounded to nearest 5 by Eurostat.",yes,irregular_eu.csv
Czech Republic,CZE,2020,irregular_proxy_detections,6515,"Eurostat, Third country nationals found to be illegally present (migr_eipre)",https://ec.europa.eu/eurostat/databrowser/view/migr_eipre/default/table,"Eurostat enforcement statistic - annual flow of detections, NOT a stock. Dataset migr_eipre, dimensions freq=A citizen=TOTAL reason=TOTAL apprehen=TOTAL sex=T age=TOTAL unit=PER. Rounded to nearest 5 by Eurostat.",yes,irregular_eu.csv
Czech Republic,CZE,2021,irregular_proxy_detections,11040,"Eurostat, Third country nationals found to be illegally present (migr_eipre)",https://ec.europa.eu/eurostat/databrowser/view/migr_eipre/default/table,"Eurostat enforcement statistic - annual flow of detections, NOT a stock. Dataset migr_eipre, dimensions freq=A citizen=TOTAL reason=TOTAL apprehen=TOTAL sex=T age=TOTAL unit=PER. Rounded to nearest 5 by Eurostat.",yes,irregular_eu.csv
Czech Republic,CZE,2022,irregular_proxy_detections,29130,"Eurostat, Third country nationals found to be illegally present (migr_eipre)",https://ec.europa.eu/eurostat/databrowser/view/migr_eipre/default/table,"Eurostat enforcement statistic - annual flow of detections, NOT a stock. Dataset migr_eipre, dimensions freq=A citizen=TOTAL reason=TOTAL apprehen=TOTAL sex=T age=TOTAL unit=PER. Rounded to nearest 5 by Eurostat.",yes,irregular_eu.csv
Czech Republic,CZE,2017,irregular_stock,150000,"Pew Research Center (2019), Europe's Unauthorized Immigrant Population Peaks in 2016, Then Levels Off",https://www.pewresearch.org/global/2019/11/13/europes-unauthorized-immigrant-population-peaks-in-2016-then-levels-off/,"Pew residual method (population/labour-force data minus lawfully resident foreign-born), estimate INCLUDES asylum seekers awaiting a decision; published range 100000-200000, value is the midpoint of the published range. Pew reports only rounded 100k bounds.",yes,irregular_eu.csv
Czech Republic,CZE,2010,population,10474410,"World Bank, World Development Indicators (SP.POP.TOTL), sourced from UN World Population Prospects and national statistical offices",https://api.worldbank.org/v2/country/all/indicator/SP.POP.TOTL,"Total resident population, mid-year estimate. Retrieved via World Bank API, August 2026.",yes,worldbank_api
Czech Republic,CZE,2011,population,10496088,"World Bank, World Development Indicators (SP.POP.TOTL), sourced from UN World Population Prospects and national statistical offices",https://api.worldbank.org/v2/country/all/indicator/SP.POP.TOTL,"Total resident population, mid-year estimate. Retrieved via World Bank API, August 2026.",yes,worldbank_api
Czech Republic,CZE,2012,population,10510785,"World Bank, World Development Indicators (SP.POP.TOTL), sourced from UN World Population Prospects and national statistical offices",https://api.worldbank.org/v2/country/all/indicator/SP.POP.TOTL,"Total resident population, mid-year estimate. Retrieved via World Bank API, August 2026.",yes,worldbank_api
Czech Republic,CZE,2013,population,10514272,"World Bank, World Development Indicators (SP.POP.TOTL), sourced from UN World Population Prospects and national statistical offices",https://api.worldbank.org/v2/country/all/indicator/SP.POP.TOTL,"Total resident population, mid-year estimate. Retrieved via World Bank API, August 2026.",yes,worldbank_api
Czech Republic,CZE,2014,population,10525347,"World Bank, World Development Indicators (SP.POP.TOTL), sourced from UN World Population Prospects and national statistical offices",https://api.worldbank.org/v2/country/all/indicator/SP.POP.TOTL,"Total resident population, mid-year estimate. Retrieved via World Bank API, August 2026.",yes,worldbank_api
Czech Republic,CZE,2015,population,10546059,"World Bank, World Development Indicators (SP.POP.TOTL), sourced from UN World Population Prospects and national statistical offices",https://api.worldbank.org/v2/country/all/indicator/SP.POP.TOTL,"Total resident population, mid-year estimate. Retrieved via World Bank API, August 2026.",yes,worldbank_api
Czech Republic,CZE,2016,population,10566332,"World Bank, World Development Indicators (SP.POP.TOTL), sourced from UN World Population Prospects and national statistical offices",https://api.worldbank.org/v2/country/all/indicator/SP.POP.TOTL,"Total resident population, mid-year estimate. Retrieved via World Bank API, August 2026.",yes,worldbank_api
Czech Republic,CZE,2017,population,10594438,"World Bank, World Development Indicators (SP.POP.TOTL), sourced from UN World Population Prospects and national statistical offices",https://api.worldbank.org/v2/country/all/indicator/SP.POP.TOTL,"Total resident population, mid-year estimate. Retrieved via World Bank API, August 2026.",yes,worldbank_api
Czech Republic,CZE,2018,population,10629928,"World Bank, World Development Indicators (SP.POP.TOTL), sourced from UN World Population Prospects and national statistical offices",https://api.worldbank.org/v2/country/all/indicator/SP.POP.TOTL,"Total resident population, mid-year estimate. Retrieved via World Bank API, August 2026.",yes,worldbank_api
Czech Republic,CZE,2019,population,10671870,"World Bank, World Development Indicators (SP.POP.TOTL), sourced from UN World Population Prospects and national statistical offices",https://api.worldbank.org/v2/country/all/indicator/SP.POP.TOTL,"Total resident population, mid-year estimate. Retrieved via World Bank API, August 2026.",yes,worldbank_api
Czech Republic,CZE,2020,population,10697858,"World Bank, World Development Indicators (SP.POP.TOTL), sourced from UN World Population Prospects and national statistical offices",https://api.worldbank.org/v2/country/all/indicator/SP.POP.TOTL,"Total resident population, mid-year estimate. Retrieved via World Bank API, August 2026.",yes,worldbank_api
Czech Republic,CZE,2021,population,10505772,"World Bank, World Development Indicators (SP.POP.TOTL), sourced from UN World Population Prospects and national statistical offices",https://api.worldbank.org/v2/country/all/indicator/SP.POP.TOTL,"Total resident population, mid-year estimate. Retrieved via World Bank API, August 2026.",yes,worldbank_api
Czech Republic,CZE,2022,population,10672118,"World Bank, World Development Indicators (SP.POP.TOTL), sourced from UN World Population Prospects and national statistical offices",https://api.worldbank.org/v2/country/all/indicator/SP.POP.TOTL,"Total resident population, mid-year estimate. Retrieved via World Bank API, August 2026.",yes,worldbank_api
Germany,DEU,2010,foreign_born,9812263,Eurostat [migr_pop3ctb],https://ec.europa.eu/eurostat/api/dissemination/statistics/1.0/data/migr_pop3ctb?format=JSON&lang=EN&geo=DE&age=TOTAL&sex=T&unit=NR&c_birth=FOR&sinceTimePeriod=2010&untilTimePeriod=2022,stock at 1 Jan; c_birth=FOR (born in a foreign country),yes,eu_stock.csv
Germany,DEU,2011,foreign_born,8935603,Eurostat [migr_pop3ctb],https://ec.europa.eu/eurostat/api/dissemination/statistics/1.0/data/migr_pop3ctb?format=JSON&lang=EN&geo=DE&age=TOTAL&sex=T&unit=NR&c_birth=FOR&sinceTimePeriod=2010&untilTimePeriod=2022,stock at 1 Jan; c_birth=FOR (born in a foreign country); apparent break in series (population census re-basing),yes,eu_stock.csv
Germany,DEU,2012,foreign_born,9117874,Eurostat [migr_pop3ctb],https://ec.europa.eu/eurostat/api/dissemination/statistics/1.0/data/migr_pop3ctb?format=JSON&lang=EN&geo=DE&age=TOTAL&sex=T&unit=NR&c_birth=FOR&sinceTimePeriod=2010&untilTimePeriod=2022,stock at 1 Jan; c_birth=FOR (born in a foreign country),yes,eu_stock.csv
Germany,DEU,2013,foreign_born,9456225,Eurostat [migr_pop3ctb],https://ec.europa.eu/eurostat/api/dissemination/statistics/1.0/data/migr_pop3ctb?format=JSON&lang=EN&geo=DE&age=TOTAL&sex=T&unit=NR&c_birth=FOR&sinceTimePeriod=2010&untilTimePeriod=2022,stock at 1 Jan; c_birth=FOR (born in a foreign country),yes,eu_stock.csv
Germany,DEU,2014,foreign_born,9807877,Eurostat [migr_pop3ctb],https://ec.europa.eu/eurostat/api/dissemination/statistics/1.0/data/migr_pop3ctb?format=JSON&lang=EN&geo=DE&age=TOTAL&sex=T&unit=NR&c_birth=FOR&sinceTimePeriod=2010&untilTimePeriod=2022,stock at 1 Jan; c_birth=FOR (born in a foreign country),yes,eu_stock.csv
Germany,DEU,2015,foreign_born,10220418,Eurostat [migr_pop3ctb],https://ec.europa.eu/eurostat/api/dissemination/statistics/1.0/data/migr_pop3ctb?format=JSON&lang=EN&geo=DE&age=TOTAL&sex=T&unit=NR&c_birth=FOR&sinceTimePeriod=2010&untilTimePeriod=2022,stock at 1 Jan; c_birth=FOR (born in a foreign country),yes,eu_stock.csv
Germany,DEU,2016,foreign_born,10908255,Eurostat [migr_pop3ctb],https://ec.europa.eu/eurostat/api/dissemination/statistics/1.0/data/migr_pop3ctb?format=JSON&lang=EN&geo=DE&age=TOTAL&sex=T&unit=NR&c_birth=FOR&sinceTimePeriod=2010&untilTimePeriod=2022,stock at 1 Jan; c_birth=FOR (born in a foreign country),yes,eu_stock.csv
Germany,DEU,2017,foreign_born,12105436,Eurostat [migr_pop3ctb],https://ec.europa.eu/eurostat/api/dissemination/statistics/1.0/data/migr_pop3ctb?format=JSON&lang=EN&geo=DE&age=TOTAL&sex=T&unit=NR&c_birth=FOR&sinceTimePeriod=2010&untilTimePeriod=2022,stock at 1 Jan; c_birth=FOR (born in a foreign country),yes,eu_stock.csv
Germany,DEU,2018,foreign_born,13745843,Eurostat [migr_pop3ctb],https://ec.europa.eu/eurostat/api/dissemination/statistics/1.0/data/migr_pop3ctb?format=JSON&lang=EN&geo=DE&age=TOTAL&sex=T&unit=NR&c_birth=FOR&sinceTimePeriod=2010&untilTimePeriod=2022,stock at 1 Jan; c_birth=FOR (born in a foreign country),yes,eu_stock.csv
Germany,DEU,2019,foreign_born,14879635,Eurostat [migr_pop3ctb],https://ec.europa.eu/eurostat/api/dissemination/statistics/1.0/data/migr_pop3ctb?format=JSON&lang=EN&geo=DE&age=TOTAL&sex=T&unit=NR&c_birth=FOR&sinceTimePeriod=2010&untilTimePeriod=2022,stock at 1 Jan; c_birth=FOR (born in a foreign country),yes,eu_stock.csv
Germany,DEU,2020,foreign_born,15040708,Eurostat [migr_pop3ctb],https://ec.europa.eu/eurostat/api/dissemination/statistics/1.0/data/migr_pop3ctb?format=JSON&lang=EN&geo=DE&age=TOTAL&sex=T&unit=NR&c_birth=FOR&sinceTimePeriod=2010&untilTimePeriod=2022,stock at 1 Jan; c_birth=FOR (born in a foreign country),yes,eu_stock.csv
Germany,DEU,2021,foreign_born,15162728,Eurostat [migr_pop3ctb],https://ec.europa.eu/eurostat/api/dissemination/statistics/1.0/data/migr_pop3ctb?format=JSON&lang=EN&geo=DE&age=TOTAL&sex=T&unit=NR&c_birth=FOR&sinceTimePeriod=2010&untilTimePeriod=2022,stock at 1 Jan; c_birth=FOR (born in a foreign country),yes,eu_stock.csv
Germany,DEU,2022,foreign_born,15287650,Eurostat [migr_pop3ctb],https://ec.europa.eu/eurostat/api/dissemination/statistics/1.0/data/migr_pop3ctb?format=JSON&lang=EN&geo=DE&age=TOTAL&sex=T&unit=NR&c_birth=FOR&sinceTimePeriod=2010&untilTimePeriod=2022,stock at 1 Jan; c_birth=FOR (born in a foreign country),yes,eu_stock.csv
Germany,DEU,2010,foreign_nationals,7130919,Eurostat [migr_pop1ctz],https://ec.europa.eu/eurostat/api/dissemination/statistics/1.0/data/migr_pop1ctz?format=JSON&lang=EN&geo=DE&age=TOTAL&sex=T&unit=NR&citizen=FOR_STLS&sinceTimePeriod=2010&untilTimePeriod=2022,stock at 1 Jan; citizen=FOR_STLS (foreign citizens incl. stateless),yes,eu_stock.csv
Germany,DEU,2011,foreign_nationals,6107216,Eurostat [migr_pop1ctz],https://ec.europa.eu/eurostat/api/dissemination/statistics/1.0/data/migr_pop1ctz?format=JSON&lang=EN&geo=DE&age=TOTAL&sex=T&unit=NR&citizen=FOR_STLS&sinceTimePeriod=2010&untilTimePeriod=2022,stock at 1 Jan; citizen=FOR_STLS (foreign citizens incl. stateless); apparent break in series (population census re-basing),yes,eu_stock.csv
Germany,DEU,2012,foreign_nationals,6342394,Eurostat [migr_pop1ctz],https://ec.europa.eu/eurostat/api/dissemination/statistics/1.0/data/migr_pop1ctz?format=JSON&lang=EN&geo=DE&age=TOTAL&sex=T&unit=NR&citizen=FOR_STLS&sinceTimePeriod=2010&untilTimePeriod=2022,stock at 1 Jan; citizen=FOR_STLS (foreign citizens incl. stateless),yes,eu_stock.csv
Germany,DEU,2013,foreign_nationals,6643699,Eurostat [migr_pop1ctz],https://ec.europa.eu/eurostat/api/dissemination/statistics/1.0/data/migr_pop1ctz?format=JSON&lang=EN&geo=DE&age=TOTAL&sex=T&unit=NR&citizen=FOR_STLS&sinceTimePeriod=2010&untilTimePeriod=2022,stock at 1 Jan; citizen=FOR_STLS (foreign citizens incl. stateless),yes,eu_stock.csv
Germany,DEU,2014,foreign_nationals,7015236,Eurostat [migr_pop1ctz],https://ec.europa.eu/eurostat/api/dissemination/statistics/1.0/data/migr_pop1ctz?format=JSON&lang=EN&geo=DE&age=TOTAL&sex=T&unit=NR&citizen=FOR_STLS&sinceTimePeriod=2010&untilTimePeriod=2022,stock at 1 Jan; citizen=FOR_STLS (foreign citizens incl. stateless),yes,eu_stock.csv
Germany,DEU,2015,foreign_nationals,7539774,Eurostat [migr_pop1ctz],https://ec.europa.eu/eurostat/api/dissemination/statistics/1.0/data/migr_pop1ctz?format=JSON&lang=EN&geo=DE&age=TOTAL&sex=T&unit=NR&citizen=FOR_STLS&sinceTimePeriod=2010&untilTimePeriod=2022,stock at 1 Jan; citizen=FOR_STLS (foreign citizens incl. stateless),yes,eu_stock.csv
Germany,DEU,2016,foreign_nationals,8651958,Eurostat [migr_pop1ctz],https://ec.europa.eu/eurostat/api/dissemination/statistics/1.0/data/migr_pop1ctz?format=JSON&lang=EN&geo=DE&age=TOTAL&sex=T&unit=NR&citizen=FOR_STLS&sinceTimePeriod=2010&untilTimePeriod=2022,stock at 1 Jan; citizen=FOR_STLS (foreign citizens incl. stateless),yes,eu_stock.csv
Germany,DEU,2017,foreign_nationals,9219989,Eurostat [migr_pop1ctz],https://ec.europa.eu/eurostat/api/dissemination/statistics/1.0/data/migr_pop1ctz?format=JSON&lang=EN&geo=DE&age=TOTAL&sex=T&unit=NR&citizen=FOR_STLS&sinceTimePeriod=2010&untilTimePeriod=2022,stock at 1 Jan; citizen=FOR_STLS (foreign citizens incl. stateless),yes,eu_stock.csv
Germany,DEU,2018,foreign_nationals,9678868,Eurostat [migr_pop1ctz],https://ec.europa.eu/eurostat/api/dissemination/statistics/1.0/data/migr_pop1ctz?format=JSON&lang=EN&geo=DE&age=TOTAL&sex=T&unit=NR&citizen=FOR_STLS&sinceTimePeriod=2010&untilTimePeriod=2022,stock at 1 Jan; citizen=FOR_STLS (foreign citizens incl. stateless),yes,eu_stock.csv
Germany,DEU,2019,foreign_nationals,10089292,Eurostat [migr_pop1ctz],https://ec.europa.eu/eurostat/api/dissemination/statistics/1.0/data/migr_pop1ctz?format=JSON&lang=EN&geo=DE&age=TOTAL&sex=T&unit=NR&citizen=FOR_STLS&sinceTimePeriod=2010&untilTimePeriod=2022,stock at 1 Jan; citizen=FOR_STLS (foreign citizens incl. stateless),yes,eu_stock.csv
Germany,DEU,2020,foreign_nationals,10398022,Eurostat [migr_pop1ctz],https://ec.europa.eu/eurostat/api/dissemination/statistics/1.0/data/migr_pop1ctz?format=JSON&lang=EN&geo=DE&age=TOTAL&sex=T&unit=NR&citizen=FOR_STLS&sinceTimePeriod=2010&untilTimePeriod=2022,stock at 1 Jan; citizen=FOR_STLS (foreign citizens incl. stateless),yes,eu_stock.csv
Germany,DEU,2021,foreign_nationals,10585053,Eurostat [migr_pop1ctz],https://ec.europa.eu/eurostat/api/dissemination/statistics/1.0/data/migr_pop1ctz?format=JSON&lang=EN&geo=DE&age=TOTAL&sex=T&unit=NR&citizen=FOR_STLS&sinceTimePeriod=2010&untilTimePeriod=2022,stock at 1 Jan; citizen=FOR_STLS (foreign citizens incl. stateless),yes,eu_stock.csv
Germany,DEU,2022,foreign_nationals,10893053,Eurostat [migr_pop1ctz],https://ec.europa.eu/eurostat/api/dissemination/statistics/1.0/data/migr_pop1ctz?format=JSON&lang=EN&geo=DE&age=TOTAL&sex=T&unit=NR&citizen=FOR_STLS&sinceTimePeriod=2010&untilTimePeriod=2022,stock at 1 Jan; citizen=FOR_STLS (foreign citizens incl. stateless),yes,eu_stock.csv
Germany,DEU,2010,irregular_proxy_detections,50250,"Eurostat, Third country nationals found to be illegally present (migr_eipre)",https://ec.europa.eu/eurostat/databrowser/view/migr_eipre/default/table,"Eurostat enforcement statistic - annual flow of detections, NOT a stock. Dataset migr_eipre, dimensions freq=A citizen=TOTAL reason=TOTAL apprehen=TOTAL sex=T age=TOTAL unit=PER. Rounded to nearest 5 by Eurostat.",yes,irregular_eu.csv
Germany,DEU,2011,irregular_proxy_detections,56345,"Eurostat, Third country nationals found to be illegally present (migr_eipre)",https://ec.europa.eu/eurostat/databrowser/view/migr_eipre/default/table,"Eurostat enforcement statistic - annual flow of detections, NOT a stock. Dataset migr_eipre, dimensions freq=A citizen=TOTAL reason=TOTAL apprehen=TOTAL sex=T age=TOTAL unit=PER. Rounded to nearest 5 by Eurostat.",yes,irregular_eu.csv
Germany,DEU,2012,irregular_proxy_detections,64815,"Eurostat, Third country nationals found to be illegally present (migr_eipre)",https://ec.europa.eu/eurostat/databrowser/view/migr_eipre/default/table,"Eurostat enforcement statistic - annual flow of detections, NOT a stock. Dataset migr_eipre, dimensions freq=A citizen=TOTAL reason=TOTAL apprehen=TOTAL sex=T age=TOTAL unit=PER. Rounded to nearest 5 by Eurostat.",yes,irregular_eu.csv
Germany,DEU,2013,irregular_proxy_detections,86305,"Eurostat, Third country nationals found to be illegally present (migr_eipre)",https://ec.europa.eu/eurostat/databrowser/view/migr_eipre/default/table,"Eurostat enforcement statistic - annual flow of detections, NOT a stock. Dataset migr_eipre, dimensions freq=A citizen=TOTAL reason=TOTAL apprehen=TOTAL sex=T age=TOTAL unit=PER. Rounded to nearest 5 by Eurostat.",yes,irregular_eu.csv
Germany,DEU,2014,irregular_proxy_detections,128290,"Eurostat, Third country nationals found to be illegally present (migr_eipre)",https://ec.europa.eu/eurostat/databrowser/view/migr_eipre/default/table,"Eurostat enforcement statistic - annual flow of detections, NOT a stock. Dataset migr_eipre, dimensions freq=A citizen=TOTAL reason=TOTAL apprehen=TOTAL sex=T age=TOTAL unit=PER. Rounded to nearest 5 by Eurostat.",yes,irregular_eu.csv
Germany,DEU,2015,irregular_proxy_detections,376435,"Eurostat, Third country nationals found to be illegally present (migr_eipre)",https://ec.europa.eu/eurostat/databrowser/view/migr_eipre/default/table,"Eurostat enforcement statistic - annual flow of detections, NOT a stock. Dataset migr_eipre, dimensions freq=A citizen=TOTAL reason=TOTAL apprehen=TOTAL sex=T age=TOTAL unit=PER. Rounded to nearest 5 by Eurostat.",yes,irregular_eu.csv
Germany,DEU,2016,irregular_proxy_detections,370555,"Eurostat, Third country nationals found to be illegally present (migr_eipre)",https://ec.europa.eu/eurostat/databrowser/view/migr_eipre/default/table,"Eurostat enforcement statistic - annual flow of detections, NOT a stock. Dataset migr_eipre, dimensions freq=A citizen=TOTAL reason=TOTAL apprehen=TOTAL sex=T age=TOTAL unit=PER. Rounded to nearest 5 by Eurostat.",yes,irregular_eu.csv
Germany,DEU,2017,irregular_proxy_detections,156710,"Eurostat, Third country nationals found to be illegally present (migr_eipre)",https://ec.europa.eu/eurostat/databrowser/view/migr_eipre/default/table,"Eurostat enforcement statistic - annual flow of detections, NOT a stock. Dataset migr_eipre, dimensions freq=A citizen=TOTAL reason=TOTAL apprehen=TOTAL sex=T age=TOTAL unit=PER. Rounded to nearest 5 by Eurostat.",yes,irregular_eu.csv
Germany,DEU,2018,irregular_proxy_detections,134125,"Eurostat, Third country nationals found to be illegally present (migr_eipre)",https://ec.europa.eu/eurostat/databrowser/view/migr_eipre/default/table,"Eurostat enforcement statistic - annual flow of detections, NOT a stock. Dataset migr_eipre, dimensions freq=A citizen=TOTAL reason=TOTAL apprehen=TOTAL sex=T age=TOTAL unit=PER. Rounded to nearest 5 by Eurostat.",yes,irregular_eu.csv
Germany,DEU,2019,irregular_proxy_detections,133525,"Eurostat, Third country nationals found to be illegally present (migr_eipre)",https://ec.europa.eu/eurostat/databrowser/view/migr_eipre/default/table,"Eurostat enforcement statistic - annual flow of detections, NOT a stock. Dataset migr_eipre, dimensions freq=A citizen=TOTAL reason=TOTAL apprehen=TOTAL sex=T age=TOTAL unit=PER. Rounded to nearest 5 by Eurostat.",yes,irregular_eu.csv
Germany,DEU,2020,irregular_proxy_detections,117930,"Eurostat, Third country nationals found to be illegally present (migr_eipre)",https://ec.europa.eu/eurostat/databrowser/view/migr_eipre/default/table,"Eurostat enforcement statistic - annual flow of detections, NOT a stock. Dataset migr_eipre, dimensions freq=A citizen=TOTAL reason=TOTAL apprehen=TOTAL sex=T age=TOTAL unit=PER. Rounded to nearest 5 by Eurostat.",yes,irregular_eu.csv
Germany,DEU,2021,irregular_proxy_detections,120285,"Eurostat, Third country nationals found to be illegally present (migr_eipre)",https://ec.europa.eu/eurostat/databrowser/view/migr_eipre/default/table,"Eurostat enforcement statistic - annual flow of detections, NOT a stock. Dataset migr_eipre, dimensions freq=A citizen=TOTAL reason=TOTAL apprehen=TOTAL sex=T age=TOTAL unit=PER. Rounded to nearest 5 by Eurostat.",yes,irregular_eu.csv
Germany,DEU,2022,irregular_proxy_detections,198310,"Eurostat, Third country nationals found to be illegally present (migr_eipre)",https://ec.europa.eu/eurostat/databrowser/view/migr_eipre/default/table,"Eurostat enforcement statistic - annual flow of detections, NOT a stock. Dataset migr_eipre, dimensions freq=A citizen=TOTAL reason=TOTAL apprehen=TOTAL sex=T age=TOTAL unit=PER. Rounded to nearest 5 by Eurostat.",yes,irregular_eu.csv
Germany,DEU,2014,irregular_stock,550000,"Pew Research Center (2019), Europe's Unauthorized Immigrant Population Peaks in 2016, Then Levels Off",https://www.pewresearch.org/global/2019/11/13/europes-unauthorized-immigrant-population-peaks-in-2016-then-levels-off/,"Pew residual method (population/labour-force data minus lawfully resident foreign-born), estimate INCLUDES asylum seekers awaiting a decision; published range 500000-600000, value is the midpoint of the published range. Pew reports only rounded 100k bounds.",yes,irregular_eu.csv
Germany,DEU,2014,irregular_stock,350000,"Vogel, Dita (2015), Update report Germany: Estimated number of irregular foreign residents in Germany (Database on Irregular Migration), cited in bpb country profile",https://www.bpb.de/themen/migration-integration/regionalprofile/deutschland/256275/irregulaere-migration-in-deutschland/,"Multiplier method based on police crime statistics (Polizeiliche Kriminalstatistik); published range 180000-520000, value is the midpoint. NOTE: this is a second, independent estimate for DEU 2014 alongside the Pew row - do not sum. Author regards 2015-2016 as not estimable.",no,irregular_eu.csv
Germany,DEU,2015,irregular_stock,900000,"Pew Research Center (2019), Europe's Unauthorized Immigrant Population Peaks in 2016, Then Levels Off",https://www.pewresearch.org/global/2019/11/13/europes-unauthorized-immigrant-population-peaks-in-2016-then-levels-off/,"Pew residual method (population/labour-force data minus lawfully resident foreign-born), estimate INCLUDES asylum seekers awaiting a decision; published range 600000-1200000, value is the midpoint of the published range. Pew reports only rounded 100k bounds.",yes,irregular_eu.csv
Germany,DEU,2016,irregular_stock,1250000,"Pew Research Center (2019), Europe's Unauthorized Immigrant Population Peaks in 2016, Then Levels Off",https://www.pewresearch.org/global/2019/11/13/europes-unauthorized-immigrant-population-peaks-in-2016-then-levels-off/,"Pew residual method (population/labour-force data minus lawfully resident foreign-born), estimate INCLUDES asylum seekers awaiting a decision; published range 1100000-1400000, value is the midpoint of the published range. Pew reports only rounded 100k bounds.",yes,irregular_eu.csv
Germany,DEU,2017,irregular_stock,1100000,"Pew Research Center (2019), Europe's Unauthorized Immigrant Population Peaks in 2016, Then Levels Off",https://www.pewresearch.org/global/2019/11/13/europes-unauthorized-immigrant-population-peaks-in-2016-then-levels-off/,"Pew residual method (population/labour-force data minus lawfully resident foreign-born), estimate INCLUDES asylum seekers awaiting a decision; published range 1000000-1200000, value is the midpoint of the published range. Pew reports only rounded 100k bounds.",yes,irregular_eu.csv
Germany,DEU,2010,population,81776930,"World Bank, World Development Indicators (SP.POP.TOTL), sourced from UN World Population Prospects and national statistical offices",https://api.worldbank.org/v2/country/all/indicator/SP.POP.TOTL,"Total resident population, mid-year estimate. Retrieved via World Bank API, August 2026.",yes,worldbank_api
Germany,DEU,2011,population,80274983,"World Bank, World Development Indicators (SP.POP.TOTL), sourced from UN World Population Prospects and national statistical offices",https://api.worldbank.org/v2/country/all/indicator/SP.POP.TOTL,"Total resident population, mid-year estimate. Retrieved via World Bank API, August 2026.",yes,worldbank_api
Germany,DEU,2012,population,80425823,"World Bank, World Development Indicators (SP.POP.TOTL), sourced from UN World Population Prospects and national statistical offices",https://api.worldbank.org/v2/country/all/indicator/SP.POP.TOTL,"Total resident population, mid-year estimate. Retrieved via World Bank API, August 2026.",yes,worldbank_api
Germany,DEU,2013,population,80645605,"World Bank, World Development Indicators (SP.POP.TOTL), sourced from UN World Population Prospects and national statistical offices",https://api.worldbank.org/v2/country/all/indicator/SP.POP.TOTL,"Total resident population, mid-year estimate. Retrieved via World Bank API, August 2026.",yes,worldbank_api
Germany,DEU,2014,population,80982500,"World Bank, World Development Indicators (SP.POP.TOTL), sourced from UN World Population Prospects and national statistical offices",https://api.worldbank.org/v2/country/all/indicator/SP.POP.TOTL,"Total resident population, mid-year estimate. Retrieved via World Bank API, August 2026.",yes,worldbank_api
Germany,DEU,2015,population,81686611,"World Bank, World Development Indicators (SP.POP.TOTL), sourced from UN World Population Prospects and national statistical offices",https://api.worldbank.org/v2/country/all/indicator/SP.POP.TOTL,"Total resident population, mid-year estimate. Retrieved via World Bank API, August 2026.",yes,worldbank_api
Germany,DEU,2016,population,82348669,"World Bank, World Development Indicators (SP.POP.TOTL), sourced from UN World Population Prospects and national statistical offices",https://api.worldbank.org/v2/country/all/indicator/SP.POP.TOTL,"Total resident population, mid-year estimate. Retrieved via World Bank API, August 2026.",yes,worldbank_api
Germany,DEU,2017,population,82657002,"World Bank, World Development Indicators (SP.POP.TOTL), sourced from UN World Population Prospects and national statistical offices",https://api.worldbank.org/v2/country/all/indicator/SP.POP.TOTL,"Total resident population, mid-year estimate. Retrieved via World Bank API, August 2026.",yes,worldbank_api
Germany,DEU,2018,population,82905782,"World Bank, World Development Indicators (SP.POP.TOTL), sourced from UN World Population Prospects and national statistical offices",https://api.worldbank.org/v2/country/all/indicator/SP.POP.TOTL,"Total resident population, mid-year estimate. Retrieved via World Bank API, August 2026.",yes,worldbank_api
Germany,DEU,2019,population,83092962,"World Bank, World Development Indicators (SP.POP.TOTL), sourced from UN World Population Prospects and national statistical offices",https://api.worldbank.org/v2/country/all/indicator/SP.POP.TOTL,"Total resident population, mid-year estimate. Retrieved via World Bank API, August 2026.",yes,worldbank_api
Germany,DEU,2020,population,83160871,"World Bank, World Development Indicators (SP.POP.TOTL), sourced from UN World Population Prospects and national statistical offices",https://api.worldbank.org/v2/country/all/indicator/SP.POP.TOTL,"Total resident population, mid-year estimate. Retrieved via World Bank API, August 2026.",yes,worldbank_api
Germany,DEU,2021,population,83196078,"World Bank, World Development Indicators (SP.POP.TOTL), sourced from UN World Population Prospects and national statistical offices",https://api.worldbank.org/v2/country/all/indicator/SP.POP.TOTL,"Total resident population, mid-year estimate. Retrieved via World Bank API, August 2026.",yes,worldbank_api
Germany,DEU,2022,population,83177813,"World Bank, World Development Indicators (SP.POP.TOTL), sourced from UN World Population Prospects and national statistical offices",https://api.worldbank.org/v2/country/all/indicator/SP.POP.TOTL,"Total resident population, mid-year estimate. Retrieved via World Bank API, August 2026.",yes,worldbank_api
Denmark,DNK,2010,foreign_born,500772,Eurostat [migr_pop3ctb],https://ec.europa.eu/eurostat/api/dissemination/statistics/1.0/data/migr_pop3ctb?format=JSON&lang=EN&geo=DK&age=TOTAL&sex=T&unit=NR&c_birth=FOR&sinceTimePeriod=2010&untilTimePeriod=2022,stock at 1 Jan; c_birth=FOR (born in a foreign country),yes,eu_stock.csv
Denmark,DNK,2011,foreign_born,517230,Eurostat [migr_pop3ctb],https://ec.europa.eu/eurostat/api/dissemination/statistics/1.0/data/migr_pop3ctb?format=JSON&lang=EN&geo=DK&age=TOTAL&sex=T&unit=NR&c_birth=FOR&sinceTimePeriod=2010&untilTimePeriod=2022,stock at 1 Jan; c_birth=FOR (born in a foreign country),yes,eu_stock.csv
Denmark,DNK,2012,foreign_born,531540,Eurostat [migr_pop3ctb],https://ec.europa.eu/eurostat/api/dissemination/statistics/1.0/data/migr_pop3ctb?format=JSON&lang=EN&geo=DK&age=TOTAL&sex=T&unit=NR&c_birth=FOR&sinceTimePeriod=2010&untilTimePeriod=2022,stock at 1 Jan; c_birth=FOR (born in a foreign country),yes,eu_stock.csv
Denmark,DNK,2013,foreign_born,548411,Eurostat [migr_pop3ctb],https://ec.europa.eu/eurostat/api/dissemination/statistics/1.0/data/migr_pop3ctb?format=JSON&lang=EN&geo=DK&age=TOTAL&sex=T&unit=NR&c_birth=FOR&sinceTimePeriod=2010&untilTimePeriod=2022,stock at 1 Jan; c_birth=FOR (born in a foreign country),yes,eu_stock.csv
Denmark,DNK,2014,foreign_born,569596,Eurostat [migr_pop3ctb],https://ec.europa.eu/eurostat/api/dissemination/statistics/1.0/data/migr_pop3ctb?format=JSON&lang=EN&geo=DK&age=TOTAL&sex=T&unit=NR&c_birth=FOR&sinceTimePeriod=2010&untilTimePeriod=2022,stock at 1 Jan; c_birth=FOR (born in a foreign country),yes,eu_stock.csv
Denmark,DNK,2015,foreign_born,595876,Eurostat [migr_pop3ctb],https://ec.europa.eu/eurostat/api/dissemination/statistics/1.0/data/migr_pop3ctb?format=JSON&lang=EN&geo=DK&age=TOTAL&sex=T&unit=NR&c_birth=FOR&sinceTimePeriod=2010&untilTimePeriod=2022,stock at 1 Jan; c_birth=FOR (born in a foreign country),yes,eu_stock.csv
Denmark,DNK,2016,foreign_born,636666,Eurostat [migr_pop3ctb],https://ec.europa.eu/eurostat/api/dissemination/statistics/1.0/data/migr_pop3ctb?format=JSON&lang=EN&geo=DK&age=TOTAL&sex=T&unit=NR&c_birth=FOR&sinceTimePeriod=2010&untilTimePeriod=2022,stock at 1 Jan; c_birth=FOR (born in a foreign country),yes,eu_stock.csv
Denmark,DNK,2017,foreign_born,668090,Eurostat [migr_pop3ctb],https://ec.europa.eu/eurostat/api/dissemination/statistics/1.0/data/migr_pop3ctb?format=JSON&lang=EN&geo=DK&age=TOTAL&sex=T&unit=NR&c_birth=FOR&sinceTimePeriod=2010&untilTimePeriod=2022,stock at 1 Jan; c_birth=FOR (born in a foreign country),yes,eu_stock.csv
Denmark,DNK,2018,foreign_born,690549,Eurostat [migr_pop3ctb],https://ec.europa.eu/eurostat/api/dissemination/statistics/1.0/data/migr_pop3ctb?format=JSON&lang=EN&geo=DK&age=TOTAL&sex=T&unit=NR&c_birth=FOR&sinceTimePeriod=2010&untilTimePeriod=2022,stock at 1 Jan; c_birth=FOR (born in a foreign country),yes,eu_stock.csv
Denmark,DNK,2019,foreign_born,707880,Eurostat [migr_pop3ctb],https://ec.europa.eu/eurostat/api/dissemination/statistics/1.0/data/migr_pop3ctb?format=JSON&lang=EN&geo=DK&age=TOTAL&sex=T&unit=NR&c_birth=FOR&sinceTimePeriod=2010&untilTimePeriod=2022,stock at 1 Jan; c_birth=FOR (born in a foreign country),yes,eu_stock.csv
Denmark,DNK,2020,foreign_born,715936,Eurostat [migr_pop3ctb],https://ec.europa.eu/eurostat/api/dissemination/statistics/1.0/data/migr_pop3ctb?format=JSON&lang=EN&geo=DK&age=TOTAL&sex=T&unit=NR&c_birth=FOR&sinceTimePeriod=2010&untilTimePeriod=2022,stock at 1 Jan; c_birth=FOR (born in a foreign country),yes,eu_stock.csv
Denmark,DNK,2021,foreign_born,721135,Eurostat [migr_pop3ctb],https://ec.europa.eu/eurostat/api/dissemination/statistics/1.0/data/migr_pop3ctb?format=JSON&lang=EN&geo=DK&age=TOTAL&sex=T&unit=NR&c_birth=FOR&sinceTimePeriod=2010&untilTimePeriod=2022,stock at 1 Jan; c_birth=FOR (born in a foreign country),yes,eu_stock.csv
Denmark,DNK,2022,foreign_born,745851,Eurostat [migr_pop3ctb],https://ec.europa.eu/eurostat/api/dissemination/statistics/1.0/data/migr_pop3ctb?format=JSON&lang=EN&geo=DK&age=TOTAL&sex=T&unit=NR&c_birth=FOR&sinceTimePeriod=2010&untilTimePeriod=2022,stock at 1 Jan; c_birth=FOR (born in a foreign country),yes,eu_stock.csv
Denmark,DNK,2010,foreign_nationals,329797,Eurostat [migr_pop1ctz],https://ec.europa.eu/eurostat/api/dissemination/statistics/1.0/data/migr_pop1ctz?format=JSON&lang=EN&geo=DK&age=TOTAL&sex=T&unit=NR&citizen=FOR_STLS&sinceTimePeriod=2010&untilTimePeriod=2022,stock at 1 Jan; citizen=FOR_STLS (foreign citizens incl. stateless),yes,eu_stock.csv
Denmark,DNK,2011,foreign_nationals,345884,Eurostat [migr_pop1ctz],https://ec.europa.eu/eurostat/api/dissemination/statistics/1.0/data/migr_pop1ctz?format=JSON&lang=EN&geo=DK&age=TOTAL&sex=T&unit=NR&citizen=FOR_STLS&sinceTimePeriod=2010&untilTimePeriod=2022,stock at 1 Jan; citizen=FOR_STLS (foreign citizens incl. stateless),yes,eu_stock.csv
Denmark,DNK,2012,foreign_nationals,358714,Eurostat [migr_pop1ctz],https://ec.europa.eu/eurostat/api/dissemination/statistics/1.0/data/migr_pop1ctz?format=JSON&lang=EN&geo=DK&age=TOTAL&sex=T&unit=NR&citizen=FOR_STLS&sinceTimePeriod=2010&untilTimePeriod=2022,stock at 1 Jan; citizen=FOR_STLS (foreign citizens incl. stateless),yes,eu_stock.csv
Denmark,DNK,2013,foreign_nationals,374569,Eurostat [migr_pop1ctz],https://ec.europa.eu/eurostat/api/dissemination/statistics/1.0/data/migr_pop1ctz?format=JSON&lang=EN&geo=DK&age=TOTAL&sex=T&unit=NR&citizen=FOR_STLS&sinceTimePeriod=2010&untilTimePeriod=2022,stock at 1 Jan; citizen=FOR_STLS (foreign citizens incl. stateless),yes,eu_stock.csv
Denmark,DNK,2014,foreign_nationals,397221,Eurostat [migr_pop1ctz],https://ec.europa.eu/eurostat/api/dissemination/statistics/1.0/data/migr_pop1ctz?format=JSON&lang=EN&geo=DK&age=TOTAL&sex=T&unit=NR&citizen=FOR_STLS&sinceTimePeriod=2010&untilTimePeriod=2022,stock at 1 Jan; citizen=FOR_STLS (foreign citizens incl. stateless),yes,eu_stock.csv
Denmark,DNK,2015,foreign_nationals,422492,Eurostat [migr_pop1ctz],https://ec.europa.eu/eurostat/api/dissemination/statistics/1.0/data/migr_pop1ctz?format=JSON&lang=EN&geo=DK&age=TOTAL&sex=T&unit=NR&citizen=FOR_STLS&sinceTimePeriod=2010&untilTimePeriod=2022,stock at 1 Jan; citizen=FOR_STLS (foreign citizens incl. stateless),yes,eu_stock.csv
Denmark,DNK,2016,foreign_nationals,463088,Eurostat [migr_pop1ctz],https://ec.europa.eu/eurostat/api/dissemination/statistics/1.0/data/migr_pop1ctz?format=JSON&lang=EN&geo=DK&age=TOTAL&sex=T&unit=NR&citizen=FOR_STLS&sinceTimePeriod=2010&untilTimePeriod=2022,stock at 1 Jan; citizen=FOR_STLS (foreign citizens incl. stateless),yes,eu_stock.csv
Denmark,DNK,2017,foreign_nationals,484934,Eurostat [migr_pop1ctz],https://ec.europa.eu/eurostat/api/dissemination/statistics/1.0/data/migr_pop1ctz?format=JSON&lang=EN&geo=DK&age=TOTAL&sex=T&unit=NR&citizen=FOR_STLS&sinceTimePeriod=2010&untilTimePeriod=2022,stock at 1 Jan; citizen=FOR_STLS (foreign citizens incl. stateless),yes,eu_stock.csv
Denmark,DNK,2018,foreign_nationals,505934,Eurostat [migr_pop1ctz],https://ec.europa.eu/eurostat/api/dissemination/statistics/1.0/data/migr_pop1ctz?format=JSON&lang=EN&geo=DK&age=TOTAL&sex=T&unit=NR&citizen=FOR_STLS&sinceTimePeriod=2010&untilTimePeriod=2022,stock at 1 Jan; citizen=FOR_STLS (foreign citizens incl. stateless),yes,eu_stock.csv
Denmark,DNK,2019,foreign_nationals,525849,Eurostat [migr_pop1ctz],https://ec.europa.eu/eurostat/api/dissemination/statistics/1.0/data/migr_pop1ctz?format=JSON&lang=EN&geo=DK&age=TOTAL&sex=T&unit=NR&citizen=FOR_STLS&sinceTimePeriod=2010&untilTimePeriod=2022,stock at 1 Jan; citizen=FOR_STLS (foreign citizens incl. stateless),yes,eu_stock.csv
Denmark,DNK,2020,foreign_nationals,537071,Eurostat [migr_pop1ctz],https://ec.europa.eu/eurostat/api/dissemination/statistics/1.0/data/migr_pop1ctz?format=JSON&lang=EN&geo=DK&age=TOTAL&sex=T&unit=NR&citizen=FOR_STLS&sinceTimePeriod=2010&untilTimePeriod=2022,stock at 1 Jan; citizen=FOR_STLS (foreign citizens incl. stateless),yes,eu_stock.csv
Denmark,DNK,2021,foreign_nationals,539443,Eurostat [migr_pop1ctz],https://ec.europa.eu/eurostat/api/dissemination/statistics/1.0/data/migr_pop1ctz?format=JSON&lang=EN&geo=DK&age=TOTAL&sex=T&unit=NR&citizen=FOR_STLS&sinceTimePeriod=2010&untilTimePeriod=2022,stock at 1 Jan; citizen=FOR_STLS (foreign citizens incl. stateless),yes,eu_stock.csv
Denmark,DNK,2022,foreign_nationals,562205,Eurostat [migr_pop1ctz],https://ec.europa.eu/eurostat/api/dissemination/statistics/1.0/data/migr_pop1ctz?format=JSON&lang=EN&geo=DK&age=TOTAL&sex=T&unit=NR&citizen=FOR_STLS&sinceTimePeriod=2010&untilTimePeriod=2022,stock at 1 Jan; citizen=FOR_STLS (foreign citizens incl. stateless),yes,eu_stock.csv
Denmark,DNK,2010,irregular_proxy_detections,665,"Eurostat, Third country nationals found to be illegally present (migr_eipre)",https://ec.europa.eu/eurostat/databrowser/view/migr_eipre/default/table,"Eurostat enforcement statistic - annual flow of detections, NOT a stock. Dataset migr_eipre, dimensions freq=A citizen=TOTAL reason=TOTAL apprehen=TOTAL sex=T age=TOTAL unit=PER. Rounded to nearest 5 by Eurostat.",yes,irregular_eu.csv
Denmark,DNK,2011,irregular_proxy_detections,400,"Eurostat, Third country nationals found to be illegally present (migr_eipre)",https://ec.europa.eu/eurostat/databrowser/view/migr_eipre/default/table,"Eurostat enforcement statistic - annual flow of detections, NOT a stock. Dataset migr_eipre, dimensions freq=A citizen=TOTAL reason=TOTAL apprehen=TOTAL sex=T age=TOTAL unit=PER. Rounded to nearest 5 by Eurostat.",yes,irregular_eu.csv
Denmark,DNK,2012,irregular_proxy_detections,630,"Eurostat, Third country nationals found to be illegally present (migr_eipre)",https://ec.europa.eu/eurostat/databrowser/view/migr_eipre/default/table,"Eurostat enforcement statistic - annual flow of detections, NOT a stock. Dataset migr_eipre, dimensions freq=A citizen=TOTAL reason=TOTAL apprehen=TOTAL sex=T age=TOTAL unit=PER. Rounded to nearest 5 by Eurostat.",yes,irregular_eu.csv
Denmark,DNK,2013,irregular_proxy_detections,395,"Eurostat, Third country nationals found to be illegally present (migr_eipre)",https://ec.europa.eu/eurostat/databrowser/view/migr_eipre/default/table,"Eurostat enforcement statistic - annual flow of detections, NOT a stock. Dataset migr_eipre, dimensions freq=A citizen=TOTAL reason=TOTAL apprehen=TOTAL sex=T age=TOTAL unit=PER. Rounded to nearest 5 by Eurostat.",yes,irregular_eu.csv
Denmark,DNK,2014,irregular_proxy_detections,515,"Eurostat, Third country nationals found to be illegally present (migr_eipre)",https://ec.europa.eu/eurostat/databrowser/view/migr_eipre/default/table,"Eurostat enforcement statistic - annual flow of detections, NOT a stock. Dataset migr_eipre, dimensions freq=A citizen=TOTAL reason=TOTAL apprehen=TOTAL sex=T age=TOTAL unit=PER. Rounded to nearest 5 by Eurostat.",yes,irregular_eu.csv
Denmark,DNK,2015,irregular_proxy_detections,2165,"Eurostat, Third country nationals found to be illegally present (migr_eipre)",https://ec.europa.eu/eurostat/databrowser/view/migr_eipre/default/table,"Eurostat enforcement statistic - annual flow of detections, NOT a stock. Dataset migr_eipre, dimensions freq=A citizen=TOTAL reason=TOTAL apprehen=TOTAL sex=T age=TOTAL unit=PER. Rounded to nearest 5 by Eurostat.",yes,irregular_eu.csv
Denmark,DNK,2016,irregular_proxy_detections,1390,"Eurostat, Third country nationals found to be illegally present (migr_eipre)",https://ec.europa.eu/eurostat/databrowser/view/migr_eipre/default/table,"Eurostat enforcement statistic - annual flow of detections, NOT a stock. Dataset migr_eipre, dimensions freq=A citizen=TOTAL reason=TOTAL apprehen=TOTAL sex=T age=TOTAL unit=PER. Rounded to nearest 5 by Eurostat.",yes,irregular_eu.csv
Denmark,DNK,2017,irregular_proxy_detections,1105,"Eurostat, Third country nationals found to be illegally present (migr_eipre)",https://ec.europa.eu/eurostat/databrowser/view/migr_eipre/default/table,"Eurostat enforcement statistic - annual flow of detections, NOT a stock. Dataset migr_eipre, dimensions freq=A citizen=TOTAL reason=TOTAL apprehen=TOTAL sex=T age=TOTAL unit=PER. Rounded to nearest 5 by Eurostat.",yes,irregular_eu.csv
Denmark,DNK,2018,irregular_proxy_detections,1135,"Eurostat, Third country nationals found to be illegally present (migr_eipre)",https://ec.europa.eu/eurostat/databrowser/view/migr_eipre/default/table,"Eurostat enforcement statistic - annual flow of detections, NOT a stock. Dataset migr_eipre, dimensions freq=A citizen=TOTAL reason=TOTAL apprehen=TOTAL sex=T age=TOTAL unit=PER. Rounded to nearest 5 by Eurostat.",yes,irregular_eu.csv
Denmark,DNK,2019,irregular_proxy_detections,1195,"Eurostat, Third country nationals found to be illegally present (migr_eipre)",https://ec.europa.eu/eurostat/databrowser/view/migr_eipre/default/table,"Eurostat enforcement statistic - annual flow of detections, NOT a stock. Dataset migr_eipre, dimensions freq=A citizen=TOTAL reason=TOTAL apprehen=TOTAL sex=T age=TOTAL unit=PER. Rounded to nearest 5 by Eurostat.",yes,irregular_eu.csv
Denmark,DNK,2020,irregular_proxy_detections,490,"Eurostat, Third country nationals found to be illegally present (migr_eipre)",https://ec.europa.eu/eurostat/databrowser/view/migr_eipre/default/table,"Eurostat enforcement statistic - annual flow of detections, NOT a stock. Dataset migr_eipre, dimensions freq=A citizen=TOTAL reason=TOTAL apprehen=TOTAL sex=T age=TOTAL unit=PER. Rounded to nearest 5 by Eurostat.",yes,irregular_eu.csv
Denmark,DNK,2021,irregular_proxy_detections,425,"Eurostat, Third country nationals found to be illegally present (migr_eipre)",https://ec.europa.eu/eurostat/databrowser/view/migr_eipre/default/table,"Eurostat enforcement statistic - annual flow of detections, NOT a stock. Dataset migr_eipre, dimensions freq=A citizen=TOTAL reason=TOTAL apprehen=TOTAL sex=T age=TOTAL unit=PER. Rounded to nearest 5 by Eurostat.",yes,irregular_eu.csv
Denmark,DNK,2022,irregular_proxy_detections,510,"Eurostat, Third country nationals found to be illegally present (migr_eipre)",https://ec.europa.eu/eurostat/databrowser/view/migr_eipre/default/table,"Eurostat enforcement statistic - annual flow of detections, NOT a stock. Dataset migr_eipre, dimensions freq=A citizen=TOTAL reason=TOTAL apprehen=TOTAL sex=T age=TOTAL unit=PER. Rounded to nearest 5 by Eurostat.",yes,irregular_eu.csv
Denmark,DNK,2010,population,5547683,"World Bank, World Development Indicators (SP.POP.TOTL), sourced from UN World Population Prospects and national statistical offices",https://api.worldbank.org/v2/country/all/indicator/SP.POP.TOTL,"Total resident population, mid-year estimate. Retrieved via World Bank API, August 2026.",yes,worldbank_api
Denmark,DNK,2011,population,5570572,"World Bank, World Development Indicators (SP.POP.TOTL), sourced from UN World Population Prospects and national statistical offices",https://api.worldbank.org/v2/country/all/indicator/SP.POP.TOTL,"Total resident population, mid-year estimate. Retrieved via World Bank API, August 2026.",yes,worldbank_api
Denmark,DNK,2012,population,5591572,"World Bank, World Development Indicators (SP.POP.TOTL), sourced from UN World Population Prospects and national statistical offices",https://api.worldbank.org/v2/country/all/indicator/SP.POP.TOTL,"Total resident population, mid-year estimate. Retrieved via World Bank API, August 2026.",yes,worldbank_api
Denmark,DNK,2013,population,5614932,"World Bank, World Development Indicators (SP.POP.TOTL), sourced from UN World Population Prospects and national statistical offices",https://api.worldbank.org/v2/country/all/indicator/SP.POP.TOTL,"Total resident population, mid-year estimate. Retrieved via World Bank API, August 2026.",yes,worldbank_api
Denmark,DNK,2014,population,5643475,"World Bank, World Development Indicators (SP.POP.TOTL), sourced from UN World Population Prospects and national statistical offices",https://api.worldbank.org/v2/country/all/indicator/SP.POP.TOTL,"Total resident population, mid-year estimate. Retrieved via World Bank API, August 2026.",yes,worldbank_api
Denmark,DNK,2015,population,5683483,"World Bank, World Development Indicators (SP.POP.TOTL), sourced from UN World Population Prospects and national statistical offices",https://api.worldbank.org/v2/country/all/indicator/SP.POP.TOTL,"Total resident population, mid-year estimate. Retrieved via World Bank API, August 2026.",yes,worldbank_api
Denmark,DNK,2016,population,5728010,"World Bank, World Development Indicators (SP.POP.TOTL), sourced from UN World Population Prospects and national statistical offices",https://api.worldbank.org/v2/country/all/indicator/SP.POP.TOTL,"Total resident population, mid-year estimate. Retrieved via World Bank API, August 2026.",yes,worldbank_api
Denmark,DNK,2017,population,5764980,"World Bank, World Development Indicators (SP.POP.TOTL), sourced from UN World Population Prospects and national statistical offices",https://api.worldbank.org/v2/country/all/indicator/SP.POP.TOTL,"Total resident population, mid-year estimate. Retrieved via World Bank API, August 2026.",yes,worldbank_api
Denmark,DNK,2018,population,5793636,"World Bank, World Development Indicators (SP.POP.TOTL), sourced from UN World Population Prospects and national statistical offices",https://api.worldbank.org/v2/country/all/indicator/SP.POP.TOTL,"Total resident population, mid-year estimate. Retrieved via World Bank API, August 2026.",yes,worldbank_api
Denmark,DNK,2019,population,5814422,"World Bank, World Development Indicators (SP.POP.TOTL), sourced from UN World Population Prospects and national statistical offices",https://api.worldbank.org/v2/country/all/indicator/SP.POP.TOTL,"Total resident population, mid-year estimate. Retrieved via World Bank API, August 2026.",yes,worldbank_api
Denmark,DNK,2020,population,5831404,"World Bank, World Development Indicators (SP.POP.TOTL), sourced from UN World Population Prospects and national statistical offices",https://api.worldbank.org/v2/country/all/indicator/SP.POP.TOTL,"Total resident population, mid-year estimate. Retrieved via World Bank API, August 2026.",yes,worldbank_api
Denmark,DNK,2021,population,5856733,"World Bank, World Development Indicators (SP.POP.TOTL), sourced from UN World Population Prospects and national statistical offices",https://api.worldbank.org/v2/country/all/indicator/SP.POP.TOTL,"Total resident population, mid-year estimate. Retrieved via World Bank API, August 2026.",yes,worldbank_api
Denmark,DNK,2022,population,5903037,"World Bank, World Development Indicators (SP.POP.TOTL), sourced from UN World Population Prospects and national statistical offices",https://api.worldbank.org/v2/country/all/indicator/SP.POP.TOTL,"Total resident population, mid-year estimate. Retrieved via World Bank API, August 2026.",yes,worldbank_api
Spain,ESP,2010,foreign_born,6280062,Eurostat [migr_pop3ctb],https://ec.europa.eu/eurostat/api/dissemination/statistics/1.0/data/migr_pop3ctb?format=JSON&lang=EN&geo=ES&age=TOTAL&sex=T&unit=NR&c_birth=FOR&sinceTimePeriod=2010&untilTimePeriod=2022,stock at 1 Jan; c_birth=FOR (born in a foreign country),yes,eu_stock.csv
Spain,ESP,2011,foreign_born,6282205,Eurostat [migr_pop3ctb],https://ec.europa.eu/eurostat/api/dissemination/statistics/1.0/data/migr_pop3ctb?format=JSON&lang=EN&geo=ES&age=TOTAL&sex=T&unit=NR&c_birth=FOR&sinceTimePeriod=2010&untilTimePeriod=2022,stock at 1 Jan; c_birth=FOR (born in a foreign country),yes,eu_stock.csv
Spain,ESP,2012,foreign_born,6294954,Eurostat [migr_pop3ctb],https://ec.europa.eu/eurostat/api/dissemination/statistics/1.0/data/migr_pop3ctb?format=JSON&lang=EN&geo=ES&age=TOTAL&sex=T&unit=NR&c_birth=FOR&sinceTimePeriod=2010&untilTimePeriod=2022,stock at 1 Jan; c_birth=FOR (born in a foreign country),yes,eu_stock.csv
Spain,ESP,2013,foreign_born,6165635,Eurostat [migr_pop3ctb],https://ec.europa.eu/eurostat/api/dissemination/statistics/1.0/data/migr_pop3ctb?format=JSON&lang=EN&geo=ES&age=TOTAL&sex=T&unit=NR&c_birth=FOR&sinceTimePeriod=2010&untilTimePeriod=2022,stock at 1 Jan; c_birth=FOR (born in a foreign country),yes,eu_stock.csv
Spain,ESP,2014,foreign_born,5952770,Eurostat [migr_pop3ctb],https://ec.europa.eu/eurostat/api/dissemination/statistics/1.0/data/migr_pop3ctb?format=JSON&lang=EN&geo=ES&age=TOTAL&sex=T&unit=NR&c_birth=FOR&sinceTimePeriod=2010&untilTimePeriod=2022,stock at 1 Jan; c_birth=FOR (born in a foreign country),yes,eu_stock.csv
Spain,ESP,2015,foreign_born,5883891,Eurostat [migr_pop3ctb],https://ec.europa.eu/eurostat/api/dissemination/statistics/1.0/data/migr_pop3ctb?format=JSON&lang=EN&geo=ES&age=TOTAL&sex=T&unit=NR&c_birth=FOR&sinceTimePeriod=2010&untilTimePeriod=2022,stock at 1 Jan; c_birth=FOR (born in a foreign country),yes,eu_stock.csv
Spain,ESP,2016,foreign_born,5913165,Eurostat [migr_pop3ctb],https://ec.europa.eu/eurostat/api/dissemination/statistics/1.0/data/migr_pop3ctb?format=JSON&lang=EN&geo=ES&age=TOTAL&sex=T&unit=NR&c_birth=FOR&sinceTimePeriod=2010&untilTimePeriod=2022,stock at 1 Jan; c_birth=FOR (born in a foreign country),yes,eu_stock.csv
Spain,ESP,2017,foreign_born,6014708,Eurostat [migr_pop3ctb],https://ec.europa.eu/eurostat/api/dissemination/statistics/1.0/data/migr_pop3ctb?format=JSON&lang=EN&geo=ES&age=TOTAL&sex=T&unit=NR&c_birth=FOR&sinceTimePeriod=2010&untilTimePeriod=2022,stock at 1 Jan; c_birth=FOR (born in a foreign country),yes,eu_stock.csv
Spain,ESP,2018,foreign_born,6207509,Eurostat [migr_pop3ctb],https://ec.europa.eu/eurostat/api/dissemination/statistics/1.0/data/migr_pop3ctb?format=JSON&lang=EN&geo=ES&age=TOTAL&sex=T&unit=NR&c_birth=FOR&sinceTimePeriod=2010&untilTimePeriod=2022,stock at 1 Jan; c_birth=FOR (born in a foreign country),yes,eu_stock.csv
Spain,ESP,2019,foreign_born,6549309,Eurostat [migr_pop3ctb],https://ec.europa.eu/eurostat/api/dissemination/statistics/1.0/data/migr_pop3ctb?format=JSON&lang=EN&geo=ES&age=TOTAL&sex=T&unit=NR&c_birth=FOR&sinceTimePeriod=2010&untilTimePeriod=2022,stock at 1 Jan; c_birth=FOR (born in a foreign country),yes,eu_stock.csv
Spain,ESP,2020,foreign_born,7014753,Eurostat [migr_pop3ctb],https://ec.europa.eu/eurostat/api/dissemination/statistics/1.0/data/migr_pop3ctb?format=JSON&lang=EN&geo=ES&age=TOTAL&sex=T&unit=NR&c_birth=FOR&sinceTimePeriod=2010&untilTimePeriod=2022,stock at 1 Jan; c_birth=FOR (born in a foreign country),yes,eu_stock.csv
Spain,ESP,2021,foreign_born,7254797,Eurostat [migr_pop3ctb],https://ec.europa.eu/eurostat/api/dissemination/statistics/1.0/data/migr_pop3ctb?format=JSON&lang=EN&geo=ES&age=TOTAL&sex=T&unit=NR&c_birth=FOR&sinceTimePeriod=2010&untilTimePeriod=2022,stock at 1 Jan; c_birth=FOR (born in a foreign country),yes,eu_stock.csv
Spain,ESP,2022,foreign_born,7468144,Eurostat [migr_pop3ctb],https://ec.europa.eu/eurostat/api/dissemination/statistics/1.0/data/migr_pop3ctb?format=JSON&lang=EN&geo=ES&age=TOTAL&sex=T&unit=NR&c_birth=FOR&sinceTimePeriod=2010&untilTimePeriod=2022,stock at 1 Jan; c_birth=FOR (born in a foreign country),yes,eu_stock.csv
Spain,ESP,2010,foreign_nationals,5402575,Eurostat [migr_pop1ctz],https://ec.europa.eu/eurostat/api/dissemination/statistics/1.0/data/migr_pop1ctz?format=JSON&lang=EN&geo=ES&age=TOTAL&sex=T&unit=NR&citizen=FOR_STLS&sinceTimePeriod=2010&untilTimePeriod=2022,stock at 1 Jan; citizen=FOR_STLS (foreign citizens incl. stateless),yes,eu_stock.csv
Spain,ESP,2011,foreign_nationals,5312439,Eurostat [migr_pop1ctz],https://ec.europa.eu/eurostat/api/dissemination/statistics/1.0/data/migr_pop1ctz?format=JSON&lang=EN&geo=ES&age=TOTAL&sex=T&unit=NR&citizen=FOR_STLS&sinceTimePeriod=2010&untilTimePeriod=2022,stock at 1 Jan; citizen=FOR_STLS (foreign citizens incl. stateless),yes,eu_stock.csv
Spain,ESP,2012,foreign_nationals,5236030,Eurostat [migr_pop1ctz],https://ec.europa.eu/eurostat/api/dissemination/statistics/1.0/data/migr_pop1ctz?format=JSON&lang=EN&geo=ES&age=TOTAL&sex=T&unit=NR&citizen=FOR_STLS&sinceTimePeriod=2010&untilTimePeriod=2022,stock at 1 Jan; citizen=FOR_STLS (foreign citizens incl. stateless),yes,eu_stock.csv
Spain,ESP,2013,foreign_nationals,5064584,Eurostat [migr_pop1ctz],https://ec.europa.eu/eurostat/api/dissemination/statistics/1.0/data/migr_pop1ctz?format=JSON&lang=EN&geo=ES&age=TOTAL&sex=T&unit=NR&citizen=FOR_STLS&sinceTimePeriod=2010&untilTimePeriod=2022,stock at 1 Jan; citizen=FOR_STLS (foreign citizens incl. stateless),yes,eu_stock.csv
Spain,ESP,2014,foreign_nationals,4676352,Eurostat [migr_pop1ctz],https://ec.europa.eu/eurostat/api/dissemination/statistics/1.0/data/migr_pop1ctz?format=JSON&lang=EN&geo=ES&age=TOTAL&sex=T&unit=NR&citizen=FOR_STLS&sinceTimePeriod=2010&untilTimePeriod=2022,stock at 1 Jan; citizen=FOR_STLS (foreign citizens incl. stateless),yes,eu_stock.csv
Spain,ESP,2015,foreign_nationals,4453985,Eurostat [migr_pop1ctz],https://ec.europa.eu/eurostat/api/dissemination/statistics/1.0/data/migr_pop1ctz?format=JSON&lang=EN&geo=ES&age=TOTAL&sex=T&unit=NR&citizen=FOR_STLS&sinceTimePeriod=2010&untilTimePeriod=2022,stock at 1 Jan; citizen=FOR_STLS (foreign citizens incl. stateless),yes,eu_stock.csv
Spain,ESP,2016,foreign_nationals,4419334,Eurostat [migr_pop1ctz],https://ec.europa.eu/eurostat/api/dissemination/statistics/1.0/data/migr_pop1ctz?format=JSON&lang=EN&geo=ES&age=TOTAL&sex=T&unit=NR&citizen=FOR_STLS&sinceTimePeriod=2010&untilTimePeriod=2022,stock at 1 Jan; citizen=FOR_STLS (foreign citizens incl. stateless),yes,eu_stock.csv
Spain,ESP,2017,foreign_nationals,4417653,Eurostat [migr_pop1ctz],https://ec.europa.eu/eurostat/api/dissemination/statistics/1.0/data/migr_pop1ctz?format=JSON&lang=EN&geo=ES&age=TOTAL&sex=T&unit=NR&citizen=FOR_STLS&sinceTimePeriod=2010&untilTimePeriod=2022,stock at 1 Jan; citizen=FOR_STLS (foreign citizens incl. stateless),yes,eu_stock.csv
Spain,ESP,2018,foreign_nationals,4577322,Eurostat [migr_pop1ctz],https://ec.europa.eu/eurostat/api/dissemination/statistics/1.0/data/migr_pop1ctz?format=JSON&lang=EN&geo=ES&age=TOTAL&sex=T&unit=NR&citizen=FOR_STLS&sinceTimePeriod=2010&untilTimePeriod=2022,stock at 1 Jan; citizen=FOR_STLS (foreign citizens incl. stateless),yes,eu_stock.csv
Spain,ESP,2019,foreign_nationals,4850762,Eurostat [migr_pop1ctz],https://ec.europa.eu/eurostat/api/dissemination/statistics/1.0/data/migr_pop1ctz?format=JSON&lang=EN&geo=ES&age=TOTAL&sex=T&unit=NR&citizen=FOR_STLS&sinceTimePeriod=2010&untilTimePeriod=2022,stock at 1 Jan; citizen=FOR_STLS (foreign citizens incl. stateless),yes,eu_stock.csv
Spain,ESP,2020,foreign_nationals,5241278,Eurostat [migr_pop1ctz],https://ec.europa.eu/eurostat/api/dissemination/statistics/1.0/data/migr_pop1ctz?format=JSON&lang=EN&geo=ES&age=TOTAL&sex=T&unit=NR&citizen=FOR_STLS&sinceTimePeriod=2010&untilTimePeriod=2022,stock at 1 Jan; citizen=FOR_STLS (foreign citizens incl. stateless),yes,eu_stock.csv
Spain,ESP,2021,foreign_nationals,5402702,Eurostat [migr_pop1ctz],https://ec.europa.eu/eurostat/api/dissemination/statistics/1.0/data/migr_pop1ctz?format=JSON&lang=EN&geo=ES&age=TOTAL&sex=T&unit=NR&citizen=FOR_STLS&sinceTimePeriod=2010&untilTimePeriod=2022,stock at 1 Jan; citizen=FOR_STLS (foreign citizens incl. stateless),yes,eu_stock.csv
Spain,ESP,2022,foreign_nationals,5509134,Eurostat [migr_pop1ctz],https://ec.europa.eu/eurostat/api/dissemination/statistics/1.0/data/migr_pop1ctz?format=JSON&lang=EN&geo=ES&age=TOTAL&sex=T&unit=NR&citizen=FOR_STLS&sinceTimePeriod=2010&untilTimePeriod=2022,stock at 1 Jan; citizen=FOR_STLS (foreign citizens incl. stateless),yes,eu_stock.csv
Spain,ESP,2010,irregular_proxy_detections,70315,"Eurostat, Third country nationals found to be illegally present (migr_eipre)",https://ec.europa.eu/eurostat/databrowser/view/migr_eipre/default/table,"Eurostat enforcement statistic - annual flow of detections, NOT a stock. Dataset migr_eipre, dimensions freq=A citizen=TOTAL reason=TOTAL apprehen=TOTAL sex=T age=TOTAL unit=PER. Rounded to nearest 5 by Eurostat.",yes,irregular_eu.csv
Spain,ESP,2011,irregular_proxy_detections,68825,"Eurostat, Third country nationals found to be illegally present (migr_eipre)",https://ec.europa.eu/eurostat/databrowser/view/migr_eipre/default/table,"Eurostat enforcement statistic - annual flow of detections, NOT a stock. Dataset migr_eipre, dimensions freq=A citizen=TOTAL reason=TOTAL apprehen=TOTAL sex=T age=TOTAL unit=PER. Rounded to nearest 5 by Eurostat.",yes,irregular_eu.csv
Spain,ESP,2012,irregular_proxy_detections,52485,"Eurostat, Third country nationals found to be illegally present (migr_eipre)",https://ec.europa.eu/eurostat/databrowser/view/migr_eipre/default/table,"Eurostat enforcement statistic - annual flow of detections, NOT a stock. Dataset migr_eipre, dimensions freq=A citizen=TOTAL reason=TOTAL apprehen=TOTAL sex=T age=TOTAL unit=PER. Rounded to nearest 5 by Eurostat.",yes,irregular_eu.csv
Spain,ESP,2013,irregular_proxy_detections,46195,"Eurostat, Third country nationals found to be illegally present (migr_eipre)",https://ec.europa.eu/eurostat/databrowser/view/migr_eipre/default/table,"Eurostat enforcement statistic - annual flow of detections, NOT a stock. Dataset migr_eipre, dimensions freq=A citizen=TOTAL reason=TOTAL apprehen=TOTAL sex=T age=TOTAL unit=PER. Rounded to nearest 5 by Eurostat.",yes,irregular_eu.csv
Spain,ESP,2014,irregular_proxy_detections,47885,"Eurostat, Third country nationals found to be illegally present (migr_eipre)",https://ec.europa.eu/eurostat/databrowser/view/migr_eipre/default/table,"Eurostat enforcement statistic - annual flow of detections, NOT a stock. Dataset migr_eipre, dimensions freq=A citizen=TOTAL reason=TOTAL apprehen=TOTAL sex=T age=TOTAL unit=PER. Rounded to nearest 5 by Eurostat.",yes,irregular_eu.csv
Spain,ESP,2015,irregular_proxy_detections,42605,"Eurostat, Third country nationals found to be illegally present (migr_eipre)",https://ec.europa.eu/eurostat/databrowser/view/migr_eipre/default/table,"Eurostat enforcement statistic - annual flow of detections, NOT a stock. Dataset migr_eipre, dimensions freq=A citizen=TOTAL reason=TOTAL apprehen=TOTAL sex=T age=TOTAL unit=PER. Rounded to nearest 5 by Eurostat.",yes,irregular_eu.csv
Spain,ESP,2016,irregular_proxy_detections,37295,"Eurostat, Third country nationals found to be illegally present (migr_eipre)",https://ec.europa.eu/eurostat/databrowser/view/migr_eipre/default/table,"Eurostat enforcement statistic - annual flow of detections, NOT a stock. Dataset migr_eipre, dimensions freq=A citizen=TOTAL reason=TOTAL apprehen=TOTAL sex=T age=TOTAL unit=PER. Rounded to nearest 5 by Eurostat.",yes,irregular_eu.csv
Spain,ESP,2017,irregular_proxy_detections,44625,"Eurostat, Third country nationals found to be illegally present (migr_eipre)",https://ec.europa.eu/eurostat/databrowser/view/migr_eipre/default/table,"Eurostat enforcement statistic - annual flow of detections, NOT a stock. Dataset migr_eipre, dimensions freq=A citizen=TOTAL reason=TOTAL apprehen=TOTAL sex=T age=TOTAL unit=PER. Rounded to nearest 5 by Eurostat.",yes,irregular_eu.csv
Spain,ESP,2018,irregular_proxy_detections,78280,"Eurostat, Third country nationals found to be illegally present (migr_eipre)",https://ec.europa.eu/eurostat/databrowser/view/migr_eipre/default/table,"Eurostat enforcement statistic - annual flow of detections, NOT a stock. Dataset migr_eipre, dimensions freq=A citizen=TOTAL reason=TOTAL apprehen=TOTAL sex=T age=TOTAL unit=PER. Rounded to nearest 5 by Eurostat.",yes,irregular_eu.csv
Spain,ESP,2019,irregular_proxy_detections,62865,"Eurostat, Third country nationals found to be illegally present (migr_eipre)",https://ec.europa.eu/eurostat/databrowser/view/migr_eipre/default/table,"Eurostat enforcement statistic - annual flow of detections, NOT a stock. Dataset migr_eipre, dimensions freq=A citizen=TOTAL reason=TOTAL apprehen=TOTAL sex=T age=TOTAL unit=PER. Rounded to nearest 5 by Eurostat.",yes,irregular_eu.csv
Spain,ESP,2020,irregular_proxy_detections,72265,"Eurostat, Third country nationals found to be illegally present (migr_eipre)",https://ec.europa.eu/eurostat/databrowser/view/migr_eipre/default/table,"Eurostat enforcement statistic - annual flow of detections, NOT a stock. Dataset migr_eipre, dimensions freq=A citizen=TOTAL reason=TOTAL apprehen=TOTAL sex=T age=TOTAL unit=PER. Rounded to nearest 5 by Eurostat.",yes,irregular_eu.csv
Spain,ESP,2021,irregular_proxy_detections,30615,"Eurostat, Third country nationals found to be illegally present (migr_eipre)",https://ec.europa.eu/eurostat/databrowser/view/migr_eipre/default/table,"Eurostat enforcement statistic - annual flow of detections, NOT a stock. Dataset migr_eipre, dimensions freq=A citizen=TOTAL reason=TOTAL apprehen=TOTAL sex=T age=TOTAL unit=PER. Rounded to nearest 5 by Eurostat.",yes,irregular_eu.csv
Spain,ESP,2022,irregular_proxy_detections,68100,"Eurostat, Third country nationals found to be illegally present (migr_eipre)",https://ec.europa.eu/eurostat/databrowser/view/migr_eipre/default/table,"Eurostat enforcement statistic - annual flow of detections, NOT a stock. Dataset migr_eipre, dimensions freq=A citizen=TOTAL reason=TOTAL apprehen=TOTAL sex=T age=TOTAL unit=PER. Rounded to nearest 5 by Eurostat.",yes,irregular_eu.csv
Spain,ESP,2017,irregular_stock,150000,"Pew Research Center (2019), Europe's Unauthorized Immigrant Population Peaks in 2016, Then Levels Off",https://www.pewresearch.org/global/2019/11/13/europes-unauthorized-immigrant-population-peaks-in-2016-then-levels-off/,"Pew residual method (population/labour-force data minus lawfully resident foreign-born), estimate INCLUDES asylum seekers awaiting a decision; published range 100000-200000, value is the midpoint of the published range. Pew reports only rounded 100k bounds.",no,irregular_eu.csv
Spain,ESP,2017,irregular_stock,127066,"Funcas (2024), Estimacion de la poblacion en situacion irregular en Espana, Cuadro 1, Estimacion 2",https://www.funcas.es/wp-content/uploads/2024/05/2405-NCS.pdf,"Modelled resident stock: padron-residual estimate, non-EU/non-EFTA/non-UK nationals. Reference date 1 January 2017. Estimacion 2 counts only nationality groups with positive padron-minus-permits differences; Funcas presents it as the more precise variant. Estimacion 1 for 2017 is negative (-41,391) and is therefore not recorded as a stock. Printed value in Cuadro 1.",yes,irregular_row_fill2.csv
Spain,ESP,2018,irregular_stock,183384,"Funcas (2024), Estimacion de la poblacion en situacion irregular en Espana, Cuadro 1, Estimacion 2",https://www.funcas.es/wp-content/uploads/2024/05/2405-NCS.pdf,"Modelled resident stock: padron-residual estimate, non-EU/non-EFTA/non-UK nationals. Reference date 1 January 2018. Estimacion 2 counts only nationality groups with positive differences. Printed value in Cuadro 1.",yes,irregular_row_fill2.csv
Spain,ESP,2018,irregular_stock,22948,"Funcas (2024), Estimacion de la poblacion en situacion irregular en Espana, Cuadro 1, Estimacion 1",https://www.funcas.es/wp-content/uploads/2024/05/2405-NCS.pdf,"Modelled resident stock: padron-residual estimate (official population figures minus regular residence permits/assimilable status), non-EU/non-EFTA/non-UK nationals. Reference date 1 January 2018 ('Cifras a 1 de enero de cada ano'). Estimacion 1 sums all continent differences including negative ones. Printed value in Cuadro 1, not read from a chart.",no,irregular_row_fill2.csv
Spain,ESP,2019,irregular_stock,430000,"Fundacion porCausa (2020), Una fotografia de la inmigracion irregular en Espana",https://porcausa.org/wp-content/uploads/2020/07/RetratodelairregularidadporCausa.pdf,"Residual method: municipal register (Padron Municipal, which records foreigners irrespective of status) minus valid residence authorisations, cross-checked against Labour Force Survey (EPA) versus Social Security affiliation; published range 390000-470000 at end-2019, value is the midpoint.",no,irregular_eu.csv
Spain,ESP,2019,irregular_stock,259140,"Funcas (2024), Estimacion de la poblacion en situacion irregular en Espana, Cuadro 1, Estimacion 2",https://www.funcas.es/wp-content/uploads/2024/05/2405-NCS.pdf,"Modelled resident stock: padron-residual estimate, non-EU/non-EFTA/non-UK nationals. Reference date 1 January 2019. Estimacion 2 counts only nationality groups with positive differences. Printed value in Cuadro 1.",yes,irregular_row_fill2.csv
Spain,ESP,2019,irregular_stock,151221,"Funcas (2024), Estimacion de la poblacion en situacion irregular en Espana, Cuadro 1, Estimacion 1",https://www.funcas.es/wp-content/uploads/2024/05/2405-NCS.pdf,"Modelled resident stock: padron-residual estimate, non-EU/non-EFTA/non-UK nationals. Reference date 1 January 2019. Estimacion 1 (all differences, including negative). Printed value in Cuadro 1.",no,irregular_row_fill2.csv
Spain,ESP,2020,irregular_stock,370052,"Funcas (2024), Estimacion de la poblacion en situacion irregular en Espana, Cuadro 1, Estimacion 2",https://www.funcas.es/wp-content/uploads/2024/05/2405-NCS.pdf,"Modelled resident stock: padron-residual estimate, non-EU/non-EFTA/non-UK nationals. Reference date 1 January 2020. Estimacion 2 counts only nationality groups with positive differences. Printed value in Cuadro 1.",yes,irregular_row_fill2.csv
Spain,ESP,2020,irregular_stock,307768,"Funcas (2024), Estimacion de la poblacion en situacion irregular en Espana, Cuadro 1, Estimacion 1",https://www.funcas.es/wp-content/uploads/2024/05/2405-NCS.pdf,"Modelled resident stock: padron-residual estimate, non-EU/non-EFTA/non-UK nationals. Reference date 1 January 2020. Estimacion 1 (all differences, including negative). Printed value in Cuadro 1.",no,irregular_row_fill2.csv
Spain,ESP,2021,irregular_stock,517149,"Funcas (2024), Estimacion de la poblacion en situacion irregular en Espana, Cuadro 1, Estimacion 2",https://www.funcas.es/wp-content/uploads/2024/05/2405-NCS.pdf,"Modelled resident stock: padron-residual estimate, non-EU/non-EFTA/non-UK nationals. Reference date 1 January 2021. Estimacion 2 counts only nationality groups with positive differences; Funcas presents it as the more precise variant. Estimacion 1 for the same date is 446,557. Printed value in Cuadro 1.",yes,irregular_row_fill2.csv
Spain,ESP,2021,irregular_stock,446557,"Funcas (2024), Estimacion de la poblacion en situacion irregular en Espana, Cuadro 1, Estimacion 1",https://www.funcas.es/wp-content/uploads/2024/05/2405-NCS.pdf,"Modelled resident stock: padron-residual estimate, non-EU/non-EFTA/non-UK nationals. Reference date 1 January 2021. Estimacion 1 (all differences, including negative); Estimacion 2 for the same date is 517,149. Both are printed values in Cuadro 1, resolving the earlier chart-reading ambiguity: the '480.000 a finales de 2021' quoted in the body text corresponds to Estimacion 2 at 1 January 2022 (482,139), NOT to the 2021 column.",no,irregular_row_fill2.csv
Spain,ESP,2022,irregular_stock,482139,"Funcas (2024), Estimacion de la poblacion en situacion irregular en Espana, Cuadro 1, Estimacion 2",https://www.funcas.es/wp-content/uploads/2024/05/2405-NCS.pdf,"Modelled resident stock: padron-residual estimate, non-EU/non-EFTA/non-UK nationals. Reference date 1 January 2022. Estimacion 2 counts only nationality groups with positive differences. This is the value the Funcas text describes as 'unas 480.000 personas a finales de 2021'. Printed value in Cuadro 1.",yes,irregular_row_fill2.csv
Spain,ESP,2022,irregular_stock,395591,"Funcas (2024), Estimacion de la poblacion en situacion irregular en Espana, Cuadro 1, Estimacion 1",https://www.funcas.es/wp-content/uploads/2024/05/2405-NCS.pdf,"Modelled resident stock: padron-residual estimate, non-EU/non-EFTA/non-UK nationals. Reference date 1 January 2022. Estimacion 1 (all differences, including negative). Printed value in Cuadro 1.",no,irregular_row_fill2.csv
Spain,ESP,2010,population,46576897,"World Bank, World Development Indicators (SP.POP.TOTL), sourced from UN World Population Prospects and national statistical offices",https://api.worldbank.org/v2/country/all/indicator/SP.POP.TOTL,"Total resident population, mid-year estimate. Retrieved via World Bank API, August 2026.",yes,worldbank_api
Spain,ESP,2011,population,46742697,"World Bank, World Development Indicators (SP.POP.TOTL), sourced from UN World Population Prospects and national statistical offices",https://api.worldbank.org/v2/country/all/indicator/SP.POP.TOTL,"Total resident population, mid-year estimate. Retrieved via World Bank API, August 2026.",yes,worldbank_api
Spain,ESP,2012,population,46773055,"World Bank, World Development Indicators (SP.POP.TOTL), sourced from UN World Population Prospects and national statistical offices",https://api.worldbank.org/v2/country/all/indicator/SP.POP.TOTL,"Total resident population, mid-year estimate. Retrieved via World Bank API, August 2026.",yes,worldbank_api
Spain,ESP,2013,population,46604197,"World Bank, World Development Indicators (SP.POP.TOTL), sourced from UN World Population Prospects and national statistical offices",https://api.worldbank.org/v2/country/all/indicator/SP.POP.TOTL,"Total resident population, mid-year estimate. Retrieved via World Bank API, August 2026.",yes,worldbank_api
Spain,ESP,2014,population,46460733,"World Bank, World Development Indicators (SP.POP.TOTL), sourced from UN World Population Prospects and national statistical offices",https://api.worldbank.org/v2/country/all/indicator/SP.POP.TOTL,"Total resident population, mid-year estimate. Retrieved via World Bank API, August 2026.",yes,worldbank_api
Spain,ESP,2015,population,46422303,"World Bank, World Development Indicators (SP.POP.TOTL), sourced from UN World Population Prospects and national statistical offices",https://api.worldbank.org/v2/country/all/indicator/SP.POP.TOTL,"Total resident population, mid-year estimate. Retrieved via World Bank API, August 2026.",yes,worldbank_api
Spain,ESP,2016,population,46458139,"World Bank, World Development Indicators (SP.POP.TOTL), sourced from UN World Population Prospects and national statistical offices",https://api.worldbank.org/v2/country/all/indicator/SP.POP.TOTL,"Total resident population, mid-year estimate. Retrieved via World Bank API, August 2026.",yes,worldbank_api
Spain,ESP,2017,population,46571232,"World Bank, World Development Indicators (SP.POP.TOTL), sourced from UN World Population Prospects and national statistical offices",https://api.worldbank.org/v2/country/all/indicator/SP.POP.TOTL,"Total resident population, mid-year estimate. Retrieved via World Bank API, August 2026.",yes,worldbank_api
Spain,ESP,2018,population,46782011,"World Bank, World Development Indicators (SP.POP.TOTL), sourced from UN World Population Prospects and national statistical offices",https://api.worldbank.org/v2/country/all/indicator/SP.POP.TOTL,"Total resident population, mid-year estimate. Retrieved via World Bank API, August 2026.",yes,worldbank_api
Spain,ESP,2019,population,47118501,"World Bank, World Development Indicators (SP.POP.TOTL), sourced from UN World Population Prospects and national statistical offices",https://api.worldbank.org/v2/country/all/indicator/SP.POP.TOTL,"Total resident population, mid-year estimate. Retrieved via World Bank API, August 2026.",yes,worldbank_api
Spain,ESP,2020,population,47359424,"World Bank, World Development Indicators (SP.POP.TOTL), sourced from UN World Population Prospects and national statistical offices",https://api.worldbank.org/v2/country/all/indicator/SP.POP.TOTL,"Total resident population, mid-year estimate. Retrieved via World Bank API, August 2026.",yes,worldbank_api
Spain,ESP,2021,population,47443821,"World Bank, World Development Indicators (SP.POP.TOTL), sourced from UN World Population Prospects and national statistical offices",https://api.worldbank.org/v2/country/all/indicator/SP.POP.TOTL,"Total resident population, mid-year estimate. Retrieved via World Bank API, August 2026.",yes,worldbank_api
Spain,ESP,2022,population,47786102,"World Bank, World Development Indicators (SP.POP.TOTL), sourced from UN World Population Prospects and national statistical offices",https://api.worldbank.org/v2/country/all/indicator/SP.POP.TOTL,"Total resident population, mid-year estimate. Retrieved via World Bank API, August 2026.",yes,worldbank_api
Finland,FIN,2010,foreign_born,228481,Eurostat [migr_pop3ctb],https://ec.europa.eu/eurostat/api/dissemination/statistics/1.0/data/migr_pop3ctb?format=JSON&lang=EN&geo=FI&age=TOTAL&sex=T&unit=NR&c_birth=FOR&sinceTimePeriod=2010&untilTimePeriod=2022,stock at 1 Jan; c_birth=FOR (born in a foreign country),yes,eu_stock.csv
Finland,FIN,2011,foreign_born,243217,Eurostat [migr_pop3ctb],https://ec.europa.eu/eurostat/api/dissemination/statistics/1.0/data/migr_pop3ctb?format=JSON&lang=EN&geo=FI&age=TOTAL&sex=T&unit=NR&c_birth=FOR&sinceTimePeriod=2010&untilTimePeriod=2022,stock at 1 Jan; c_birth=FOR (born in a foreign country),yes,eu_stock.csv
Finland,FIN,2012,foreign_born,260856,Eurostat [migr_pop3ctb],https://ec.europa.eu/eurostat/api/dissemination/statistics/1.0/data/migr_pop3ctb?format=JSON&lang=EN&geo=FI&age=TOTAL&sex=T&unit=NR&c_birth=FOR&sinceTimePeriod=2010&untilTimePeriod=2022,stock at 1 Jan; c_birth=FOR (born in a foreign country),yes,eu_stock.csv
Finland,FIN,2013,foreign_born,279743,Eurostat [migr_pop3ctb],https://ec.europa.eu/eurostat/api/dissemination/statistics/1.0/data/migr_pop3ctb?format=JSON&lang=EN&geo=FI&age=TOTAL&sex=T&unit=NR&c_birth=FOR&sinceTimePeriod=2010&untilTimePeriod=2022,stock at 1 Jan; c_birth=FOR (born in a foreign country),yes,eu_stock.csv
Finland,FIN,2014,foreign_born,297812,Eurostat [migr_pop3ctb],https://ec.europa.eu/eurostat/api/dissemination/statistics/1.0/data/migr_pop3ctb?format=JSON&lang=EN&geo=FI&age=TOTAL&sex=T&unit=NR&c_birth=FOR&sinceTimePeriod=2010&untilTimePeriod=2022,stock at 1 Jan; c_birth=FOR (born in a foreign country),yes,eu_stock.csv
Finland,FIN,2015,foreign_born,314856,Eurostat [migr_pop3ctb],https://ec.europa.eu/eurostat/api/dissemination/statistics/1.0/data/migr_pop3ctb?format=JSON&lang=EN&geo=FI&age=TOTAL&sex=T&unit=NR&c_birth=FOR&sinceTimePeriod=2010&untilTimePeriod=2022,stock at 1 Jan; c_birth=FOR (born in a foreign country),yes,eu_stock.csv
Finland,FIN,2016,foreign_born,329219,Eurostat [migr_pop3ctb],https://ec.europa.eu/eurostat/api/dissemination/statistics/1.0/data/migr_pop3ctb?format=JSON&lang=EN&geo=FI&age=TOTAL&sex=T&unit=NR&c_birth=FOR&sinceTimePeriod=2010&untilTimePeriod=2022,stock at 1 Jan; c_birth=FOR (born in a foreign country),yes,eu_stock.csv
Finland,FIN,2017,foreign_born,348986,Eurostat [migr_pop3ctb],https://ec.europa.eu/eurostat/api/dissemination/statistics/1.0/data/migr_pop3ctb?format=JSON&lang=EN&geo=FI&age=TOTAL&sex=T&unit=NR&c_birth=FOR&sinceTimePeriod=2010&untilTimePeriod=2022,stock at 1 Jan; c_birth=FOR (born in a foreign country),yes,eu_stock.csv
Finland,FIN,2018,foreign_born,363717,Eurostat [migr_pop3ctb],https://ec.europa.eu/eurostat/api/dissemination/statistics/1.0/data/migr_pop3ctb?format=JSON&lang=EN&geo=FI&age=TOTAL&sex=T&unit=NR&c_birth=FOR&sinceTimePeriod=2010&untilTimePeriod=2022,stock at 1 Jan; c_birth=FOR (born in a foreign country),yes,eu_stock.csv
Finland,FIN,2019,foreign_born,377360,Eurostat [migr_pop3ctb],https://ec.europa.eu/eurostat/api/dissemination/statistics/1.0/data/migr_pop3ctb?format=JSON&lang=EN&geo=FI&age=TOTAL&sex=T&unit=NR&c_birth=FOR&sinceTimePeriod=2010&untilTimePeriod=2022,stock at 1 Jan; c_birth=FOR (born in a foreign country),yes,eu_stock.csv
Finland,FIN,2020,foreign_born,393555,Eurostat [migr_pop3ctb],https://ec.europa.eu/eurostat/api/dissemination/statistics/1.0/data/migr_pop3ctb?format=JSON&lang=EN&geo=FI&age=TOTAL&sex=T&unit=NR&c_birth=FOR&sinceTimePeriod=2010&untilTimePeriod=2022,stock at 1 Jan; c_birth=FOR (born in a foreign country),yes,eu_stock.csv
Finland,FIN,2021,foreign_born,408676,Eurostat [migr_pop3ctb],https://ec.europa.eu/eurostat/api/dissemination/statistics/1.0/data/migr_pop3ctb?format=JSON&lang=EN&geo=FI&age=TOTAL&sex=T&unit=NR&c_birth=FOR&sinceTimePeriod=2010&untilTimePeriod=2022,stock at 1 Jan; c_birth=FOR (born in a foreign country),yes,eu_stock.csv
Finland,FIN,2022,foreign_born,428409,Eurostat [migr_pop3ctb],https://ec.europa.eu/eurostat/api/dissemination/statistics/1.0/data/migr_pop3ctb?format=JSON&lang=EN&geo=FI&age=TOTAL&sex=T&unit=NR&c_birth=FOR&sinceTimePeriod=2010&untilTimePeriod=2022,stock at 1 Jan; c_birth=FOR (born in a foreign country),yes,eu_stock.csv
Finland,FIN,2010,foreign_nationals,154623,Eurostat [migr_pop1ctz],https://ec.europa.eu/eurostat/api/dissemination/statistics/1.0/data/migr_pop1ctz?format=JSON&lang=EN&geo=FI&age=TOTAL&sex=T&unit=NR&citizen=FOR_STLS&sinceTimePeriod=2010&untilTimePeriod=2022,stock at 1 Jan; citizen=FOR_STLS (foreign citizens incl. stateless),yes,eu_stock.csv
Finland,FIN,2011,foreign_nationals,166627,Eurostat [migr_pop1ctz],https://ec.europa.eu/eurostat/api/dissemination/statistics/1.0/data/migr_pop1ctz?format=JSON&lang=EN&geo=FI&age=TOTAL&sex=T&unit=NR&citizen=FOR_STLS&sinceTimePeriod=2010&untilTimePeriod=2022,stock at 1 Jan; citizen=FOR_STLS (foreign citizens incl. stateless),yes,eu_stock.csv
Finland,FIN,2012,foreign_nationals,181697,Eurostat [migr_pop1ctz],https://ec.europa.eu/eurostat/api/dissemination/statistics/1.0/data/migr_pop1ctz?format=JSON&lang=EN&geo=FI&age=TOTAL&sex=T&unit=NR&citizen=FOR_STLS&sinceTimePeriod=2010&untilTimePeriod=2022,stock at 1 Jan; citizen=FOR_STLS (foreign citizens incl. stateless),yes,eu_stock.csv
Finland,FIN,2013,foreign_nationals,194250,Eurostat [migr_pop1ctz],https://ec.europa.eu/eurostat/api/dissemination/statistics/1.0/data/migr_pop1ctz?format=JSON&lang=EN&geo=FI&age=TOTAL&sex=T&unit=NR&citizen=FOR_STLS&sinceTimePeriod=2010&untilTimePeriod=2022,stock at 1 Jan; citizen=FOR_STLS (foreign citizens incl. stateless),yes,eu_stock.csv
Finland,FIN,2014,foreign_nationals,206168,Eurostat [migr_pop1ctz],https://ec.europa.eu/eurostat/api/dissemination/statistics/1.0/data/migr_pop1ctz?format=JSON&lang=EN&geo=FI&age=TOTAL&sex=T&unit=NR&citizen=FOR_STLS&sinceTimePeriod=2010&untilTimePeriod=2022,stock at 1 Jan; citizen=FOR_STLS (foreign citizens incl. stateless),yes,eu_stock.csv
Finland,FIN,2015,foreign_nationals,218215,Eurostat [migr_pop1ctz],https://ec.europa.eu/eurostat/api/dissemination/statistics/1.0/data/migr_pop1ctz?format=JSON&lang=EN&geo=FI&age=TOTAL&sex=T&unit=NR&citizen=FOR_STLS&sinceTimePeriod=2010&untilTimePeriod=2022,stock at 1 Jan; citizen=FOR_STLS (foreign citizens incl. stateless),yes,eu_stock.csv
Finland,FIN,2016,foreign_nationals,228224,Eurostat [migr_pop1ctz],https://ec.europa.eu/eurostat/api/dissemination/statistics/1.0/data/migr_pop1ctz?format=JSON&lang=EN&geo=FI&age=TOTAL&sex=T&unit=NR&citizen=FOR_STLS&sinceTimePeriod=2010&untilTimePeriod=2022,stock at 1 Jan; citizen=FOR_STLS (foreign citizens incl. stateless),yes,eu_stock.csv
Finland,FIN,2017,foreign_nationals,242003,Eurostat [migr_pop1ctz],https://ec.europa.eu/eurostat/api/dissemination/statistics/1.0/data/migr_pop1ctz?format=JSON&lang=EN&geo=FI&age=TOTAL&sex=T&unit=NR&citizen=FOR_STLS&sinceTimePeriod=2010&untilTimePeriod=2022,stock at 1 Jan; citizen=FOR_STLS (foreign citizens incl. stateless),yes,eu_stock.csv
Finland,FIN,2018,foreign_nationals,247848,Eurostat [migr_pop1ctz],https://ec.europa.eu/eurostat/api/dissemination/statistics/1.0/data/migr_pop1ctz?format=JSON&lang=EN&geo=FI&age=TOTAL&sex=T&unit=NR&citizen=FOR_STLS&sinceTimePeriod=2010&untilTimePeriod=2022,stock at 1 Jan; citizen=FOR_STLS (foreign citizens incl. stateless),yes,eu_stock.csv
Finland,FIN,2019,foreign_nationals,256026,Eurostat [migr_pop1ctz],https://ec.europa.eu/eurostat/api/dissemination/statistics/1.0/data/migr_pop1ctz?format=JSON&lang=EN&geo=FI&age=TOTAL&sex=T&unit=NR&citizen=FOR_STLS&sinceTimePeriod=2010&untilTimePeriod=2022,stock at 1 Jan; citizen=FOR_STLS (foreign citizens incl. stateless),yes,eu_stock.csv
Finland,FIN,2020,foreign_nationals,266079,Eurostat [migr_pop1ctz],https://ec.europa.eu/eurostat/api/dissemination/statistics/1.0/data/migr_pop1ctz?format=JSON&lang=EN&geo=FI&age=TOTAL&sex=T&unit=NR&citizen=FOR_STLS&sinceTimePeriod=2010&untilTimePeriod=2022,stock at 1 Jan; citizen=FOR_STLS (foreign citizens incl. stateless),yes,eu_stock.csv
Finland,FIN,2021,foreign_nationals,277217,Eurostat [migr_pop1ctz],https://ec.europa.eu/eurostat/api/dissemination/statistics/1.0/data/migr_pop1ctz?format=JSON&lang=EN&geo=FI&age=TOTAL&sex=T&unit=NR&citizen=FOR_STLS&sinceTimePeriod=2010&untilTimePeriod=2022,stock at 1 Jan; citizen=FOR_STLS (foreign citizens incl. stateless),yes,eu_stock.csv
Finland,FIN,2022,foreign_nationals,294638,Eurostat [migr_pop1ctz],https://ec.europa.eu/eurostat/api/dissemination/statistics/1.0/data/migr_pop1ctz?format=JSON&lang=EN&geo=FI&age=TOTAL&sex=T&unit=NR&citizen=FOR_STLS&sinceTimePeriod=2010&untilTimePeriod=2022,stock at 1 Jan; citizen=FOR_STLS (foreign citizens incl. stateless),yes,eu_stock.csv
Finland,FIN,2010,irregular_proxy_detections,3755,"Eurostat, Third country nationals found to be illegally present (migr_eipre)",https://ec.europa.eu/eurostat/databrowser/view/migr_eipre/default/table,"Eurostat enforcement statistic - annual flow of detections, NOT a stock. Dataset migr_eipre, dimensions freq=A citizen=TOTAL reason=TOTAL apprehen=TOTAL sex=T age=TOTAL unit=PER. Rounded to nearest 5 by Eurostat.",yes,irregular_eu.csv
Finland,FIN,2011,irregular_proxy_detections,3305,"Eurostat, Third country nationals found to be illegally present (migr_eipre)",https://ec.europa.eu/eurostat/databrowser/view/migr_eipre/default/table,"Eurostat enforcement statistic - annual flow of detections, NOT a stock. Dataset migr_eipre, dimensions freq=A citizen=TOTAL reason=TOTAL apprehen=TOTAL sex=T age=TOTAL unit=PER. Rounded to nearest 5 by Eurostat.",yes,irregular_eu.csv
Finland,FIN,2012,irregular_proxy_detections,3620,"Eurostat, Third country nationals found to be illegally present (migr_eipre)",https://ec.europa.eu/eurostat/databrowser/view/migr_eipre/default/table,"Eurostat enforcement statistic - annual flow of detections, NOT a stock. Dataset migr_eipre, dimensions freq=A citizen=TOTAL reason=TOTAL apprehen=TOTAL sex=T age=TOTAL unit=PER. Rounded to nearest 5 by Eurostat.",yes,irregular_eu.csv
Finland,FIN,2013,irregular_proxy_detections,3365,"Eurostat, Third country nationals found to be illegally present (migr_eipre)",https://ec.europa.eu/eurostat/databrowser/view/migr_eipre/default/table,"Eurostat enforcement statistic - annual flow of detections, NOT a stock. Dataset migr_eipre, dimensions freq=A citizen=TOTAL reason=TOTAL apprehen=TOTAL sex=T age=TOTAL unit=PER. Rounded to nearest 5 by Eurostat.",yes,irregular_eu.csv
Finland,FIN,2014,irregular_proxy_detections,2930,"Eurostat, Third country nationals found to be illegally present (migr_eipre)",https://ec.europa.eu/eurostat/databrowser/view/migr_eipre/default/table,"Eurostat enforcement statistic - annual flow of detections, NOT a stock. Dataset migr_eipre, dimensions freq=A citizen=TOTAL reason=TOTAL apprehen=TOTAL sex=T age=TOTAL unit=PER. Rounded to nearest 5 by Eurostat.",yes,irregular_eu.csv
Finland,FIN,2015,irregular_proxy_detections,14285,"Eurostat, Third country nationals found to be illegally present (migr_eipre)",https://ec.europa.eu/eurostat/databrowser/view/migr_eipre/default/table,"Eurostat enforcement statistic - annual flow of detections, NOT a stock. Dataset migr_eipre, dimensions freq=A citizen=TOTAL reason=TOTAL apprehen=TOTAL sex=T age=TOTAL unit=PER. Rounded to nearest 5 by Eurostat.",yes,irregular_eu.csv
Finland,FIN,2016,irregular_proxy_detections,2130,"Eurostat, Third country nationals found to be illegally present (migr_eipre)",https://ec.europa.eu/eurostat/databrowser/view/migr_eipre/default/table,"Eurostat enforcement statistic - annual flow of detections, NOT a stock. Dataset migr_eipre, dimensions freq=A citizen=TOTAL reason=TOTAL apprehen=TOTAL sex=T age=TOTAL unit=PER. Rounded to nearest 5 by Eurostat.",yes,irregular_eu.csv
Finland,FIN,2017,irregular_proxy_detections,930,"Eurostat, Third country nationals found to be illegally present (migr_eipre)",https://ec.europa.eu/eurostat/databrowser/view/migr_eipre/default/table,"Eurostat enforcement statistic - annual flow of detections, NOT a stock. Dataset migr_eipre, dimensions freq=A citizen=TOTAL reason=TOTAL apprehen=TOTAL sex=T age=TOTAL unit=PER. Rounded to nearest 5 by Eurostat.",yes,irregular_eu.csv
Finland,FIN,2018,irregular_proxy_detections,1305,"Eurostat, Third country nationals found to be illegally present (migr_eipre)",https://ec.europa.eu/eurostat/databrowser/view/migr_eipre/default/table,"Eurostat enforcement statistic - annual flow of detections, NOT a stock. Dataset migr_eipre, dimensions freq=A citizen=TOTAL reason=TOTAL apprehen=TOTAL sex=T age=TOTAL unit=PER. Rounded to nearest 5 by Eurostat.",yes,irregular_eu.csv
Finland,FIN,2019,irregular_proxy_detections,1220,"Eurostat, Third country nationals found to be illegally present (migr_eipre)",https://ec.europa.eu/eurostat/databrowser/view/migr_eipre/default/table,"Eurostat enforcement statistic - annual flow of detections, NOT a stock. Dataset migr_eipre, dimensions freq=A citizen=TOTAL reason=TOTAL apprehen=TOTAL sex=T age=TOTAL unit=PER. Rounded to nearest 5 by Eurostat.",yes,irregular_eu.csv
Finland,FIN,2020,irregular_proxy_detections,1145,"Eurostat, Third country nationals found to be illegally present (migr_eipre)",https://ec.europa.eu/eurostat/databrowser/view/migr_eipre/default/table,"Eurostat enforcement statistic - annual flow of detections, NOT a stock. Dataset migr_eipre, dimensions freq=A citizen=TOTAL reason=TOTAL apprehen=TOTAL sex=T age=TOTAL unit=PER. Rounded to nearest 5 by Eurostat.",yes,irregular_eu.csv
Finland,FIN,2021,irregular_proxy_detections,1090,"Eurostat, Third country nationals found to be illegally present (migr_eipre)",https://ec.europa.eu/eurostat/databrowser/view/migr_eipre/default/table,"Eurostat enforcement statistic - annual flow of detections, NOT a stock. Dataset migr_eipre, dimensions freq=A citizen=TOTAL reason=TOTAL apprehen=TOTAL sex=T age=TOTAL unit=PER. Rounded to nearest 5 by Eurostat.",yes,irregular_eu.csv
Finland,FIN,2022,irregular_proxy_detections,1190,"Eurostat, Third country nationals found to be illegally present (migr_eipre)",https://ec.europa.eu/eurostat/databrowser/view/migr_eipre/default/table,"Eurostat enforcement statistic - annual flow of detections, NOT a stock. Dataset migr_eipre, dimensions freq=A citizen=TOTAL reason=TOTAL apprehen=TOTAL sex=T age=TOTAL unit=PER. Rounded to nearest 5 by Eurostat.",yes,irregular_eu.csv
Finland,FIN,2010,population,5363352,"World Bank, World Development Indicators (SP.POP.TOTL), sourced from UN World Population Prospects and national statistical offices",https://api.worldbank.org/v2/country/all/indicator/SP.POP.TOTL,"Total resident population, mid-year estimate. Retrieved via World Bank API, August 2026.",yes,worldbank_api
Finland,FIN,2011,population,5388272,"World Bank, World Development Indicators (SP.POP.TOTL), sourced from UN World Population Prospects and national statistical offices",https://api.worldbank.org/v2/country/all/indicator/SP.POP.TOTL,"Total resident population, mid-year estimate. Retrieved via World Bank API, August 2026.",yes,worldbank_api
Finland,FIN,2012,population,5413971,"World Bank, World Development Indicators (SP.POP.TOTL), sourced from UN World Population Prospects and national statistical offices",https://api.worldbank.org/v2/country/all/indicator/SP.POP.TOTL,"Total resident population, mid-year estimate. Retrieved via World Bank API, August 2026.",yes,worldbank_api
Finland,FIN,2013,population,5438972,"World Bank, World Development Indicators (SP.POP.TOTL), sourced from UN World Population Prospects and national statistical offices",https://api.worldbank.org/v2/country/all/indicator/SP.POP.TOTL,"Total resident population, mid-year estimate. Retrieved via World Bank API, August 2026.",yes,worldbank_api
Finland,FIN,2014,population,5461512,"World Bank, World Development Indicators (SP.POP.TOTL), sourced from UN World Population Prospects and national statistical offices",https://api.worldbank.org/v2/country/all/indicator/SP.POP.TOTL,"Total resident population, mid-year estimate. Retrieved via World Bank API, August 2026.",yes,worldbank_api
Finland,FIN,2015,population,5479531,"World Bank, World Development Indicators (SP.POP.TOTL), sourced from UN World Population Prospects and national statistical offices",https://api.worldbank.org/v2/country/all/indicator/SP.POP.TOTL,"Total resident population, mid-year estimate. Retrieved via World Bank API, August 2026.",yes,worldbank_api
Finland,FIN,2016,population,5495303,"World Bank, World Development Indicators (SP.POP.TOTL), sourced from UN World Population Prospects and national statistical offices",https://api.worldbank.org/v2/country/all/indicator/SP.POP.TOTL,"Total resident population, mid-year estimate. Retrieved via World Bank API, August 2026.",yes,worldbank_api
Finland,FIN,2017,population,5508214,"World Bank, World Development Indicators (SP.POP.TOTL), sourced from UN World Population Prospects and national statistical offices",https://api.worldbank.org/v2/country/all/indicator/SP.POP.TOTL,"Total resident population, mid-year estimate. Retrieved via World Bank API, August 2026.",yes,worldbank_api
Finland,FIN,2018,population,5515525,"World Bank, World Development Indicators (SP.POP.TOTL), sourced from UN World Population Prospects and national statistical offices",https://api.worldbank.org/v2/country/all/indicator/SP.POP.TOTL,"Total resident population, mid-year estimate. Retrieved via World Bank API, August 2026.",yes,worldbank_api
Finland,FIN,2019,population,5521606,"World Bank, World Development Indicators (SP.POP.TOTL), sourced from UN World Population Prospects and national statistical offices",https://api.worldbank.org/v2/country/all/indicator/SP.POP.TOTL,"Total resident population, mid-year estimate. Retrieved via World Bank API, August 2026.",yes,worldbank_api
Finland,FIN,2020,population,5529543,"World Bank, World Development Indicators (SP.POP.TOTL), sourced from UN World Population Prospects and national statistical offices",https://api.worldbank.org/v2/country/all/indicator/SP.POP.TOTL,"Total resident population, mid-year estimate. Retrieved via World Bank API, August 2026.",yes,worldbank_api
Finland,FIN,2021,population,5541017,"World Bank, World Development Indicators (SP.POP.TOTL), sourced from UN World Population Prospects and national statistical offices",https://api.worldbank.org/v2/country/all/indicator/SP.POP.TOTL,"Total resident population, mid-year estimate. Retrieved via World Bank API, August 2026.",yes,worldbank_api
Finland,FIN,2022,population,5556106,"World Bank, World Development Indicators (SP.POP.TOTL), sourced from UN World Population Prospects and national statistical offices",https://api.worldbank.org/v2/country/all/indicator/SP.POP.TOTL,"Total resident population, mid-year estimate. Retrieved via World Bank API, August 2026.",yes,worldbank_api
France,FRA,2010,foreign_born,7309986,Eurostat [migr_pop3ctb],https://ec.europa.eu/eurostat/api/dissemination/statistics/1.0/data/migr_pop3ctb?format=JSON&lang=EN&geo=FR&age=TOTAL&sex=T&unit=NR&c_birth=FOR&sinceTimePeriod=2010&untilTimePeriod=2022,stock at 1 Jan; c_birth=FOR (born in a foreign country),yes,eu_stock.csv
France,FRA,2011,foreign_born,7335966,Eurostat [migr_pop3ctb],https://ec.europa.eu/eurostat/api/dissemination/statistics/1.0/data/migr_pop3ctb?format=JSON&lang=EN&geo=FR&age=TOTAL&sex=T&unit=NR&c_birth=FOR&sinceTimePeriod=2010&untilTimePeriod=2022,stock at 1 Jan; c_birth=FOR (born in a foreign country),yes,eu_stock.csv
France,FRA,2012,foreign_born,7463157,Eurostat [migr_pop3ctb],https://ec.europa.eu/eurostat/api/dissemination/statistics/1.0/data/migr_pop3ctb?format=JSON&lang=EN&geo=FR&age=TOTAL&sex=T&unit=NR&c_birth=FOR&sinceTimePeriod=2010&untilTimePeriod=2022,stock at 1 Jan; c_birth=FOR (born in a foreign country),yes,eu_stock.csv
France,FRA,2013,foreign_born,7543950,Eurostat [migr_pop3ctb],https://ec.europa.eu/eurostat/api/dissemination/statistics/1.0/data/migr_pop3ctb?format=JSON&lang=EN&geo=FR&age=TOTAL&sex=T&unit=NR&c_birth=FOR&sinceTimePeriod=2010&untilTimePeriod=2022,stock at 1 Jan; c_birth=FOR (born in a foreign country),yes,eu_stock.csv
France,FRA,2014,foreign_born,7746520,Eurostat [migr_pop3ctb],https://ec.europa.eu/eurostat/api/dissemination/statistics/1.0/data/migr_pop3ctb?format=JSON&lang=EN&geo=FR&age=TOTAL&sex=T&unit=NR&c_birth=FOR&sinceTimePeriod=2010&untilTimePeriod=2022,stock at 1 Jan; c_birth=FOR (born in a foreign country),yes,eu_stock.csv
France,FRA,2015,foreign_born,7915838,Eurostat [migr_pop3ctb],https://ec.europa.eu/eurostat/api/dissemination/statistics/1.0/data/migr_pop3ctb?format=JSON&lang=EN&geo=FR&age=TOTAL&sex=T&unit=NR&c_birth=FOR&sinceTimePeriod=2010&untilTimePeriod=2022,stock at 1 Jan; c_birth=FOR (born in a foreign country),yes,eu_stock.csv
France,FRA,2016,foreign_born,8028227,Eurostat [migr_pop3ctb],https://ec.europa.eu/eurostat/api/dissemination/statistics/1.0/data/migr_pop3ctb?format=JSON&lang=EN&geo=FR&age=TOTAL&sex=T&unit=NR&c_birth=FOR&sinceTimePeriod=2010&untilTimePeriod=2022,stock at 1 Jan; c_birth=FOR (born in a foreign country),yes,eu_stock.csv
France,FRA,2017,foreign_born,8098872,Eurostat [migr_pop3ctb],https://ec.europa.eu/eurostat/api/dissemination/statistics/1.0/data/migr_pop3ctb?format=JSON&lang=EN&geo=FR&age=TOTAL&sex=T&unit=NR&c_birth=FOR&sinceTimePeriod=2010&untilTimePeriod=2022,stock at 1 Jan; c_birth=FOR (born in a foreign country),yes,eu_stock.csv
France,FRA,2018,foreign_born,8199663,Eurostat [migr_pop3ctb],https://ec.europa.eu/eurostat/api/dissemination/statistics/1.0/data/migr_pop3ctb?format=JSON&lang=EN&geo=FR&age=TOTAL&sex=T&unit=NR&c_birth=FOR&sinceTimePeriod=2010&untilTimePeriod=2022,stock at 1 Jan; c_birth=FOR (born in a foreign country),yes,eu_stock.csv
France,FRA,2019,foreign_born,8368280,Eurostat [migr_pop3ctb],https://ec.europa.eu/eurostat/api/dissemination/statistics/1.0/data/migr_pop3ctb?format=JSON&lang=EN&geo=FR&age=TOTAL&sex=T&unit=NR&c_birth=FOR&sinceTimePeriod=2010&untilTimePeriod=2022,stock at 1 Jan; c_birth=FOR (born in a foreign country),yes,eu_stock.csv
France,FRA,2020,foreign_born,8473346,Eurostat [migr_pop3ctb],https://ec.europa.eu/eurostat/api/dissemination/statistics/1.0/data/migr_pop3ctb?format=JSON&lang=EN&geo=FR&age=TOTAL&sex=T&unit=NR&c_birth=FOR&sinceTimePeriod=2010&untilTimePeriod=2022,stock at 1 Jan; c_birth=FOR (born in a foreign country),yes,eu_stock.csv
France,FRA,2021,foreign_born,8548924,Eurostat [migr_pop3ctb],https://ec.europa.eu/eurostat/api/dissemination/statistics/1.0/data/migr_pop3ctb?format=JSON&lang=EN&geo=FR&age=TOTAL&sex=T&unit=NR&c_birth=FOR&sinceTimePeriod=2010&untilTimePeriod=2022,stock at 1 Jan; c_birth=FOR (born in a foreign country),yes,eu_stock.csv
France,FRA,2022,foreign_born,8635504,Eurostat [migr_pop3ctb],https://ec.europa.eu/eurostat/api/dissemination/statistics/1.0/data/migr_pop3ctb?format=JSON&lang=EN&geo=FR&age=TOTAL&sex=T&unit=NR&c_birth=FOR&sinceTimePeriod=2010&untilTimePeriod=2022,stock at 1 Jan; c_birth=FOR (born in a foreign country),yes,eu_stock.csv
France,FRA,2010,foreign_nationals,3824590,Eurostat [migr_pop1ctz],https://ec.europa.eu/eurostat/api/dissemination/statistics/1.0/data/migr_pop1ctz?format=JSON&lang=EN&geo=FR&age=TOTAL&sex=T&unit=NR&citizen=FOR_STLS&sinceTimePeriod=2010&untilTimePeriod=2022,stock at 1 Jan; citizen=FOR_STLS (foreign citizens incl. stateless),yes,eu_stock.csv
France,FRA,2011,foreign_nationals,3875096,Eurostat [migr_pop1ctz],https://ec.europa.eu/eurostat/api/dissemination/statistics/1.0/data/migr_pop1ctz?format=JSON&lang=EN&geo=FR&age=TOTAL&sex=T&unit=NR&citizen=FOR_STLS&sinceTimePeriod=2010&untilTimePeriod=2022,stock at 1 Jan; citizen=FOR_STLS (foreign citizens incl. stateless),yes,eu_stock.csv
France,FRA,2012,foreign_nationals,3944725,Eurostat [migr_pop1ctz],https://ec.europa.eu/eurostat/api/dissemination/statistics/1.0/data/migr_pop1ctz?format=JSON&lang=EN&geo=FR&age=TOTAL&sex=T&unit=NR&citizen=FOR_STLS&sinceTimePeriod=2010&untilTimePeriod=2022,stock at 1 Jan; citizen=FOR_STLS (foreign citizens incl. stateless),yes,eu_stock.csv
France,FRA,2013,foreign_nationals,4092106,Eurostat [migr_pop1ctz],https://ec.europa.eu/eurostat/api/dissemination/statistics/1.0/data/migr_pop1ctz?format=JSON&lang=EN&geo=FR&age=TOTAL&sex=T&unit=NR&citizen=FOR_STLS&sinceTimePeriod=2010&untilTimePeriod=2022,stock at 1 Jan; citizen=FOR_STLS (foreign citizens incl. stateless),yes,eu_stock.csv
France,FRA,2014,foreign_nationals,4227226,Eurostat [migr_pop1ctz],https://ec.europa.eu/eurostat/api/dissemination/statistics/1.0/data/migr_pop1ctz?format=JSON&lang=EN&geo=FR&age=TOTAL&sex=T&unit=NR&citizen=FOR_STLS&sinceTimePeriod=2010&untilTimePeriod=2022,stock at 1 Jan; citizen=FOR_STLS (foreign citizens incl. stateless),yes,eu_stock.csv
France,FRA,2015,foreign_nationals,4431376,Eurostat [migr_pop1ctz],https://ec.europa.eu/eurostat/api/dissemination/statistics/1.0/data/migr_pop1ctz?format=JSON&lang=EN&geo=FR&age=TOTAL&sex=T&unit=NR&citizen=FOR_STLS&sinceTimePeriod=2010&untilTimePeriod=2022,stock at 1 Jan; citizen=FOR_STLS (foreign citizens incl. stateless),yes,eu_stock.csv
France,FRA,2016,foreign_nationals,4544793,Eurostat [migr_pop1ctz],https://ec.europa.eu/eurostat/api/dissemination/statistics/1.0/data/migr_pop1ctz?format=JSON&lang=EN&geo=FR&age=TOTAL&sex=T&unit=NR&citizen=FOR_STLS&sinceTimePeriod=2010&untilTimePeriod=2022,stock at 1 Jan; citizen=FOR_STLS (foreign citizens incl. stateless),yes,eu_stock.csv
France,FRA,2017,foreign_nationals,4605669,Eurostat [migr_pop1ctz],https://ec.europa.eu/eurostat/api/dissemination/statistics/1.0/data/migr_pop1ctz?format=JSON&lang=EN&geo=FR&age=TOTAL&sex=T&unit=NR&citizen=FOR_STLS&sinceTimePeriod=2010&untilTimePeriod=2022,stock at 1 Jan; citizen=FOR_STLS (foreign citizens incl. stateless),yes,eu_stock.csv
France,FRA,2018,foreign_nationals,4950717,Eurostat [migr_pop1ctz],https://ec.europa.eu/eurostat/api/dissemination/statistics/1.0/data/migr_pop1ctz?format=JSON&lang=EN&geo=FR&age=TOTAL&sex=T&unit=NR&citizen=FOR_STLS&sinceTimePeriod=2010&untilTimePeriod=2022,stock at 1 Jan; citizen=FOR_STLS (foreign citizens incl. stateless),yes,eu_stock.csv
France,FRA,2019,foreign_nationals,5042171,Eurostat [migr_pop1ctz],https://ec.europa.eu/eurostat/api/dissemination/statistics/1.0/data/migr_pop1ctz?format=JSON&lang=EN&geo=FR&age=TOTAL&sex=T&unit=NR&citizen=FOR_STLS&sinceTimePeriod=2010&untilTimePeriod=2022,stock at 1 Jan; citizen=FOR_STLS (foreign citizens incl. stateless),yes,eu_stock.csv
France,FRA,2020,foreign_nationals,5173605,Eurostat [migr_pop1ctz],https://ec.europa.eu/eurostat/api/dissemination/statistics/1.0/data/migr_pop1ctz?format=JSON&lang=EN&geo=FR&age=TOTAL&sex=T&unit=NR&citizen=FOR_STLS&sinceTimePeriod=2010&untilTimePeriod=2022,stock at 1 Jan; citizen=FOR_STLS (foreign citizens incl. stateless),yes,eu_stock.csv
France,FRA,2021,foreign_nationals,5302510,Eurostat [migr_pop1ctz],https://ec.europa.eu/eurostat/api/dissemination/statistics/1.0/data/migr_pop1ctz?format=JSON&lang=EN&geo=FR&age=TOTAL&sex=T&unit=NR&citizen=FOR_STLS&sinceTimePeriod=2010&untilTimePeriod=2022,stock at 1 Jan; citizen=FOR_STLS (foreign citizens incl. stateless),yes,eu_stock.csv
France,FRA,2022,foreign_nationals,5458039,Eurostat [migr_pop1ctz],https://ec.europa.eu/eurostat/api/dissemination/statistics/1.0/data/migr_pop1ctz?format=JSON&lang=EN&geo=FR&age=TOTAL&sex=T&unit=NR&citizen=FOR_STLS&sinceTimePeriod=2010&untilTimePeriod=2022,stock at 1 Jan; citizen=FOR_STLS (foreign citizens incl. stateless),yes,eu_stock.csv
France,FRA,2010,irregular_proxy_detections,56220,"Eurostat, Third country nationals found to be illegally present (migr_eipre)",https://ec.europa.eu/eurostat/databrowser/view/migr_eipre/default/table,"Eurostat enforcement statistic - annual flow of detections, NOT a stock. Dataset migr_eipre, dimensions freq=A citizen=TOTAL reason=TOTAL apprehen=TOTAL sex=T age=TOTAL unit=PER. Rounded to nearest 5 by Eurostat.",yes,irregular_eu.csv
France,FRA,2011,irregular_proxy_detections,57975,"Eurostat, Third country nationals found to be illegally present (migr_eipre)",https://ec.europa.eu/eurostat/databrowser/view/migr_eipre/default/table,"Eurostat enforcement statistic - annual flow of detections, NOT a stock. Dataset migr_eipre, dimensions freq=A citizen=TOTAL reason=TOTAL apprehen=TOTAL sex=T age=TOTAL unit=PER. Rounded to nearest 5 by Eurostat.",yes,irregular_eu.csv
France,FRA,2012,irregular_proxy_detections,49760,"Eurostat, Third country nationals found to be illegally present (migr_eipre)",https://ec.europa.eu/eurostat/databrowser/view/migr_eipre/default/table,"Eurostat enforcement statistic - annual flow of detections, NOT a stock. Dataset migr_eipre, dimensions freq=A citizen=TOTAL reason=TOTAL apprehen=TOTAL sex=T age=TOTAL unit=PER. Rounded to nearest 5 by Eurostat.",yes,irregular_eu.csv
France,FRA,2013,irregular_proxy_detections,48965,"Eurostat, Third country nationals found to be illegally present (migr_eipre)",https://ec.europa.eu/eurostat/databrowser/view/migr_eipre/default/table,"Eurostat enforcement statistic - annual flow of detections, NOT a stock. Dataset migr_eipre, dimensions freq=A citizen=TOTAL reason=TOTAL apprehen=TOTAL sex=T age=TOTAL unit=PER. Rounded to nearest 5 by Eurostat.",yes,irregular_eu.csv
France,FRA,2014,irregular_proxy_detections,96375,"Eurostat, Third country nationals found to be illegally present (migr_eipre)",https://ec.europa.eu/eurostat/databrowser/view/migr_eipre/default/table,"Eurostat enforcement statistic - annual flow of detections, NOT a stock. Dataset migr_eipre, dimensions freq=A citizen=TOTAL reason=TOTAL apprehen=TOTAL sex=T age=TOTAL unit=PER. Rounded to nearest 5 by Eurostat.",yes,irregular_eu.csv
France,FRA,2015,irregular_proxy_detections,109720,"Eurostat, Third country nationals found to be illegally present (migr_eipre)",https://ec.europa.eu/eurostat/databrowser/view/migr_eipre/default/table,"Eurostat enforcement statistic - annual flow of detections, NOT a stock. Dataset migr_eipre, dimensions freq=A citizen=TOTAL reason=TOTAL apprehen=TOTAL sex=T age=TOTAL unit=PER. Rounded to nearest 5 by Eurostat.",yes,irregular_eu.csv
France,FRA,2016,irregular_proxy_detections,91985,"Eurostat, Third country nationals found to be illegally present (migr_eipre)",https://ec.europa.eu/eurostat/databrowser/view/migr_eipre/default/table,"Eurostat enforcement statistic - annual flow of detections, NOT a stock. Dataset migr_eipre, dimensions freq=A citizen=TOTAL reason=TOTAL apprehen=TOTAL sex=T age=TOTAL unit=PER. Rounded to nearest 5 by Eurostat.",yes,irregular_eu.csv
France,FRA,2017,irregular_proxy_detections,115085,"Eurostat, Third country nationals found to be illegally present (migr_eipre)",https://ec.europa.eu/eurostat/databrowser/view/migr_eipre/default/table,"Eurostat enforcement statistic - annual flow of detections, NOT a stock. Dataset migr_eipre, dimensions freq=A citizen=TOTAL reason=TOTAL apprehen=TOTAL sex=T age=TOTAL unit=PER. Rounded to nearest 5 by Eurostat.",yes,irregular_eu.csv
France,FRA,2018,irregular_proxy_detections,105880,"Eurostat, Third country nationals found to be illegally present (migr_eipre)",https://ec.europa.eu/eurostat/databrowser/view/migr_eipre/default/table,"Eurostat enforcement statistic - annual flow of detections, NOT a stock. Dataset migr_eipre, dimensions freq=A citizen=TOTAL reason=TOTAL apprehen=TOTAL sex=T age=TOTAL unit=PER. Rounded to nearest 5 by Eurostat.",yes,irregular_eu.csv
France,FRA,2019,irregular_proxy_detections,120455,"Eurostat, Third country nationals found to be illegally present (migr_eipre)",https://ec.europa.eu/eurostat/databrowser/view/migr_eipre/default/table,"Eurostat enforcement statistic - annual flow of detections, NOT a stock. Dataset migr_eipre, dimensions freq=A citizen=TOTAL reason=TOTAL apprehen=TOTAL sex=T age=TOTAL unit=PER. Rounded to nearest 5 by Eurostat.",yes,irregular_eu.csv
France,FRA,2020,irregular_proxy_detections,103915,"Eurostat, Third country nationals found to be illegally present (migr_eipre)",https://ec.europa.eu/eurostat/databrowser/view/migr_eipre/default/table,"Eurostat enforcement statistic - annual flow of detections, NOT a stock. Dataset migr_eipre, dimensions freq=A citizen=TOTAL reason=TOTAL apprehen=TOTAL sex=T age=TOTAL unit=PER. Rounded to nearest 5 by Eurostat.",yes,irregular_eu.csv
France,FRA,2021,irregular_proxy_detections,117265,"Eurostat, Third country nationals found to be illegally present (migr_eipre)",https://ec.europa.eu/eurostat/databrowser/view/migr_eipre/default/table,"Eurostat enforcement statistic - annual flow of detections, NOT a stock. Dataset migr_eipre, dimensions freq=A citizen=TOTAL reason=TOTAL apprehen=TOTAL sex=T age=TOTAL unit=PER. Rounded to nearest 5 by Eurostat.",yes,irregular_eu.csv
France,FRA,2022,irregular_proxy_detections,115135,"Eurostat, Third country nationals found to be illegally present (migr_eipre)",https://ec.europa.eu/eurostat/databrowser/view/migr_eipre/default/table,"Eurostat enforcement statistic - annual flow of detections, NOT a stock. Dataset migr_eipre, dimensions freq=A citizen=TOTAL reason=TOTAL apprehen=TOTAL sex=T age=TOTAL unit=PER. Rounded to nearest 5 by Eurostat.",yes,irregular_eu.csv
France,FRA,2014,irregular_stock,250000,"Pew Research Center (2019), Europe's Unauthorized Immigrant Population Peaks in 2016, Then Levels Off",https://www.pewresearch.org/global/2019/11/13/europes-unauthorized-immigrant-population-peaks-in-2016-then-levels-off/,"Pew residual method (population/labour-force data minus lawfully resident foreign-born), estimate INCLUDES asylum seekers awaiting a decision; published range 200000-300000, value is the midpoint of the published range. Pew reports only rounded 100k bounds.",yes,irregular_eu.csv
France,FRA,2015,irregular_stock,250000,"Pew Research Center (2019), Europe's Unauthorized Immigrant Population Peaks in 2016, Then Levels Off",https://www.pewresearch.org/global/2019/11/13/europes-unauthorized-immigrant-population-peaks-in-2016-then-levels-off/,"Pew residual method (population/labour-force data minus lawfully resident foreign-born), estimate INCLUDES asylum seekers awaiting a decision; published range 200000-300000, value is the midpoint of the published range. Pew reports only rounded 100k bounds.",yes,irregular_eu.csv
France,FRA,2016,irregular_stock,350000,"Pew Research Center (2019), Europe's Unauthorized Immigrant Population Peaks in 2016, Then Levels Off",https://www.pewresearch.org/global/2019/11/13/europes-unauthorized-immigrant-population-peaks-in-2016-then-levels-off/,"Pew residual method (population/labour-force data minus lawfully resident foreign-born), estimate INCLUDES asylum seekers awaiting a decision; published range 300000-400000, value is the midpoint of the published range. Pew reports only rounded 100k bounds.",yes,irregular_eu.csv
France,FRA,2017,irregular_stock,350000,"Pew Research Center (2019), Europe's Unauthorized Immigrant Population Peaks in 2016, Then Levels Off",https://www.pewresearch.org/global/2019/11/13/europes-unauthorized-immigrant-population-peaks-in-2016-then-levels-off/,"Pew residual method (population/labour-force data minus lawfully resident foreign-born), estimate INCLUDES asylum seekers awaiting a decision; published range 300000-400000, value is the midpoint of the published range. Pew reports only rounded 100k bounds.",yes,irregular_eu.csv
France,FRA,2010,population,65026211,"World Bank, World Development Indicators (SP.POP.TOTL), sourced from UN World Population Prospects and national statistical offices",https://api.worldbank.org/v2/country/all/indicator/SP.POP.TOTL,"Total resident population, mid-year estimate. Retrieved via World Bank API, August 2026.",yes,worldbank_api
France,FRA,2011,population,65340830,"World Bank, World Development Indicators (SP.POP.TOTL), sourced from UN World Population Prospects and national statistical offices",https://api.worldbank.org/v2/country/all/indicator/SP.POP.TOTL,"Total resident population, mid-year estimate. Retrieved via World Bank API, August 2026.",yes,worldbank_api
France,FRA,2012,population,65657659,"World Bank, World Development Indicators (SP.POP.TOTL), sourced from UN World Population Prospects and national statistical offices",https://api.worldbank.org/v2/country/all/indicator/SP.POP.TOTL,"Total resident population, mid-year estimate. Retrieved via World Bank API, August 2026.",yes,worldbank_api
France,FRA,2013,population,65997932,"World Bank, World Development Indicators (SP.POP.TOTL), sourced from UN World Population Prospects and national statistical offices",https://api.worldbank.org/v2/country/all/indicator/SP.POP.TOTL,"Total resident population, mid-year estimate. Retrieved via World Bank API, August 2026.",yes,worldbank_api
France,FRA,2014,population,66312067,"World Bank, World Development Indicators (SP.POP.TOTL), sourced from UN World Population Prospects and national statistical offices",https://api.worldbank.org/v2/country/all/indicator/SP.POP.TOTL,"Total resident population, mid-year estimate. Retrieved via World Bank API, August 2026.",yes,worldbank_api
France,FRA,2015,population,66548272,"World Bank, World Development Indicators (SP.POP.TOTL), sourced from UN World Population Prospects and national statistical offices",https://api.worldbank.org/v2/country/all/indicator/SP.POP.TOTL,"Total resident population, mid-year estimate. Retrieved via World Bank API, August 2026.",yes,worldbank_api
France,FRA,2016,population,66724104,"World Bank, World Development Indicators (SP.POP.TOTL), sourced from UN World Population Prospects and national statistical offices",https://api.worldbank.org/v2/country/all/indicator/SP.POP.TOTL,"Total resident population, mid-year estimate. Retrieved via World Bank API, August 2026.",yes,worldbank_api
France,FRA,2017,population,66918020,"World Bank, World Development Indicators (SP.POP.TOTL), sourced from UN World Population Prospects and national statistical offices",https://api.worldbank.org/v2/country/all/indicator/SP.POP.TOTL,"Total resident population, mid-year estimate. Retrieved via World Bank API, August 2026.",yes,worldbank_api
France,FRA,2018,population,67158348,"World Bank, World Development Indicators (SP.POP.TOTL), sourced from UN World Population Prospects and national statistical offices",https://api.worldbank.org/v2/country/all/indicator/SP.POP.TOTL,"Total resident population, mid-year estimate. Retrieved via World Bank API, August 2026.",yes,worldbank_api
France,FRA,2019,population,67382061,"World Bank, World Development Indicators (SP.POP.TOTL), sourced from UN World Population Prospects and national statistical offices",https://api.worldbank.org/v2/country/all/indicator/SP.POP.TOTL,"Total resident population, mid-year estimate. Retrieved via World Bank API, August 2026.",yes,worldbank_api
France,FRA,2020,population,67601110,"World Bank, World Development Indicators (SP.POP.TOTL), sourced from UN World Population Prospects and national statistical offices",https://api.worldbank.org/v2/country/all/indicator/SP.POP.TOTL,"Total resident population, mid-year estimate. Retrieved via World Bank API, August 2026.",yes,worldbank_api
France,FRA,2021,population,67842811,"World Bank, World Development Indicators (SP.POP.TOTL), sourced from UN World Population Prospects and national statistical offices",https://api.worldbank.org/v2/country/all/indicator/SP.POP.TOTL,"Total resident population, mid-year estimate. Retrieved via World Bank API, August 2026.",yes,worldbank_api
France,FRA,2022,population,68184457,"World Bank, World Development Indicators (SP.POP.TOTL), sourced from UN World Population Prospects and national statistical offices",https://api.worldbank.org/v2/country/all/indicator/SP.POP.TOTL,"Total resident population, mid-year estimate. Retrieved via World Bank API, August 2026.",yes,worldbank_api
United Kingdom,GBR,2010,foreign_born,7119664,Eurostat [migr_pop3ctb],https://ec.europa.eu/eurostat/api/dissemination/statistics/1.0/data/migr_pop3ctb?format=JSON&lang=EN&geo=UK&age=TOTAL&sex=T&unit=NR&c_birth=FOR&sinceTimePeriod=2010&untilTimePeriod=2022,stock at 1 Jan; c_birth=FOR (born in a foreign country); Eurostat UK series ends at 1 Jan 2019,yes,eu_stock.csv
United Kingdom,GBR,2011,foreign_born,7342547,Eurostat [migr_pop3ctb],https://ec.europa.eu/eurostat/api/dissemination/statistics/1.0/data/migr_pop3ctb?format=JSON&lang=EN&geo=UK&age=TOTAL&sex=T&unit=NR&c_birth=FOR&sinceTimePeriod=2010&untilTimePeriod=2022,stock at 1 Jan; c_birth=FOR (born in a foreign country); Eurostat UK series ends at 1 Jan 2019,yes,eu_stock.csv
United Kingdom,GBR,2012,foreign_born,7762334,Eurostat [migr_pop3ctb],https://ec.europa.eu/eurostat/api/dissemination/statistics/1.0/data/migr_pop3ctb?format=JSON&lang=EN&geo=UK&age=TOTAL&sex=T&unit=NR&c_birth=FOR&sinceTimePeriod=2010&untilTimePeriod=2022,stock at 1 Jan; c_birth=FOR (born in a foreign country); Eurostat UK series ends at 1 Jan 2019,yes,eu_stock.csv
United Kingdom,GBR,2013,foreign_born,7923428,Eurostat [migr_pop3ctb],https://ec.europa.eu/eurostat/api/dissemination/statistics/1.0/data/migr_pop3ctb?format=JSON&lang=EN&geo=UK&age=TOTAL&sex=T&unit=NR&c_birth=FOR&sinceTimePeriod=2010&untilTimePeriod=2022,stock at 1 Jan; c_birth=FOR (born in a foreign country); Eurostat UK series ends at 1 Jan 2019,yes,eu_stock.csv
United Kingdom,GBR,2014,foreign_born,8039324,Eurostat [migr_pop3ctb],https://ec.europa.eu/eurostat/api/dissemination/statistics/1.0/data/migr_pop3ctb?format=JSON&lang=EN&geo=UK&age=TOTAL&sex=T&unit=NR&c_birth=FOR&sinceTimePeriod=2010&untilTimePeriod=2022,stock at 1 Jan; c_birth=FOR (born in a foreign country); Eurostat UK series ends at 1 Jan 2019,yes,eu_stock.csv
United Kingdom,GBR,2015,foreign_born,8406996,Eurostat [migr_pop3ctb],https://ec.europa.eu/eurostat/api/dissemination/statistics/1.0/data/migr_pop3ctb?format=JSON&lang=EN&geo=UK&age=TOTAL&sex=T&unit=NR&c_birth=FOR&sinceTimePeriod=2010&untilTimePeriod=2022,stock at 1 Jan; c_birth=FOR (born in a foreign country); Eurostat UK series ends at 1 Jan 2019,yes,eu_stock.csv
United Kingdom,GBR,2016,foreign_born,8696511,Eurostat [migr_pop3ctb],https://ec.europa.eu/eurostat/api/dissemination/statistics/1.0/data/migr_pop3ctb?format=JSON&lang=EN&geo=UK&age=TOTAL&sex=T&unit=NR&c_birth=FOR&sinceTimePeriod=2010&untilTimePeriod=2022,stock at 1 Jan; c_birth=FOR (born in a foreign country); Eurostat UK series ends at 1 Jan 2019,yes,eu_stock.csv
United Kingdom,GBR,2017,foreign_born,9298018,Eurostat [migr_pop3ctb],https://ec.europa.eu/eurostat/api/dissemination/statistics/1.0/data/migr_pop3ctb?format=JSON&lang=EN&geo=UK&age=TOTAL&sex=T&unit=NR&c_birth=FOR&sinceTimePeriod=2010&untilTimePeriod=2022,stock at 1 Jan; c_birth=FOR (born in a foreign country); Eurostat UK series ends at 1 Jan 2019,yes,eu_stock.csv
United Kingdom,GBR,2018,foreign_born,9512464,Eurostat [migr_pop3ctb],https://ec.europa.eu/eurostat/api/dissemination/statistics/1.0/data/migr_pop3ctb?format=JSON&lang=EN&geo=UK&age=TOTAL&sex=T&unit=NR&c_birth=FOR&sinceTimePeriod=2010&untilTimePeriod=2022,stock at 1 Jan; c_birth=FOR (born in a foreign country); Eurostat UK series ends at 1 Jan 2019,yes,eu_stock.csv
United Kingdom,GBR,2019,foreign_born,9469015,Eurostat [migr_pop3ctb],https://ec.europa.eu/eurostat/api/dissemination/statistics/1.0/data/migr_pop3ctb?format=JSON&lang=EN&geo=UK&age=TOTAL&sex=T&unit=NR&c_birth=FOR&sinceTimePeriod=2010&untilTimePeriod=2022,stock at 1 Jan; c_birth=FOR (born in a foreign country); Eurostat UK series ends at 1 Jan 2019,yes,eu_stock.csv
United Kingdom,GBR,2020,foreign_born,9200000,"ONS, Population of the UK by country of birth and nationality",https://www.ons.gov.uk/peoplepopulationandcommunity/populationandmigration/internationalmigration/bulletins/ukpopulationbycountryofbirthandnationality/yearendingjune2020,"estimate for year ending June 2020 (Annual Population Survey), NOT stock at 1 Jan; non-UK-born population; published rounded to the nearest 0.1 million, so value is exact only to +/-50000; series discontinued after June 2021; not comparable with the Eurostat 1 Jan series",yes,eu_stock.csv
United Kingdom,GBR,2021,foreign_born,9600000,"ONS, Population of the UK by country of birth and nationality",https://www.ons.gov.uk/peoplepopulationandcommunity/populationandmigration/internationalmigration/bulletins/ukpopulationbycountryofbirthandnationality/yearendingjune2021,"estimate for year ending June 2021 (Annual Population Survey), NOT stock at 1 Jan; non-UK-born population; published rounded to the nearest 0.1 million, so value is exact only to +/-50000; series discontinued after June 2021; not comparable with the Eurostat 1 Jan series",yes,eu_stock.csv
United Kingdom,GBR,2010,foreign_nationals,4435587,Eurostat [migr_pop1ctz],https://ec.europa.eu/eurostat/api/dissemination/statistics/1.0/data/migr_pop1ctz?format=JSON&lang=EN&geo=UK&age=TOTAL&sex=T&unit=NR&citizen=FOR_STLS&sinceTimePeriod=2010&untilTimePeriod=2022,stock at 1 Jan; citizen=FOR_STLS (foreign citizens incl. stateless); Eurostat UK series ends at 1 Jan 2019,yes,eu_stock.csv
United Kingdom,GBR,2011,foreign_nationals,4546862,Eurostat [migr_pop1ctz],https://ec.europa.eu/eurostat/api/dissemination/statistics/1.0/data/migr_pop1ctz?format=JSON&lang=EN&geo=UK&age=TOTAL&sex=T&unit=NR&citizen=FOR_STLS&sinceTimePeriod=2010&untilTimePeriod=2022,stock at 1 Jan; citizen=FOR_STLS (foreign citizens incl. stateless); Eurostat UK series ends at 1 Jan 2019,yes,eu_stock.csv
United Kingdom,GBR,2012,foreign_nationals,4884405,Eurostat [migr_pop1ctz],https://ec.europa.eu/eurostat/api/dissemination/statistics/1.0/data/migr_pop1ctz?format=JSON&lang=EN&geo=UK&age=TOTAL&sex=T&unit=NR&citizen=FOR_STLS&sinceTimePeriod=2010&untilTimePeriod=2022,stock at 1 Jan; citizen=FOR_STLS (foreign citizens incl. stateless); Eurostat UK series ends at 1 Jan 2019,yes,eu_stock.csv
United Kingdom,GBR,2013,foreign_nationals,4978600,Eurostat [migr_pop1ctz],https://ec.europa.eu/eurostat/api/dissemination/statistics/1.0/data/migr_pop1ctz?format=JSON&lang=EN&geo=UK&age=TOTAL&sex=T&unit=NR&citizen=FOR_STLS&sinceTimePeriod=2010&untilTimePeriod=2022,stock at 1 Jan; citizen=FOR_STLS (foreign citizens incl. stateless); Eurostat UK series ends at 1 Jan 2019,yes,eu_stock.csv
United Kingdom,GBR,2014,foreign_nationals,5049401,Eurostat [migr_pop1ctz],https://ec.europa.eu/eurostat/api/dissemination/statistics/1.0/data/migr_pop1ctz?format=JSON&lang=EN&geo=UK&age=TOTAL&sex=T&unit=NR&citizen=FOR_STLS&sinceTimePeriod=2010&untilTimePeriod=2022,stock at 1 Jan; citizen=FOR_STLS (foreign citizens incl. stateless); Eurostat UK series ends at 1 Jan 2019,yes,eu_stock.csv
United Kingdom,GBR,2015,foreign_nationals,5419192,Eurostat [migr_pop1ctz],https://ec.europa.eu/eurostat/api/dissemination/statistics/1.0/data/migr_pop1ctz?format=JSON&lang=EN&geo=UK&age=TOTAL&sex=T&unit=NR&citizen=FOR_STLS&sinceTimePeriod=2010&untilTimePeriod=2022,stock at 1 Jan; citizen=FOR_STLS (foreign citizens incl. stateless); Eurostat UK series ends at 1 Jan 2019,yes,eu_stock.csv
United Kingdom,GBR,2016,foreign_nationals,5639712,Eurostat [migr_pop1ctz],https://ec.europa.eu/eurostat/api/dissemination/statistics/1.0/data/migr_pop1ctz?format=JSON&lang=EN&geo=UK&age=TOTAL&sex=T&unit=NR&citizen=FOR_STLS&sinceTimePeriod=2010&untilTimePeriod=2022,stock at 1 Jan; citizen=FOR_STLS (foreign citizens incl. stateless); Eurostat UK series ends at 1 Jan 2019,yes,eu_stock.csv
United Kingdom,GBR,2017,foreign_nationals,6073524,Eurostat [migr_pop1ctz],https://ec.europa.eu/eurostat/api/dissemination/statistics/1.0/data/migr_pop1ctz?format=JSON&lang=EN&geo=UK&age=TOTAL&sex=T&unit=NR&citizen=FOR_STLS&sinceTimePeriod=2010&untilTimePeriod=2022,stock at 1 Jan; citizen=FOR_STLS (foreign citizens incl. stateless); Eurostat UK series ends at 1 Jan 2019,yes,eu_stock.csv
United Kingdom,GBR,2018,foreign_nationals,6285974,Eurostat [migr_pop1ctz],https://ec.europa.eu/eurostat/api/dissemination/statistics/1.0/data/migr_pop1ctz?format=JSON&lang=EN&geo=UK&age=TOTAL&sex=T&unit=NR&citizen=FOR_STLS&sinceTimePeriod=2010&untilTimePeriod=2022,stock at 1 Jan; citizen=FOR_STLS (foreign citizens incl. stateless); Eurostat UK series ends at 1 Jan 2019,yes,eu_stock.csv
United Kingdom,GBR,2019,foreign_nationals,6171948,Eurostat [migr_pop1ctz],https://ec.europa.eu/eurostat/api/dissemination/statistics/1.0/data/migr_pop1ctz?format=JSON&lang=EN&geo=UK&age=TOTAL&sex=T&unit=NR&citizen=FOR_STLS&sinceTimePeriod=2010&untilTimePeriod=2022,stock at 1 Jan; citizen=FOR_STLS (foreign citizens incl. stateless); Eurostat UK series ends at 1 Jan 2019,yes,eu_stock.csv
United Kingdom,GBR,2020,foreign_nationals,6000000,"ONS, Population of the UK by country of birth and nationality",https://www.ons.gov.uk/peoplepopulationandcommunity/populationandmigration/internationalmigration/bulletins/ukpopulationbycountryofbirthandnationality/yearendingjune2020,"estimate for year ending June 2020 (Annual Population Survey), NOT stock at 1 Jan; non-British national population; published rounded to the nearest 0.1 million, so value is exact only to +/-50000; series discontinued after June 2021; not comparable with the Eurostat 1 Jan series",yes,eu_stock.csv
United Kingdom,GBR,2021,foreign_nationals,6000000,"ONS, Population of the UK by country of birth and nationality",https://www.ons.gov.uk/peoplepopulationandcommunity/populationandmigration/internationalmigration/bulletins/ukpopulationbycountryofbirthandnationality/yearendingjune2021,"estimate for year ending June 2021 (Annual Population Survey), NOT stock at 1 Jan; non-British national population; published rounded to the nearest 0.1 million, so value is exact only to +/-50000; series discontinued after June 2021; not comparable with the Eurostat 1 Jan series",yes,eu_stock.csv
United Kingdom,GBR,2010,irregular_proxy_detections,53700,"Eurostat, Third country nationals found to be illegally present (migr_eipre)",https://ec.europa.eu/eurostat/databrowser/view/migr_eipre/default/table,"Eurostat enforcement statistic - annual flow of detections, NOT a stock. Dataset migr_eipre, dimensions freq=A citizen=TOTAL reason=TOTAL apprehen=TOTAL sex=T age=TOTAL unit=PER. Rounded to nearest 5 by Eurostat. Eurostat geo code UK. Series ends in 2019; the UK stopped reporting after leaving the EU.",yes,irregular_eu.csv
United Kingdom,GBR,2011,irregular_proxy_detections,54150,"Eurostat, Third country nationals found to be illegally present (migr_eipre)",https://ec.europa.eu/eurostat/databrowser/view/migr_eipre/default/table,"Eurostat enforcement statistic - annual flow of detections, NOT a stock. Dataset migr_eipre, dimensions freq=A citizen=TOTAL reason=TOTAL apprehen=TOTAL sex=T age=TOTAL unit=PER. Rounded to nearest 5 by Eurostat. Eurostat geo code UK. Series ends in 2019; the UK stopped reporting after leaving the EU.",yes,irregular_eu.csv
United Kingdom,GBR,2012,irregular_proxy_detections,49365,"Eurostat, Third country nationals found to be illegally present (migr_eipre)",https://ec.europa.eu/eurostat/databrowser/view/migr_eipre/default/table,"Eurostat enforcement statistic - annual flow of detections, NOT a stock. Dataset migr_eipre, dimensions freq=A citizen=TOTAL reason=TOTAL apprehen=TOTAL sex=T age=TOTAL unit=PER. Rounded to nearest 5 by Eurostat. Eurostat geo code UK. Series ends in 2019; the UK stopped reporting after leaving the EU.",yes,irregular_eu.csv
United Kingdom,GBR,2013,irregular_proxy_detections,57415,"Eurostat, Third country nationals found to be illegally present (migr_eipre)",https://ec.europa.eu/eurostat/databrowser/view/migr_eipre/default/table,"Eurostat enforcement statistic - annual flow of detections, NOT a stock. Dataset migr_eipre, dimensions freq=A citizen=TOTAL reason=TOTAL apprehen=TOTAL sex=T age=TOTAL unit=PER. Rounded to nearest 5 by Eurostat. Eurostat geo code UK. Series ends in 2019; the UK stopped reporting after leaving the EU.",yes,irregular_eu.csv
United Kingdom,GBR,2014,irregular_proxy_detections,65365,"Eurostat, Third country nationals found to be illegally present (migr_eipre)",https://ec.europa.eu/eurostat/databrowser/view/migr_eipre/default/table,"Eurostat enforcement statistic - annual flow of detections, NOT a stock. Dataset migr_eipre, dimensions freq=A citizen=TOTAL reason=TOTAL apprehen=TOTAL sex=T age=TOTAL unit=PER. Rounded to nearest 5 by Eurostat. Eurostat geo code UK. Series ends in 2019; the UK stopped reporting after leaving the EU.",yes,irregular_eu.csv
United Kingdom,GBR,2015,irregular_proxy_detections,70020,"Eurostat, Third country nationals found to be illegally present (migr_eipre)",https://ec.europa.eu/eurostat/databrowser/view/migr_eipre/default/table,"Eurostat enforcement statistic - annual flow of detections, NOT a stock. Dataset migr_eipre, dimensions freq=A citizen=TOTAL reason=TOTAL apprehen=TOTAL sex=T age=TOTAL unit=PER. Rounded to nearest 5 by Eurostat. Eurostat geo code UK. Series ends in 2019; the UK stopped reporting after leaving the EU.",yes,irregular_eu.csv
United Kingdom,GBR,2016,irregular_proxy_detections,59895,"Eurostat, Third country nationals found to be illegally present (migr_eipre)",https://ec.europa.eu/eurostat/databrowser/view/migr_eipre/default/table,"Eurostat enforcement statistic - annual flow of detections, NOT a stock. Dataset migr_eipre, dimensions freq=A citizen=TOTAL reason=TOTAL apprehen=TOTAL sex=T age=TOTAL unit=PER. Rounded to nearest 5 by Eurostat. Eurostat geo code UK. Series ends in 2019; the UK stopped reporting after leaving the EU.",yes,irregular_eu.csv
United Kingdom,GBR,2017,irregular_proxy_detections,54910,"Eurostat, Third country nationals found to be illegally present (migr_eipre)",https://ec.europa.eu/eurostat/databrowser/view/migr_eipre/default/table,"Eurostat enforcement statistic - annual flow of detections, NOT a stock. Dataset migr_eipre, dimensions freq=A citizen=TOTAL reason=TOTAL apprehen=TOTAL sex=T age=TOTAL unit=PER. Rounded to nearest 5 by Eurostat. Eurostat geo code UK. Series ends in 2019; the UK stopped reporting after leaving the EU.",yes,irregular_eu.csv
United Kingdom,GBR,2018,irregular_proxy_detections,27830,"Eurostat, Third country nationals found to be illegally present (migr_eipre)",https://ec.europa.eu/eurostat/databrowser/view/migr_eipre/default/table,"Eurostat enforcement statistic - annual flow of detections, NOT a stock. Dataset migr_eipre, dimensions freq=A citizen=TOTAL reason=TOTAL apprehen=TOTAL sex=T age=TOTAL unit=PER. Rounded to nearest 5 by Eurostat. Eurostat geo code UK. Series ends in 2019; the UK stopped reporting after leaving the EU.",yes,irregular_eu.csv
United Kingdom,GBR,2019,irregular_proxy_detections,22275,"Eurostat, Third country nationals found to be illegally present (migr_eipre)",https://ec.europa.eu/eurostat/databrowser/view/migr_eipre/default/table,"Eurostat enforcement statistic - annual flow of detections, NOT a stock. Dataset migr_eipre, dimensions freq=A citizen=TOTAL reason=TOTAL apprehen=TOTAL sex=T age=TOTAL unit=PER. Rounded to nearest 5 by Eurostat. Eurostat geo code UK. Series ends in 2019; the UK stopped reporting after leaving the EU.",yes,irregular_eu.csv
United Kingdom,GBR,2017,irregular_stock,800000,"Pew Research Center (2019), Europe's Unauthorized Immigrant Population Peaks in 2016, Then Levels Off - Appendix E corrected estimates",https://www.pewresearch.org/global/2019/11/13/eu-unauthorized-immigrants-appendix-e-updated-unauthorized-immigrant-population-estimates-for-europe-and-the-united-kingdom-2014-2017/,"Pew residual method, EXCLUDING asylum seekers awaiting a decision; published range 700000-900000, value is the midpoint. This corrected figure supersedes the original report estimate of 800000-1200000, which wrongly treated holders of indefinite leave to remain as unauthorized. Corrected series for 2014-2016 was not machine-readable and is therefore omitted.",yes,irregular_eu.csv
United Kingdom,GBR,2010,population,62766365,"World Bank, World Development Indicators (SP.POP.TOTL), sourced from UN World Population Prospects and national statistical offices",https://api.worldbank.org/v2/country/all/indicator/SP.POP.TOTL,"Total resident population, mid-year estimate. Retrieved via World Bank API, August 2026.",yes,worldbank_api
United Kingdom,GBR,2011,population,63258810,"World Bank, World Development Indicators (SP.POP.TOTL), sourced from UN World Population Prospects and national statistical offices",https://api.worldbank.org/v2/country/all/indicator/SP.POP.TOTL,"Total resident population, mid-year estimate. Retrieved via World Bank API, August 2026.",yes,worldbank_api
United Kingdom,GBR,2012,population,63711000,"World Bank, World Development Indicators (SP.POP.TOTL), sourced from UN World Population Prospects and national statistical offices",https://api.worldbank.org/v2/country/all/indicator/SP.POP.TOTL,"Total resident population, mid-year estimate. Retrieved via World Bank API, August 2026.",yes,worldbank_api
United Kingdom,GBR,2013,population,64138000,"World Bank, World Development Indicators (SP.POP.TOTL), sourced from UN World Population Prospects and national statistical offices",https://api.worldbank.org/v2/country/all/indicator/SP.POP.TOTL,"Total resident population, mid-year estimate. Retrieved via World Bank API, August 2026.",yes,worldbank_api
United Kingdom,GBR,2014,population,64619000,"World Bank, World Development Indicators (SP.POP.TOTL), sourced from UN World Population Prospects and national statistical offices",https://api.worldbank.org/v2/country/all/indicator/SP.POP.TOTL,"Total resident population, mid-year estimate. Retrieved via World Bank API, August 2026.",yes,worldbank_api
United Kingdom,GBR,2015,population,65087000,"World Bank, World Development Indicators (SP.POP.TOTL), sourced from UN World Population Prospects and national statistical offices",https://api.worldbank.org/v2/country/all/indicator/SP.POP.TOTL,"Total resident population, mid-year estimate. Retrieved via World Bank API, August 2026.",yes,worldbank_api
United Kingdom,GBR,2016,population,65606000,"World Bank, World Development Indicators (SP.POP.TOTL), sourced from UN World Population Prospects and national statistical offices",https://api.worldbank.org/v2/country/all/indicator/SP.POP.TOTL,"Total resident population, mid-year estimate. Retrieved via World Bank API, August 2026.",yes,worldbank_api
United Kingdom,GBR,2017,population,65964000,"World Bank, World Development Indicators (SP.POP.TOTL), sourced from UN World Population Prospects and national statistical offices",https://api.worldbank.org/v2/country/all/indicator/SP.POP.TOTL,"Total resident population, mid-year estimate. Retrieved via World Bank API, August 2026.",yes,worldbank_api
United Kingdom,GBR,2018,population,66287000,"World Bank, World Development Indicators (SP.POP.TOTL), sourced from UN World Population Prospects and national statistical offices",https://api.worldbank.org/v2/country/all/indicator/SP.POP.TOTL,"Total resident population, mid-year estimate. Retrieved via World Bank API, August 2026.",yes,worldbank_api
United Kingdom,GBR,2019,population,66628000,"World Bank, World Development Indicators (SP.POP.TOTL), sourced from UN World Population Prospects and national statistical offices",https://api.worldbank.org/v2/country/all/indicator/SP.POP.TOTL,"Total resident population, mid-year estimate. Retrieved via World Bank API, August 2026.",yes,worldbank_api
United Kingdom,GBR,2020,population,66740000,"World Bank, World Development Indicators (SP.POP.TOTL), sourced from UN World Population Prospects and national statistical offices",https://api.worldbank.org/v2/country/all/indicator/SP.POP.TOTL,"Total resident population, mid-year estimate. Retrieved via World Bank API, August 2026.",yes,worldbank_api
United Kingdom,GBR,2021,population,66978000,"World Bank, World Development Indicators (SP.POP.TOTL), sourced from UN World Population Prospects and national statistical offices",https://api.worldbank.org/v2/country/all/indicator/SP.POP.TOTL,"Total resident population, mid-year estimate. Retrieved via World Bank API, August 2026.",yes,worldbank_api
United Kingdom,GBR,2022,population,67636000,"World Bank, World Development Indicators (SP.POP.TOTL), sourced from UN World Population Prospects and national statistical offices",https://api.worldbank.org/v2/country/all/indicator/SP.POP.TOTL,"Total resident population, mid-year estimate. Retrieved via World Bank API, August 2026.",yes,worldbank_api
Croatia,HRV,2011,foreign_born,584947,"Croatian Bureau of Statistics, Census 2011",https://web.dzs.hr/eng/censuses/census2011/results/htm/e01_01_25/E01_01_25.html,"census reference date 31 March 2011, NOT stock at 1 Jan; published category 'Born abroad'; total census population 4284889; not strictly comparable with the Eurostat 1 Jan register series",yes,eu_stock.csv
Croatia,HRV,2013,foreign_born,569220,Eurostat [migr_pop3ctb],https://ec.europa.eu/eurostat/api/dissemination/statistics/1.0/data/migr_pop3ctb?format=JSON&lang=EN&geo=HR&age=TOTAL&sex=T&unit=NR&c_birth=FOR&sinceTimePeriod=2010&untilTimePeriod=2022,stock at 1 Jan; c_birth=FOR (born in a foreign country); Eurostat series for Croatia starts in 2013,yes,eu_stock.csv
Croatia,HRV,2014,foreign_born,558092,Eurostat [migr_pop3ctb],https://ec.europa.eu/eurostat/api/dissemination/statistics/1.0/data/migr_pop3ctb?format=JSON&lang=EN&geo=HR&age=TOTAL&sex=T&unit=NR&c_birth=FOR&sinceTimePeriod=2010&untilTimePeriod=2022,stock at 1 Jan; c_birth=FOR (born in a foreign country); Eurostat series for Croatia starts in 2013,yes,eu_stock.csv
Croatia,HRV,2015,foreign_born,545115,Eurostat [migr_pop3ctb],https://ec.europa.eu/eurostat/api/dissemination/statistics/1.0/data/migr_pop3ctb?format=JSON&lang=EN&geo=HR&age=TOTAL&sex=T&unit=NR&c_birth=FOR&sinceTimePeriod=2010&untilTimePeriod=2022,stock at 1 Jan; c_birth=FOR (born in a foreign country); Eurostat series for Croatia starts in 2013,yes,eu_stock.csv
Croatia,HRV,2016,foreign_born,526279,Eurostat [migr_pop3ctb],https://ec.europa.eu/eurostat/api/dissemination/statistics/1.0/data/migr_pop3ctb?format=JSON&lang=EN&geo=HR&age=TOTAL&sex=T&unit=NR&c_birth=FOR&sinceTimePeriod=2010&untilTimePeriod=2022,stock at 1 Jan; c_birth=FOR (born in a foreign country); Eurostat series for Croatia starts in 2013,yes,eu_stock.csv
Croatia,HRV,2017,foreign_born,512411,Eurostat [migr_pop3ctb],https://ec.europa.eu/eurostat/api/dissemination/statistics/1.0/data/migr_pop3ctb?format=JSON&lang=EN&geo=HR&age=TOTAL&sex=T&unit=NR&c_birth=FOR&sinceTimePeriod=2010&untilTimePeriod=2022,stock at 1 Jan; c_birth=FOR (born in a foreign country); Eurostat series for Croatia starts in 2013,yes,eu_stock.csv
Croatia,HRV,2018,foreign_born,496265,Eurostat [migr_pop3ctb],https://ec.europa.eu/eurostat/api/dissemination/statistics/1.0/data/migr_pop3ctb?format=JSON&lang=EN&geo=HR&age=TOTAL&sex=T&unit=NR&c_birth=FOR&sinceTimePeriod=2010&untilTimePeriod=2022,stock at 1 Jan; c_birth=FOR (born in a foreign country); Eurostat series for Croatia starts in 2013,yes,eu_stock.csv
Croatia,HRV,2019,foreign_born,488393,Eurostat [migr_pop3ctb],https://ec.europa.eu/eurostat/api/dissemination/statistics/1.0/data/migr_pop3ctb?format=JSON&lang=EN&geo=HR&age=TOTAL&sex=T&unit=NR&c_birth=FOR&sinceTimePeriod=2010&untilTimePeriod=2022,stock at 1 Jan; c_birth=FOR (born in a foreign country); Eurostat series for Croatia starts in 2013,yes,eu_stock.csv
Croatia,HRV,2020,foreign_born,486390,Eurostat [migr_pop3ctb],https://ec.europa.eu/eurostat/api/dissemination/statistics/1.0/data/migr_pop3ctb?format=JSON&lang=EN&geo=HR&age=TOTAL&sex=T&unit=NR&c_birth=FOR&sinceTimePeriod=2010&untilTimePeriod=2022,stock at 1 Jan; c_birth=FOR (born in a foreign country); Eurostat series for Croatia starts in 2013,yes,eu_stock.csv
Croatia,HRV,2021,foreign_born,478056,Eurostat [migr_pop3ctb],https://ec.europa.eu/eurostat/api/dissemination/statistics/1.0/data/migr_pop3ctb?format=JSON&lang=EN&geo=HR&age=TOTAL&sex=T&unit=NR&c_birth=FOR&sinceTimePeriod=2010&untilTimePeriod=2022,stock at 1 Jan; c_birth=FOR (born in a foreign country); Eurostat series for Croatia starts in 2013,yes,eu_stock.csv
Croatia,HRV,2022,foreign_born,472308,Eurostat [migr_pop3ctb],https://ec.europa.eu/eurostat/api/dissemination/statistics/1.0/data/migr_pop3ctb?format=JSON&lang=EN&geo=HR&age=TOTAL&sex=T&unit=NR&c_birth=FOR&sinceTimePeriod=2010&untilTimePeriod=2022,stock at 1 Jan; c_birth=FOR (born in a foreign country); Eurostat series for Croatia starts in 2013,yes,eu_stock.csv
Croatia,HRV,2011,foreign_nationals,23276,"Croatian Bureau of Statistics, Census 2011",https://web.dzs.hr/eng/censuses/census2011/results/htm/e01_01_06/e01_01_06_RH.html,"census reference date 31 March 2011, NOT stock at 1 Jan; computed as published 'Foreign' citizenship 22527 plus 'Stateless' 749 to match the Eurostat FOR_STLS concept; 'Unknown' citizenship 2137 excluded; not strictly comparable with the Eurostat 1 Jan register series",yes,eu_stock.csv
Croatia,HRV,2013,foreign_nationals,24142,Eurostat [migr_pop1ctz],https://ec.europa.eu/eurostat/api/dissemination/statistics/1.0/data/migr_pop1ctz?format=JSON&lang=EN&geo=HR&age=TOTAL&sex=T&unit=NR&citizen=FOR_STLS&sinceTimePeriod=2010&untilTimePeriod=2022,stock at 1 Jan; citizen=FOR_STLS (foreign citizens incl. stateless); Eurostat series for Croatia starts in 2013,yes,eu_stock.csv
Croatia,HRV,2014,foreign_nationals,23801,Eurostat [migr_pop1ctz],https://ec.europa.eu/eurostat/api/dissemination/statistics/1.0/data/migr_pop1ctz?format=JSON&lang=EN&geo=HR&age=TOTAL&sex=T&unit=NR&citizen=FOR_STLS&sinceTimePeriod=2010&untilTimePeriod=2022,stock at 1 Jan; citizen=FOR_STLS (foreign citizens incl. stateless); Eurostat series for Croatia starts in 2013,yes,eu_stock.csv
Croatia,HRV,2015,foreign_nationals,24125,Eurostat [migr_pop1ctz],https://ec.europa.eu/eurostat/api/dissemination/statistics/1.0/data/migr_pop1ctz?format=JSON&lang=EN&geo=HR&age=TOTAL&sex=T&unit=NR&citizen=FOR_STLS&sinceTimePeriod=2010&untilTimePeriod=2022,stock at 1 Jan; citizen=FOR_STLS (foreign citizens incl. stateless); Eurostat series for Croatia starts in 2013,yes,eu_stock.csv
Croatia,HRV,2016,foreign_nationals,24231,Eurostat [migr_pop1ctz],https://ec.europa.eu/eurostat/api/dissemination/statistics/1.0/data/migr_pop1ctz?format=JSON&lang=EN&geo=HR&age=TOTAL&sex=T&unit=NR&citizen=FOR_STLS&sinceTimePeriod=2010&untilTimePeriod=2022,stock at 1 Jan; citizen=FOR_STLS (foreign citizens incl. stateless); Eurostat series for Croatia starts in 2013,yes,eu_stock.csv
Croatia,HRV,2017,foreign_nationals,24102,Eurostat [migr_pop1ctz],https://ec.europa.eu/eurostat/api/dissemination/statistics/1.0/data/migr_pop1ctz?format=JSON&lang=EN&geo=HR&age=TOTAL&sex=T&unit=NR&citizen=FOR_STLS&sinceTimePeriod=2010&untilTimePeriod=2022,stock at 1 Jan; citizen=FOR_STLS (foreign citizens incl. stateless); Eurostat series for Croatia starts in 2013,yes,eu_stock.csv
Croatia,HRV,2018,foreign_nationals,24024,Eurostat [migr_pop1ctz],https://ec.europa.eu/eurostat/api/dissemination/statistics/1.0/data/migr_pop1ctz?format=JSON&lang=EN&geo=HR&age=TOTAL&sex=T&unit=NR&citizen=FOR_STLS&sinceTimePeriod=2010&untilTimePeriod=2022,stock at 1 Jan; citizen=FOR_STLS (foreign citizens incl. stateless); Eurostat series for Croatia starts in 2013,yes,eu_stock.csv
Croatia,HRV,2019,foreign_nationals,23878,Eurostat [migr_pop1ctz],https://ec.europa.eu/eurostat/api/dissemination/statistics/1.0/data/migr_pop1ctz?format=JSON&lang=EN&geo=HR&age=TOTAL&sex=T&unit=NR&citizen=FOR_STLS&sinceTimePeriod=2010&untilTimePeriod=2022,stock at 1 Jan; citizen=FOR_STLS (foreign citizens incl. stateless); Eurostat series for Croatia starts in 2013,yes,eu_stock.csv
Croatia,HRV,2020,foreign_nationals,24631,Eurostat [migr_pop1ctz],https://ec.europa.eu/eurostat/api/dissemination/statistics/1.0/data/migr_pop1ctz?format=JSON&lang=EN&geo=HR&age=TOTAL&sex=T&unit=NR&citizen=FOR_STLS&sinceTimePeriod=2010&untilTimePeriod=2022,stock at 1 Jan; citizen=FOR_STLS (foreign citizens incl. stateless); Eurostat series for Croatia starts in 2013,yes,eu_stock.csv
Croatia,HRV,2021,foreign_nationals,26259,Eurostat [migr_pop1ctz],https://ec.europa.eu/eurostat/api/dissemination/statistics/1.0/data/migr_pop1ctz?format=JSON&lang=EN&geo=HR&age=TOTAL&sex=T&unit=NR&citizen=FOR_STLS&sinceTimePeriod=2010&untilTimePeriod=2022,stock at 1 Jan; citizen=FOR_STLS (foreign citizens incl. stateless); Eurostat series for Croatia starts in 2013,yes,eu_stock.csv
Croatia,HRV,2022,foreign_nationals,35919,Eurostat [migr_pop1ctz],https://ec.europa.eu/eurostat/api/dissemination/statistics/1.0/data/migr_pop1ctz?format=JSON&lang=EN&geo=HR&age=TOTAL&sex=T&unit=NR&citizen=FOR_STLS&sinceTimePeriod=2010&untilTimePeriod=2022,stock at 1 Jan; citizen=FOR_STLS (foreign citizens incl. stateless); apparent break in series (population census re-basing); Eurostat series for Croatia starts in 2013,yes,eu_stock.csv
Croatia,HRV,2013,irregular_proxy_detections,4150,"Eurostat, Third country nationals found to be illegally present (migr_eipre)",https://ec.europa.eu/eurostat/databrowser/view/migr_eipre/default/table,"Eurostat enforcement statistic - annual flow of detections, NOT a stock. Dataset migr_eipre, dimensions freq=A citizen=TOTAL reason=TOTAL apprehen=TOTAL sex=T age=TOTAL unit=PER. Rounded to nearest 5 by Eurostat. Croatia acceded to the EU in July 2013; no data reported before 2013.",yes,irregular_eu.csv
Croatia,HRV,2014,irregular_proxy_detections,2500,"Eurostat, Third country nationals found to be illegally present (migr_eipre)",https://ec.europa.eu/eurostat/databrowser/view/migr_eipre/default/table,"Eurostat enforcement statistic - annual flow of detections, NOT a stock. Dataset migr_eipre, dimensions freq=A citizen=TOTAL reason=TOTAL apprehen=TOTAL sex=T age=TOTAL unit=PER. Rounded to nearest 5 by Eurostat. Croatia acceded to the EU in July 2013; no data reported before 2013.",yes,irregular_eu.csv
Croatia,HRV,2015,irregular_proxy_detections,3295,"Eurostat, Third country nationals found to be illegally present (migr_eipre)",https://ec.europa.eu/eurostat/databrowser/view/migr_eipre/default/table,"Eurostat enforcement statistic - annual flow of detections, NOT a stock. Dataset migr_eipre, dimensions freq=A citizen=TOTAL reason=TOTAL apprehen=TOTAL sex=T age=TOTAL unit=PER. Rounded to nearest 5 by Eurostat. Croatia acceded to the EU in July 2013; no data reported before 2013.",yes,irregular_eu.csv
Croatia,HRV,2016,irregular_proxy_detections,3320,"Eurostat, Third country nationals found to be illegally present (migr_eipre)",https://ec.europa.eu/eurostat/databrowser/view/migr_eipre/default/table,"Eurostat enforcement statistic - annual flow of detections, NOT a stock. Dataset migr_eipre, dimensions freq=A citizen=TOTAL reason=TOTAL apprehen=TOTAL sex=T age=TOTAL unit=PER. Rounded to nearest 5 by Eurostat. Croatia acceded to the EU in July 2013; no data reported before 2013.",yes,irregular_eu.csv
Croatia,HRV,2017,irregular_proxy_detections,3495,"Eurostat, Third country nationals found to be illegally present (migr_eipre)",https://ec.europa.eu/eurostat/databrowser/view/migr_eipre/default/table,"Eurostat enforcement statistic - annual flow of detections, NOT a stock. Dataset migr_eipre, dimensions freq=A citizen=TOTAL reason=TOTAL apprehen=TOTAL sex=T age=TOTAL unit=PER. Rounded to nearest 5 by Eurostat. Croatia acceded to the EU in July 2013; no data reported before 2013.",yes,irregular_eu.csv
Croatia,HRV,2018,irregular_proxy_detections,5580,"Eurostat, Third country nationals found to be illegally present (migr_eipre)",https://ec.europa.eu/eurostat/databrowser/view/migr_eipre/default/table,"Eurostat enforcement statistic - annual flow of detections, NOT a stock. Dataset migr_eipre, dimensions freq=A citizen=TOTAL reason=TOTAL apprehen=TOTAL sex=T age=TOTAL unit=PER. Rounded to nearest 5 by Eurostat. Croatia acceded to the EU in July 2013; no data reported before 2013.",yes,irregular_eu.csv
Croatia,HRV,2019,irregular_proxy_detections,13630,"Eurostat, Third country nationals found to be illegally present (migr_eipre)",https://ec.europa.eu/eurostat/databrowser/view/migr_eipre/default/table,"Eurostat enforcement statistic - annual flow of detections, NOT a stock. Dataset migr_eipre, dimensions freq=A citizen=TOTAL reason=TOTAL apprehen=TOTAL sex=T age=TOTAL unit=PER. Rounded to nearest 5 by Eurostat. Croatia acceded to the EU in July 2013; no data reported before 2013.",yes,irregular_eu.csv
Croatia,HRV,2020,irregular_proxy_detections,22240,"Eurostat, Third country nationals found to be illegally present (migr_eipre)",https://ec.europa.eu/eurostat/databrowser/view/migr_eipre/default/table,"Eurostat enforcement statistic - annual flow of detections, NOT a stock. Dataset migr_eipre, dimensions freq=A citizen=TOTAL reason=TOTAL apprehen=TOTAL sex=T age=TOTAL unit=PER. Rounded to nearest 5 by Eurostat. Croatia acceded to the EU in July 2013; no data reported before 2013.",yes,irregular_eu.csv
Croatia,HRV,2021,irregular_proxy_detections,13540,"Eurostat, Third country nationals found to be illegally present (migr_eipre)",https://ec.europa.eu/eurostat/databrowser/view/migr_eipre/default/table,"Eurostat enforcement statistic - annual flow of detections, NOT a stock. Dataset migr_eipre, dimensions freq=A citizen=TOTAL reason=TOTAL apprehen=TOTAL sex=T age=TOTAL unit=PER. Rounded to nearest 5 by Eurostat. Croatia acceded to the EU in July 2013; no data reported before 2013.",yes,irregular_eu.csv
Croatia,HRV,2022,irregular_proxy_detections,43830,"Eurostat, Third country nationals found to be illegally present (migr_eipre)",https://ec.europa.eu/eurostat/databrowser/view/migr_eipre/default/table,"Eurostat enforcement statistic - annual flow of detections, NOT a stock. Dataset migr_eipre, dimensions freq=A citizen=TOTAL reason=TOTAL apprehen=TOTAL sex=T age=TOTAL unit=PER. Rounded to nearest 5 by Eurostat. Croatia acceded to the EU in July 2013; no data reported before 2013.",yes,irregular_eu.csv
Croatia,HRV,2010,population,4295427,"World Bank, World Development Indicators (SP.POP.TOTL), sourced from UN World Population Prospects and national statistical offices",https://api.worldbank.org/v2/country/all/indicator/SP.POP.TOTL,"Total resident population, mid-year estimate. Retrieved via World Bank API, August 2026.",yes,worldbank_api
Croatia,HRV,2011,population,4280622,"World Bank, World Development Indicators (SP.POP.TOTL), sourced from UN World Population Prospects and national statistical offices",https://api.worldbank.org/v2/country/all/indicator/SP.POP.TOTL,"Total resident population, mid-year estimate. Retrieved via World Bank API, August 2026.",yes,worldbank_api
Croatia,HRV,2012,population,4260368,"World Bank, World Development Indicators (SP.POP.TOTL), sourced from UN World Population Prospects and national statistical offices",https://api.worldbank.org/v2/country/all/indicator/SP.POP.TOTL,"Total resident population, mid-year estimate. Retrieved via World Bank API, August 2026.",yes,worldbank_api
Croatia,HRV,2013,population,4233922,"World Bank, World Development Indicators (SP.POP.TOTL), sourced from UN World Population Prospects and national statistical offices",https://api.worldbank.org/v2/country/all/indicator/SP.POP.TOTL,"Total resident population, mid-year estimate. Retrieved via World Bank API, August 2026.",yes,worldbank_api
Croatia,HRV,2014,population,4201598,"World Bank, World Development Indicators (SP.POP.TOTL), sourced from UN World Population Prospects and national statistical offices",https://api.worldbank.org/v2/country/all/indicator/SP.POP.TOTL,"Total resident population, mid-year estimate. Retrieved via World Bank API, August 2026.",yes,worldbank_api
Croatia,HRV,2015,population,4151725,"World Bank, World Development Indicators (SP.POP.TOTL), sourced from UN World Population Prospects and national statistical offices",https://api.worldbank.org/v2/country/all/indicator/SP.POP.TOTL,"Total resident population, mid-year estimate. Retrieved via World Bank API, August 2026.",yes,worldbank_api
Croatia,HRV,2016,population,4106867,"World Bank, World Development Indicators (SP.POP.TOTL), sourced from UN World Population Prospects and national statistical offices",https://api.worldbank.org/v2/country/all/indicator/SP.POP.TOTL,"Total resident population, mid-year estimate. Retrieved via World Bank API, August 2026.",yes,worldbank_api
Croatia,HRV,2017,population,4041407,"World Bank, World Development Indicators (SP.POP.TOTL), sourced from UN World Population Prospects and national statistical offices",https://api.worldbank.org/v2/country/all/indicator/SP.POP.TOTL,"Total resident population, mid-year estimate. Retrieved via World Bank API, August 2026.",yes,worldbank_api
Croatia,HRV,2018,population,3988775,"World Bank, World Development Indicators (SP.POP.TOTL), sourced from UN World Population Prospects and national statistical offices",https://api.worldbank.org/v2/country/all/indicator/SP.POP.TOTL,"Total resident population, mid-year estimate. Retrieved via World Bank API, August 2026.",yes,worldbank_api
Croatia,HRV,2019,population,3949390,"World Bank, World Development Indicators (SP.POP.TOTL), sourced from UN World Population Prospects and national statistical offices",https://api.worldbank.org/v2/country/all/indicator/SP.POP.TOTL,"Total resident population, mid-year estimate. Retrieved via World Bank API, August 2026.",yes,worldbank_api
Croatia,HRV,2020,population,3914206,"World Bank, World Development Indicators (SP.POP.TOTL), sourced from UN World Population Prospects and national statistical offices",https://api.worldbank.org/v2/country/all/indicator/SP.POP.TOTL,"Total resident population, mid-year estimate. Retrieved via World Bank API, August 2026.",yes,worldbank_api
Croatia,HRV,2021,population,3878981,"World Bank, World Development Indicators (SP.POP.TOTL), sourced from UN World Population Prospects and national statistical offices",https://api.worldbank.org/v2/country/all/indicator/SP.POP.TOTL,"Total resident population, mid-year estimate. Retrieved via World Bank API, August 2026.",yes,worldbank_api
Croatia,HRV,2022,population,3855641,"World Bank, World Development Indicators (SP.POP.TOTL), sourced from UN World Population Prospects and national statistical offices",https://api.worldbank.org/v2/country/all/indicator/SP.POP.TOTL,"Total resident population, mid-year estimate. Retrieved via World Bank API, August 2026.",yes,worldbank_api
Hungary,HUN,2010,foreign_born,436616,Eurostat [migr_pop3ctb],https://ec.europa.eu/eurostat/api/dissemination/statistics/1.0/data/migr_pop3ctb?format=JSON&lang=EN&geo=HU&age=TOTAL&sex=T&unit=NR&c_birth=FOR&sinceTimePeriod=2010&untilTimePeriod=2022,stock at 1 Jan; c_birth=FOR (born in a foreign country),yes,eu_stock.csv
Hungary,HUN,2011,foreign_born,443295,Eurostat [migr_pop3ctb],https://ec.europa.eu/eurostat/api/dissemination/statistics/1.0/data/migr_pop3ctb?format=JSON&lang=EN&geo=HU&age=TOTAL&sex=T&unit=NR&c_birth=FOR&sinceTimePeriod=2010&untilTimePeriod=2022,stock at 1 Jan; c_birth=FOR (born in a foreign country),yes,eu_stock.csv
Hungary,HUN,2012,foreign_born,401769,Eurostat [migr_pop3ctb],https://ec.europa.eu/eurostat/api/dissemination/statistics/1.0/data/migr_pop3ctb?format=JSON&lang=EN&geo=HU&age=TOTAL&sex=T&unit=NR&c_birth=FOR&sinceTimePeriod=2010&untilTimePeriod=2022,stock at 1 Jan; c_birth=FOR (born in a foreign country); apparent break in series (population census re-basing),yes,eu_stock.csv
Hungary,HUN,2013,foreign_born,423317,Eurostat [migr_pop3ctb],https://ec.europa.eu/eurostat/api/dissemination/statistics/1.0/data/migr_pop3ctb?format=JSON&lang=EN&geo=HU&age=TOTAL&sex=T&unit=NR&c_birth=FOR&sinceTimePeriod=2010&untilTimePeriod=2022,stock at 1 Jan; c_birth=FOR (born in a foreign country),yes,eu_stock.csv
Hungary,HUN,2014,foreign_born,447029,Eurostat [migr_pop3ctb],https://ec.europa.eu/eurostat/api/dissemination/statistics/1.0/data/migr_pop3ctb?format=JSON&lang=EN&geo=HU&age=TOTAL&sex=T&unit=NR&c_birth=FOR&sinceTimePeriod=2010&untilTimePeriod=2022,stock at 1 Jan; c_birth=FOR (born in a foreign country),yes,eu_stock.csv
Hungary,HUN,2015,foreign_born,475508,Eurostat [migr_pop3ctb],https://ec.europa.eu/eurostat/api/dissemination/statistics/1.0/data/migr_pop3ctb?format=JSON&lang=EN&geo=HU&age=TOTAL&sex=T&unit=NR&c_birth=FOR&sinceTimePeriod=2010&untilTimePeriod=2022,stock at 1 Jan; c_birth=FOR (born in a foreign country),yes,eu_stock.csv
Hungary,HUN,2016,foreign_born,503787,Eurostat [migr_pop3ctb],https://ec.europa.eu/eurostat/api/dissemination/statistics/1.0/data/migr_pop3ctb?format=JSON&lang=EN&geo=HU&age=TOTAL&sex=T&unit=NR&c_birth=FOR&sinceTimePeriod=2010&untilTimePeriod=2022,stock at 1 Jan; c_birth=FOR (born in a foreign country),yes,eu_stock.csv
Hungary,HUN,2017,foreign_born,513649,Eurostat [migr_pop3ctb],https://ec.europa.eu/eurostat/api/dissemination/statistics/1.0/data/migr_pop3ctb?format=JSON&lang=EN&geo=HU&age=TOTAL&sex=T&unit=NR&c_birth=FOR&sinceTimePeriod=2010&untilTimePeriod=2022,stock at 1 Jan; c_birth=FOR (born in a foreign country),yes,eu_stock.csv
Hungary,HUN,2018,foreign_born,536182,Eurostat [migr_pop3ctb],https://ec.europa.eu/eurostat/api/dissemination/statistics/1.0/data/migr_pop3ctb?format=JSON&lang=EN&geo=HU&age=TOTAL&sex=T&unit=NR&c_birth=FOR&sinceTimePeriod=2010&untilTimePeriod=2022,stock at 1 Jan; c_birth=FOR (born in a foreign country),yes,eu_stock.csv
Hungary,HUN,2019,foreign_born,564761,Eurostat [migr_pop3ctb],https://ec.europa.eu/eurostat/api/dissemination/statistics/1.0/data/migr_pop3ctb?format=JSON&lang=EN&geo=HU&age=TOTAL&sex=T&unit=NR&c_birth=FOR&sinceTimePeriod=2010&untilTimePeriod=2022,stock at 1 Jan; c_birth=FOR (born in a foreign country),yes,eu_stock.csv
Hungary,HUN,2020,foreign_born,593937,Eurostat [migr_pop3ctb],https://ec.europa.eu/eurostat/api/dissemination/statistics/1.0/data/migr_pop3ctb?format=JSON&lang=EN&geo=HU&age=TOTAL&sex=T&unit=NR&c_birth=FOR&sinceTimePeriod=2010&untilTimePeriod=2022,stock at 1 Jan; c_birth=FOR (born in a foreign country),yes,eu_stock.csv
Hungary,HUN,2021,foreign_born,597440,Eurostat [migr_pop3ctb],https://ec.europa.eu/eurostat/api/dissemination/statistics/1.0/data/migr_pop3ctb?format=JSON&lang=EN&geo=HU&age=TOTAL&sex=T&unit=NR&c_birth=FOR&sinceTimePeriod=2010&untilTimePeriod=2022,stock at 1 Jan; c_birth=FOR (born in a foreign country),yes,eu_stock.csv
Hungary,HUN,2022,foreign_born,612618,Eurostat [migr_pop3ctb],https://ec.europa.eu/eurostat/api/dissemination/statistics/1.0/data/migr_pop3ctb?format=JSON&lang=EN&geo=HU&age=TOTAL&sex=T&unit=NR&c_birth=FOR&sinceTimePeriod=2010&untilTimePeriod=2022,stock at 1 Jan; c_birth=FOR (born in a foreign country),yes,eu_stock.csv
Hungary,HUN,2010,foreign_nationals,200005,Eurostat [migr_pop1ctz],https://ec.europa.eu/eurostat/api/dissemination/statistics/1.0/data/migr_pop1ctz?format=JSON&lang=EN&geo=HU&age=TOTAL&sex=T&unit=NR&citizen=FOR_STLS&sinceTimePeriod=2010&untilTimePeriod=2022,stock at 1 Jan; citizen=FOR_STLS (foreign citizens incl. stateless),yes,eu_stock.csv
Hungary,HUN,2011,foreign_nationals,209202,Eurostat [migr_pop1ctz],https://ec.europa.eu/eurostat/api/dissemination/statistics/1.0/data/migr_pop1ctz?format=JSON&lang=EN&geo=HU&age=TOTAL&sex=T&unit=NR&citizen=FOR_STLS&sinceTimePeriod=2010&untilTimePeriod=2022,stock at 1 Jan; citizen=FOR_STLS (foreign citizens incl. stateless),yes,eu_stock.csv
Hungary,HUN,2012,foreign_nationals,143125,Eurostat [migr_pop1ctz],https://ec.europa.eu/eurostat/api/dissemination/statistics/1.0/data/migr_pop1ctz?format=JSON&lang=EN&geo=HU&age=TOTAL&sex=T&unit=NR&citizen=FOR_STLS&sinceTimePeriod=2010&untilTimePeriod=2022,stock at 1 Jan; citizen=FOR_STLS (foreign citizens incl. stateless); apparent break in series (population census re-basing),yes,eu_stock.csv
Hungary,HUN,2013,foreign_nationals,141122,Eurostat [migr_pop1ctz],https://ec.europa.eu/eurostat/api/dissemination/statistics/1.0/data/migr_pop1ctz?format=JSON&lang=EN&geo=HU&age=TOTAL&sex=T&unit=NR&citizen=FOR_STLS&sinceTimePeriod=2010&untilTimePeriod=2022,stock at 1 Jan; citizen=FOR_STLS (foreign citizens incl. stateless),yes,eu_stock.csv
Hungary,HUN,2014,foreign_nationals,140301,Eurostat [migr_pop1ctz],https://ec.europa.eu/eurostat/api/dissemination/statistics/1.0/data/migr_pop1ctz?format=JSON&lang=EN&geo=HU&age=TOTAL&sex=T&unit=NR&citizen=FOR_STLS&sinceTimePeriod=2010&untilTimePeriod=2022,stock at 1 Jan; citizen=FOR_STLS (foreign citizens incl. stateless),yes,eu_stock.csv
Hungary,HUN,2015,foreign_nationals,145727,Eurostat [migr_pop1ctz],https://ec.europa.eu/eurostat/api/dissemination/statistics/1.0/data/migr_pop1ctz?format=JSON&lang=EN&geo=HU&age=TOTAL&sex=T&unit=NR&citizen=FOR_STLS&sinceTimePeriod=2010&untilTimePeriod=2022,stock at 1 Jan; citizen=FOR_STLS (foreign citizens incl. stateless),yes,eu_stock.csv
Hungary,HUN,2016,foreign_nationals,156366,Eurostat [migr_pop1ctz],https://ec.europa.eu/eurostat/api/dissemination/statistics/1.0/data/migr_pop1ctz?format=JSON&lang=EN&geo=HU&age=TOTAL&sex=T&unit=NR&citizen=FOR_STLS&sinceTimePeriod=2010&untilTimePeriod=2022,stock at 1 Jan; citizen=FOR_STLS (foreign citizens incl. stateless),yes,eu_stock.csv
Hungary,HUN,2017,foreign_nationals,150885,Eurostat [migr_pop1ctz],https://ec.europa.eu/eurostat/api/dissemination/statistics/1.0/data/migr_pop1ctz?format=JSON&lang=EN&geo=HU&age=TOTAL&sex=T&unit=NR&citizen=FOR_STLS&sinceTimePeriod=2010&untilTimePeriod=2022,stock at 1 Jan; citizen=FOR_STLS (foreign citizens incl. stateless),yes,eu_stock.csv
Hungary,HUN,2018,foreign_nationals,161549,Eurostat [migr_pop1ctz],https://ec.europa.eu/eurostat/api/dissemination/statistics/1.0/data/migr_pop1ctz?format=JSON&lang=EN&geo=HU&age=TOTAL&sex=T&unit=NR&citizen=FOR_STLS&sinceTimePeriod=2010&untilTimePeriod=2022,stock at 1 Jan; citizen=FOR_STLS (foreign citizens incl. stateless),yes,eu_stock.csv
Hungary,HUN,2019,foreign_nationals,180525,Eurostat [migr_pop1ctz],https://ec.europa.eu/eurostat/api/dissemination/statistics/1.0/data/migr_pop1ctz?format=JSON&lang=EN&geo=HU&age=TOTAL&sex=T&unit=NR&citizen=FOR_STLS&sinceTimePeriod=2010&untilTimePeriod=2022,stock at 1 Jan; citizen=FOR_STLS (foreign citizens incl. stateless),yes,eu_stock.csv
Hungary,HUN,2020,foreign_nationals,199707,Eurostat [migr_pop1ctz],https://ec.europa.eu/eurostat/api/dissemination/statistics/1.0/data/migr_pop1ctz?format=JSON&lang=EN&geo=HU&age=TOTAL&sex=T&unit=NR&citizen=FOR_STLS&sinceTimePeriod=2010&untilTimePeriod=2022,stock at 1 Jan; citizen=FOR_STLS (foreign citizens incl. stateless),yes,eu_stock.csv
Hungary,HUN,2021,foreign_nationals,194240,Eurostat [migr_pop1ctz],https://ec.europa.eu/eurostat/api/dissemination/statistics/1.0/data/migr_pop1ctz?format=JSON&lang=EN&geo=HU&age=TOTAL&sex=T&unit=NR&citizen=FOR_STLS&sinceTimePeriod=2010&untilTimePeriod=2022,stock at 1 Jan; citizen=FOR_STLS (foreign citizens incl. stateless),yes,eu_stock.csv
Hungary,HUN,2022,foreign_nationals,202299,Eurostat [migr_pop1ctz],https://ec.europa.eu/eurostat/api/dissemination/statistics/1.0/data/migr_pop1ctz?format=JSON&lang=EN&geo=HU&age=TOTAL&sex=T&unit=NR&citizen=FOR_STLS&sinceTimePeriod=2010&untilTimePeriod=2022,stock at 1 Jan; citizen=FOR_STLS (foreign citizens incl. stateless),yes,eu_stock.csv
Hungary,HUN,2010,irregular_proxy_detections,6970,"Eurostat, Third country nationals found to be illegally present (migr_eipre)",https://ec.europa.eu/eurostat/databrowser/view/migr_eipre/default/table,"Eurostat enforcement statistic - annual flow of detections, NOT a stock. Dataset migr_eipre, dimensions freq=A citizen=TOTAL reason=TOTAL apprehen=TOTAL sex=T age=TOTAL unit=PER. Rounded to nearest 5 by Eurostat.",yes,irregular_eu.csv
Hungary,HUN,2011,irregular_proxy_detections,9655,"Eurostat, Third country nationals found to be illegally present (migr_eipre)",https://ec.europa.eu/eurostat/databrowser/view/migr_eipre/default/table,"Eurostat enforcement statistic - annual flow of detections, NOT a stock. Dataset migr_eipre, dimensions freq=A citizen=TOTAL reason=TOTAL apprehen=TOTAL sex=T age=TOTAL unit=PER. Rounded to nearest 5 by Eurostat.",yes,irregular_eu.csv
Hungary,HUN,2012,irregular_proxy_detections,12175,"Eurostat, Third country nationals found to be illegally present (migr_eipre)",https://ec.europa.eu/eurostat/databrowser/view/migr_eipre/default/table,"Eurostat enforcement statistic - annual flow of detections, NOT a stock. Dataset migr_eipre, dimensions freq=A citizen=TOTAL reason=TOTAL apprehen=TOTAL sex=T age=TOTAL unit=PER. Rounded to nearest 5 by Eurostat.",yes,irregular_eu.csv
Hungary,HUN,2013,irregular_proxy_detections,28755,"Eurostat, Third country nationals found to be illegally present (migr_eipre)",https://ec.europa.eu/eurostat/databrowser/view/migr_eipre/default/table,"Eurostat enforcement statistic - annual flow of detections, NOT a stock. Dataset migr_eipre, dimensions freq=A citizen=TOTAL reason=TOTAL apprehen=TOTAL sex=T age=TOTAL unit=PER. Rounded to nearest 5 by Eurostat.",yes,irregular_eu.csv
Hungary,HUN,2014,irregular_proxy_detections,56170,"Eurostat, Third country nationals found to be illegally present (migr_eipre)",https://ec.europa.eu/eurostat/databrowser/view/migr_eipre/default/table,"Eurostat enforcement statistic - annual flow of detections, NOT a stock. Dataset migr_eipre, dimensions freq=A citizen=TOTAL reason=TOTAL apprehen=TOTAL sex=T age=TOTAL unit=PER. Rounded to nearest 5 by Eurostat.",yes,irregular_eu.csv
Hungary,HUN,2015,irregular_proxy_detections,424055,"Eurostat, Third country nationals found to be illegally present (migr_eipre)",https://ec.europa.eu/eurostat/databrowser/view/migr_eipre/default/table,"Eurostat enforcement statistic - annual flow of detections, NOT a stock. Dataset migr_eipre, dimensions freq=A citizen=TOTAL reason=TOTAL apprehen=TOTAL sex=T age=TOTAL unit=PER. Rounded to nearest 5 by Eurostat.",yes,irregular_eu.csv
Hungary,HUN,2016,irregular_proxy_detections,41560,"Eurostat, Third country nationals found to be illegally present (migr_eipre)",https://ec.europa.eu/eurostat/databrowser/view/migr_eipre/default/table,"Eurostat enforcement statistic - annual flow of detections, NOT a stock. Dataset migr_eipre, dimensions freq=A citizen=TOTAL reason=TOTAL apprehen=TOTAL sex=T age=TOTAL unit=PER. Rounded to nearest 5 by Eurostat.",yes,irregular_eu.csv
Hungary,HUN,2017,irregular_proxy_detections,25730,"Eurostat, Third country nationals found to be illegally present (migr_eipre)",https://ec.europa.eu/eurostat/databrowser/view/migr_eipre/default/table,"Eurostat enforcement statistic - annual flow of detections, NOT a stock. Dataset migr_eipre, dimensions freq=A citizen=TOTAL reason=TOTAL apprehen=TOTAL sex=T age=TOTAL unit=PER. Rounded to nearest 5 by Eurostat.",yes,irregular_eu.csv
Hungary,HUN,2018,irregular_proxy_detections,18915,"Eurostat, Third country nationals found to be illegally present (migr_eipre)",https://ec.europa.eu/eurostat/databrowser/view/migr_eipre/default/table,"Eurostat enforcement statistic - annual flow of detections, NOT a stock. Dataset migr_eipre, dimensions freq=A citizen=TOTAL reason=TOTAL apprehen=TOTAL sex=T age=TOTAL unit=PER. Rounded to nearest 5 by Eurostat.",yes,irregular_eu.csv
Hungary,HUN,2019,irregular_proxy_detections,36440,"Eurostat, Third country nationals found to be illegally present (migr_eipre)",https://ec.europa.eu/eurostat/databrowser/view/migr_eipre/default/table,"Eurostat enforcement statistic - annual flow of detections, NOT a stock. Dataset migr_eipre, dimensions freq=A citizen=TOTAL reason=TOTAL apprehen=TOTAL sex=T age=TOTAL unit=PER. Rounded to nearest 5 by Eurostat.",yes,irregular_eu.csv
Hungary,HUN,2020,irregular_proxy_detections,89370,"Eurostat, Third country nationals found to be illegally present (migr_eipre)",https://ec.europa.eu/eurostat/databrowser/view/migr_eipre/default/table,"Eurostat enforcement statistic - annual flow of detections, NOT a stock. Dataset migr_eipre, dimensions freq=A citizen=TOTAL reason=TOTAL apprehen=TOTAL sex=T age=TOTAL unit=PER. Rounded to nearest 5 by Eurostat.",yes,irregular_eu.csv
Hungary,HUN,2021,irregular_proxy_detections,134140,"Eurostat, Third country nationals found to be illegally present (migr_eipre)",https://ec.europa.eu/eurostat/databrowser/view/migr_eipre/default/table,"Eurostat enforcement statistic - annual flow of detections, NOT a stock. Dataset migr_eipre, dimensions freq=A citizen=TOTAL reason=TOTAL apprehen=TOTAL sex=T age=TOTAL unit=PER. Rounded to nearest 5 by Eurostat.",yes,irregular_eu.csv
Hungary,HUN,2022,irregular_proxy_detections,222515,"Eurostat, Third country nationals found to be illegally present (migr_eipre)",https://ec.europa.eu/eurostat/databrowser/view/migr_eipre/default/table,"Eurostat enforcement statistic - annual flow of detections, NOT a stock. Dataset migr_eipre, dimensions freq=A citizen=TOTAL reason=TOTAL apprehen=TOTAL sex=T age=TOTAL unit=PER. Rounded to nearest 5 by Eurostat.",yes,irregular_eu.csv
Hungary,HUN,2010,population,10000023,"World Bank, World Development Indicators (SP.POP.TOTL), sourced from UN World Population Prospects and national statistical offices",https://api.worldbank.org/v2/country/all/indicator/SP.POP.TOTL,"Total resident population, mid-year estimate. Retrieved via World Bank API, August 2026.",yes,worldbank_api
Hungary,HUN,2011,population,9971727,"World Bank, World Development Indicators (SP.POP.TOTL), sourced from UN World Population Prospects and national statistical offices",https://api.worldbank.org/v2/country/all/indicator/SP.POP.TOTL,"Total resident population, mid-year estimate. Retrieved via World Bank API, August 2026.",yes,worldbank_api
Hungary,HUN,2012,population,9920362,"World Bank, World Development Indicators (SP.POP.TOTL), sourced from UN World Population Prospects and national statistical offices",https://api.worldbank.org/v2/country/all/indicator/SP.POP.TOTL,"Total resident population, mid-year estimate. Retrieved via World Bank API, August 2026.",yes,worldbank_api
Hungary,HUN,2013,population,9872734,"World Bank, World Development Indicators (SP.POP.TOTL), sourced from UN World Population Prospects and national statistical offices",https://api.worldbank.org/v2/country/all/indicator/SP.POP.TOTL,"Total resident population, mid-year estimate. Retrieved via World Bank API, August 2026.",yes,worldbank_api
Hungary,HUN,2014,population,9833038,"World Bank, World Development Indicators (SP.POP.TOTL), sourced from UN World Population Prospects and national statistical offices",https://api.worldbank.org/v2/country/all/indicator/SP.POP.TOTL,"Total resident population, mid-year estimate. Retrieved via World Bank API, August 2026.",yes,worldbank_api
Hungary,HUN,2015,population,9797755,"World Bank, World Development Indicators (SP.POP.TOTL), sourced from UN World Population Prospects and national statistical offices",https://api.worldbank.org/v2/country/all/indicator/SP.POP.TOTL,"Total resident population, mid-year estimate. Retrieved via World Bank API, August 2026.",yes,worldbank_api
Hungary,HUN,2016,population,9759755,"World Bank, World Development Indicators (SP.POP.TOTL), sourced from UN World Population Prospects and national statistical offices",https://api.worldbank.org/v2/country/all/indicator/SP.POP.TOTL,"Total resident population, mid-year estimate. Retrieved via World Bank API, August 2026.",yes,worldbank_api
Hungary,HUN,2017,population,9726756,"World Bank, World Development Indicators (SP.POP.TOTL), sourced from UN World Population Prospects and national statistical offices",https://api.worldbank.org/v2/country/all/indicator/SP.POP.TOTL,"Total resident population, mid-year estimate. Retrieved via World Bank API, August 2026.",yes,worldbank_api
Hungary,HUN,2018,population,9706964,"World Bank, World Development Indicators (SP.POP.TOTL), sourced from UN World Population Prospects and national statistical offices",https://api.worldbank.org/v2/country/all/indicator/SP.POP.TOTL,"Total resident population, mid-year estimate. Retrieved via World Bank API, August 2026.",yes,worldbank_api
Hungary,HUN,2019,population,9694824,"World Bank, World Development Indicators (SP.POP.TOTL), sourced from UN World Population Prospects and national statistical offices",https://api.worldbank.org/v2/country/all/indicator/SP.POP.TOTL,"Total resident population, mid-year estimate. Retrieved via World Bank API, August 2026.",yes,worldbank_api
Hungary,HUN,2020,population,9670419,"World Bank, World Development Indicators (SP.POP.TOTL), sourced from UN World Population Prospects and national statistical offices",https://api.worldbank.org/v2/country/all/indicator/SP.POP.TOTL,"Total resident population, mid-year estimate. Retrieved via World Bank API, August 2026.",yes,worldbank_api
Hungary,HUN,2021,population,9630932,"World Bank, World Development Indicators (SP.POP.TOTL), sourced from UN World Population Prospects and national statistical offices",https://api.worldbank.org/v2/country/all/indicator/SP.POP.TOTL,"Total resident population, mid-year estimate. Retrieved via World Bank API, August 2026.",yes,worldbank_api
Hungary,HUN,2022,population,9605074,"World Bank, World Development Indicators (SP.POP.TOTL), sourced from UN World Population Prospects and national statistical offices",https://api.worldbank.org/v2/country/all/indicator/SP.POP.TOTL,"Total resident population, mid-year estimate. Retrieved via World Bank API, August 2026.",yes,worldbank_api
India,IND,2010,foreign_born,5601237,UN DESA International Migrant Stock (World Bank indicator SM.POP.TOTL),https://api.worldbank.org/v2/country/CHN;IND;PHL;RUS;ZAF;SUR;THA/indicator/SM.POP.TOTL?format=json&date=2010:2022&per_page=200,"UN estimate (not annual); mid-year benchmark year only; retrieved from World Bank mirror of UN DESA International Migrant Stock, accessed 2026-08",yes,nonoecd_stock.csv
India,IND,2011,foreign_born,5490000,"Chandrasekhar S. and Sharma A., Migration in India: trends and characteristics, Demography India Vol. 51 No. 1 (2022) pp.160-175 (Census of India 2011 place-of-birth data)",https://iasp.ac.in/uploads/journal/10.%20Migration%20in%20India%20trends%20and%20characteristics-1669206793.pdf,"Census (Census of India 2011, place-of-birth / D-series tables), reference date 1 Mar 2011; value as published is rounded to the nearest thousand (5490 thousand; 2513 thousand male, 2977 thousand female = 0.44 per cent of population); no exact unit-level figure could be verified from censusindia.gov.in; India has no 2021 census (postponed), so no national 2021 benchmark exists",yes,nonoecd_stock.csv
India,IND,2015,foreign_born,5252296,UN DESA International Migrant Stock (World Bank indicator SM.POP.TOTL),https://api.worldbank.org/v2/country/CHN;IND;PHL;RUS;ZAF;SUR;THA/indicator/SM.POP.TOTL?format=json&date=2010:2022&per_page=200,"UN estimate (not annual); mid-year benchmark year only; retrieved from World Bank mirror of UN DESA International Migrant Stock, accessed 2026-08",yes,nonoecd_stock.csv
India,IND,2020,foreign_born,4929816,UN DESA International Migrant Stock (World Bank indicator SM.POP.TOTL),https://api.worldbank.org/v2/country/CHN;IND;PHL;RUS;ZAF;SUR;THA/indicator/SM.POP.TOTL?format=json&date=2010:2022&per_page=200,"UN estimate (not annual); mid-year benchmark year only; retrieved from World Bank mirror of UN DESA International Migrant Stock, accessed 2026-08",yes,nonoecd_stock.csv
India,IND,2010,population,1243481564,"World Bank, World Development Indicators (SP.POP.TOTL), sourced from UN World Population Prospects and national statistical offices",https://api.worldbank.org/v2/country/all/indicator/SP.POP.TOTL,"Total resident population, mid-year estimate. Retrieved via World Bank API, August 2026.",yes,worldbank_api
India,IND,2011,population,1261224954,"World Bank, World Development Indicators (SP.POP.TOTL), sourced from UN World Population Prospects and national statistical offices",https://api.worldbank.org/v2/country/all/indicator/SP.POP.TOTL,"Total resident population, mid-year estimate. Retrieved via World Bank API, August 2026.",yes,worldbank_api
India,IND,2012,population,1278674502,"World Bank, World Development Indicators (SP.POP.TOTL), sourced from UN World Population Prospects and national statistical offices",https://api.worldbank.org/v2/country/all/indicator/SP.POP.TOTL,"Total resident population, mid-year estimate. Retrieved via World Bank API, August 2026.",yes,worldbank_api
India,IND,2013,population,1295829511,"World Bank, World Development Indicators (SP.POP.TOTL), sourced from UN World Population Prospects and national statistical offices",https://api.worldbank.org/v2/country/all/indicator/SP.POP.TOTL,"Total resident population, mid-year estimate. Retrieved via World Bank API, August 2026.",yes,worldbank_api
India,IND,2014,population,1312277191,"World Bank, World Development Indicators (SP.POP.TOTL), sourced from UN World Population Prospects and national statistical offices",https://api.worldbank.org/v2/country/all/indicator/SP.POP.TOTL,"Total resident population, mid-year estimate. Retrieved via World Bank API, August 2026.",yes,worldbank_api
India,IND,2015,population,1328024498,"World Bank, World Development Indicators (SP.POP.TOTL), sourced from UN World Population Prospects and national statistical offices",https://api.worldbank.org/v2/country/all/indicator/SP.POP.TOTL,"Total resident population, mid-year estimate. Retrieved via World Bank API, August 2026.",yes,worldbank_api
India,IND,2016,population,1343944296,"World Bank, World Development Indicators (SP.POP.TOTL), sourced from UN World Population Prospects and national statistical offices",https://api.worldbank.org/v2/country/all/indicator/SP.POP.TOTL,"Total resident population, mid-year estimate. Retrieved via World Bank API, August 2026.",yes,worldbank_api
India,IND,2017,population,1359657400,"World Bank, World Development Indicators (SP.POP.TOTL), sourced from UN World Population Prospects and national statistical offices",https://api.worldbank.org/v2/country/all/indicator/SP.POP.TOTL,"Total resident population, mid-year estimate. Retrieved via World Bank API, August 2026.",yes,worldbank_api
India,IND,2018,population,1374659064,"World Bank, World Development Indicators (SP.POP.TOTL), sourced from UN World Population Prospects and national statistical offices",https://api.worldbank.org/v2/country/all/indicator/SP.POP.TOTL,"Total resident population, mid-year estimate. Retrieved via World Bank API, August 2026.",yes,worldbank_api
India,IND,2019,population,1389030312,"World Bank, World Development Indicators (SP.POP.TOTL), sourced from UN World Population Prospects and national statistical offices",https://api.worldbank.org/v2/country/all/indicator/SP.POP.TOTL,"Total resident population, mid-year estimate. Retrieved via World Bank API, August 2026.",yes,worldbank_api
India,IND,2020,population,1402617695,"World Bank, World Development Indicators (SP.POP.TOTL), sourced from UN World Population Prospects and national statistical offices",https://api.worldbank.org/v2/country/all/indicator/SP.POP.TOTL,"Total resident population, mid-year estimate. Retrieved via World Bank API, August 2026.",yes,worldbank_api
India,IND,2021,population,1414203896,"World Bank, World Development Indicators (SP.POP.TOTL), sourced from UN World Population Prospects and national statistical offices",https://api.worldbank.org/v2/country/all/indicator/SP.POP.TOTL,"Total resident population, mid-year estimate. Retrieved via World Bank API, August 2026.",yes,worldbank_api
India,IND,2022,population,1425423212,"World Bank, World Development Indicators (SP.POP.TOTL), sourced from UN World Population Prospects and national statistical offices",https://api.worldbank.org/v2/country/all/indicator/SP.POP.TOTL,"Total resident population, mid-year estimate. Retrieved via World Bank API, August 2026.",yes,worldbank_api
Iceland,ISL,2010,foreign_born,35091,Eurostat [migr_pop3ctb],https://ec.europa.eu/eurostat/api/dissemination/statistics/1.0/data/migr_pop3ctb?format=JSON&lang=EN&geo=IS&age=TOTAL&sex=T&unit=NR&c_birth=FOR&sinceTimePeriod=2010&untilTimePeriod=2022,stock at 1 Jan; c_birth=FOR (born in a foreign country),yes,eu_stock.csv
Iceland,ISL,2011,foreign_born,34650,Eurostat [migr_pop3ctb],https://ec.europa.eu/eurostat/api/dissemination/statistics/1.0/data/migr_pop3ctb?format=JSON&lang=EN&geo=IS&age=TOTAL&sex=T&unit=NR&c_birth=FOR&sinceTimePeriod=2010&untilTimePeriod=2022,stock at 1 Jan; c_birth=FOR (born in a foreign country),yes,eu_stock.csv
Iceland,ISL,2012,foreign_born,34550,Eurostat [migr_pop3ctb],https://ec.europa.eu/eurostat/api/dissemination/statistics/1.0/data/migr_pop3ctb?format=JSON&lang=EN&geo=IS&age=TOTAL&sex=T&unit=NR&c_birth=FOR&sinceTimePeriod=2010&untilTimePeriod=2022,stock at 1 Jan; c_birth=FOR (born in a foreign country),yes,eu_stock.csv
Iceland,ISL,2013,foreign_born,35319,Eurostat [migr_pop3ctb],https://ec.europa.eu/eurostat/api/dissemination/statistics/1.0/data/migr_pop3ctb?format=JSON&lang=EN&geo=IS&age=TOTAL&sex=T&unit=NR&c_birth=FOR&sinceTimePeriod=2010&untilTimePeriod=2022,stock at 1 Jan; c_birth=FOR (born in a foreign country),yes,eu_stock.csv
Iceland,ISL,2014,foreign_born,37116,Eurostat [migr_pop3ctb],https://ec.europa.eu/eurostat/api/dissemination/statistics/1.0/data/migr_pop3ctb?format=JSON&lang=EN&geo=IS&age=TOTAL&sex=T&unit=NR&c_birth=FOR&sinceTimePeriod=2010&untilTimePeriod=2022,stock at 1 Jan; c_birth=FOR (born in a foreign country),yes,eu_stock.csv
Iceland,ISL,2015,foreign_born,39072,Eurostat [migr_pop3ctb],https://ec.europa.eu/eurostat/api/dissemination/statistics/1.0/data/migr_pop3ctb?format=JSON&lang=EN&geo=IS&age=TOTAL&sex=T&unit=NR&c_birth=FOR&sinceTimePeriod=2010&untilTimePeriod=2022,stock at 1 Jan; c_birth=FOR (born in a foreign country),yes,eu_stock.csv
Iceland,ISL,2016,foreign_born,41853,Eurostat [migr_pop3ctb],https://ec.europa.eu/eurostat/api/dissemination/statistics/1.0/data/migr_pop3ctb?format=JSON&lang=EN&geo=IS&age=TOTAL&sex=T&unit=NR&c_birth=FOR&sinceTimePeriod=2010&untilTimePeriod=2022,stock at 1 Jan; c_birth=FOR (born in a foreign country),yes,eu_stock.csv
Iceland,ISL,2017,foreign_born,46080,Eurostat [migr_pop3ctb],https://ec.europa.eu/eurostat/api/dissemination/statistics/1.0/data/migr_pop3ctb?format=JSON&lang=EN&geo=IS&age=TOTAL&sex=T&unit=NR&c_birth=FOR&sinceTimePeriod=2010&untilTimePeriod=2022,stock at 1 Jan; c_birth=FOR (born in a foreign country),yes,eu_stock.csv
Iceland,ISL,2018,foreign_born,53540,Eurostat [migr_pop3ctb],https://ec.europa.eu/eurostat/api/dissemination/statistics/1.0/data/migr_pop3ctb?format=JSON&lang=EN&geo=IS&age=TOTAL&sex=T&unit=NR&c_birth=FOR&sinceTimePeriod=2010&untilTimePeriod=2022,stock at 1 Jan; c_birth=FOR (born in a foreign country),yes,eu_stock.csv
Iceland,ISL,2019,foreign_born,59999,Eurostat [migr_pop3ctb],https://ec.europa.eu/eurostat/api/dissemination/statistics/1.0/data/migr_pop3ctb?format=JSON&lang=EN&geo=IS&age=TOTAL&sex=T&unit=NR&c_birth=FOR&sinceTimePeriod=2010&untilTimePeriod=2022,stock at 1 Jan; c_birth=FOR (born in a foreign country),yes,eu_stock.csv
Iceland,ISL,2020,foreign_born,65205,Eurostat [migr_pop3ctb],https://ec.europa.eu/eurostat/api/dissemination/statistics/1.0/data/migr_pop3ctb?format=JSON&lang=EN&geo=IS&age=TOTAL&sex=T&unit=NR&c_birth=FOR&sinceTimePeriod=2010&untilTimePeriod=2022,stock at 1 Jan; c_birth=FOR (born in a foreign country),yes,eu_stock.csv
Iceland,ISL,2021,foreign_born,67438,Eurostat [migr_pop3ctb],https://ec.europa.eu/eurostat/api/dissemination/statistics/1.0/data/migr_pop3ctb?format=JSON&lang=EN&geo=IS&age=TOTAL&sex=T&unit=NR&c_birth=FOR&sinceTimePeriod=2010&untilTimePeriod=2022,stock at 1 Jan; c_birth=FOR (born in a foreign country),yes,eu_stock.csv
Iceland,ISL,2022,foreign_born,71767,Eurostat [migr_pop3ctb],https://ec.europa.eu/eurostat/api/dissemination/statistics/1.0/data/migr_pop3ctb?format=JSON&lang=EN&geo=IS&age=TOTAL&sex=T&unit=NR&c_birth=FOR&sinceTimePeriod=2010&untilTimePeriod=2022,stock at 1 Jan; c_birth=FOR (born in a foreign country),yes,eu_stock.csv
Iceland,ISL,2010,foreign_nationals,21701,Eurostat [migr_pop1ctz],https://ec.europa.eu/eurostat/api/dissemination/statistics/1.0/data/migr_pop1ctz?format=JSON&lang=EN&geo=IS&age=TOTAL&sex=T&unit=NR&citizen=FOR_STLS&sinceTimePeriod=2010&untilTimePeriod=2022,stock at 1 Jan; citizen=FOR_STLS (foreign citizens incl. stateless),yes,eu_stock.csv
Iceland,ISL,2011,foreign_nationals,21143,Eurostat [migr_pop1ctz],https://ec.europa.eu/eurostat/api/dissemination/statistics/1.0/data/migr_pop1ctz?format=JSON&lang=EN&geo=IS&age=TOTAL&sex=T&unit=NR&citizen=FOR_STLS&sinceTimePeriod=2010&untilTimePeriod=2022,stock at 1 Jan; citizen=FOR_STLS (foreign citizens incl. stateless),yes,eu_stock.csv
Iceland,ISL,2012,foreign_nationals,20957,Eurostat [migr_pop1ctz],https://ec.europa.eu/eurostat/api/dissemination/statistics/1.0/data/migr_pop1ctz?format=JSON&lang=EN&geo=IS&age=TOTAL&sex=T&unit=NR&citizen=FOR_STLS&sinceTimePeriod=2010&untilTimePeriod=2022,stock at 1 Jan; citizen=FOR_STLS (foreign citizens incl. stateless),yes,eu_stock.csv
Iceland,ISL,2013,foreign_nationals,21446,Eurostat [migr_pop1ctz],https://ec.europa.eu/eurostat/api/dissemination/statistics/1.0/data/migr_pop1ctz?format=JSON&lang=EN&geo=IS&age=TOTAL&sex=T&unit=NR&citizen=FOR_STLS&sinceTimePeriod=2010&untilTimePeriod=2022,stock at 1 Jan; citizen=FOR_STLS (foreign citizens incl. stateless),yes,eu_stock.csv
Iceland,ISL,2014,foreign_nationals,22744,Eurostat [migr_pop1ctz],https://ec.europa.eu/eurostat/api/dissemination/statistics/1.0/data/migr_pop1ctz?format=JSON&lang=EN&geo=IS&age=TOTAL&sex=T&unit=NR&citizen=FOR_STLS&sinceTimePeriod=2010&untilTimePeriod=2022,stock at 1 Jan; citizen=FOR_STLS (foreign citizens incl. stateless),yes,eu_stock.csv
Iceland,ISL,2015,foreign_nationals,24294,Eurostat [migr_pop1ctz],https://ec.europa.eu/eurostat/api/dissemination/statistics/1.0/data/migr_pop1ctz?format=JSON&lang=EN&geo=IS&age=TOTAL&sex=T&unit=NR&citizen=FOR_STLS&sinceTimePeriod=2010&untilTimePeriod=2022,stock at 1 Jan; citizen=FOR_STLS (foreign citizens incl. stateless),yes,eu_stock.csv
Iceland,ISL,2016,foreign_nationals,26485,Eurostat [migr_pop1ctz],https://ec.europa.eu/eurostat/api/dissemination/statistics/1.0/data/migr_pop1ctz?format=JSON&lang=EN&geo=IS&age=TOTAL&sex=T&unit=NR&citizen=FOR_STLS&sinceTimePeriod=2010&untilTimePeriod=2022,stock at 1 Jan; citizen=FOR_STLS (foreign citizens incl. stateless),yes,eu_stock.csv
Iceland,ISL,2017,foreign_nationals,30275,Eurostat [migr_pop1ctz],https://ec.europa.eu/eurostat/api/dissemination/statistics/1.0/data/migr_pop1ctz?format=JSON&lang=EN&geo=IS&age=TOTAL&sex=T&unit=NR&citizen=FOR_STLS&sinceTimePeriod=2010&untilTimePeriod=2022,stock at 1 Jan; citizen=FOR_STLS (foreign citizens incl. stateless),yes,eu_stock.csv
Iceland,ISL,2018,foreign_nationals,37830,Eurostat [migr_pop1ctz],https://ec.europa.eu/eurostat/api/dissemination/statistics/1.0/data/migr_pop1ctz?format=JSON&lang=EN&geo=IS&age=TOTAL&sex=T&unit=NR&citizen=FOR_STLS&sinceTimePeriod=2010&untilTimePeriod=2022,stock at 1 Jan; citizen=FOR_STLS (foreign citizens incl. stateless),yes,eu_stock.csv
Iceland,ISL,2019,foreign_nationals,44269,Eurostat [migr_pop1ctz],https://ec.europa.eu/eurostat/api/dissemination/statistics/1.0/data/migr_pop1ctz?format=JSON&lang=EN&geo=IS&age=TOTAL&sex=T&unit=NR&citizen=FOR_STLS&sinceTimePeriod=2010&untilTimePeriod=2022,stock at 1 Jan; citizen=FOR_STLS (foreign citizens incl. stateless),yes,eu_stock.csv
Iceland,ISL,2020,foreign_nationals,49391,Eurostat [migr_pop1ctz],https://ec.europa.eu/eurostat/api/dissemination/statistics/1.0/data/migr_pop1ctz?format=JSON&lang=EN&geo=IS&age=TOTAL&sex=T&unit=NR&citizen=FOR_STLS&sinceTimePeriod=2010&untilTimePeriod=2022,stock at 1 Jan; citizen=FOR_STLS (foreign citizens incl. stateless),yes,eu_stock.csv
Iceland,ISL,2021,foreign_nationals,51283,Eurostat [migr_pop1ctz],https://ec.europa.eu/eurostat/api/dissemination/statistics/1.0/data/migr_pop1ctz?format=JSON&lang=EN&geo=IS&age=TOTAL&sex=T&unit=NR&citizen=FOR_STLS&sinceTimePeriod=2010&untilTimePeriod=2022,stock at 1 Jan; citizen=FOR_STLS (foreign citizens incl. stateless),yes,eu_stock.csv
Iceland,ISL,2022,foreign_nationals,54959,Eurostat [migr_pop1ctz],https://ec.europa.eu/eurostat/api/dissemination/statistics/1.0/data/migr_pop1ctz?format=JSON&lang=EN&geo=IS&age=TOTAL&sex=T&unit=NR&citizen=FOR_STLS&sinceTimePeriod=2010&untilTimePeriod=2022,stock at 1 Jan; citizen=FOR_STLS (foreign citizens incl. stateless),yes,eu_stock.csv
Iceland,ISL,2016,irregular_proxy_detections,30,"Eurostat, Third country nationals found to be illegally present (migr_eipre)",https://ec.europa.eu/eurostat/databrowser/view/migr_eipre/default/table,"Eurostat enforcement statistic - annual flow of detections, NOT a stock. Dataset migr_eipre, dimensions freq=A citizen=TOTAL reason=TOTAL apprehen=TOTAL sex=T age=TOTAL unit=PER. Rounded to nearest 5 by Eurostat. Iceland reports only sporadically; most years are not available in migr_eipre.",yes,irregular_eu.csv
Iceland,ISL,2017,irregular_proxy_detections,15,"Eurostat, Third country nationals found to be illegally present (migr_eipre)",https://ec.europa.eu/eurostat/databrowser/view/migr_eipre/default/table,"Eurostat enforcement statistic - annual flow of detections, NOT a stock. Dataset migr_eipre, dimensions freq=A citizen=TOTAL reason=TOTAL apprehen=TOTAL sex=T age=TOTAL unit=PER. Rounded to nearest 5 by Eurostat. Iceland reports only sporadically; most years are not available in migr_eipre.",yes,irregular_eu.csv
Iceland,ISL,2019,irregular_proxy_detections,110,"Eurostat, Third country nationals found to be illegally present (migr_eipre)",https://ec.europa.eu/eurostat/databrowser/view/migr_eipre/default/table,"Eurostat enforcement statistic - annual flow of detections, NOT a stock. Dataset migr_eipre, dimensions freq=A citizen=TOTAL reason=TOTAL apprehen=TOTAL sex=T age=TOTAL unit=PER. Rounded to nearest 5 by Eurostat. Iceland reports only sporadically; most years are not available in migr_eipre.",yes,irregular_eu.csv
Iceland,ISL,2021,irregular_proxy_detections,130,"Eurostat, Third country nationals found to be illegally present (migr_eipre)",https://ec.europa.eu/eurostat/databrowser/view/migr_eipre/default/table,"Eurostat enforcement statistic - annual flow of detections, NOT a stock. VERIFIED DIRECTLY against the Eurostat API; Iceland reports only 2016 (30), 2017 (15), 2019 (110) and 2021 (130). Added after an initial extraction missed 2021.",yes,from_other_file.csv
Iceland,ISL,2010,population,318041,"World Bank, World Development Indicators (SP.POP.TOTL), sourced from UN World Population Prospects and national statistical offices",https://api.worldbank.org/v2/country/all/indicator/SP.POP.TOTL,"Total resident population, mid-year estimate. Retrieved via World Bank API, August 2026.",yes,worldbank_api
Iceland,ISL,2011,population,319014,"World Bank, World Development Indicators (SP.POP.TOTL), sourced from UN World Population Prospects and national statistical offices",https://api.worldbank.org/v2/country/all/indicator/SP.POP.TOTL,"Total resident population, mid-year estimate. Retrieved via World Bank API, August 2026.",yes,worldbank_api
Iceland,ISL,2012,population,320716,"World Bank, World Development Indicators (SP.POP.TOTL), sourced from UN World Population Prospects and national statistical offices",https://api.worldbank.org/v2/country/all/indicator/SP.POP.TOTL,"Total resident population, mid-year estimate. Retrieved via World Bank API, August 2026.",yes,worldbank_api
Iceland,ISL,2013,population,323764,"World Bank, World Development Indicators (SP.POP.TOTL), sourced from UN World Population Prospects and national statistical offices",https://api.worldbank.org/v2/country/all/indicator/SP.POP.TOTL,"Total resident population, mid-year estimate. Retrieved via World Bank API, August 2026.",yes,worldbank_api
Iceland,ISL,2014,population,327386,"World Bank, World Development Indicators (SP.POP.TOTL), sourced from UN World Population Prospects and national statistical offices",https://api.worldbank.org/v2/country/all/indicator/SP.POP.TOTL,"Total resident population, mid-year estimate. Retrieved via World Bank API, August 2026.",yes,worldbank_api
Iceland,ISL,2015,population,330815,"World Bank, World Development Indicators (SP.POP.TOTL), sourced from UN World Population Prospects and national statistical offices",https://api.worldbank.org/v2/country/all/indicator/SP.POP.TOTL,"Total resident population, mid-year estimate. Retrieved via World Bank API, August 2026.",yes,worldbank_api
Iceland,ISL,2016,population,335439,"World Bank, World Development Indicators (SP.POP.TOTL), sourced from UN World Population Prospects and national statistical offices",https://api.worldbank.org/v2/country/all/indicator/SP.POP.TOTL,"Total resident population, mid-year estimate. Retrieved via World Bank API, August 2026.",yes,worldbank_api
Iceland,ISL,2017,population,343400,"World Bank, World Development Indicators (SP.POP.TOTL), sourced from UN World Population Prospects and national statistical offices",https://api.worldbank.org/v2/country/all/indicator/SP.POP.TOTL,"Total resident population, mid-year estimate. Retrieved via World Bank API, August 2026.",yes,worldbank_api
Iceland,ISL,2018,population,352721,"World Bank, World Development Indicators (SP.POP.TOTL), sourced from UN World Population Prospects and national statistical offices",https://api.worldbank.org/v2/country/all/indicator/SP.POP.TOTL,"Total resident population, mid-year estimate. Retrieved via World Bank API, August 2026.",yes,worldbank_api
Iceland,ISL,2019,population,360563,"World Bank, World Development Indicators (SP.POP.TOTL), sourced from UN World Population Prospects and national statistical offices",https://api.worldbank.org/v2/country/all/indicator/SP.POP.TOTL,"Total resident population, mid-year estimate. Retrieved via World Bank API, August 2026.",yes,worldbank_api
Iceland,ISL,2020,population,366463,"World Bank, World Development Indicators (SP.POP.TOTL), sourced from UN World Population Prospects and national statistical offices",https://api.worldbank.org/v2/country/all/indicator/SP.POP.TOTL,"Total resident population, mid-year estimate. Retrieved via World Bank API, August 2026.",yes,worldbank_api
Iceland,ISL,2021,population,372520,"World Bank, World Development Indicators (SP.POP.TOTL), sourced from UN World Population Prospects and national statistical offices",https://api.worldbank.org/v2/country/all/indicator/SP.POP.TOTL,"Total resident population, mid-year estimate. Retrieved via World Bank API, August 2026.",yes,worldbank_api
Iceland,ISL,2022,population,382003,"World Bank, World Development Indicators (SP.POP.TOTL), sourced from UN World Population Prospects and national statistical offices",https://api.worldbank.org/v2/country/all/indicator/SP.POP.TOTL,"Total resident population, mid-year estimate. Retrieved via World Bank API, August 2026.",yes,worldbank_api
Israel,ISR,2010,foreign_born,1877700,"OECD International Migration Database (stocks of foreign-born population, measure B14)","https://sdmx.oecd.org/public/rest/data/OECD.ELS.IMD,DSD_MIG_F@DF_MIG_POPF,1.0/ISR.W.A.B14._T._Z._Z.PS?startPeriod=2010&endPeriod=2022&format=jsondata&dimensionAtObservation=AllDimensions",Population born abroad; OECD IMD series sourced from Israel CBS. Reference date 31 December. Figures for 2010-2015 are rounded by the source to the nearest 100 or 1000.,yes,noneu_stock.csv
Israel,ISR,2011,foreign_born,1869000,"OECD International Migration Database (stocks of foreign-born population, measure B14)","https://sdmx.oecd.org/public/rest/data/OECD.ELS.IMD,DSD_MIG_F@DF_MIG_POPF,1.0/ISR.W.A.B14._T._Z._Z.PS?startPeriod=2010&endPeriod=2022&format=jsondata&dimensionAtObservation=AllDimensions",Population born abroad; OECD IMD series sourced from Israel CBS. Reference date 31 December. Figures for 2010-2015 are rounded by the source to the nearest 100 or 1000.,yes,noneu_stock.csv
Israel,ISR,2012,foreign_born,1850000,"OECD International Migration Database (stocks of foreign-born population, measure B14)","https://sdmx.oecd.org/public/rest/data/OECD.ELS.IMD,DSD_MIG_F@DF_MIG_POPF,1.0/ISR.W.A.B14._T._Z._Z.PS?startPeriod=2010&endPeriod=2022&format=jsondata&dimensionAtObservation=AllDimensions",Population born abroad; OECD IMD series sourced from Israel CBS. Reference date 31 December. Figures for 2010-2015 are rounded by the source to the nearest 100 or 1000.,yes,noneu_stock.csv
Israel,ISR,2013,foreign_born,1835000,"OECD International Migration Database (stocks of foreign-born population, measure B14)","https://sdmx.oecd.org/public/rest/data/OECD.ELS.IMD,DSD_MIG_F@DF_MIG_POPF,1.0/ISR.W.A.B14._T._Z._Z.PS?startPeriod=2010&endPeriod=2022&format=jsondata&dimensionAtObservation=AllDimensions",Population born abroad; OECD IMD series sourced from Israel CBS. Reference date 31 December. Figures for 2010-2015 are rounded by the source to the nearest 100 or 1000.,yes,noneu_stock.csv
Israel,ISR,2014,foreign_born,1821000,"OECD International Migration Database (stocks of foreign-born population, measure B14)","https://sdmx.oecd.org/public/rest/data/OECD.ELS.IMD,DSD_MIG_F@DF_MIG_POPF,1.0/ISR.W.A.B14._T._Z._Z.PS?startPeriod=2010&endPeriod=2022&format=jsondata&dimensionAtObservation=AllDimensions",Population born abroad; OECD IMD series sourced from Israel CBS. Reference date 31 December. Figures for 2010-2015 are rounded by the source to the nearest 100 or 1000.,yes,noneu_stock.csv
Israel,ISR,2015,foreign_born,1817000,"OECD International Migration Database (stocks of foreign-born population, measure B14)","https://sdmx.oecd.org/public/rest/data/OECD.ELS.IMD,DSD_MIG_F@DF_MIG_POPF,1.0/ISR.W.A.B14._T._Z._Z.PS?startPeriod=2010&endPeriod=2022&format=jsondata&dimensionAtObservation=AllDimensions",Population born abroad; OECD IMD series sourced from Israel CBS. Reference date 31 December. Figures for 2010-2015 are rounded by the source to the nearest 100 or 1000.,yes,noneu_stock.csv
Israel,ISR,2016,foreign_born,1817500,"OECD International Migration Database (stocks of foreign-born population, measure B14)","https://sdmx.oecd.org/public/rest/data/OECD.ELS.IMD,DSD_MIG_F@DF_MIG_POPF,1.0/ISR.W.A.B14._T._Z._Z.PS?startPeriod=2010&endPeriod=2022&format=jsondata&dimensionAtObservation=AllDimensions",Population born abroad; OECD IMD series sourced from Israel CBS. Reference date 31 December. Figures for 2010-2015 are rounded by the source to the nearest 100 or 1000.,yes,noneu_stock.csv
Israel,ISR,2017,foreign_born,1812420,"OECD International Migration Database (stocks of foreign-born population, measure B14)","https://sdmx.oecd.org/public/rest/data/OECD.ELS.IMD,DSD_MIG_F@DF_MIG_POPF,1.0/ISR.W.A.B14._T._Z._Z.PS?startPeriod=2010&endPeriod=2022&format=jsondata&dimensionAtObservation=AllDimensions",Population born abroad; OECD IMD series sourced from Israel CBS. Reference date 31 December. Figures for 2010-2015 are rounded by the source to the nearest 100 or 1000.,yes,noneu_stock.csv
Israel,ISR,2018,foreign_born,1811240,"OECD International Migration Database (stocks of foreign-born population, measure B14)","https://sdmx.oecd.org/public/rest/data/OECD.ELS.IMD,DSD_MIG_F@DF_MIG_POPF,1.0/ISR.W.A.B14._T._Z._Z.PS?startPeriod=2010&endPeriod=2022&format=jsondata&dimensionAtObservation=AllDimensions",Population born abroad; OECD IMD series sourced from Israel CBS. Reference date 31 December. Figures for 2010-2015 are rounded by the source to the nearest 100 or 1000.,yes,noneu_stock.csv
Israel,ISR,2019,foreign_born,1808920,"OECD International Migration Database (stocks of foreign-born population, measure B14)","https://sdmx.oecd.org/public/rest/data/OECD.ELS.IMD,DSD_MIG_F@DF_MIG_POPF,1.0/ISR.W.A.B14._T._Z._Z.PS?startPeriod=2010&endPeriod=2022&format=jsondata&dimensionAtObservation=AllDimensions",Population born abroad; OECD IMD series sourced from Israel CBS. Reference date 31 December. Figures for 2010-2015 are rounded by the source to the nearest 100 or 1000.,yes,noneu_stock.csv
Israel,ISR,2020,foreign_born,1812180,"OECD International Migration Database (stocks of foreign-born population, measure B14)","https://sdmx.oecd.org/public/rest/data/OECD.ELS.IMD,DSD_MIG_F@DF_MIG_POPF,1.0/ISR.W.A.B14._T._Z._Z.PS?startPeriod=2010&endPeriod=2022&format=jsondata&dimensionAtObservation=AllDimensions",Population born abroad; OECD IMD series sourced from Israel CBS. Reference date 31 December. Figures for 2010-2015 are rounded by the source to the nearest 100 or 1000.,yes,noneu_stock.csv
Israel,ISR,2021,foreign_born,1797300,"OECD International Migration Database (stocks of foreign-born population, measure B14)","https://sdmx.oecd.org/public/rest/data/OECD.ELS.IMD,DSD_MIG_F@DF_MIG_POPF,1.0/ISR.W.A.B14._T._Z._Z.PS?startPeriod=2010&endPeriod=2022&format=jsondata&dimensionAtObservation=AllDimensions",Population born abroad; OECD IMD series sourced from Israel CBS. Reference date 31 December. Figures for 2010-2015 are rounded by the source to the nearest 100 or 1000.,yes,noneu_stock.csv
Israel,ISR,2022,foreign_born,1792880,"OECD International Migration Database (stocks of foreign-born population, measure B14)","https://sdmx.oecd.org/public/rest/data/OECD.ELS.IMD,DSD_MIG_F@DF_MIG_POPF,1.0/ISR.W.A.B14._T._Z._Z.PS?startPeriod=2010&endPeriod=2022&format=jsondata&dimensionAtObservation=AllDimensions",Population born abroad; OECD IMD series sourced from Israel CBS. Reference date 31 December. Figures for 2010-2015 are rounded by the source to the nearest 100 or 1000.,yes,noneu_stock.csv
Israel,ISR,2020,irregular_stock,30100,"Israel Population and Immigration Authority (רשות האוכלוסין וההגירה), Foreigners in Israel (נתוני זרים בישראל), Q1 2022",https://www.gov.il/BlobFolder/generalpage/foreign_workers_stats/he/zarim_2022_q1.pdf,"Reference date end of 2020. Administrative register count of persons who entered Israel as tourists and remained without a valid permit; published as '30.1 thousand'. Excludes infiltrators and lapsed foreign workers, which PIBA counts separately.",yes,irregular_row.csv
Israel,ISR,2022,irregular_stock,26798,"Israel Population and Immigration Authority (רשות האוכלוסין וההגירה), Foreigners in Israel (נתוני זרים בישראל), Q1 2022",https://www.gov.il/BlobFolder/generalpage/foreign_workers_stats/he/zarim_2022_q1.pdf,"Reference date 31 March 2022. Administrative register count of 'infiltrators' (מסתננים) resident in Israel, i.e. persons who entered irregularly via the Egyptian border; 76% Eritrean, 14% Sudanese. Separate PIBA category from tourist overstayers and lapsed workers.",yes,irregular_row.csv
Israel,ISR,2022,irregular_stock,22571,"Israel Population and Immigration Authority (רשות האוכלוסין וההגירה), Foreigners in Israel (נתוני זרים בישראל), Q1 2022",https://www.gov.il/BlobFolder/generalpage/foreign_workers_stats/he/zarim_2022_q1.pdf,Reference date 31 March 2022. Administrative register count of foreign workers without valid status (עובדים זרים ללא היתר). Separate PIBA category; not additive with the infiltrator or tourist-overstayer rows without double-counting checks.,no,irregular_row.csv
Israel,ISR,2010,population,7623600,"World Bank, World Development Indicators (SP.POP.TOTL), sourced from UN World Population Prospects and national statistical offices",https://api.worldbank.org/v2/country/all/indicator/SP.POP.TOTL,"Total resident population, mid-year estimate. Retrieved via World Bank API, August 2026.",yes,worldbank_api
Israel,ISR,2011,population,7765800,"World Bank, World Development Indicators (SP.POP.TOTL), sourced from UN World Population Prospects and national statistical offices",https://api.worldbank.org/v2/country/all/indicator/SP.POP.TOTL,"Total resident population, mid-year estimate. Retrieved via World Bank API, August 2026.",yes,worldbank_api
Israel,ISR,2012,population,7910500,"World Bank, World Development Indicators (SP.POP.TOTL), sourced from UN World Population Prospects and national statistical offices",https://api.worldbank.org/v2/country/all/indicator/SP.POP.TOTL,"Total resident population, mid-year estimate. Retrieved via World Bank API, August 2026.",yes,worldbank_api
Israel,ISR,2013,population,8059500,"World Bank, World Development Indicators (SP.POP.TOTL), sourced from UN World Population Prospects and national statistical offices",https://api.worldbank.org/v2/country/all/indicator/SP.POP.TOTL,"Total resident population, mid-year estimate. Retrieved via World Bank API, August 2026.",yes,worldbank_api
Israel,ISR,2014,population,8215700,"World Bank, World Development Indicators (SP.POP.TOTL), sourced from UN World Population Prospects and national statistical offices",https://api.worldbank.org/v2/country/all/indicator/SP.POP.TOTL,"Total resident population, mid-year estimate. Retrieved via World Bank API, August 2026.",yes,worldbank_api
Israel,ISR,2015,population,8380100,"World Bank, World Development Indicators (SP.POP.TOTL), sourced from UN World Population Prospects and national statistical offices",https://api.worldbank.org/v2/country/all/indicator/SP.POP.TOTL,"Total resident population, mid-year estimate. Retrieved via World Bank API, August 2026.",yes,worldbank_api
Israel,ISR,2016,population,8546000,"World Bank, World Development Indicators (SP.POP.TOTL), sourced from UN World Population Prospects and national statistical offices",https://api.worldbank.org/v2/country/all/indicator/SP.POP.TOTL,"Total resident population, mid-year estimate. Retrieved via World Bank API, August 2026.",yes,worldbank_api
Israel,ISR,2017,population,8713300,"World Bank, World Development Indicators (SP.POP.TOTL), sourced from UN World Population Prospects and national statistical offices",https://api.worldbank.org/v2/country/all/indicator/SP.POP.TOTL,"Total resident population, mid-year estimate. Retrieved via World Bank API, August 2026.",yes,worldbank_api
Israel,ISR,2018,population,8882800,"World Bank, World Development Indicators (SP.POP.TOTL), sourced from UN World Population Prospects and national statistical offices",https://api.worldbank.org/v2/country/all/indicator/SP.POP.TOTL,"Total resident population, mid-year estimate. Retrieved via World Bank API, August 2026.",yes,worldbank_api
Israel,ISR,2019,population,9054000,"World Bank, World Development Indicators (SP.POP.TOTL), sourced from UN World Population Prospects and national statistical offices",https://api.worldbank.org/v2/country/all/indicator/SP.POP.TOTL,"Total resident population, mid-year estimate. Retrieved via World Bank API, August 2026.",yes,worldbank_api
Israel,ISR,2020,population,9215100,"World Bank, World Development Indicators (SP.POP.TOTL), sourced from UN World Population Prospects and national statistical offices",https://api.worldbank.org/v2/country/all/indicator/SP.POP.TOTL,"Total resident population, mid-year estimate. Retrieved via World Bank API, August 2026.",yes,worldbank_api
Israel,ISR,2021,population,9371400,"World Bank, World Development Indicators (SP.POP.TOTL), sourced from UN World Population Prospects and national statistical offices",https://api.worldbank.org/v2/country/all/indicator/SP.POP.TOTL,"Total resident population, mid-year estimate. Retrieved via World Bank API, August 2026.",yes,worldbank_api
Israel,ISR,2022,population,9557500,"World Bank, World Development Indicators (SP.POP.TOTL), sourced from UN World Population Prospects and national statistical offices",https://api.worldbank.org/v2/country/all/indicator/SP.POP.TOTL,"Total resident population, mid-year estimate. Retrieved via World Bank API, August 2026.",yes,worldbank_api
Italy,ITA,2010,foreign_born,4597046,Eurostat [migr_pop3ctb],https://ec.europa.eu/eurostat/api/dissemination/statistics/1.0/data/migr_pop3ctb?format=JSON&lang=EN&geo=IT&age=TOTAL&sex=T&unit=NR&c_birth=FOR&sinceTimePeriod=2010&untilTimePeriod=2022,stock at 1 Jan; c_birth=FOR (born in a foreign country),yes,eu_stock.csv
Italy,ITA,2011,foreign_born,4834495,Eurostat [migr_pop3ctb],https://ec.europa.eu/eurostat/api/dissemination/statistics/1.0/data/migr_pop3ctb?format=JSON&lang=EN&geo=IT&age=TOTAL&sex=T&unit=NR&c_birth=FOR&sinceTimePeriod=2010&untilTimePeriod=2022,stock at 1 Jan; c_birth=FOR (born in a foreign country),yes,eu_stock.csv
Italy,ITA,2012,foreign_born,5022967,Eurostat [migr_pop3ctb],https://ec.europa.eu/eurostat/api/dissemination/statistics/1.0/data/migr_pop3ctb?format=JSON&lang=EN&geo=IT&age=TOTAL&sex=T&unit=NR&c_birth=FOR&sinceTimePeriod=2010&untilTimePeriod=2022,stock at 1 Jan; c_birth=FOR (born in a foreign country),yes,eu_stock.csv
Italy,ITA,2013,foreign_born,5220823,Eurostat [migr_pop3ctb],https://ec.europa.eu/eurostat/api/dissemination/statistics/1.0/data/migr_pop3ctb?format=JSON&lang=EN&geo=IT&age=TOTAL&sex=T&unit=NR&c_birth=FOR&sinceTimePeriod=2010&untilTimePeriod=2022,stock at 1 Jan; c_birth=FOR (born in a foreign country),yes,eu_stock.csv
Italy,ITA,2014,foreign_born,5355018,Eurostat [migr_pop3ctb],https://ec.europa.eu/eurostat/api/dissemination/statistics/1.0/data/migr_pop3ctb?format=JSON&lang=EN&geo=IT&age=TOTAL&sex=T&unit=NR&c_birth=FOR&sinceTimePeriod=2010&untilTimePeriod=2022,stock at 1 Jan; c_birth=FOR (born in a foreign country),yes,eu_stock.csv
Italy,ITA,2015,foreign_born,5383252,Eurostat [migr_pop3ctb],https://ec.europa.eu/eurostat/api/dissemination/statistics/1.0/data/migr_pop3ctb?format=JSON&lang=EN&geo=IT&age=TOTAL&sex=T&unit=NR&c_birth=FOR&sinceTimePeriod=2010&untilTimePeriod=2022,stock at 1 Jan; c_birth=FOR (born in a foreign country),yes,eu_stock.csv
Italy,ITA,2016,foreign_born,5656510,Eurostat [migr_pop3ctb],https://ec.europa.eu/eurostat/api/dissemination/statistics/1.0/data/migr_pop3ctb?format=JSON&lang=EN&geo=IT&age=TOTAL&sex=T&unit=NR&c_birth=FOR&sinceTimePeriod=2010&untilTimePeriod=2022,stock at 1 Jan; c_birth=FOR (born in a foreign country),yes,eu_stock.csv
Italy,ITA,2017,foreign_born,5770263,Eurostat [migr_pop3ctb],https://ec.europa.eu/eurostat/api/dissemination/statistics/1.0/data/migr_pop3ctb?format=JSON&lang=EN&geo=IT&age=TOTAL&sex=T&unit=NR&c_birth=FOR&sinceTimePeriod=2010&untilTimePeriod=2022,stock at 1 Jan; c_birth=FOR (born in a foreign country),yes,eu_stock.csv
Italy,ITA,2018,foreign_born,5888837,Eurostat [migr_pop3ctb],https://ec.europa.eu/eurostat/api/dissemination/statistics/1.0/data/migr_pop3ctb?format=JSON&lang=EN&geo=IT&age=TOTAL&sex=T&unit=NR&c_birth=FOR&sinceTimePeriod=2010&untilTimePeriod=2022,stock at 1 Jan; c_birth=FOR (born in a foreign country),yes,eu_stock.csv
Italy,ITA,2019,foreign_born,6069000,Eurostat [migr_pop3ctb],https://ec.europa.eu/eurostat/api/dissemination/statistics/1.0/data/migr_pop3ctb?format=JSON&lang=EN&geo=IT&age=TOTAL&sex=T&unit=NR&c_birth=FOR&sinceTimePeriod=2010&untilTimePeriod=2022,stock at 1 Jan; c_birth=FOR (born in a foreign country),yes,eu_stock.csv
Italy,ITA,2020,foreign_born,6161391,Eurostat [migr_pop3ctb],https://ec.europa.eu/eurostat/api/dissemination/statistics/1.0/data/migr_pop3ctb?format=JSON&lang=EN&geo=IT&age=TOTAL&sex=T&unit=NR&c_birth=FOR&sinceTimePeriod=2010&untilTimePeriod=2022,stock at 1 Jan; c_birth=FOR (born in a foreign country),yes,eu_stock.csv
Italy,ITA,2021,foreign_born,6262207,Eurostat [migr_pop3ctb],https://ec.europa.eu/eurostat/api/dissemination/statistics/1.0/data/migr_pop3ctb?format=JSON&lang=EN&geo=IT&age=TOTAL&sex=T&unit=NR&c_birth=FOR&sinceTimePeriod=2010&untilTimePeriod=2022,stock at 1 Jan; c_birth=FOR (born in a foreign country),yes,eu_stock.csv
Italy,ITA,2022,foreign_born,6161003,Eurostat [migr_pop3ctb],https://ec.europa.eu/eurostat/api/dissemination/statistics/1.0/data/migr_pop3ctb?format=JSON&lang=EN&geo=IT&age=TOTAL&sex=T&unit=NR&c_birth=FOR&sinceTimePeriod=2010&untilTimePeriod=2022,stock at 1 Jan; c_birth=FOR (born in a foreign country); apparent break in series (population census re-basing),yes,eu_stock.csv
Italy,ITA,2010,foreign_nationals,3836349,Eurostat [migr_pop1ctz],https://ec.europa.eu/eurostat/api/dissemination/statistics/1.0/data/migr_pop1ctz?format=JSON&lang=EN&geo=IT&age=TOTAL&sex=T&unit=NR&citizen=FOR_STLS&sinceTimePeriod=2010&untilTimePeriod=2022,stock at 1 Jan; citizen=FOR_STLS (foreign citizens incl. stateless),yes,eu_stock.csv
Italy,ITA,2011,foreign_nationals,4101335,Eurostat [migr_pop1ctz],https://ec.europa.eu/eurostat/api/dissemination/statistics/1.0/data/migr_pop1ctz?format=JSON&lang=EN&geo=IT&age=TOTAL&sex=T&unit=NR&citizen=FOR_STLS&sinceTimePeriod=2010&untilTimePeriod=2022,stock at 1 Jan; citizen=FOR_STLS (foreign citizens incl. stateless),yes,eu_stock.csv
Italy,ITA,2012,foreign_nationals,4319201,Eurostat [migr_pop1ctz],https://ec.europa.eu/eurostat/api/dissemination/statistics/1.0/data/migr_pop1ctz?format=JSON&lang=EN&geo=IT&age=TOTAL&sex=T&unit=NR&citizen=FOR_STLS&sinceTimePeriod=2010&untilTimePeriod=2022,stock at 1 Jan; citizen=FOR_STLS (foreign citizens incl. stateless),yes,eu_stock.csv
Italy,ITA,2013,foreign_nationals,4610493,Eurostat [migr_pop1ctz],https://ec.europa.eu/eurostat/api/dissemination/statistics/1.0/data/migr_pop1ctz?format=JSON&lang=EN&geo=IT&age=TOTAL&sex=T&unit=NR&citizen=FOR_STLS&sinceTimePeriod=2010&untilTimePeriod=2022,stock at 1 Jan; citizen=FOR_STLS (foreign citizens incl. stateless),yes,eu_stock.csv
Italy,ITA,2014,foreign_nationals,4787166,Eurostat [migr_pop1ctz],https://ec.europa.eu/eurostat/api/dissemination/statistics/1.0/data/migr_pop1ctz?format=JSON&lang=EN&geo=IT&age=TOTAL&sex=T&unit=NR&citizen=FOR_STLS&sinceTimePeriod=2010&untilTimePeriod=2022,stock at 1 Jan; citizen=FOR_STLS (foreign citizens incl. stateless),yes,eu_stock.csv
Italy,ITA,2015,foreign_nationals,4835245,Eurostat [migr_pop1ctz],https://ec.europa.eu/eurostat/api/dissemination/statistics/1.0/data/migr_pop1ctz?format=JSON&lang=EN&geo=IT&age=TOTAL&sex=T&unit=NR&citizen=FOR_STLS&sinceTimePeriod=2010&untilTimePeriod=2022,stock at 1 Jan; citizen=FOR_STLS (foreign citizens incl. stateless),yes,eu_stock.csv
Italy,ITA,2016,foreign_nationals,4831042,Eurostat [migr_pop1ctz],https://ec.europa.eu/eurostat/api/dissemination/statistics/1.0/data/migr_pop1ctz?format=JSON&lang=EN&geo=IT&age=TOTAL&sex=T&unit=NR&citizen=FOR_STLS&sinceTimePeriod=2010&untilTimePeriod=2022,stock at 1 Jan; citizen=FOR_STLS (foreign citizens incl. stateless),yes,eu_stock.csv
Italy,ITA,2017,foreign_nationals,4818633,Eurostat [migr_pop1ctz],https://ec.europa.eu/eurostat/api/dissemination/statistics/1.0/data/migr_pop1ctz?format=JSON&lang=EN&geo=IT&age=TOTAL&sex=T&unit=NR&citizen=FOR_STLS&sinceTimePeriod=2010&untilTimePeriod=2022,stock at 1 Jan; citizen=FOR_STLS (foreign citizens incl. stateless),yes,eu_stock.csv
Italy,ITA,2018,foreign_nationals,4883451,Eurostat [migr_pop1ctz],https://ec.europa.eu/eurostat/api/dissemination/statistics/1.0/data/migr_pop1ctz?format=JSON&lang=EN&geo=IT&age=TOTAL&sex=T&unit=NR&citizen=FOR_STLS&sinceTimePeriod=2010&untilTimePeriod=2022,stock at 1 Jan; citizen=FOR_STLS (foreign citizens incl. stateless),yes,eu_stock.csv
Italy,ITA,2019,foreign_nationals,4996158,Eurostat [migr_pop1ctz],https://ec.europa.eu/eurostat/api/dissemination/statistics/1.0/data/migr_pop1ctz?format=JSON&lang=EN&geo=IT&age=TOTAL&sex=T&unit=NR&citizen=FOR_STLS&sinceTimePeriod=2010&untilTimePeriod=2022,stock at 1 Jan; citizen=FOR_STLS (foreign citizens incl. stateless),yes,eu_stock.csv
Italy,ITA,2020,foreign_nationals,5039637,Eurostat [migr_pop1ctz],https://ec.europa.eu/eurostat/api/dissemination/statistics/1.0/data/migr_pop1ctz?format=JSON&lang=EN&geo=IT&age=TOTAL&sex=T&unit=NR&citizen=FOR_STLS&sinceTimePeriod=2010&untilTimePeriod=2022,stock at 1 Jan; citizen=FOR_STLS (foreign citizens incl. stateless),yes,eu_stock.csv
Italy,ITA,2021,foreign_nationals,5171894,Eurostat [migr_pop1ctz],https://ec.europa.eu/eurostat/api/dissemination/statistics/1.0/data/migr_pop1ctz?format=JSON&lang=EN&geo=IT&age=TOTAL&sex=T&unit=NR&citizen=FOR_STLS&sinceTimePeriod=2010&untilTimePeriod=2022,stock at 1 Jan; citizen=FOR_STLS (foreign citizens incl. stateless),yes,eu_stock.csv
Italy,ITA,2022,foreign_nationals,5030716,Eurostat [migr_pop1ctz],https://ec.europa.eu/eurostat/api/dissemination/statistics/1.0/data/migr_pop1ctz?format=JSON&lang=EN&geo=IT&age=TOTAL&sex=T&unit=NR&citizen=FOR_STLS&sinceTimePeriod=2010&untilTimePeriod=2022,stock at 1 Jan; citizen=FOR_STLS (foreign citizens incl. stateless); apparent break in series (population census re-basing),yes,eu_stock.csv
Italy,ITA,2010,irregular_proxy_detections,46955,"Eurostat, Third country nationals found to be illegally present (migr_eipre)",https://ec.europa.eu/eurostat/databrowser/view/migr_eipre/default/table,"Eurostat enforcement statistic - annual flow of detections, NOT a stock. Dataset migr_eipre, dimensions freq=A citizen=TOTAL reason=TOTAL apprehen=TOTAL sex=T age=TOTAL unit=PER. Rounded to nearest 5 by Eurostat.",yes,irregular_eu.csv
Italy,ITA,2011,irregular_proxy_detections,29505,"Eurostat, Third country nationals found to be illegally present (migr_eipre)",https://ec.europa.eu/eurostat/databrowser/view/migr_eipre/default/table,"Eurostat enforcement statistic - annual flow of detections, NOT a stock. Dataset migr_eipre, dimensions freq=A citizen=TOTAL reason=TOTAL apprehen=TOTAL sex=T age=TOTAL unit=PER. Rounded to nearest 5 by Eurostat.",yes,irregular_eu.csv
Italy,ITA,2012,irregular_proxy_detections,29345,"Eurostat, Third country nationals found to be illegally present (migr_eipre)",https://ec.europa.eu/eurostat/databrowser/view/migr_eipre/default/table,"Eurostat enforcement statistic - annual flow of detections, NOT a stock. Dataset migr_eipre, dimensions freq=A citizen=TOTAL reason=TOTAL apprehen=TOTAL sex=T age=TOTAL unit=PER. Rounded to nearest 5 by Eurostat.",yes,irregular_eu.csv
Italy,ITA,2013,irregular_proxy_detections,23945,"Eurostat, Third country nationals found to be illegally present (migr_eipre)",https://ec.europa.eu/eurostat/databrowser/view/migr_eipre/default/table,"Eurostat enforcement statistic - annual flow of detections, NOT a stock. Dataset migr_eipre, dimensions freq=A citizen=TOTAL reason=TOTAL apprehen=TOTAL sex=T age=TOTAL unit=PER. Rounded to nearest 5 by Eurostat.",yes,irregular_eu.csv
Italy,ITA,2014,irregular_proxy_detections,25300,"Eurostat, Third country nationals found to be illegally present (migr_eipre)",https://ec.europa.eu/eurostat/databrowser/view/migr_eipre/default/table,"Eurostat enforcement statistic - annual flow of detections, NOT a stock. Dataset migr_eipre, dimensions freq=A citizen=TOTAL reason=TOTAL apprehen=TOTAL sex=T age=TOTAL unit=PER. Rounded to nearest 5 by Eurostat.",yes,irregular_eu.csv
Italy,ITA,2015,irregular_proxy_detections,27305,"Eurostat, Third country nationals found to be illegally present (migr_eipre)",https://ec.europa.eu/eurostat/databrowser/view/migr_eipre/default/table,"Eurostat enforcement statistic - annual flow of detections, NOT a stock. Dataset migr_eipre, dimensions freq=A citizen=TOTAL reason=TOTAL apprehen=TOTAL sex=T age=TOTAL unit=PER. Rounded to nearest 5 by Eurostat.",yes,irregular_eu.csv
Italy,ITA,2016,irregular_proxy_detections,32365,"Eurostat, Third country nationals found to be illegally present (migr_eipre)",https://ec.europa.eu/eurostat/databrowser/view/migr_eipre/default/table,"Eurostat enforcement statistic - annual flow of detections, NOT a stock. Dataset migr_eipre, dimensions freq=A citizen=TOTAL reason=TOTAL apprehen=TOTAL sex=T age=TOTAL unit=PER. Rounded to nearest 5 by Eurostat.",yes,irregular_eu.csv
Italy,ITA,2017,irregular_proxy_detections,36230,"Eurostat, Third country nationals found to be illegally present (migr_eipre)",https://ec.europa.eu/eurostat/databrowser/view/migr_eipre/default/table,"Eurostat enforcement statistic - annual flow of detections, NOT a stock. Dataset migr_eipre, dimensions freq=A citizen=TOTAL reason=TOTAL apprehen=TOTAL sex=T age=TOTAL unit=PER. Rounded to nearest 5 by Eurostat.",yes,irregular_eu.csv
Italy,ITA,2018,irregular_proxy_detections,26780,"Eurostat, Third country nationals found to be illegally present (migr_eipre)",https://ec.europa.eu/eurostat/databrowser/view/migr_eipre/default/table,"Eurostat enforcement statistic - annual flow of detections, NOT a stock. Dataset migr_eipre, dimensions freq=A citizen=TOTAL reason=TOTAL apprehen=TOTAL sex=T age=TOTAL unit=PER. Rounded to nearest 5 by Eurostat.",yes,irregular_eu.csv
Italy,ITA,2019,irregular_proxy_detections,26885,"Eurostat, Third country nationals found to be illegally present (migr_eipre)",https://ec.europa.eu/eurostat/databrowser/view/migr_eipre/default/table,"Eurostat enforcement statistic - annual flow of detections, NOT a stock. Dataset migr_eipre, dimensions freq=A citizen=TOTAL reason=TOTAL apprehen=TOTAL sex=T age=TOTAL unit=PER. Rounded to nearest 5 by Eurostat.",yes,irregular_eu.csv
Italy,ITA,2020,irregular_proxy_detections,22785,"Eurostat, Third country nationals found to be illegally present (migr_eipre)",https://ec.europa.eu/eurostat/databrowser/view/migr_eipre/default/table,"Eurostat enforcement statistic - annual flow of detections, NOT a stock. Dataset migr_eipre, dimensions freq=A citizen=TOTAL reason=TOTAL apprehen=TOTAL sex=T age=TOTAL unit=PER. Rounded to nearest 5 by Eurostat.",yes,irregular_eu.csv
Italy,ITA,2021,irregular_proxy_detections,92070,"Eurostat, Third country nationals found to be illegally present (migr_eipre)",https://ec.europa.eu/eurostat/databrowser/view/migr_eipre/default/table,"Eurostat enforcement statistic - annual flow of detections, NOT a stock. Dataset migr_eipre, dimensions freq=A citizen=TOTAL reason=TOTAL apprehen=TOTAL sex=T age=TOTAL unit=PER. Rounded to nearest 5 by Eurostat.",yes,irregular_eu.csv
Italy,ITA,2022,irregular_proxy_detections,138420,"Eurostat, Third country nationals found to be illegally present (migr_eipre)",https://ec.europa.eu/eurostat/databrowser/view/migr_eipre/default/table,"Eurostat enforcement statistic - annual flow of detections, NOT a stock. Dataset migr_eipre, dimensions freq=A citizen=TOTAL reason=TOTAL apprehen=TOTAL sex=T age=TOTAL unit=PER. Rounded to nearest 5 by Eurostat.",yes,irregular_eu.csv
Italy,ITA,2014,irregular_stock,400000,"Pew Research Center (2019), Europe's Unauthorized Immigrant Population Peaks in 2016, Then Levels Off",https://www.pewresearch.org/global/2019/11/13/europes-unauthorized-immigrant-population-peaks-in-2016-then-levels-off/,"Pew residual method (population/labour-force data minus lawfully resident foreign-born), estimate INCLUDES asylum seekers awaiting a decision; published range 300000-500000, value is the midpoint of the published range. Pew reports only rounded 100k bounds.",yes,irregular_eu.csv
Italy,ITA,2015,irregular_stock,450000,"Pew Research Center (2019), Europe's Unauthorized Immigrant Population Peaks in 2016, Then Levels Off",https://www.pewresearch.org/global/2019/11/13/europes-unauthorized-immigrant-population-peaks-in-2016-then-levels-off/,"Pew residual method (population/labour-force data minus lawfully resident foreign-born), estimate INCLUDES asylum seekers awaiting a decision; published range 300000-600000, value is the midpoint of the published range. Pew reports only rounded 100k bounds.",no,irregular_eu.csv
Italy,ITA,2015,irregular_stock,404000,"Fondazione ISMU, XXII Rapporto sulle migrazioni 2016",https://www.antoniocasella.eu/nume/Ismu_1dic2016.pdf,"ISMU annual estimate of irregular presence at 1 January (stranieri irregolarmente presenti); derived from ISMU's reconstruction of total foreign presence (regular registered, regular unregistered, irregular) benchmarked on ISTAT resident population, residence permits and regularisation/amnesty administrative records. Point estimate, no published interval. NOTE: for 2015-2017 an alternative Pew estimate also exists in this file - do not sum.",yes,irregular_eu.csv
Italy,ITA,2016,irregular_stock,500000,"Pew Research Center (2019), Europe's Unauthorized Immigrant Population Peaks in 2016, Then Levels Off",https://www.pewresearch.org/global/2019/11/13/europes-unauthorized-immigrant-population-peaks-in-2016-then-levels-off/,"Pew residual method (population/labour-force data minus lawfully resident foreign-born), estimate INCLUDES asylum seekers awaiting a decision; published range 400000-600000, value is the midpoint of the published range. Pew reports only rounded 100k bounds.",no,irregular_eu.csv
Italy,ITA,2016,irregular_stock,435000,"Fondazione ISMU, XXII Rapporto sulle migrazioni 2016",https://www.antoniocasella.eu/nume/Ismu_1dic2016.pdf,"ISMU annual estimate of irregular presence at 1 January (stranieri irregolarmente presenti); derived from ISMU's reconstruction of total foreign presence (regular registered, regular unregistered, irregular) benchmarked on ISTAT resident population, residence permits and regularisation/amnesty administrative records. Point estimate, no published interval. NOTE: for 2015-2017 an alternative Pew estimate also exists in this file - do not sum.",yes,irregular_eu.csv
Italy,ITA,2017,irregular_stock,600000,"Pew Research Center (2019), Europe's Unauthorized Immigrant Population Peaks in 2016, Then Levels Off",https://www.pewresearch.org/global/2019/11/13/europes-unauthorized-immigrant-population-peaks-in-2016-then-levels-off/,"Pew residual method (population/labour-force data minus lawfully resident foreign-born), estimate INCLUDES asylum seekers awaiting a decision; published range 500000-700000, value is the midpoint of the published range. Pew reports only rounded 100k bounds.",no,irregular_eu.csv
Italy,ITA,2017,irregular_stock,491000,"Fondazione ISMU estimate, reported in Neodemos",https://www.neodemos.info/2018/07/27/irregolari-sanatorie-e-rimpatri/,"ISMU annual estimate of irregular presence at 1 January (stranieri irregolarmente presenti); derived from ISMU's reconstruction of total foreign presence (regular registered, regular unregistered, irregular) benchmarked on ISTAT resident population, residence permits and regularisation/amnesty administrative records. Point estimate, no published interval. NOTE: for 2015-2017 an alternative Pew estimate also exists in this file - do not sum.",yes,irregular_eu.csv
Italy,ITA,2018,irregular_stock,533000,"Fondazione ISMU, XXIV Rapporto sulle migrazioni 2018",https://www.vita.it/rapporto-ismu-calano-gli-sbarcati-ma-sale-la-quota-degli-irregolari/,"ISMU annual estimate of irregular presence at 1 January (stranieri irregolarmente presenti); derived from ISMU's reconstruction of total foreign presence (regular registered, regular unregistered, irregular) benchmarked on ISTAT resident population, residence permits and regularisation/amnesty administrative records. Point estimate, no published interval. NOTE: for 2015-2017 an alternative Pew estimate also exists in this file - do not sum.",yes,irregular_eu.csv
Italy,ITA,2019,irregular_stock,562000,"Fondazione ISMU, XXV Rapporto sulle migrazioni 2019",https://www.ismu.org/comunicato-stampa-xxv-rapporto-ismu/,"ISMU annual estimate of irregular presence at 1 January (stranieri irregolarmente presenti); derived from ISMU's reconstruction of total foreign presence (regular registered, regular unregistered, irregular) benchmarked on ISTAT resident population, residence permits and regularisation/amnesty administrative records. Point estimate, no published interval. NOTE: for 2015-2017 an alternative Pew estimate also exists in this file - do not sum.",yes,irregular_eu.csv
Italy,ITA,2020,irregular_stock,517000,"Fondazione ISMU, XXVI Rapporto sulle migrazioni 2020",https://www.cinformi.it/Comunicazione/Notizie/I-dati-del-Rapporto-ISMU-sulle-migrazioni-2020,"ISMU annual estimate of irregular presence at 1 January (stranieri irregolarmente presenti); derived from ISMU's reconstruction of total foreign presence (regular registered, regular unregistered, irregular) benchmarked on ISTAT resident population, residence permits and regularisation/amnesty administrative records. Point estimate, no published interval. NOTE: for 2015-2017 an alternative Pew estimate also exists in this file - do not sum.",yes,irregular_eu.csv
Italy,ITA,2021,irregular_stock,519000,"Fondazione ISMU, XXVII Rapporto sulle migrazioni 2021",https://www.ismu.org/xxvii-rapporto-sulle-migrazioni-2021-comunicato-stampa-11-2-2022/,"ISMU annual estimate of irregular presence at 1 January (stranieri irregolarmente presenti); derived from ISMU's reconstruction of total foreign presence (regular registered, regular unregistered, irregular) benchmarked on ISTAT resident population, residence permits and regularisation/amnesty administrative records. Point estimate, no published interval. NOTE: for 2015-2017 an alternative Pew estimate also exists in this file - do not sum.",yes,irregular_eu.csv
Italy,ITA,2022,irregular_stock,506000,"Fondazione ISMU, XXVII Rapporto sulle migrazioni 2021",https://www.ismu.org/xxvii-rapporto-sulle-migrazioni-2021-comunicato-stampa-11-2-2022/,"ISMU annual estimate of irregular presence at 1 January (stranieri irregolarmente presenti); derived from ISMU's reconstruction of total foreign presence (regular registered, regular unregistered, irregular) benchmarked on ISTAT resident population, residence permits and regularisation/amnesty administrative records. Point estimate, no published interval. 2022 fall reflects completion of the 2020 regularisation (sanatoria). NOTE: for 2015-2017 an alternative Pew estimate also exists in this file - do not sum.",yes,irregular_eu.csv
Italy,ITA,2010,population,59819407,"World Bank, World Development Indicators (SP.POP.TOTL), sourced from UN World Population Prospects and national statistical offices",https://api.worldbank.org/v2/country/all/indicator/SP.POP.TOTL,"Total resident population, mid-year estimate. Retrieved via World Bank API, August 2026.",yes,worldbank_api
Italy,ITA,2011,population,60026841,"World Bank, World Development Indicators (SP.POP.TOTL), sourced from UN World Population Prospects and national statistical offices",https://api.worldbank.org/v2/country/all/indicator/SP.POP.TOTL,"Total resident population, mid-year estimate. Retrieved via World Bank API, August 2026.",yes,worldbank_api
Italy,ITA,2012,population,60191247,"World Bank, World Development Indicators (SP.POP.TOTL), sourced from UN World Population Prospects and national statistical offices",https://api.worldbank.org/v2/country/all/indicator/SP.POP.TOTL,"Total resident population, mid-year estimate. Retrieved via World Bank API, August 2026.",yes,worldbank_api
Italy,ITA,2013,population,60311613,"World Bank, World Development Indicators (SP.POP.TOTL), sourced from UN World Population Prospects and national statistical offices",https://api.worldbank.org/v2/country/all/indicator/SP.POP.TOTL,"Total resident population, mid-year estimate. Retrieved via World Bank API, August 2026.",yes,worldbank_api
Italy,ITA,2014,population,60320707,"World Bank, World Development Indicators (SP.POP.TOTL), sourced from UN World Population Prospects and national statistical offices",https://api.worldbank.org/v2/country/all/indicator/SP.POP.TOTL,"Total resident population, mid-year estimate. Retrieved via World Bank API, August 2026.",yes,worldbank_api
Italy,ITA,2015,population,60229605,"World Bank, World Development Indicators (SP.POP.TOTL), sourced from UN World Population Prospects and national statistical offices",https://api.worldbank.org/v2/country/all/indicator/SP.POP.TOTL,"Total resident population, mid-year estimate. Retrieved via World Bank API, August 2026.",yes,worldbank_api
Italy,ITA,2016,population,60115223,"World Bank, World Development Indicators (SP.POP.TOTL), sourced from UN World Population Prospects and national statistical offices",https://api.worldbank.org/v2/country/all/indicator/SP.POP.TOTL,"Total resident population, mid-year estimate. Retrieved via World Bank API, August 2026.",yes,worldbank_api
Italy,ITA,2017,population,60002252,"World Bank, World Development Indicators (SP.POP.TOTL), sourced from UN World Population Prospects and national statistical offices",https://api.worldbank.org/v2/country/all/indicator/SP.POP.TOTL,"Total resident population, mid-year estimate. Retrieved via World Bank API, August 2026.",yes,worldbank_api
Italy,ITA,2018,population,59877221,"World Bank, World Development Indicators (SP.POP.TOTL), sourced from UN World Population Prospects and national statistical offices",https://api.worldbank.org/v2/country/all/indicator/SP.POP.TOTL,"Total resident population, mid-year estimate. Retrieved via World Bank API, August 2026.",yes,worldbank_api
Italy,ITA,2019,population,59729081,"World Bank, World Development Indicators (SP.POP.TOTL), sourced from UN World Population Prospects and national statistical offices",https://api.worldbank.org/v2/country/all/indicator/SP.POP.TOTL,"Total resident population, mid-year estimate. Retrieved via World Bank API, August 2026.",yes,worldbank_api
Italy,ITA,2020,population,59438851,"World Bank, World Development Indicators (SP.POP.TOTL), sourced from UN World Population Prospects and national statistical offices",https://api.worldbank.org/v2/country/all/indicator/SP.POP.TOTL,"Total resident population, mid-year estimate. Retrieved via World Bank API, August 2026.",yes,worldbank_api
Italy,ITA,2021,population,59133173,"World Bank, World Development Indicators (SP.POP.TOTL), sourced from UN World Population Prospects and national statistical offices",https://api.worldbank.org/v2/country/all/indicator/SP.POP.TOTL,"Total resident population, mid-year estimate. Retrieved via World Bank API, August 2026.",yes,worldbank_api
Italy,ITA,2022,population,59013667,"World Bank, World Development Indicators (SP.POP.TOTL), sourced from UN World Population Prospects and national statistical offices",https://api.worldbank.org/v2/country/all/indicator/SP.POP.TOTL,"Total resident population, mid-year estimate. Retrieved via World Bank API, August 2026.",yes,worldbank_api
Japan,JPN,2010,foreign_nationals,2184724,"OECD International Migration Database (stocks of foreign population, measure B15)","https://sdmx.oecd.org/public/rest/data/OECD.ELS.IMD,DSD_MIG@DF_MIG,1.0/JPN.W.A.B15._T._Z._Z.PS?startPeriod=2010&endPeriod=2022&format=jsondata&dimensionAtObservation=AllDimensions","Registered foreign residents (在留外国人), OECD IMD series sourced from Japan's Immigration Services Agency. Excludes short stays under 90 days. IMPORTANT REFERENCE-DATE CAVEAT (verified): the OECD year label is offset one year later than Japan's ISA 31-December series. ISA reports end-2021 = 2760635 and end-2020 = 2887116 (https://www.moj.go.jp/isa/publications/press/13_00001.html), whereas OECD labels 2887116 as 2021 and 2760635 as 2022. Values are recorded here exactly as OECD publishes them; to align with the ISA national series subtract one from the year label.",yes,noneu_stock.csv
Japan,JPN,2011,foreign_nationals,2132913,"OECD International Migration Database (stocks of foreign population, measure B15)","https://sdmx.oecd.org/public/rest/data/OECD.ELS.IMD,DSD_MIG@DF_MIG,1.0/JPN.W.A.B15._T._Z._Z.PS?startPeriod=2010&endPeriod=2022&format=jsondata&dimensionAtObservation=AllDimensions","Registered foreign residents (在留外国人), OECD IMD series sourced from Japan's Immigration Services Agency. Excludes short stays under 90 days. IMPORTANT REFERENCE-DATE CAVEAT (verified): the OECD year label is offset one year later than Japan's ISA 31-December series. ISA reports end-2021 = 2760635 and end-2020 = 2887116 (https://www.moj.go.jp/isa/publications/press/13_00001.html), whereas OECD labels 2887116 as 2021 and 2760635 as 2022. Values are recorded here exactly as OECD publishes them; to align with the ISA national series subtract one from the year label.",yes,noneu_stock.csv
Japan,JPN,2012,foreign_nationals,2078508,"OECD International Migration Database (stocks of foreign population, measure B15)","https://sdmx.oecd.org/public/rest/data/OECD.ELS.IMD,DSD_MIG@DF_MIG,1.0/JPN.W.A.B15._T._Z._Z.PS?startPeriod=2010&endPeriod=2022&format=jsondata&dimensionAtObservation=AllDimensions","Registered foreign residents (在留外国人), OECD IMD series sourced from Japan's Immigration Services Agency. Excludes short stays under 90 days. IMPORTANT REFERENCE-DATE CAVEAT (verified): the OECD year label is offset one year later than Japan's ISA 31-December series. ISA reports end-2021 = 2760635 and end-2020 = 2887116 (https://www.moj.go.jp/isa/publications/press/13_00001.html), whereas OECD labels 2887116 as 2021 and 2760635 as 2022. Values are recorded here exactly as OECD publishes them; to align with the ISA national series subtract one from the year label.",yes,noneu_stock.csv
Japan,JPN,2013,foreign_nationals,2033656,"OECD International Migration Database (stocks of foreign population, measure B15)","https://sdmx.oecd.org/public/rest/data/OECD.ELS.IMD,DSD_MIG@DF_MIG,1.0/JPN.W.A.B15._T._Z._Z.PS?startPeriod=2010&endPeriod=2022&format=jsondata&dimensionAtObservation=AllDimensions","Registered foreign residents (在留外国人), OECD IMD series sourced from Japan's Immigration Services Agency. Excludes short stays under 90 days. IMPORTANT REFERENCE-DATE CAVEAT (verified): the OECD year label is offset one year later than Japan's ISA 31-December series. ISA reports end-2021 = 2760635 and end-2020 = 2887116 (https://www.moj.go.jp/isa/publications/press/13_00001.html), whereas OECD labels 2887116 as 2021 and 2760635 as 2022. Values are recorded here exactly as OECD publishes them; to align with the ISA national series subtract one from the year label.",yes,noneu_stock.csv
Japan,JPN,2014,foreign_nationals,2066445,"OECD International Migration Database (stocks of foreign population, measure B15)","https://sdmx.oecd.org/public/rest/data/OECD.ELS.IMD,DSD_MIG@DF_MIG,1.0/JPN.W.A.B15._T._Z._Z.PS?startPeriod=2010&endPeriod=2022&format=jsondata&dimensionAtObservation=AllDimensions","Registered foreign residents (在留外国人), OECD IMD series sourced from Japan's Immigration Services Agency. Excludes short stays under 90 days. IMPORTANT REFERENCE-DATE CAVEAT (verified): the OECD year label is offset one year later than Japan's ISA 31-December series. ISA reports end-2021 = 2760635 and end-2020 = 2887116 (https://www.moj.go.jp/isa/publications/press/13_00001.html), whereas OECD labels 2887116 as 2021 and 2760635 as 2022. Values are recorded here exactly as OECD publishes them; to align with the ISA national series subtract one from the year label.",yes,noneu_stock.csv
Japan,JPN,2015,foreign_nationals,2121831,"OECD International Migration Database (stocks of foreign population, measure B15)","https://sdmx.oecd.org/public/rest/data/OECD.ELS.IMD,DSD_MIG@DF_MIG,1.0/JPN.W.A.B15._T._Z._Z.PS?startPeriod=2010&endPeriod=2022&format=jsondata&dimensionAtObservation=AllDimensions","Registered foreign residents (在留外国人), OECD IMD series sourced from Japan's Immigration Services Agency. Excludes short stays under 90 days. IMPORTANT REFERENCE-DATE CAVEAT (verified): the OECD year label is offset one year later than Japan's ISA 31-December series. ISA reports end-2021 = 2760635 and end-2020 = 2887116 (https://www.moj.go.jp/isa/publications/press/13_00001.html), whereas OECD labels 2887116 as 2021 and 2760635 as 2022. Values are recorded here exactly as OECD publishes them; to align with the ISA national series subtract one from the year label.",yes,noneu_stock.csv
Japan,JPN,2016,foreign_nationals,2232189,"OECD International Migration Database (stocks of foreign population, measure B15)","https://sdmx.oecd.org/public/rest/data/OECD.ELS.IMD,DSD_MIG@DF_MIG,1.0/JPN.W.A.B15._T._Z._Z.PS?startPeriod=2010&endPeriod=2022&format=jsondata&dimensionAtObservation=AllDimensions","Registered foreign residents (在留外国人), OECD IMD series sourced from Japan's Immigration Services Agency. Excludes short stays under 90 days. IMPORTANT REFERENCE-DATE CAVEAT (verified): the OECD year label is offset one year later than Japan's ISA 31-December series. ISA reports end-2021 = 2760635 and end-2020 = 2887116 (https://www.moj.go.jp/isa/publications/press/13_00001.html), whereas OECD labels 2887116 as 2021 and 2760635 as 2022. Values are recorded here exactly as OECD publishes them; to align with the ISA national series subtract one from the year label.",yes,noneu_stock.csv
Japan,JPN,2017,foreign_nationals,2382822,"OECD International Migration Database (stocks of foreign population, measure B15)","https://sdmx.oecd.org/public/rest/data/OECD.ELS.IMD,DSD_MIG@DF_MIG,1.0/JPN.W.A.B15._T._Z._Z.PS?startPeriod=2010&endPeriod=2022&format=jsondata&dimensionAtObservation=AllDimensions","Registered foreign residents (在留外国人), OECD IMD series sourced from Japan's Immigration Services Agency. Excludes short stays under 90 days. IMPORTANT REFERENCE-DATE CAVEAT (verified): the OECD year label is offset one year later than Japan's ISA 31-December series. ISA reports end-2021 = 2760635 and end-2020 = 2887116 (https://www.moj.go.jp/isa/publications/press/13_00001.html), whereas OECD labels 2887116 as 2021 and 2760635 as 2022. Values are recorded here exactly as OECD publishes them; to align with the ISA national series subtract one from the year label.",yes,noneu_stock.csv
Japan,JPN,2018,foreign_nationals,2561848,"OECD International Migration Database (stocks of foreign population, measure B15)","https://sdmx.oecd.org/public/rest/data/OECD.ELS.IMD,DSD_MIG@DF_MIG,1.0/JPN.W.A.B15._T._Z._Z.PS?startPeriod=2010&endPeriod=2022&format=jsondata&dimensionAtObservation=AllDimensions","Registered foreign residents (在留外国人), OECD IMD series sourced from Japan's Immigration Services Agency. Excludes short stays under 90 days. IMPORTANT REFERENCE-DATE CAVEAT (verified): the OECD year label is offset one year later than Japan's ISA 31-December series. ISA reports end-2021 = 2760635 and end-2020 = 2887116 (https://www.moj.go.jp/isa/publications/press/13_00001.html), whereas OECD labels 2887116 as 2021 and 2760635 as 2022. Values are recorded here exactly as OECD publishes them; to align with the ISA national series subtract one from the year label.",yes,noneu_stock.csv
Japan,JPN,2019,foreign_nationals,2731093,"OECD International Migration Database (stocks of foreign population, measure B15)","https://sdmx.oecd.org/public/rest/data/OECD.ELS.IMD,DSD_MIG@DF_MIG,1.0/JPN.W.A.B15._T._Z._Z.PS?startPeriod=2010&endPeriod=2022&format=jsondata&dimensionAtObservation=AllDimensions","Registered foreign residents (在留外国人), OECD IMD series sourced from Japan's Immigration Services Agency. Excludes short stays under 90 days. IMPORTANT REFERENCE-DATE CAVEAT (verified): the OECD year label is offset one year later than Japan's ISA 31-December series. ISA reports end-2021 = 2760635 and end-2020 = 2887116 (https://www.moj.go.jp/isa/publications/press/13_00001.html), whereas OECD labels 2887116 as 2021 and 2760635 as 2022. Values are recorded here exactly as OECD publishes them; to align with the ISA national series subtract one from the year label.",yes,noneu_stock.csv
Japan,JPN,2020,foreign_nationals,2933137,"OECD International Migration Database (stocks of foreign population, measure B15)","https://sdmx.oecd.org/public/rest/data/OECD.ELS.IMD,DSD_MIG@DF_MIG,1.0/JPN.W.A.B15._T._Z._Z.PS?startPeriod=2010&endPeriod=2022&format=jsondata&dimensionAtObservation=AllDimensions","Registered foreign residents (在留外国人), OECD IMD series sourced from Japan's Immigration Services Agency. Excludes short stays under 90 days. IMPORTANT REFERENCE-DATE CAVEAT (verified): the OECD year label is offset one year later than Japan's ISA 31-December series. ISA reports end-2021 = 2760635 and end-2020 = 2887116 (https://www.moj.go.jp/isa/publications/press/13_00001.html), whereas OECD labels 2887116 as 2021 and 2760635 as 2022. Values are recorded here exactly as OECD publishes them; to align with the ISA national series subtract one from the year label.",yes,noneu_stock.csv
Japan,JPN,2021,foreign_nationals,2887116,"OECD International Migration Database (stocks of foreign population, measure B15)","https://sdmx.oecd.org/public/rest/data/OECD.ELS.IMD,DSD_MIG@DF_MIG,1.0/JPN.W.A.B15._T._Z._Z.PS?startPeriod=2010&endPeriod=2022&format=jsondata&dimensionAtObservation=AllDimensions","Registered foreign residents (在留外国人), OECD IMD series sourced from Japan's Immigration Services Agency. Excludes short stays under 90 days. IMPORTANT REFERENCE-DATE CAVEAT (verified): the OECD year label is offset one year later than Japan's ISA 31-December series. ISA reports end-2021 = 2760635 and end-2020 = 2887116 (https://www.moj.go.jp/isa/publications/press/13_00001.html), whereas OECD labels 2887116 as 2021 and 2760635 as 2022. Values are recorded here exactly as OECD publishes them; to align with the ISA national series subtract one from the year label.",yes,noneu_stock.csv
Japan,JPN,2022,foreign_nationals,2760635,"OECD International Migration Database (stocks of foreign population, measure B15)","https://sdmx.oecd.org/public/rest/data/OECD.ELS.IMD,DSD_MIG@DF_MIG,1.0/JPN.W.A.B15._T._Z._Z.PS?startPeriod=2010&endPeriod=2022&format=jsondata&dimensionAtObservation=AllDimensions","Registered foreign residents (在留外国人), OECD IMD series sourced from Japan's Immigration Services Agency. Excludes short stays under 90 days. IMPORTANT REFERENCE-DATE CAVEAT (verified): the OECD year label is offset one year later than Japan's ISA 31-December series. ISA reports end-2021 = 2760635 and end-2020 = 2887116 (https://www.moj.go.jp/isa/publications/press/13_00001.html), whereas OECD labels 2887116 as 2021 and 2760635 as 2022. Values are recorded here exactly as OECD publishes them; to align with the ISA national series subtract one from the year label.",yes,noneu_stock.csv
Japan,JPN,2010,irregular_proxy_overstayers,91778,"Japan Immigration Services Agency (2015), Immigration Control in Recent Years, Table 21 (changes in the estimated number of foreign nationals overstaying)",https://www.moj.go.jp/isa/content/930003133.pdf,"Overstayers (不法残留者) as of 1 January 2010. PROVENANCE: taken from an independently compiled comparison dataset citing ISA Table 21. The 2015 value in that same table was re-read directly from this PDF and matched exactly (60,007), but Table 21 itself could not be re-extracted, so 2010 is not independently re-verified.",yes,from_other_file.csv
Japan,JPN,2011,irregular_proxy_overstayers,78488,"Global Detention Project, Japan Immigration Detention Profile (reproducing Ministry of Justice, 2011, p.34)",https://www.globaldetentionproject.org/countries/asia-pacific/japan,"overstayers (不法残留者) reported for 2011; the MOJ/ISA series is compiled as of 1 January. Source text: 'Immigration authorities estimate that in 2011 there were between 90,000 and 100,000 undocumented migrants in Japan, including 78,488 overstayers' (cited to MoJ, 2011, p.34). CAVEAT: the secondary source gives the year only and does not restate the 1 January reference date; the MOJ primary release for 1 January 2011 was no longer reachable (removed from moj.go.jp; nisshinkyo.org mirror returns 404 to the fetcher).",yes,irregular_row_fill.csv
Japan,JPN,2012,irregular_proxy_overstayers,67065,"Japan Immigration Services Agency (2015), Immigration Control in Recent Years, Table 21 (changes in the estimated number of foreign nationals overstaying)",https://www.moj.go.jp/isa/content/930003133.pdf,"Overstayers (不法残留者) as of 1 January 2012. PROVENANCE: taken from an independently compiled comparison dataset citing ISA Table 21; the 2015 value from the same table was re-read directly and matched exactly, but 2012 is not independently re-verified.",yes,from_other_file.csv
Japan,JPN,2013,irregular_proxy_overstayers,62009,"Japan Immigration Services Agency (2015), Immigration Control in Recent Years, Table 21 (changes in the estimated number of foreign nationals overstaying)",https://www.moj.go.jp/isa/content/930003133.pdf,"Overstayers (不法残留者) as of 1 January 2013. PROVENANCE: taken from an independently compiled comparison dataset citing ISA Table 21; the 2015 value from the same table was re-read directly and matched exactly, but 2013 is not independently re-verified.",yes,from_other_file.csv
Japan,JPN,2014,irregular_proxy_overstayers,59061,"Ministry of Justice Immigration Bureau, Honpo ni okeru fuho zanryusha su ni tsuite (Heisei 26-nen 1-gatsu 1-nichi genzai), mirrored by Nisshinkyo",https://www.nisshinkyo.org/news/pdf/G-26-2.pdf,"overstayers (不法残留者) as of 1 January 2014. Source sentence read verbatim: '平成26年1月1日現在の本邦における不法残留者数は，5万9，061人'. CAVEAT: the PDF itself returned 404 to the fetcher, so the figure was read from the indexed document text; independently corroborated as the labelled series minimum (59,061) in the ISA chart 【第１図】不法残留者数の推移, https://www.moj.go.jp/isa/content/001415150.pdf",no,irregular_row_fill.csv
Japan,JPN,2014,irregular_proxy_overstayers,59061,"出入国在留管理庁 本邦における不法残留者数について (Immigration Services Agency of Japan, Number of Overstayers in Japan)",https://www.moj.go.jp/isa/content/001459199.pdf,"As of 1 Jan 2014 (平成26年1月1日現在). RE-CONFIRMATION of a value already in the dataset. READ FROM A CHART: the labelled data point marked 過去最低 (all-time low) on 第1図 不法残留者数の推移 in the 令和7年 operations digest. Matches the already-confirmed 59,061.",yes,gapfill_twn_jpn.csv
Japan,JPN,2015,irregular_proxy_overstayers,60007,"Japan Immigration Services Agency (2015), Immigration Control in Recent Years",https://www.moj.go.jp/isa/content/930003133.pdf,"Overstayers (不法残留者) as of 1 January 2015. VERIFIED DIRECTLY from this PDF: 'the estimated number of foreign nationals who overstayed was 60,007 as of January 1, 2015, an increase of 946 (1.6%) from 59,061 at January 1, 2014.'",yes,from_other_file.csv
Japan,JPN,2017,irregular_proxy_overstayers,65270,"Immigration Services Agency of Japan, Honpo ni okeru fuho zanryusha su ni tsuite (Reiwa 3-nen 1-gatsu 1-nichi genzai), Table 1 (Dai-1-hyo)",https://www.moj.go.jp/isa/content/001344148.pdf,"overstayers (fuho zanryusha, 不法残留者) as of 1 January 2017. Administrative register count. Read from the year columns of 【第１表】国籍・地域別 性別 不法残留者数の推移 in the official ISA statistical annex to the 1 January 2021 press release, which tabulates 1 January 2017-2021.",no,irregular_row_fill.csv
Japan,JPN,2017,irregular_proxy_overstayers,65270,"出入国在留管理庁 本邦における不法残留者数について (Immigration Services Agency of Japan, Number of Overstayers in Japan)",https://www.moj.go.jp/isa/content/001344148.pdf,"As of 1 Jan 2017 (平成29年1月1日現在). Read from 第1表 of the press release dated 31 Mar 2021 (本邦における不法残留者数について（令和3年1月1日現在）). Verified two ways within the table: 男 35,843 + 女 29,427 = 65,270; and the 11 nationality/region rows sum to 65,270. Landing page: https://www.moj.go.jp/isa/publications/press/13_00013.html",yes,gapfill_twn_jpn.csv
Japan,JPN,2018,irregular_proxy_overstayers,66498,"Immigration Services Agency of Japan, Honpo ni okeru fuho zanryusha su ni tsuite (Reiwa 3-nen 1-gatsu 1-nichi genzai), Table 1 (Dai-1-hyo)",https://www.moj.go.jp/isa/content/001344148.pdf,"overstayers (fuho zanryusha, 不法残留者) as of 1 January 2018. Administrative register count. Read from the year columns of 【第１表】国籍・地域別 性別 不法残留者数の推移 in the official ISA statistical annex to the 1 January 2021 press release, which tabulates 1 January 2017-2021.",no,irregular_row_fill.csv
Japan,JPN,2018,irregular_proxy_overstayers,66498,"出入国在留管理庁 本邦における不法残留者数について (Immigration Services Agency of Japan, Number of Overstayers in Japan)",https://www.moj.go.jp/isa/content/001344904.pdf,"As of 1 Jan 2018 (平成30年1月1日現在（2018年）- the source PDF prints the Western year itself). Read from 第1表 of the press release dated 29 Mar 2022 (本邦における不法残留者数について（令和4年1月1日現在）). Corroborated by an independent PDF, 第1表 of the 2021 release (https://www.moj.go.jp/isa/content/001344148.pdf), which gives the same 66,498; also 男 37,052 + 女 29,446 = 66,498 and nationality rows sum to 66,498.",yes,gapfill_twn_jpn.csv
Japan,JPN,2019,irregular_proxy_overstayers,74167,"Immigration Services Agency of Japan, Honpo ni okeru fuho zanryusha su ni tsuite (Reiwa 3-nen 1-gatsu 1-nichi genzai), Table 1 (Dai-1-hyo)",https://www.moj.go.jp/isa/content/001344148.pdf,"overstayers (fuho zanryusha, 不法残留者) as of 1 January 2019. Administrative register count. Read from the year columns of 【第１表】国籍・地域別 性別 不法残留者数の推移 in the official ISA statistical annex to the 1 January 2021 press release, which tabulates 1 January 2017-2021.",no,irregular_row_fill.csv
Japan,JPN,2019,irregular_proxy_overstayers,74167,"出入国在留管理庁 本邦における不法残留者数について (Immigration Services Agency of Japan, Number of Overstayers in Japan)",https://www.moj.go.jp/isa/content/001344904.pdf,"As of 1 Jan 2019 (平成31年1月1日現在（2019年）- the source PDF prints the Western year itself). Read from 第1表 of the press release dated 29 Mar 2022. Corroborated by an independent PDF, 第1表 of the 2021 release (https://www.moj.go.jp/isa/content/001344148.pdf), same 74,167; also 男 42,632 + 女 31,535 = 74,167 and nationality rows sum to 74,167.",yes,gapfill_twn_jpn.csv
Japan,JPN,2020,irregular_proxy_overstayers,82892,"Immigration Services Agency of Japan, Overstayers as of 1 January (本邦における不法残留者数について)",https://www.moj.go.jp/isa/publications/press/13_00013.html,Reference date 1 January 2020. Administrative register count of persons remaining beyond authorised period of stay (不法残留者). Prior-year comparison figure in the 1 January 2021 release.,no,irregular_row.csv
Japan,JPN,2020,irregular_proxy_overstayers,82892,"出入国在留管理庁 本邦における不法残留者数について (Immigration Services Agency of Japan, Number of Overstayers in Japan)",https://www.moj.go.jp/isa/content/001344904.pdf,As of 1 Jan 2020 (令和2年1月1日現在（2020年）). RE-CONFIRMATION of a value already in the dataset. 第1表 of the 29 Mar 2022 release; identical figure in the 31 Mar 2021 release PDF.,yes,gapfill_twn_jpn.csv
Japan,JPN,2021,irregular_proxy_overstayers,82868,"Immigration Services Agency of Japan, Overstayers as of 1 January (本邦における不法残留者数について)",https://www.moj.go.jp/isa/publications/press/13_00013.html,"Reference date 1 January 2021. Administrative register count of overstayers (不法残留者). Of whom 49,496 male and 33,372 female.",no,irregular_row.csv
Japan,JPN,2021,irregular_proxy_overstayers,82868,"出入国在留管理庁 本邦における不法残留者数について (Immigration Services Agency of Japan, Number of Overstayers in Japan)",https://www.moj.go.jp/isa/content/001344904.pdf,"As of 1 Jan 2021 (令和3年1月1日現在（2021年）). RE-CONFIRMATION of a value already in the dataset. 第1表 of the 29 Mar 2022 release; identical figure in the 31 Mar 2021 release PDF, whose text also states a decrease of 24 persons (-0.03%) vs 1 Jan 2020, consistent with 82,892 - 24 = 82,868.",yes,gapfill_twn_jpn.csv
Japan,JPN,2022,irregular_proxy_overstayers,66759,"Immigration Services Agency of Japan, Overstayers as of 1 January (本邦における不法残留者数について)",https://www.moj.go.jp/isa/publications/press/13_00003.html,Reference date 1 January 2022. Administrative register count of overstayers (不法残留者); down 19.4% on 1 January 2021. Cross-checked against ISA table 001403958.pdf.,no,irregular_row.csv
Japan,JPN,2022,irregular_proxy_overstayers,66759,"出入国在留管理庁 本邦における不法残留者数について (Immigration Services Agency of Japan, Number of Overstayers in Japan)",https://www.moj.go.jp/isa/content/001344904.pdf,"As of 1 Jan 2022 (令和4年1月1日現在（2022年）). RE-CONFIRMATION of a value already in the dataset. 第1表 of the 29 Mar 2022 release; the release text states a decrease of 16,109 (-19.4%) vs 1 Jan 2021, consistent with 82,868 - 16,109 = 66,759.",yes,gapfill_twn_jpn.csv
Japan,JPN,2010,population,128070000,"World Bank, World Development Indicators (SP.POP.TOTL), sourced from UN World Population Prospects and national statistical offices",https://api.worldbank.org/v2/country/all/indicator/SP.POP.TOTL,"Total resident population, mid-year estimate. Retrieved via World Bank API, August 2026.",yes,worldbank_api
Japan,JPN,2011,population,127833000,"World Bank, World Development Indicators (SP.POP.TOTL), sourced from UN World Population Prospects and national statistical offices",https://api.worldbank.org/v2/country/all/indicator/SP.POP.TOTL,"Total resident population, mid-year estimate. Retrieved via World Bank API, August 2026.",yes,worldbank_api
Japan,JPN,2012,population,127629000,"World Bank, World Development Indicators (SP.POP.TOTL), sourced from UN World Population Prospects and national statistical offices",https://api.worldbank.org/v2/country/all/indicator/SP.POP.TOTL,"Total resident population, mid-year estimate. Retrieved via World Bank API, August 2026.",yes,worldbank_api
Japan,JPN,2013,population,127445000,"World Bank, World Development Indicators (SP.POP.TOTL), sourced from UN World Population Prospects and national statistical offices",https://api.worldbank.org/v2/country/all/indicator/SP.POP.TOTL,"Total resident population, mid-year estimate. Retrieved via World Bank API, August 2026.",yes,worldbank_api
Japan,JPN,2014,population,127276000,"World Bank, World Development Indicators (SP.POP.TOTL), sourced from UN World Population Prospects and national statistical offices",https://api.worldbank.org/v2/country/all/indicator/SP.POP.TOTL,"Total resident population, mid-year estimate. Retrieved via World Bank API, August 2026.",yes,worldbank_api
Japan,JPN,2015,population,127141000,"World Bank, World Development Indicators (SP.POP.TOTL), sourced from UN World Population Prospects and national statistical offices",https://api.worldbank.org/v2/country/all/indicator/SP.POP.TOTL,"Total resident population, mid-year estimate. Retrieved via World Bank API, August 2026.",yes,worldbank_api
Japan,JPN,2016,population,127076000,"World Bank, World Development Indicators (SP.POP.TOTL), sourced from UN World Population Prospects and national statistical offices",https://api.worldbank.org/v2/country/all/indicator/SP.POP.TOTL,"Total resident population, mid-year estimate. Retrieved via World Bank API, August 2026.",yes,worldbank_api
Japan,JPN,2017,population,126972000,"World Bank, World Development Indicators (SP.POP.TOTL), sourced from UN World Population Prospects and national statistical offices",https://api.worldbank.org/v2/country/all/indicator/SP.POP.TOTL,"Total resident population, mid-year estimate. Retrieved via World Bank API, August 2026.",yes,worldbank_api
Japan,JPN,2018,population,126811000,"World Bank, World Development Indicators (SP.POP.TOTL), sourced from UN World Population Prospects and national statistical offices",https://api.worldbank.org/v2/country/all/indicator/SP.POP.TOTL,"Total resident population, mid-year estimate. Retrieved via World Bank API, August 2026.",yes,worldbank_api
Japan,JPN,2019,population,126633000,"World Bank, World Development Indicators (SP.POP.TOTL), sourced from UN World Population Prospects and national statistical offices",https://api.worldbank.org/v2/country/all/indicator/SP.POP.TOTL,"Total resident population, mid-year estimate. Retrieved via World Bank API, August 2026.",yes,worldbank_api
Japan,JPN,2020,population,126261000,"World Bank, World Development Indicators (SP.POP.TOTL), sourced from UN World Population Prospects and national statistical offices",https://api.worldbank.org/v2/country/all/indicator/SP.POP.TOTL,"Total resident population, mid-year estimate. Retrieved via World Bank API, August 2026.",yes,worldbank_api
Japan,JPN,2021,population,125681593,"World Bank, World Development Indicators (SP.POP.TOTL), sourced from UN World Population Prospects and national statistical offices",https://api.worldbank.org/v2/country/all/indicator/SP.POP.TOTL,"Total resident population, mid-year estimate. Retrieved via World Bank API, August 2026.",yes,worldbank_api
Japan,JPN,2022,population,125124989,"World Bank, World Development Indicators (SP.POP.TOTL), sourced from UN World Population Prospects and national statistical offices",https://api.worldbank.org/v2/country/all/indicator/SP.POP.TOTL,"Total resident population, mid-year estimate. Retrieved via World Bank API, August 2026.",yes,worldbank_api
Korea (South),KOR,2010,foreign_born,566098,UN DESA International Migrant Stock (retrieved via World Bank indicator SM.POP.TOTL),https://api.worldbank.org/v2/country/KOR/indicator/SM.POP.TOTL?format=json&date=2010:2022,"UN DESA International Migrant Stock, mid-year estimate. UN DESA publishes only 1990/1995/2000/2005/2010/2015/2020 - this is a 5-year-interval estimate, NOT an annual national figure. Korea does not publish an annual foreign-born stock; OECD IMD has no foreign-born series for Korea.",yes,noneu_stock.csv
Korea (South),KOR,2015,foreign_born,1312172,UN DESA International Migrant Stock (retrieved via World Bank indicator SM.POP.TOTL),https://api.worldbank.org/v2/country/KOR/indicator/SM.POP.TOTL?format=json&date=2010:2022,"UN DESA International Migrant Stock, mid-year estimate. UN DESA publishes only 1990/1995/2000/2005/2010/2015/2020 - this is a 5-year-interval estimate, NOT an annual national figure. Korea does not publish an annual foreign-born stock; OECD IMD has no foreign-born series for Korea.",yes,noneu_stock.csv
Korea (South),KOR,2020,foreign_born,1723389,UN DESA International Migrant Stock (retrieved via World Bank indicator SM.POP.TOTL),https://api.worldbank.org/v2/country/KOR/indicator/SM.POP.TOTL?format=json&date=2010:2022,"UN DESA International Migrant Stock, mid-year estimate. UN DESA publishes only 1990/1995/2000/2005/2010/2015/2020 - this is a 5-year-interval estimate, NOT an annual national figure. Korea does not publish an annual foreign-born stock; OECD IMD has no foreign-born series for Korea.",yes,noneu_stock.csv
Korea (South),KOR,2010,foreign_nationals,1010020,"OECD International Migration Database (stocks of foreign population, measure B15)","https://sdmx.oecd.org/public/rest/data/OECD.ELS.IMD,DSD_MIG@DF_MIG,1.0/KOR.W.A.B15._T._Z._Z.PS?startPeriod=2010&endPeriod=2022&format=jsondata&dimensionAtObservation=AllDimensions",Foreign residents in Korea (Ministry of Justice / Korea Immigration Service) as compiled by OECD IMD. Reference date 31 December.,yes,noneu_stock.csv
Korea (South),KOR,2011,foreign_nationals,1088638,"OECD International Migration Database (stocks of foreign population, measure B15)","https://sdmx.oecd.org/public/rest/data/OECD.ELS.IMD,DSD_MIG@DF_MIG,1.0/KOR.W.A.B15._T._Z._Z.PS?startPeriod=2010&endPeriod=2022&format=jsondata&dimensionAtObservation=AllDimensions",Foreign residents in Korea (Ministry of Justice / Korea Immigration Service) as compiled by OECD IMD. Reference date 31 December.,yes,noneu_stock.csv
Korea (South),KOR,2012,foreign_nationals,1200079,"OECD International Migration Database (stocks of foreign population, measure B15)","https://sdmx.oecd.org/public/rest/data/OECD.ELS.IMD,DSD_MIG@DF_MIG,1.0/KOR.W.A.B15._T._Z._Z.PS?startPeriod=2010&endPeriod=2022&format=jsondata&dimensionAtObservation=AllDimensions",Foreign residents in Korea (Ministry of Justice / Korea Immigration Service) as compiled by OECD IMD. Reference date 31 December.,yes,noneu_stock.csv
Korea (South),KOR,2013,foreign_nationals,1202270,"OECD International Migration Database (stocks of foreign population, measure B15)","https://sdmx.oecd.org/public/rest/data/OECD.ELS.IMD,DSD_MIG@DF_MIG,1.0/KOR.W.A.B15._T._Z._Z.PS?startPeriod=2010&endPeriod=2022&format=jsondata&dimensionAtObservation=AllDimensions",Foreign residents in Korea (Ministry of Justice / Korea Immigration Service) as compiled by OECD IMD. Reference date 31 December.,yes,noneu_stock.csv
Korea (South),KOR,2014,foreign_nationals,1303777,"OECD International Migration Database (stocks of foreign population, measure B15)","https://sdmx.oecd.org/public/rest/data/OECD.ELS.IMD,DSD_MIG@DF_MIG,1.0/KOR.W.A.B15._T._Z._Z.PS?startPeriod=2010&endPeriod=2022&format=jsondata&dimensionAtObservation=AllDimensions",Foreign residents in Korea (Ministry of Justice / Korea Immigration Service) as compiled by OECD IMD. Reference date 31 December.,yes,noneu_stock.csv
Korea (South),KOR,2015,foreign_nationals,1488882,"OECD International Migration Database (stocks of foreign population, measure B15)","https://sdmx.oecd.org/public/rest/data/OECD.ELS.IMD,DSD_MIG@DF_MIG,1.0/KOR.W.A.B15._T._Z._Z.PS?startPeriod=2010&endPeriod=2022&format=jsondata&dimensionAtObservation=AllDimensions",Foreign residents in Korea (Ministry of Justice / Korea Immigration Service) as compiled by OECD IMD. Reference date 31 December.,yes,noneu_stock.csv
Korea (South),KOR,2016,foreign_nationals,1594768,"OECD International Migration Database (stocks of foreign population, measure B15)","https://sdmx.oecd.org/public/rest/data/OECD.ELS.IMD,DSD_MIG@DF_MIG,1.0/KOR.W.A.B15._T._Z._Z.PS?startPeriod=2010&endPeriod=2022&format=jsondata&dimensionAtObservation=AllDimensions",Foreign residents in Korea (Ministry of Justice / Korea Immigration Service) as compiled by OECD IMD. Reference date 31 December.,yes,noneu_stock.csv
Korea (South),KOR,2017,foreign_nationals,1662759,"OECD International Migration Database (stocks of foreign population, measure B15)","https://sdmx.oecd.org/public/rest/data/OECD.ELS.IMD,DSD_MIG@DF_MIG,1.0/KOR.W.A.B15._T._Z._Z.PS?startPeriod=2010&endPeriod=2022&format=jsondata&dimensionAtObservation=AllDimensions",Foreign residents in Korea (Ministry of Justice / Korea Immigration Service) as compiled by OECD IMD. Reference date 31 December.,yes,noneu_stock.csv
Korea (South),KOR,2018,foreign_nationals,1749563,"OECD International Migration Database (stocks of foreign population, measure B15)","https://sdmx.oecd.org/public/rest/data/OECD.ELS.IMD,DSD_MIG@DF_MIG,1.0/KOR.W.A.B15._T._Z._Z.PS?startPeriod=2010&endPeriod=2022&format=jsondata&dimensionAtObservation=AllDimensions",Foreign residents in Korea (Ministry of Justice / Korea Immigration Service) as compiled by OECD IMD. Reference date 31 December.,yes,noneu_stock.csv
Korea (South),KOR,2019,foreign_nationals,1951097,"OECD International Migration Database (stocks of foreign population, measure B15)","https://sdmx.oecd.org/public/rest/data/OECD.ELS.IMD,DSD_MIG@DF_MIG,1.0/KOR.W.A.B15._T._Z._Z.PS?startPeriod=2010&endPeriod=2022&format=jsondata&dimensionAtObservation=AllDimensions",Foreign residents in Korea (Ministry of Justice / Korea Immigration Service) as compiled by OECD IMD. Reference date 31 December.,yes,noneu_stock.csv
Korea (South),KOR,2020,foreign_nationals,2024578,"OECD International Migration Database (stocks of foreign population, measure B15)","https://sdmx.oecd.org/public/rest/data/OECD.ELS.IMD,DSD_MIG@DF_MIG,1.0/KOR.W.A.B15._T._Z._Z.PS?startPeriod=2010&endPeriod=2022&format=jsondata&dimensionAtObservation=AllDimensions",Foreign residents in Korea (Ministry of Justice / Korea Immigration Service) as compiled by OECD IMD. Reference date 31 December.,yes,noneu_stock.csv
Korea (South),KOR,2021,foreign_nationals,1889454,"OECD International Migration Database (stocks of foreign population, measure B15)","https://sdmx.oecd.org/public/rest/data/OECD.ELS.IMD,DSD_MIG@DF_MIG,1.0/KOR.W.A.B15._T._Z._Z.PS?startPeriod=2010&endPeriod=2022&format=jsondata&dimensionAtObservation=AllDimensions",Foreign residents in Korea (Ministry of Justice / Korea Immigration Service) as compiled by OECD IMD. Reference date 31 December.,yes,noneu_stock.csv
Korea (South),KOR,2022,foreign_nationals,1829774,"OECD International Migration Database (stocks of foreign population, measure B15)","https://sdmx.oecd.org/public/rest/data/OECD.ELS.IMD,DSD_MIG@DF_MIG,1.0/KOR.W.A.B15._T._Z._Z.PS?startPeriod=2010&endPeriod=2022&format=jsondata&dimensionAtObservation=AllDimensions",Foreign residents in Korea (Ministry of Justice / Korea Immigration Service) as compiled by OECD IMD. Reference date 31 December.,yes,noneu_stock.csv
Korea (South),KOR,2010,irregular_proxy_overstayers,168515,"Korean National Police University press, Cheryu oegugin beomjoe-e gwanhan gyeongchal-ui daeeung bangan (2015), Table 1, citing Ministry of Justice Korea Immigration Service statistical yearbook",https://press.police.ac.kr/pds/1476878914562.pdf,"illegal residents (불법체류자), calendar-year figure as tabulated in the MOJ Korea Immigration Service statistical yearbook (통계연보); the yearbook series is compiled as of 31 December. Predominantly visa overstayers. Source line: '출처: 법무부 출입국·외국인 정책본부, 통계연보 자료'. Korean government portals (data.go.kr, index.go.kr, kosis) block the fetcher, so this secondary academic tabulation of the MOJ series was used.",yes,irregular_row_fill.csv
Korea (South),KOR,2011,irregular_proxy_overstayers,167780,"Korean National Police University press, Cheryu oegugin beomjoe-e gwanhan gyeongchal-ui daeeung bangan (2015), Table 1, citing Ministry of Justice Korea Immigration Service statistical yearbook",https://press.police.ac.kr/pds/1476878914562.pdf,"illegal residents (불법체류자), calendar-year figure as tabulated in the MOJ Korea Immigration Service statistical yearbook (통계연보); the yearbook series is compiled as of 31 December. Predominantly visa overstayers. Source line: '출처: 법무부 출입국·외국인 정책본부, 통계연보 자료'. Korean government portals (data.go.kr, index.go.kr, kosis) block the fetcher, so this secondary academic tabulation of the MOJ series was used.",yes,irregular_row_fill.csv
Korea (South),KOR,2012,irregular_proxy_overstayers,177854,"Korean National Police University press, Cheryu oegugin beomjoe-e gwanhan gyeongchal-ui daeeung bangan (2015), Table 1, citing Ministry of Justice Korea Immigration Service statistical yearbook",https://press.police.ac.kr/pds/1476878914562.pdf,"illegal residents (불법체류자), calendar-year figure as tabulated in the MOJ Korea Immigration Service statistical yearbook (통계연보); the yearbook series is compiled as of 31 December. Predominantly visa overstayers. Source line: '출처: 법무부 출입국·외국인 정책본부, 통계연보 자료'. Korean government portals (data.go.kr, index.go.kr, kosis) block the fetcher, so this secondary academic tabulation of the MOJ series was used.",yes,irregular_row_fill.csv
Korea (South),KOR,2013,irregular_proxy_overstayers,183106,"Korean National Police University press, Cheryu oegugin beomjoe-e gwanhan gyeongchal-ui daeeung bangan (2015), Table 1, citing Ministry of Justice Korea Immigration Service statistical yearbook",https://press.police.ac.kr/pds/1476878914562.pdf,"illegal residents (불법체류자), calendar-year figure as tabulated in the MOJ Korea Immigration Service statistical yearbook (통계연보); the yearbook series is compiled as of 31 December. Predominantly visa overstayers. Source line: '출처: 법무부 출입국·외국인 정책본부, 통계연보 자료'. Korean government portals (data.go.kr, index.go.kr, kosis) block the fetcher, so this secondary academic tabulation of the MOJ series was used.",yes,irregular_row_fill.csv
Korea (South),KOR,2014,irregular_proxy_overstayers,208778,"Korean National Police University press, Cheryu oegugin beomjoe-e gwanhan gyeongchal-ui daeeung bangan (2015), Table 1, citing Ministry of Justice Korea Immigration Service statistical yearbook",https://press.police.ac.kr/pds/1476878914562.pdf,"illegal residents (불법체류자), calendar-year figure as tabulated in the MOJ Korea Immigration Service statistical yearbook (통계연보); the yearbook series is compiled as of 31 December. Predominantly visa overstayers. Source line: '출처: 법무부 출입국·외국인 정책본부, 통계연보 자료'. Korean government portals (data.go.kr, index.go.kr, kosis) block the fetcher, so this secondary academic tabulation of the MOJ series was used.",yes,irregular_row_fill.csv
Korea (South),KOR,2015,irregular_proxy_overstayers,212596,"Korean National Police University press, Cheryu oegugin beomjoe-e gwanhan gyeongchal-ui daeeung bangan (2015), Table 1, citing Ministry of Justice Korea Immigration Service statistical yearbook",https://press.police.ac.kr/pds/1476878914562.pdf,"illegal residents (불법체류자) as of 31 AUGUST 2015, NOT year-end - the source column is labelled '2015. 8. 기준' and the table footer reads '2015. 8. 31. 기준'. Not strictly comparable with the 31 December figures for other years; use with care or drop.",yes,irregular_row_fill.csv
Korea (South),KOR,2018,irregular_proxy_overstayers,355126,"Ministry of Justice of Korea, Immigration and Foreign Policy Statistics (불법체류외국인), reported via EKW",https://www.ekw.co.kr/news/articleView.html?idxno=11130,"Reference date 31 December 2018. Administrative register count of foreigners in illegal residence (불법체류자), predominantly overstayers. Figure taken from a secondary report citing the MOJ 2022 monthly statistics bulletin and 2021 statistical yearbook; the MOJ primary files were not directly reachable (robots.txt).",yes,irregular_row.csv
Korea (South),KOR,2020,irregular_proxy_overstayers,392196,"Ministry of Justice of Korea, Immigration and Foreign Policy Statistics (불법체류외국인), reported via EKW",https://www.ekw.co.kr/news/articleView.html?idxno=11130,"Reference date 31 December 2020. Administrative register count of foreigners in illegal residence (불법체류자), predominantly overstayers. Figure taken from a secondary report citing the MOJ 2022 monthly statistics bulletin and 2021 statistical yearbook; the MOJ primary files were not directly reachable (robots.txt).",yes,irregular_row.csv
Korea (South),KOR,2021,irregular_proxy_overstayers,388700,"Ministry of Justice of Korea, Immigration and Foreign Policy Statistics (불법체류외국인), reported via EKW",https://www.ekw.co.kr/news/articleView.html?idxno=11130,"Reference date 31 December 2021. Administrative register count of foreigners in illegal residence (불법체류자), predominantly overstayers. Figure taken from a secondary report citing the MOJ 2022 monthly statistics bulletin and 2021 statistical yearbook; the MOJ primary files were not directly reachable (robots.txt). Value ends in '00' and may have been rounded by the secondary source.",yes,irregular_row.csv
Korea (South),KOR,2022,irregular_proxy_overstayers,411270,"Ministry of Justice of Korea, Immigration and Foreign Policy Statistics (불법체류외국인), reported via EKW",https://www.ekw.co.kr/news/articleView.html?idxno=11130,"Reference date 31 December 2022. Administrative register count of foreigners in illegal residence (불법체류자), predominantly overstayers. Figure taken from a secondary report citing the MOJ 2022 monthly statistics bulletin and 2021 statistical yearbook; the MOJ primary files were not directly reachable (robots.txt).",yes,irregular_row.csv
Korea (South),KOR,2010,population,49554112,"World Bank, World Development Indicators (SP.POP.TOTL), sourced from UN World Population Prospects and national statistical offices",https://api.worldbank.org/v2/country/all/indicator/SP.POP.TOTL,"Total resident population, mid-year estimate. Retrieved via World Bank API, August 2026.",yes,worldbank_api
Korea (South),KOR,2011,population,49936638,"World Bank, World Development Indicators (SP.POP.TOTL), sourced from UN World Population Prospects and national statistical offices",https://api.worldbank.org/v2/country/all/indicator/SP.POP.TOTL,"Total resident population, mid-year estimate. Retrieved via World Bank API, August 2026.",yes,worldbank_api
Korea (South),KOR,2012,population,50199853,"World Bank, World Development Indicators (SP.POP.TOTL), sourced from UN World Population Prospects and national statistical offices",https://api.worldbank.org/v2/country/all/indicator/SP.POP.TOTL,"Total resident population, mid-year estimate. Retrieved via World Bank API, August 2026.",yes,worldbank_api
Korea (South),KOR,2013,population,50428893,"World Bank, World Development Indicators (SP.POP.TOTL), sourced from UN World Population Prospects and national statistical offices",https://api.worldbank.org/v2/country/all/indicator/SP.POP.TOTL,"Total resident population, mid-year estimate. Retrieved via World Bank API, August 2026.",yes,worldbank_api
Korea (South),KOR,2014,population,50746659,"World Bank, World Development Indicators (SP.POP.TOTL), sourced from UN World Population Prospects and national statistical offices",https://api.worldbank.org/v2/country/all/indicator/SP.POP.TOTL,"Total resident population, mid-year estimate. Retrieved via World Bank API, August 2026.",yes,worldbank_api
Korea (South),KOR,2015,population,51014947,"World Bank, World Development Indicators (SP.POP.TOTL), sourced from UN World Population Prospects and national statistical offices",https://api.worldbank.org/v2/country/all/indicator/SP.POP.TOTL,"Total resident population, mid-year estimate. Retrieved via World Bank API, August 2026.",yes,worldbank_api
Korea (South),KOR,2016,population,51217803,"World Bank, World Development Indicators (SP.POP.TOTL), sourced from UN World Population Prospects and national statistical offices",https://api.worldbank.org/v2/country/all/indicator/SP.POP.TOTL,"Total resident population, mid-year estimate. Retrieved via World Bank API, August 2026.",yes,worldbank_api
Korea (South),KOR,2017,population,51361911,"World Bank, World Development Indicators (SP.POP.TOTL), sourced from UN World Population Prospects and national statistical offices",https://api.worldbank.org/v2/country/all/indicator/SP.POP.TOTL,"Total resident population, mid-year estimate. Retrieved via World Bank API, August 2026.",yes,worldbank_api
Korea (South),KOR,2018,population,51585058,"World Bank, World Development Indicators (SP.POP.TOTL), sourced from UN World Population Prospects and national statistical offices",https://api.worldbank.org/v2/country/all/indicator/SP.POP.TOTL,"Total resident population, mid-year estimate. Retrieved via World Bank API, August 2026.",yes,worldbank_api
Korea (South),KOR,2019,population,51764822,"World Bank, World Development Indicators (SP.POP.TOTL), sourced from UN World Population Prospects and national statistical offices",https://api.worldbank.org/v2/country/all/indicator/SP.POP.TOTL,"Total resident population, mid-year estimate. Retrieved via World Bank API, August 2026.",yes,worldbank_api
Korea (South),KOR,2020,population,51836239,"World Bank, World Development Indicators (SP.POP.TOTL), sourced from UN World Population Prospects and national statistical offices",https://api.worldbank.org/v2/country/all/indicator/SP.POP.TOTL,"Total resident population, mid-year estimate. Retrieved via World Bank API, August 2026.",yes,worldbank_api
Korea (South),KOR,2021,population,51769539,"World Bank, World Development Indicators (SP.POP.TOTL), sourced from UN World Population Prospects and national statistical offices",https://api.worldbank.org/v2/country/all/indicator/SP.POP.TOTL,"Total resident population, mid-year estimate. Retrieved via World Bank API, August 2026.",yes,worldbank_api
Korea (South),KOR,2022,population,51672569,"World Bank, World Development Indicators (SP.POP.TOTL), sourced from UN World Population Prospects and national statistical offices",https://api.worldbank.org/v2/country/all/indicator/SP.POP.TOTL,"Total resident population, mid-year estimate. Retrieved via World Bank API, August 2026.",yes,worldbank_api
Lithuania,LTU,2010,foreign_born,160772,Eurostat [migr_pop3ctb],https://ec.europa.eu/eurostat/api/dissemination/statistics/1.0/data/migr_pop3ctb?format=JSON&lang=EN&geo=LT&age=TOTAL&sex=T&unit=NR&c_birth=FOR&sinceTimePeriod=2010&untilTimePeriod=2022,stock at 1 Jan; c_birth=FOR (born in a foreign country),yes,eu_stock.csv
Lithuania,LTU,2011,foreign_born,149544,Eurostat [migr_pop3ctb],https://ec.europa.eu/eurostat/api/dissemination/statistics/1.0/data/migr_pop3ctb?format=JSON&lang=EN&geo=LT&age=TOTAL&sex=T&unit=NR&c_birth=FOR&sinceTimePeriod=2010&untilTimePeriod=2022,stock at 1 Jan; c_birth=FOR (born in a foreign country),yes,eu_stock.csv
Lithuania,LTU,2012,foreign_born,143675,Eurostat [migr_pop3ctb],https://ec.europa.eu/eurostat/api/dissemination/statistics/1.0/data/migr_pop3ctb?format=JSON&lang=EN&geo=LT&age=TOTAL&sex=T&unit=NR&c_birth=FOR&sinceTimePeriod=2010&untilTimePeriod=2022,stock at 1 Jan; c_birth=FOR (born in a foreign country),yes,eu_stock.csv
Lithuania,LTU,2013,foreign_born,138297,Eurostat [migr_pop3ctb],https://ec.europa.eu/eurostat/api/dissemination/statistics/1.0/data/migr_pop3ctb?format=JSON&lang=EN&geo=LT&age=TOTAL&sex=T&unit=NR&c_birth=FOR&sinceTimePeriod=2010&untilTimePeriod=2022,stock at 1 Jan; c_birth=FOR (born in a foreign country),yes,eu_stock.csv
Lithuania,LTU,2014,foreign_born,133746,Eurostat [migr_pop3ctb],https://ec.europa.eu/eurostat/api/dissemination/statistics/1.0/data/migr_pop3ctb?format=JSON&lang=EN&geo=LT&age=TOTAL&sex=T&unit=NR&c_birth=FOR&sinceTimePeriod=2010&untilTimePeriod=2022,stock at 1 Jan; c_birth=FOR (born in a foreign country),yes,eu_stock.csv
Lithuania,LTU,2015,foreign_born,131929,Eurostat [migr_pop3ctb],https://ec.europa.eu/eurostat/api/dissemination/statistics/1.0/data/migr_pop3ctb?format=JSON&lang=EN&geo=LT&age=TOTAL&sex=T&unit=NR&c_birth=FOR&sinceTimePeriod=2010&untilTimePeriod=2022,stock at 1 Jan; c_birth=FOR (born in a foreign country),yes,eu_stock.csv
Lithuania,LTU,2016,foreign_born,126264,Eurostat [migr_pop3ctb],https://ec.europa.eu/eurostat/api/dissemination/statistics/1.0/data/migr_pop3ctb?format=JSON&lang=EN&geo=LT&age=TOTAL&sex=T&unit=NR&c_birth=FOR&sinceTimePeriod=2010&untilTimePeriod=2022,stock at 1 Jan; c_birth=FOR (born in a foreign country),yes,eu_stock.csv
Lithuania,LTU,2017,foreign_born,124964,Eurostat [migr_pop3ctb],https://ec.europa.eu/eurostat/api/dissemination/statistics/1.0/data/migr_pop3ctb?format=JSON&lang=EN&geo=LT&age=TOTAL&sex=T&unit=NR&c_birth=FOR&sinceTimePeriod=2010&untilTimePeriod=2022,stock at 1 Jan; c_birth=FOR (born in a foreign country),yes,eu_stock.csv
Lithuania,LTU,2018,foreign_born,132127,Eurostat [migr_pop3ctb],https://ec.europa.eu/eurostat/api/dissemination/statistics/1.0/data/migr_pop3ctb?format=JSON&lang=EN&geo=LT&age=TOTAL&sex=T&unit=NR&c_birth=FOR&sinceTimePeriod=2010&untilTimePeriod=2022,stock at 1 Jan; c_birth=FOR (born in a foreign country),yes,eu_stock.csv
Lithuania,LTU,2019,foreign_born,148679,Eurostat [migr_pop3ctb],https://ec.europa.eu/eurostat/api/dissemination/statistics/1.0/data/migr_pop3ctb?format=JSON&lang=EN&geo=LT&age=TOTAL&sex=T&unit=NR&c_birth=FOR&sinceTimePeriod=2010&untilTimePeriod=2022,stock at 1 Jan; c_birth=FOR (born in a foreign country),yes,eu_stock.csv
Lithuania,LTU,2020,foreign_born,153697,Eurostat [migr_pop3ctb],https://ec.europa.eu/eurostat/api/dissemination/statistics/1.0/data/migr_pop3ctb?format=JSON&lang=EN&geo=LT&age=TOTAL&sex=T&unit=NR&c_birth=FOR&sinceTimePeriod=2010&untilTimePeriod=2022,stock at 1 Jan; c_birth=FOR (born in a foreign country),yes,eu_stock.csv
Lithuania,LTU,2021,foreign_born,155586,Eurostat [migr_pop3ctb],https://ec.europa.eu/eurostat/api/dissemination/statistics/1.0/data/migr_pop3ctb?format=JSON&lang=EN&geo=LT&age=TOTAL&sex=T&unit=NR&c_birth=FOR&sinceTimePeriod=2010&untilTimePeriod=2022,stock at 1 Jan; c_birth=FOR (born in a foreign country),yes,eu_stock.csv
Lithuania,LTU,2022,foreign_born,168787,Eurostat [migr_pop3ctb],https://ec.europa.eu/eurostat/api/dissemination/statistics/1.0/data/migr_pop3ctb?format=JSON&lang=EN&geo=LT&age=TOTAL&sex=T&unit=NR&c_birth=FOR&sinceTimePeriod=2010&untilTimePeriod=2022,stock at 1 Jan; c_birth=FOR (born in a foreign country),yes,eu_stock.csv
Lithuania,LTU,2010,foreign_nationals,27318,Eurostat [migr_pop1ctz],https://ec.europa.eu/eurostat/api/dissemination/statistics/1.0/data/migr_pop1ctz?format=JSON&lang=EN&geo=LT&age=TOTAL&sex=T&unit=NR&citizen=FOR_STLS&sinceTimePeriod=2010&untilTimePeriod=2022,stock at 1 Jan; citizen=FOR_STLS (foreign citizens incl. stateless),yes,eu_stock.csv
Lithuania,LTU,2011,foreign_nationals,24031,Eurostat [migr_pop1ctz],https://ec.europa.eu/eurostat/api/dissemination/statistics/1.0/data/migr_pop1ctz?format=JSON&lang=EN&geo=LT&age=TOTAL&sex=T&unit=NR&citizen=FOR_STLS&sinceTimePeriod=2010&untilTimePeriod=2022,stock at 1 Jan; citizen=FOR_STLS (foreign citizens incl. stateless),yes,eu_stock.csv
Lithuania,LTU,2012,foreign_nationals,22865,Eurostat [migr_pop1ctz],https://ec.europa.eu/eurostat/api/dissemination/statistics/1.0/data/migr_pop1ctz?format=JSON&lang=EN&geo=LT&age=TOTAL&sex=T&unit=NR&citizen=FOR_STLS&sinceTimePeriod=2010&untilTimePeriod=2022,stock at 1 Jan; citizen=FOR_STLS (foreign citizens incl. stateless),yes,eu_stock.csv
Lithuania,LTU,2013,foreign_nationals,21498,Eurostat [migr_pop1ctz],https://ec.europa.eu/eurostat/api/dissemination/statistics/1.0/data/migr_pop1ctz?format=JSON&lang=EN&geo=LT&age=TOTAL&sex=T&unit=NR&citizen=FOR_STLS&sinceTimePeriod=2010&untilTimePeriod=2022,stock at 1 Jan; citizen=FOR_STLS (foreign citizens incl. stateless),yes,eu_stock.csv
Lithuania,LTU,2014,foreign_nationals,20410,Eurostat [migr_pop1ctz],https://ec.europa.eu/eurostat/api/dissemination/statistics/1.0/data/migr_pop1ctz?format=JSON&lang=EN&geo=LT&age=TOTAL&sex=T&unit=NR&citizen=FOR_STLS&sinceTimePeriod=2010&untilTimePeriod=2022,stock at 1 Jan; citizen=FOR_STLS (foreign citizens incl. stateless),yes,eu_stock.csv
Lithuania,LTU,2015,foreign_nationals,20254,Eurostat [migr_pop1ctz],https://ec.europa.eu/eurostat/api/dissemination/statistics/1.0/data/migr_pop1ctz?format=JSON&lang=EN&geo=LT&age=TOTAL&sex=T&unit=NR&citizen=FOR_STLS&sinceTimePeriod=2010&untilTimePeriod=2022,stock at 1 Jan; citizen=FOR_STLS (foreign citizens incl. stateless),yes,eu_stock.csv
Lithuania,LTU,2016,foreign_nationals,19123,Eurostat [migr_pop1ctz],https://ec.europa.eu/eurostat/api/dissemination/statistics/1.0/data/migr_pop1ctz?format=JSON&lang=EN&geo=LT&age=TOTAL&sex=T&unit=NR&citizen=FOR_STLS&sinceTimePeriod=2010&untilTimePeriod=2022,stock at 1 Jan; citizen=FOR_STLS (foreign citizens incl. stateless),yes,eu_stock.csv
Lithuania,LTU,2017,foreign_nationals,18665,Eurostat [migr_pop1ctz],https://ec.europa.eu/eurostat/api/dissemination/statistics/1.0/data/migr_pop1ctz?format=JSON&lang=EN&geo=LT&age=TOTAL&sex=T&unit=NR&citizen=FOR_STLS&sinceTimePeriod=2010&untilTimePeriod=2022,stock at 1 Jan; citizen=FOR_STLS (foreign citizens incl. stateless),yes,eu_stock.csv
Lithuania,LTU,2018,foreign_nationals,18923,Eurostat [migr_pop1ctz],https://ec.europa.eu/eurostat/api/dissemination/statistics/1.0/data/migr_pop1ctz?format=JSON&lang=EN&geo=LT&age=TOTAL&sex=T&unit=NR&citizen=FOR_STLS&sinceTimePeriod=2010&untilTimePeriod=2022,stock at 1 Jan; citizen=FOR_STLS (foreign citizens incl. stateless),yes,eu_stock.csv
Lithuania,LTU,2019,foreign_nationals,20202,Eurostat [migr_pop1ctz],https://ec.europa.eu/eurostat/api/dissemination/statistics/1.0/data/migr_pop1ctz?format=JSON&lang=EN&geo=LT&age=TOTAL&sex=T&unit=NR&citizen=FOR_STLS&sinceTimePeriod=2010&untilTimePeriod=2022,stock at 1 Jan; citizen=FOR_STLS (foreign citizens incl. stateless),yes,eu_stock.csv
Lithuania,LTU,2020,foreign_nationals,20680,Eurostat [migr_pop1ctz],https://ec.europa.eu/eurostat/api/dissemination/statistics/1.0/data/migr_pop1ctz?format=JSON&lang=EN&geo=LT&age=TOTAL&sex=T&unit=NR&citizen=FOR_STLS&sinceTimePeriod=2010&untilTimePeriod=2022,stock at 1 Jan; citizen=FOR_STLS (foreign citizens incl. stateless),yes,eu_stock.csv
Lithuania,LTU,2021,foreign_nationals,20001,Eurostat [migr_pop1ctz],https://ec.europa.eu/eurostat/api/dissemination/statistics/1.0/data/migr_pop1ctz?format=JSON&lang=EN&geo=LT&age=TOTAL&sex=T&unit=NR&citizen=FOR_STLS&sinceTimePeriod=2010&untilTimePeriod=2022,stock at 1 Jan; citizen=FOR_STLS (foreign citizens incl. stateless),yes,eu_stock.csv
Lithuania,LTU,2022,foreign_nationals,34310,Eurostat [migr_pop1ctz],https://ec.europa.eu/eurostat/api/dissemination/statistics/1.0/data/migr_pop1ctz?format=JSON&lang=EN&geo=LT&age=TOTAL&sex=T&unit=NR&citizen=FOR_STLS&sinceTimePeriod=2010&untilTimePeriod=2022,stock at 1 Jan; citizen=FOR_STLS (foreign citizens incl. stateless); apparent break in series (population census re-basing),yes,eu_stock.csv
Lithuania,LTU,2010,irregular_proxy_detections,1345,"Eurostat, Third country nationals found to be illegally present (migr_eipre)",https://ec.europa.eu/eurostat/databrowser/view/migr_eipre/default/table,"Eurostat enforcement statistic - annual flow of detections, NOT a stock. Dataset migr_eipre, dimensions freq=A citizen=TOTAL reason=TOTAL apprehen=TOTAL sex=T age=TOTAL unit=PER. Rounded to nearest 5 by Eurostat.",yes,irregular_eu.csv
Lithuania,LTU,2011,irregular_proxy_detections,1895,"Eurostat, Third country nationals found to be illegally present (migr_eipre)",https://ec.europa.eu/eurostat/databrowser/view/migr_eipre/default/table,"Eurostat enforcement statistic - annual flow of detections, NOT a stock. Dataset migr_eipre, dimensions freq=A citizen=TOTAL reason=TOTAL apprehen=TOTAL sex=T age=TOTAL unit=PER. Rounded to nearest 5 by Eurostat.",yes,irregular_eu.csv
Lithuania,LTU,2012,irregular_proxy_detections,2080,"Eurostat, Third country nationals found to be illegally present (migr_eipre)",https://ec.europa.eu/eurostat/databrowser/view/migr_eipre/default/table,"Eurostat enforcement statistic - annual flow of detections, NOT a stock. Dataset migr_eipre, dimensions freq=A citizen=TOTAL reason=TOTAL apprehen=TOTAL sex=T age=TOTAL unit=PER. Rounded to nearest 5 by Eurostat.",yes,irregular_eu.csv
Lithuania,LTU,2013,irregular_proxy_detections,1910,"Eurostat, Third country nationals found to be illegally present (migr_eipre)",https://ec.europa.eu/eurostat/databrowser/view/migr_eipre/default/table,"Eurostat enforcement statistic - annual flow of detections, NOT a stock. Dataset migr_eipre, dimensions freq=A citizen=TOTAL reason=TOTAL apprehen=TOTAL sex=T age=TOTAL unit=PER. Rounded to nearest 5 by Eurostat.",yes,irregular_eu.csv
Lithuania,LTU,2014,irregular_proxy_detections,2465,"Eurostat, Third country nationals found to be illegally present (migr_eipre)",https://ec.europa.eu/eurostat/databrowser/view/migr_eipre/default/table,"Eurostat enforcement statistic - annual flow of detections, NOT a stock. Dataset migr_eipre, dimensions freq=A citizen=TOTAL reason=TOTAL apprehen=TOTAL sex=T age=TOTAL unit=PER. Rounded to nearest 5 by Eurostat.",yes,irregular_eu.csv
Lithuania,LTU,2015,irregular_proxy_detections,2040,"Eurostat, Third country nationals found to be illegally present (migr_eipre)",https://ec.europa.eu/eurostat/databrowser/view/migr_eipre/default/table,"Eurostat enforcement statistic - annual flow of detections, NOT a stock. Dataset migr_eipre, dimensions freq=A citizen=TOTAL reason=TOTAL apprehen=TOTAL sex=T age=TOTAL unit=PER. Rounded to nearest 5 by Eurostat.",yes,irregular_eu.csv
Lithuania,LTU,2016,irregular_proxy_detections,1920,"Eurostat, Third country nationals found to be illegally present (migr_eipre)",https://ec.europa.eu/eurostat/databrowser/view/migr_eipre/default/table,"Eurostat enforcement statistic - annual flow of detections, NOT a stock. Dataset migr_eipre, dimensions freq=A citizen=TOTAL reason=TOTAL apprehen=TOTAL sex=T age=TOTAL unit=PER. Rounded to nearest 5 by Eurostat.",yes,irregular_eu.csv
Lithuania,LTU,2017,irregular_proxy_detections,2210,"Eurostat, Third country nationals found to be illegally present (migr_eipre)",https://ec.europa.eu/eurostat/databrowser/view/migr_eipre/default/table,"Eurostat enforcement statistic - annual flow of detections, NOT a stock. Dataset migr_eipre, dimensions freq=A citizen=TOTAL reason=TOTAL apprehen=TOTAL sex=T age=TOTAL unit=PER. Rounded to nearest 5 by Eurostat.",yes,irregular_eu.csv
Lithuania,LTU,2018,irregular_proxy_detections,2660,"Eurostat, Third country nationals found to be illegally present (migr_eipre)",https://ec.europa.eu/eurostat/databrowser/view/migr_eipre/default/table,"Eurostat enforcement statistic - annual flow of detections, NOT a stock. Dataset migr_eipre, dimensions freq=A citizen=TOTAL reason=TOTAL apprehen=TOTAL sex=T age=TOTAL unit=PER. Rounded to nearest 5 by Eurostat.",yes,irregular_eu.csv
Lithuania,LTU,2019,irregular_proxy_detections,2440,"Eurostat, Third country nationals found to be illegally present (migr_eipre)",https://ec.europa.eu/eurostat/databrowser/view/migr_eipre/default/table,"Eurostat enforcement statistic - annual flow of detections, NOT a stock. Dataset migr_eipre, dimensions freq=A citizen=TOTAL reason=TOTAL apprehen=TOTAL sex=T age=TOTAL unit=PER. Rounded to nearest 5 by Eurostat.",yes,irregular_eu.csv
Lithuania,LTU,2020,irregular_proxy_detections,1960,"Eurostat, Third country nationals found to be illegally present (migr_eipre)",https://ec.europa.eu/eurostat/databrowser/view/migr_eipre/default/table,"Eurostat enforcement statistic - annual flow of detections, NOT a stock. Dataset migr_eipre, dimensions freq=A citizen=TOTAL reason=TOTAL apprehen=TOTAL sex=T age=TOTAL unit=PER. Rounded to nearest 5 by Eurostat.",yes,irregular_eu.csv
Lithuania,LTU,2021,irregular_proxy_detections,5025,"Eurostat, Third country nationals found to be illegally present (migr_eipre)",https://ec.europa.eu/eurostat/databrowser/view/migr_eipre/default/table,"Eurostat enforcement statistic - annual flow of detections, NOT a stock. Dataset migr_eipre, dimensions freq=A citizen=TOTAL reason=TOTAL apprehen=TOTAL sex=T age=TOTAL unit=PER. Rounded to nearest 5 by Eurostat.",yes,irregular_eu.csv
Lithuania,LTU,2022,irregular_proxy_detections,3450,"Eurostat, Third country nationals found to be illegally present (migr_eipre)",https://ec.europa.eu/eurostat/databrowser/view/migr_eipre/default/table,"Eurostat enforcement statistic - annual flow of detections, NOT a stock. Dataset migr_eipre, dimensions freq=A citizen=TOTAL reason=TOTAL apprehen=TOTAL sex=T age=TOTAL unit=PER. Rounded to nearest 5 by Eurostat.",yes,irregular_eu.csv
Lithuania,LTU,2010,population,3097282,"World Bank, World Development Indicators (SP.POP.TOTL), sourced from UN World Population Prospects and national statistical offices",https://api.worldbank.org/v2/country/all/indicator/SP.POP.TOTL,"Total resident population, mid-year estimate. Retrieved via World Bank API, August 2026.",yes,worldbank_api
Lithuania,LTU,2011,population,3028115,"World Bank, World Development Indicators (SP.POP.TOTL), sourced from UN World Population Prospects and national statistical offices",https://api.worldbank.org/v2/country/all/indicator/SP.POP.TOTL,"Total resident population, mid-year estimate. Retrieved via World Bank API, August 2026.",yes,worldbank_api
Lithuania,LTU,2012,population,2989139,"World Bank, World Development Indicators (SP.POP.TOTL), sourced from UN World Population Prospects and national statistical offices",https://api.worldbank.org/v2/country/all/indicator/SP.POP.TOTL,"Total resident population, mid-year estimate. Retrieved via World Bank API, August 2026.",yes,worldbank_api
Lithuania,LTU,2013,population,2961250,"World Bank, World Development Indicators (SP.POP.TOTL), sourced from UN World Population Prospects and national statistical offices",https://api.worldbank.org/v2/country/all/indicator/SP.POP.TOTL,"Total resident population, mid-year estimate. Retrieved via World Bank API, August 2026.",yes,worldbank_api
Lithuania,LTU,2014,population,2937253,"World Bank, World Development Indicators (SP.POP.TOTL), sourced from UN World Population Prospects and national statistical offices",https://api.worldbank.org/v2/country/all/indicator/SP.POP.TOTL,"Total resident population, mid-year estimate. Retrieved via World Bank API, August 2026.",yes,worldbank_api
Lithuania,LTU,2015,population,2911109,"World Bank, World Development Indicators (SP.POP.TOTL), sourced from UN World Population Prospects and national statistical offices",https://api.worldbank.org/v2/country/all/indicator/SP.POP.TOTL,"Total resident population, mid-year estimate. Retrieved via World Bank API, August 2026.",yes,worldbank_api
Lithuania,LTU,2016,population,2877325,"World Bank, World Development Indicators (SP.POP.TOTL), sourced from UN World Population Prospects and national statistical offices",https://api.worldbank.org/v2/country/all/indicator/SP.POP.TOTL,"Total resident population, mid-year estimate. Retrieved via World Bank API, August 2026.",yes,worldbank_api
Lithuania,LTU,2017,population,2842639,"World Bank, World Development Indicators (SP.POP.TOTL), sourced from UN World Population Prospects and national statistical offices",https://api.worldbank.org/v2/country/all/indicator/SP.POP.TOTL,"Total resident population, mid-year estimate. Retrieved via World Bank API, August 2026.",yes,worldbank_api
Lithuania,LTU,2018,population,2819200,"World Bank, World Development Indicators (SP.POP.TOTL), sourced from UN World Population Prospects and national statistical offices",https://api.worldbank.org/v2/country/all/indicator/SP.POP.TOTL,"Total resident population, mid-year estimate. Retrieved via World Bank API, August 2026.",yes,worldbank_api
Lithuania,LTU,2019,population,2811089,"World Bank, World Development Indicators (SP.POP.TOTL), sourced from UN World Population Prospects and national statistical offices",https://api.worldbank.org/v2/country/all/indicator/SP.POP.TOTL,"Total resident population, mid-year estimate. Retrieved via World Bank API, August 2026.",yes,worldbank_api
Lithuania,LTU,2020,population,2810369,"World Bank, World Development Indicators (SP.POP.TOTL), sourced from UN World Population Prospects and national statistical offices",https://api.worldbank.org/v2/country/all/indicator/SP.POP.TOTL,"Total resident population, mid-year estimate. Retrieved via World Bank API, August 2026.",yes,worldbank_api
Lithuania,LTU,2021,population,2808380,"World Bank, World Development Indicators (SP.POP.TOTL), sourced from UN World Population Prospects and national statistical offices",https://api.worldbank.org/v2/country/all/indicator/SP.POP.TOTL,"Total resident population, mid-year estimate. Retrieved via World Bank API, August 2026.",yes,worldbank_api
Lithuania,LTU,2022,population,2831639,"World Bank, World Development Indicators (SP.POP.TOTL), sourced from UN World Population Prospects and national statistical offices",https://api.worldbank.org/v2/country/all/indicator/SP.POP.TOTL,"Total resident population, mid-year estimate. Retrieved via World Bank API, August 2026.",yes,worldbank_api
Mexico,MEX,2010,foreign_born,961121,"OECD International Migration Database (stocks of foreign-born population, measure B14)","https://sdmx.oecd.org/public/rest/data/OECD.ELS.IMD,DSD_MIG_F@DF_MIG_POPF,1.0/MEX.W.A.B14._T._Z._Z.PS?startPeriod=2010&endPeriod=2022&format=jsondata&dimensionAtObservation=AllDimensions","Population born abroad; OECD IMD series sourced from INEGI. 2010 value (961121) corresponds to the Censo de Población y Vivienda 2010. Years 2016, 2017, 2019, 2021 and 2022 are not published.",yes,noneu_stock.csv
Mexico,MEX,2011,foreign_born,966778,"OECD International Migration Database (stocks of foreign-born population, measure B14)","https://sdmx.oecd.org/public/rest/data/OECD.ELS.IMD,DSD_MIG_F@DF_MIG_POPF,1.0/MEX.W.A.B14._T._Z._Z.PS?startPeriod=2010&endPeriod=2022&format=jsondata&dimensionAtObservation=AllDimensions","Population born abroad; OECD IMD series sourced from INEGI. 2010 value (961121) corresponds to the Censo de Población y Vivienda 2010. Years 2016, 2017, 2019, 2021 and 2022 are not published.",yes,noneu_stock.csv
Mexico,MEX,2012,foreign_born,973650,"OECD International Migration Database (stocks of foreign-born population, measure B14)","https://sdmx.oecd.org/public/rest/data/OECD.ELS.IMD,DSD_MIG_F@DF_MIG_POPF,1.0/MEX.W.A.B14._T._Z._Z.PS?startPeriod=2010&endPeriod=2022&format=jsondata&dimensionAtObservation=AllDimensions","Population born abroad; OECD IMD series sourced from INEGI. 2010 value (961121) corresponds to the Censo de Población y Vivienda 2010. Years 2016, 2017, 2019, 2021 and 2022 are not published.",yes,noneu_stock.csv
Mexico,MEX,2013,foreign_born,991160,"OECD International Migration Database (stocks of foreign-born population, measure B14)","https://sdmx.oecd.org/public/rest/data/OECD.ELS.IMD,DSD_MIG_F@DF_MIG_POPF,1.0/MEX.W.A.B14._T._Z._Z.PS?startPeriod=2010&endPeriod=2022&format=jsondata&dimensionAtObservation=AllDimensions","Population born abroad; OECD IMD series sourced from INEGI. 2010 value (961121) corresponds to the Censo de Población y Vivienda 2010. Years 2016, 2017, 2019, 2021 and 2022 are not published.",yes,noneu_stock.csv
Mexico,MEX,2014,foreign_born,939905,"OECD International Migration Database (stocks of foreign-born population, measure B14)","https://sdmx.oecd.org/public/rest/data/OECD.ELS.IMD,DSD_MIG_F@DF_MIG_POPF,1.0/MEX.W.A.B14._T._Z._Z.PS?startPeriod=2010&endPeriod=2022&format=jsondata&dimensionAtObservation=AllDimensions","Population born abroad; OECD IMD series sourced from INEGI. 2010 value (961121) corresponds to the Censo de Población y Vivienda 2010. Years 2016, 2017, 2019, 2021 and 2022 are not published.",yes,noneu_stock.csv
Mexico,MEX,2015,foreign_born,1007063,"OECD International Migration Database (stocks of foreign-born population, measure B14)","https://sdmx.oecd.org/public/rest/data/OECD.ELS.IMD,DSD_MIG_F@DF_MIG_POPF,1.0/MEX.W.A.B14._T._Z._Z.PS?startPeriod=2010&endPeriod=2022&format=jsondata&dimensionAtObservation=AllDimensions","Population born abroad; OECD IMD series sourced from INEGI. 2010 value (961121) corresponds to the Censo de Población y Vivienda 2010. Years 2016, 2017, 2019, 2021 and 2022 are not published.",yes,noneu_stock.csv
Mexico,MEX,2018,foreign_born,1074752,"OECD International Migration Database (stocks of foreign-born population, measure B14)","https://sdmx.oecd.org/public/rest/data/OECD.ELS.IMD,DSD_MIG_F@DF_MIG_POPF,1.0/MEX.W.A.B14._T._Z._Z.PS?startPeriod=2010&endPeriod=2022&format=jsondata&dimensionAtObservation=AllDimensions","Population born abroad; OECD IMD series sourced from INEGI. 2010 value (961121) corresponds to the Censo de Población y Vivienda 2010. Years 2016, 2017, 2019, 2021 and 2022 are not published.",yes,noneu_stock.csv
Mexico,MEX,2020,foreign_born,1169883,"OECD International Migration Database (stocks of foreign-born population, measure B14)","https://sdmx.oecd.org/public/rest/data/OECD.ELS.IMD,DSD_MIG_F@DF_MIG_POPF,1.0/MEX.W.A.B14._T._Z._Z.PS?startPeriod=2010&endPeriod=2022&format=jsondata&dimensionAtObservation=AllDimensions","Population born abroad; OECD IMD series sourced from INEGI. 2010 value (961121) corresponds to the Censo de Población y Vivienda 2010. Years 2016, 2017, 2019, 2021 and 2022 are not published.",yes,noneu_stock.csv
Mexico,MEX,2010,foreign_nationals,262672,"OECD International Migration Database (stocks of foreign population, measure B15)","https://sdmx.oecd.org/public/rest/data/OECD.ELS.IMD,DSD_MIG@DF_MIG,1.0/MEX.W.A.B15._T._Z._Z.PS?startPeriod=2010&endPeriod=2022&format=jsondata&dimensionAtObservation=AllDimensions",Foreign nationals resident in Mexico; OECD IMD series sourced from INEGI (Census/ENADID/ENOE). Reference date varies by source year.,yes,noneu_stock.csv
Mexico,MEX,2011,foreign_nationals,281053,"OECD International Migration Database (stocks of foreign population, measure B15)","https://sdmx.oecd.org/public/rest/data/OECD.ELS.IMD,DSD_MIG@DF_MIG,1.0/MEX.W.A.B15._T._Z._Z.PS?startPeriod=2010&endPeriod=2022&format=jsondata&dimensionAtObservation=AllDimensions",Foreign nationals resident in Mexico; OECD IMD series sourced from INEGI (Census/ENADID/ENOE). Reference date varies by source year.,yes,noneu_stock.csv
Mexico,MEX,2012,foreign_nationals,303936,"OECD International Migration Database (stocks of foreign population, measure B15)","https://sdmx.oecd.org/public/rest/data/OECD.ELS.IMD,DSD_MIG@DF_MIG,1.0/MEX.W.A.B15._T._Z._Z.PS?startPeriod=2010&endPeriod=2022&format=jsondata&dimensionAtObservation=AllDimensions",Foreign nationals resident in Mexico; OECD IMD series sourced from INEGI (Census/ENADID/ENOE). Reference date varies by source year.,yes,noneu_stock.csv
Mexico,MEX,2013,foreign_nationals,296447,"OECD International Migration Database (stocks of foreign population, measure B15)","https://sdmx.oecd.org/public/rest/data/OECD.ELS.IMD,DSD_MIG@DF_MIG,1.0/MEX.W.A.B15._T._Z._Z.PS?startPeriod=2010&endPeriod=2022&format=jsondata&dimensionAtObservation=AllDimensions",Foreign nationals resident in Mexico; OECD IMD series sourced from INEGI (Census/ENADID/ENOE). Reference date varies by source year.,yes,noneu_stock.csv
Mexico,MEX,2015,foreign_nationals,325979,"OECD International Migration Database (stocks of foreign population, measure B15)","https://sdmx.oecd.org/public/rest/data/OECD.ELS.IMD,DSD_MIG@DF_MIG,1.0/MEX.W.A.B15._T._Z._Z.PS?startPeriod=2010&endPeriod=2022&format=jsondata&dimensionAtObservation=AllDimensions",Foreign nationals resident in Mexico; OECD IMD series sourced from INEGI (Census/ENADID/ENOE). Reference date varies by source year.,yes,noneu_stock.csv
Mexico,MEX,2016,foreign_nationals,355206,"OECD International Migration Database (stocks of foreign population, measure B15)","https://sdmx.oecd.org/public/rest/data/OECD.ELS.IMD,DSD_MIG@DF_MIG,1.0/MEX.W.A.B15._T._Z._Z.PS?startPeriod=2010&endPeriod=2022&format=jsondata&dimensionAtObservation=AllDimensions",Foreign nationals resident in Mexico; OECD IMD series sourced from INEGI (Census/ENADID/ENOE). Reference date varies by source year.,yes,noneu_stock.csv
Mexico,MEX,2017,foreign_nationals,381770,"OECD International Migration Database (stocks of foreign population, measure B15)","https://sdmx.oecd.org/public/rest/data/OECD.ELS.IMD,DSD_MIG@DF_MIG,1.0/MEX.W.A.B15._T._Z._Z.PS?startPeriod=2010&endPeriod=2022&format=jsondata&dimensionAtObservation=AllDimensions",Foreign nationals resident in Mexico; OECD IMD series sourced from INEGI (Census/ENADID/ENOE). Reference date varies by source year.,yes,noneu_stock.csv
Mexico,MEX,2018,foreign_nationals,423864,"OECD International Migration Database (stocks of foreign population, measure B15)","https://sdmx.oecd.org/public/rest/data/OECD.ELS.IMD,DSD_MIG@DF_MIG,1.0/MEX.W.A.B15._T._Z._Z.PS?startPeriod=2010&endPeriod=2022&format=jsondata&dimensionAtObservation=AllDimensions",Foreign nationals resident in Mexico; OECD IMD series sourced from INEGI (Census/ENADID/ENOE). Reference date varies by source year.,yes,noneu_stock.csv
Mexico,MEX,2019,foreign_nationals,461988,"OECD International Migration Database (stocks of foreign population, measure B15)","https://sdmx.oecd.org/public/rest/data/OECD.ELS.IMD,DSD_MIG@DF_MIG,1.0/MEX.W.A.B15._T._Z._Z.PS?startPeriod=2010&endPeriod=2022&format=jsondata&dimensionAtObservation=AllDimensions",Foreign nationals resident in Mexico; OECD IMD series sourced from INEGI (Census/ENADID/ENOE). Reference date varies by source year.,yes,noneu_stock.csv
Mexico,MEX,2020,foreign_nationals,480328,"OECD International Migration Database (stocks of foreign population, measure B15)","https://sdmx.oecd.org/public/rest/data/OECD.ELS.IMD,DSD_MIG@DF_MIG,1.0/MEX.W.A.B15._T._Z._Z.PS?startPeriod=2010&endPeriod=2022&format=jsondata&dimensionAtObservation=AllDimensions",Foreign nationals resident in Mexico; OECD IMD series sourced from INEGI (Census/ENADID/ENOE). Reference date varies by source year.,yes,noneu_stock.csv
Mexico,MEX,2021,foreign_nationals,579843,"OECD International Migration Database (stocks of foreign population, measure B15)","https://sdmx.oecd.org/public/rest/data/OECD.ELS.IMD,DSD_MIG@DF_MIG,1.0/MEX.W.A.B15._T._Z._Z.PS?startPeriod=2010&endPeriod=2022&format=jsondata&dimensionAtObservation=AllDimensions",Foreign nationals resident in Mexico; OECD IMD series sourced from INEGI (Census/ENADID/ENOE). Reference date varies by source year.,yes,noneu_stock.csv
Mexico,MEX,2022,foreign_nationals,720371,"OECD International Migration Database (stocks of foreign population, measure B15)","https://sdmx.oecd.org/public/rest/data/OECD.ELS.IMD,DSD_MIG@DF_MIG,1.0/MEX.W.A.B15._T._Z._Z.PS?startPeriod=2010&endPeriod=2022&format=jsondata&dimensionAtObservation=AllDimensions",Foreign nationals resident in Mexico; OECD IMD series sourced from INEGI (Census/ENADID/ENOE). Reference date varies by source year.,yes,noneu_stock.csv
Mexico,MEX,2017,irregular_proxy_detections,93846,"Unidad de Politica Migratoria, Registro e Identidad de Personas (UPMRIP), SEGOB, Boletin de Estadisticas Migratorias, as compiled in IOM Mexico, Estadisticas migratorias 2023",https://mexico.iom.int/sites/g/files/tmzbdl1686/files/documents/2024-03/estadisticas-migratorias-2023.pdf,"ENFORCEMENT/TRANSIT FLOW, not a stock. EVENTS, not persons: 'eventos de personas en situacion migratoria irregular' presented to the Mexican migration authority during calendar year 2017. One person may be recorded multiple times. Largely transit migrants heading to the United States. Administrative count.",yes,irregular_row_fill2.csv
Mexico,MEX,2018,irregular_proxy_detections,131445,"Unidad de Politica Migratoria, Registro e Identidad de Personas (UPMRIP), SEGOB, Boletin de Estadisticas Migratorias, as compiled in IOM Mexico, Estadisticas migratorias 2023",https://mexico.iom.int/sites/g/files/tmzbdl1686/files/documents/2024-03/estadisticas-migratorias-2023.pdf,"ENFORCEMENT/TRANSIT FLOW, not a stock. EVENTS, not persons: 'eventos de personas en situacion migratoria irregular' presented to the Mexican migration authority during calendar year 2018. One person may be recorded multiple times. Largely transit migrants. Administrative count.",yes,irregular_row_fill2.csv
Mexico,MEX,2019,irregular_proxy_detections,182940,"Unidad de Politica Migratoria, Registro e Identidad de Personas (UPMRIP), SEGOB, Boletin de Estadisticas Migratorias, as compiled in IOM Mexico, Estadisticas migratorias 2023",https://mexico.iom.int/sites/g/files/tmzbdl1686/files/documents/2024-03/estadisticas-migratorias-2023.pdf,"ENFORCEMENT/TRANSIT FLOW, not a stock. EVENTS, not persons: 'eventos de personas en situacion migratoria irregular' during calendar year 2019. Largely transit migrants. Administrative count. Independently corroborated at 182,940 in Papeles de Poblacion 29(118), SciELO Mexico, citing UPM.",yes,irregular_row_fill2.csv
Mexico,MEX,2020,irregular_proxy_detections,82379,"Unidad de Politica Migratoria, Registro e Identidad de Personas (UPMRIP), SEGOB, Boletin de Estadisticas Migratorias, as compiled in IOM Mexico, Estadisticas migratorias 2023",https://mexico.iom.int/sites/g/files/tmzbdl1686/files/documents/2024-03/estadisticas-migratorias-2023.pdf,"ENFORCEMENT/TRANSIT FLOW, not a stock. EVENTS, not persons: 'eventos de personas en situacion migratoria irregular' during calendar year 2020 (COVID-19 year). Largely transit migrants. Administrative count. Independently corroborated at 82,379 in Papeles de Poblacion 29(118), SciELO Mexico.",yes,irregular_row_fill2.csv
Mexico,MEX,2021,irregular_proxy_detections,309692,"Unidad de Politica Migratoria, Registro e Identidad de Personas (UPMRIP), SEGOB, Boletin de Estadisticas Migratorias, as compiled in IOM Mexico, Estadisticas migratorias 2023",https://mexico.iom.int/sites/g/files/tmzbdl1686/files/documents/2024-03/estadisticas-migratorias-2023.pdf,"ENFORCEMENT/TRANSIT FLOW, not a stock. EVENTS, not persons: 'eventos de personas en situacion migratoria irregular' during calendar year 2021. Largely transit migrants. Administrative count. Independently corroborated at 309,692 in Papeles de Poblacion 29(118), SciELO Mexico, and in the IOM Mexico Q2-2023 bulletin.",yes,irregular_row_fill2.csv
Mexico,MEX,2022,irregular_proxy_detections,441409,"Unidad de Politica Migratoria, Registro e Identidad de Personas (UPMRIP), SEGOB, Boletin de Estadisticas Migratorias, as compiled in IOM Mexico, Estadisticas migratorias 2023",https://mexico.iom.int/sites/g/files/tmzbdl1686/files/documents/2024-03/estadisticas-migratorias-2023.pdf,"ENFORCEMENT/TRANSIT FLOW, not a stock. EVENTS, not persons: 'eventos de personas en situacion migratoria irregular' during calendar year 2022. Largely transit migrants. Administrative count. Vintage caveat: a later UPM vintage cited in Papeles de Poblacion 29(118) gives 444,439 for 2022; the value here is the IOM/UPMRIP bulletin figure used consistently across 2017-2022.",yes,irregular_row_fill2.csv
Mexico,MEX,2010,population,113623895,"World Bank, World Development Indicators (SP.POP.TOTL), sourced from UN World Population Prospects and national statistical offices",https://api.worldbank.org/v2/country/all/indicator/SP.POP.TOTL,"Total resident population, mid-year estimate. Retrieved via World Bank API, August 2026.",yes,worldbank_api
Mexico,MEX,2011,population,115243504,"World Bank, World Development Indicators (SP.POP.TOTL), sourced from UN World Population Prospects and national statistical offices",https://api.worldbank.org/v2/country/all/indicator/SP.POP.TOTL,"Total resident population, mid-year estimate. Retrieved via World Bank API, August 2026.",yes,worldbank_api
Mexico,MEX,2012,population,116818208,"World Bank, World Development Indicators (SP.POP.TOTL), sourced from UN World Population Prospects and national statistical offices",https://api.worldbank.org/v2/country/all/indicator/SP.POP.TOTL,"Total resident population, mid-year estimate. Retrieved via World Bank API, August 2026.",yes,worldbank_api
Mexico,MEX,2013,population,118343573,"World Bank, World Development Indicators (SP.POP.TOTL), sourced from UN World Population Prospects and national statistical offices",https://api.worldbank.org/v2/country/all/indicator/SP.POP.TOTL,"Total resident population, mid-year estimate. Retrieved via World Bank API, August 2026.",yes,worldbank_api
Mexico,MEX,2014,population,119784261,"World Bank, World Development Indicators (SP.POP.TOTL), sourced from UN World Population Prospects and national statistical offices",https://api.worldbank.org/v2/country/all/indicator/SP.POP.TOTL,"Total resident population, mid-year estimate. Retrieved via World Bank API, August 2026.",yes,worldbank_api
Mexico,MEX,2015,population,121072306,"World Bank, World Development Indicators (SP.POP.TOTL), sourced from UN World Population Prospects and national statistical offices",https://api.worldbank.org/v2/country/all/indicator/SP.POP.TOTL,"Total resident population, mid-year estimate. Retrieved via World Bank API, August 2026.",yes,worldbank_api
Mexico,MEX,2016,population,122251351,"World Bank, World Development Indicators (SP.POP.TOTL), sourced from UN World Population Prospects and national statistical offices",https://api.worldbank.org/v2/country/all/indicator/SP.POP.TOTL,"Total resident population, mid-year estimate. Retrieved via World Bank API, August 2026.",yes,worldbank_api
Mexico,MEX,2017,population,123400057,"World Bank, World Development Indicators (SP.POP.TOTL), sourced from UN World Population Prospects and national statistical offices",https://api.worldbank.org/v2/country/all/indicator/SP.POP.TOTL,"Total resident population, mid-year estimate. Retrieved via World Bank API, August 2026.",yes,worldbank_api
Mexico,MEX,2018,population,124573711,"World Bank, World Development Indicators (SP.POP.TOTL), sourced from UN World Population Prospects and national statistical offices",https://api.worldbank.org/v2/country/all/indicator/SP.POP.TOTL,"Total resident population, mid-year estimate. Retrieved via World Bank API, August 2026.",yes,worldbank_api
Mexico,MEX,2019,population,125762982,"World Bank, World Development Indicators (SP.POP.TOTL), sourced from UN World Population Prospects and national statistical offices",https://api.worldbank.org/v2/country/all/indicator/SP.POP.TOTL,"Total resident population, mid-year estimate. Retrieved via World Bank API, August 2026.",yes,worldbank_api
Mexico,MEX,2020,population,126799054,"World Bank, World Development Indicators (SP.POP.TOTL), sourced from UN World Population Prospects and national statistical offices",https://api.worldbank.org/v2/country/all/indicator/SP.POP.TOTL,"Total resident population, mid-year estimate. Retrieved via World Bank API, August 2026.",yes,worldbank_api
Mexico,MEX,2021,population,127648148,"World Bank, World Development Indicators (SP.POP.TOTL), sourced from UN World Population Prospects and national statistical offices",https://api.worldbank.org/v2/country/all/indicator/SP.POP.TOTL,"Total resident population, mid-year estimate. Retrieved via World Bank API, August 2026.",yes,worldbank_api
Mexico,MEX,2022,population,128613117,"World Bank, World Development Indicators (SP.POP.TOTL), sourced from UN World Population Prospects and national statistical offices",https://api.worldbank.org/v2/country/all/indicator/SP.POP.TOTL,"Total resident population, mid-year estimate. Retrieved via World Bank API, August 2026.",yes,worldbank_api
Netherlands,NLD,2010,foreign_born,1832510,Eurostat [migr_pop3ctb],https://ec.europa.eu/eurostat/api/dissemination/statistics/1.0/data/migr_pop3ctb?format=JSON&lang=EN&geo=NL&age=TOTAL&sex=T&unit=NR&c_birth=FOR&sinceTimePeriod=2010&untilTimePeriod=2022,stock at 1 Jan; c_birth=FOR (born in a foreign country),yes,eu_stock.csv
Netherlands,NLD,2011,foreign_born,1868655,Eurostat [migr_pop3ctb],https://ec.europa.eu/eurostat/api/dissemination/statistics/1.0/data/migr_pop3ctb?format=JSON&lang=EN&geo=NL&age=TOTAL&sex=T&unit=NR&c_birth=FOR&sinceTimePeriod=2010&untilTimePeriod=2022,stock at 1 Jan; c_birth=FOR (born in a foreign country),yes,eu_stock.csv
Netherlands,NLD,2012,foreign_born,1906295,Eurostat [migr_pop3ctb],https://ec.europa.eu/eurostat/api/dissemination/statistics/1.0/data/migr_pop3ctb?format=JSON&lang=EN&geo=NL&age=TOTAL&sex=T&unit=NR&c_birth=FOR&sinceTimePeriod=2010&untilTimePeriod=2022,stock at 1 Jan; c_birth=FOR (born in a foreign country),yes,eu_stock.csv
Netherlands,NLD,2013,foreign_born,1927728,Eurostat [migr_pop3ctb],https://ec.europa.eu/eurostat/api/dissemination/statistics/1.0/data/migr_pop3ctb?format=JSON&lang=EN&geo=NL&age=TOTAL&sex=T&unit=NR&c_birth=FOR&sinceTimePeriod=2010&untilTimePeriod=2022,stock at 1 Jan; c_birth=FOR (born in a foreign country),yes,eu_stock.csv
Netherlands,NLD,2014,foreign_born,1953436,Eurostat [migr_pop3ctb],https://ec.europa.eu/eurostat/api/dissemination/statistics/1.0/data/migr_pop3ctb?format=JSON&lang=EN&geo=NL&age=TOTAL&sex=T&unit=NR&c_birth=FOR&sinceTimePeriod=2010&untilTimePeriod=2022,stock at 1 Jan; c_birth=FOR (born in a foreign country),yes,eu_stock.csv
Netherlands,NLD,2015,foreign_born,1996318,Eurostat [migr_pop3ctb],https://ec.europa.eu/eurostat/api/dissemination/statistics/1.0/data/migr_pop3ctb?format=JSON&lang=EN&geo=NL&age=TOTAL&sex=T&unit=NR&c_birth=FOR&sinceTimePeriod=2010&untilTimePeriod=2022,stock at 1 Jan; c_birth=FOR (born in a foreign country),yes,eu_stock.csv
Netherlands,NLD,2016,foreign_born,2056520,Eurostat [migr_pop3ctb],https://ec.europa.eu/eurostat/api/dissemination/statistics/1.0/data/migr_pop3ctb?format=JSON&lang=EN&geo=NL&age=TOTAL&sex=T&unit=NR&c_birth=FOR&sinceTimePeriod=2010&untilTimePeriod=2022,stock at 1 Jan; c_birth=FOR (born in a foreign country),yes,eu_stock.csv
Netherlands,NLD,2017,foreign_born,2137234,Eurostat [migr_pop3ctb],https://ec.europa.eu/eurostat/api/dissemination/statistics/1.0/data/migr_pop3ctb?format=JSON&lang=EN&geo=NL&age=TOTAL&sex=T&unit=NR&c_birth=FOR&sinceTimePeriod=2010&untilTimePeriod=2022,stock at 1 Jan; c_birth=FOR (born in a foreign country),yes,eu_stock.csv
Netherlands,NLD,2018,foreign_born,2215849,Eurostat [migr_pop3ctb],https://ec.europa.eu/eurostat/api/dissemination/statistics/1.0/data/migr_pop3ctb?format=JSON&lang=EN&geo=NL&age=TOTAL&sex=T&unit=NR&c_birth=FOR&sinceTimePeriod=2010&untilTimePeriod=2022,stock at 1 Jan; c_birth=FOR (born in a foreign country),yes,eu_stock.csv
Netherlands,NLD,2019,foreign_born,2298705,Eurostat [migr_pop3ctb],https://ec.europa.eu/eurostat/api/dissemination/statistics/1.0/data/migr_pop3ctb?format=JSON&lang=EN&geo=NL&age=TOTAL&sex=T&unit=NR&c_birth=FOR&sinceTimePeriod=2010&untilTimePeriod=2022,stock at 1 Jan; c_birth=FOR (born in a foreign country),yes,eu_stock.csv
Netherlands,NLD,2020,foreign_born,2399804,Eurostat [migr_pop3ctb],https://ec.europa.eu/eurostat/api/dissemination/statistics/1.0/data/migr_pop3ctb?format=JSON&lang=EN&geo=NL&age=TOTAL&sex=T&unit=NR&c_birth=FOR&sinceTimePeriod=2010&untilTimePeriod=2022,stock at 1 Jan; c_birth=FOR (born in a foreign country),yes,eu_stock.csv
Netherlands,NLD,2021,foreign_born,2451157,Eurostat [migr_pop3ctb],https://ec.europa.eu/eurostat/api/dissemination/statistics/1.0/data/migr_pop3ctb?format=JSON&lang=EN&geo=NL&age=TOTAL&sex=T&unit=NR&c_birth=FOR&sinceTimePeriod=2010&untilTimePeriod=2022,stock at 1 Jan; c_birth=FOR (born in a foreign country),yes,eu_stock.csv
Netherlands,NLD,2022,foreign_born,2550837,Eurostat [migr_pop3ctb],https://ec.europa.eu/eurostat/api/dissemination/statistics/1.0/data/migr_pop3ctb?format=JSON&lang=EN&geo=NL&age=TOTAL&sex=T&unit=NR&c_birth=FOR&sinceTimePeriod=2010&untilTimePeriod=2022,stock at 1 Jan; c_birth=FOR (born in a foreign country),yes,eu_stock.csv
Netherlands,NLD,2010,foreign_nationals,652188,Eurostat [migr_pop1ctz],https://ec.europa.eu/eurostat/api/dissemination/statistics/1.0/data/migr_pop1ctz?format=JSON&lang=EN&geo=NL&age=TOTAL&sex=T&unit=NR&citizen=FOR_STLS&sinceTimePeriod=2010&untilTimePeriod=2022,stock at 1 Jan; citizen=FOR_STLS (foreign citizens incl. stateless),yes,eu_stock.csv
Netherlands,NLD,2011,foreign_nationals,673235,Eurostat [migr_pop1ctz],https://ec.europa.eu/eurostat/api/dissemination/statistics/1.0/data/migr_pop1ctz?format=JSON&lang=EN&geo=NL&age=TOTAL&sex=T&unit=NR&citizen=FOR_STLS&sinceTimePeriod=2010&untilTimePeriod=2022,stock at 1 Jan; citizen=FOR_STLS (foreign citizens incl. stateless),yes,eu_stock.csv
Netherlands,NLD,2012,foreign_nationals,697741,Eurostat [migr_pop1ctz],https://ec.europa.eu/eurostat/api/dissemination/statistics/1.0/data/migr_pop1ctz?format=JSON&lang=EN&geo=NL&age=TOTAL&sex=T&unit=NR&citizen=FOR_STLS&sinceTimePeriod=2010&untilTimePeriod=2022,stock at 1 Jan; citizen=FOR_STLS (foreign citizens incl. stateless),yes,eu_stock.csv
Netherlands,NLD,2013,foreign_nationals,714552,Eurostat [migr_pop1ctz],https://ec.europa.eu/eurostat/api/dissemination/statistics/1.0/data/migr_pop1ctz?format=JSON&lang=EN&geo=NL&age=TOTAL&sex=T&unit=NR&citizen=FOR_STLS&sinceTimePeriod=2010&untilTimePeriod=2022,stock at 1 Jan; citizen=FOR_STLS (foreign citizens incl. stateless),yes,eu_stock.csv
Netherlands,NLD,2014,foreign_nationals,735354,Eurostat [migr_pop1ctz],https://ec.europa.eu/eurostat/api/dissemination/statistics/1.0/data/migr_pop1ctz?format=JSON&lang=EN&geo=NL&age=TOTAL&sex=T&unit=NR&citizen=FOR_STLS&sinceTimePeriod=2010&untilTimePeriod=2022,stock at 1 Jan; citizen=FOR_STLS (foreign citizens incl. stateless),yes,eu_stock.csv
Netherlands,NLD,2015,foreign_nationals,773288,Eurostat [migr_pop1ctz],https://ec.europa.eu/eurostat/api/dissemination/statistics/1.0/data/migr_pop1ctz?format=JSON&lang=EN&geo=NL&age=TOTAL&sex=T&unit=NR&citizen=FOR_STLS&sinceTimePeriod=2010&untilTimePeriod=2022,stock at 1 Jan; citizen=FOR_STLS (foreign citizens incl. stateless),yes,eu_stock.csv
Netherlands,NLD,2016,foreign_nationals,834786,Eurostat [migr_pop1ctz],https://ec.europa.eu/eurostat/api/dissemination/statistics/1.0/data/migr_pop1ctz?format=JSON&lang=EN&geo=NL&age=TOTAL&sex=T&unit=NR&citizen=FOR_STLS&sinceTimePeriod=2010&untilTimePeriod=2022,stock at 1 Jan; citizen=FOR_STLS (foreign citizens incl. stateless),yes,eu_stock.csv
Netherlands,NLD,2017,foreign_nationals,914997,Eurostat [migr_pop1ctz],https://ec.europa.eu/eurostat/api/dissemination/statistics/1.0/data/migr_pop1ctz?format=JSON&lang=EN&geo=NL&age=TOTAL&sex=T&unit=NR&citizen=FOR_STLS&sinceTimePeriod=2010&untilTimePeriod=2022,stock at 1 Jan; citizen=FOR_STLS (foreign citizens incl. stateless),yes,eu_stock.csv
Netherlands,NLD,2018,foreign_nationals,991440,Eurostat [migr_pop1ctz],https://ec.europa.eu/eurostat/api/dissemination/statistics/1.0/data/migr_pop1ctz?format=JSON&lang=EN&geo=NL&age=TOTAL&sex=T&unit=NR&citizen=FOR_STLS&sinceTimePeriod=2010&untilTimePeriod=2022,stock at 1 Jan; citizen=FOR_STLS (foreign citizens incl. stateless),yes,eu_stock.csv
Netherlands,NLD,2019,foreign_nationals,1068107,Eurostat [migr_pop1ctz],https://ec.europa.eu/eurostat/api/dissemination/statistics/1.0/data/migr_pop1ctz?format=JSON&lang=EN&geo=NL&age=TOTAL&sex=T&unit=NR&citizen=FOR_STLS&sinceTimePeriod=2010&untilTimePeriod=2022,stock at 1 Jan; citizen=FOR_STLS (foreign citizens incl. stateless),yes,eu_stock.csv
Netherlands,NLD,2020,foreign_nationals,1154830,Eurostat [migr_pop1ctz],https://ec.europa.eu/eurostat/api/dissemination/statistics/1.0/data/migr_pop1ctz?format=JSON&lang=EN&geo=NL&age=TOTAL&sex=T&unit=NR&citizen=FOR_STLS&sinceTimePeriod=2010&untilTimePeriod=2022,stock at 1 Jan; citizen=FOR_STLS (foreign citizens incl. stateless),yes,eu_stock.csv
Netherlands,NLD,2021,foreign_nationals,1171380,Eurostat [migr_pop1ctz],https://ec.europa.eu/eurostat/api/dissemination/statistics/1.0/data/migr_pop1ctz?format=JSON&lang=EN&geo=NL&age=TOTAL&sex=T&unit=NR&citizen=FOR_STLS&sinceTimePeriod=2010&untilTimePeriod=2022,stock at 1 Jan; citizen=FOR_STLS (foreign citizens incl. stateless),yes,eu_stock.csv
Netherlands,NLD,2022,foreign_nationals,1230012,Eurostat [migr_pop1ctz],https://ec.europa.eu/eurostat/api/dissemination/statistics/1.0/data/migr_pop1ctz?format=JSON&lang=EN&geo=NL&age=TOTAL&sex=T&unit=NR&citizen=FOR_STLS&sinceTimePeriod=2010&untilTimePeriod=2022,stock at 1 Jan; citizen=FOR_STLS (foreign citizens incl. stateless),yes,eu_stock.csv
Netherlands,NLD,2010,irregular_proxy_detections,7580,"Eurostat, Third country nationals found to be illegally present (migr_eipre)",https://ec.europa.eu/eurostat/databrowser/view/migr_eipre/default/table,"Eurostat enforcement statistic - annual flow of detections, NOT a stock. Dataset migr_eipre, dimensions freq=A citizen=TOTAL reason=TOTAL apprehen=TOTAL sex=T age=TOTAL unit=PER. Rounded to nearest 5 by Eurostat.",yes,irregular_eu.csv
Netherlands,NLD,2011,irregular_proxy_detections,6145,"Eurostat, Third country nationals found to be illegally present (migr_eipre)",https://ec.europa.eu/eurostat/databrowser/view/migr_eipre/default/table,"Eurostat enforcement statistic - annual flow of detections, NOT a stock. Dataset migr_eipre, dimensions freq=A citizen=TOTAL reason=TOTAL apprehen=TOTAL sex=T age=TOTAL unit=PER. Rounded to nearest 5 by Eurostat.",yes,irregular_eu.csv
Netherlands,NLD,2012,irregular_proxy_detections,4005,"Eurostat, Third country nationals found to be illegally present (migr_eipre)",https://ec.europa.eu/eurostat/databrowser/view/migr_eipre/default/table,"Eurostat enforcement statistic - annual flow of detections, NOT a stock. Dataset migr_eipre, dimensions freq=A citizen=TOTAL reason=TOTAL apprehen=TOTAL sex=T age=TOTAL unit=PER. Rounded to nearest 5 by Eurostat.",yes,irregular_eu.csv
Netherlands,NLD,2013,irregular_proxy_detections,2715,"Eurostat, Third country nationals found to be illegally present (migr_eipre)",https://ec.europa.eu/eurostat/databrowser/view/migr_eipre/default/table,"Eurostat enforcement statistic - annual flow of detections, NOT a stock. Dataset migr_eipre, dimensions freq=A citizen=TOTAL reason=TOTAL apprehen=TOTAL sex=T age=TOTAL unit=PER. Rounded to nearest 5 by Eurostat.",yes,irregular_eu.csv
Netherlands,NLD,2014,irregular_proxy_detections,2645,"Eurostat, Third country nationals found to be illegally present (migr_eipre)",https://ec.europa.eu/eurostat/databrowser/view/migr_eipre/default/table,"Eurostat enforcement statistic - annual flow of detections, NOT a stock. Dataset migr_eipre, dimensions freq=A citizen=TOTAL reason=TOTAL apprehen=TOTAL sex=T age=TOTAL unit=PER. Rounded to nearest 5 by Eurostat.",yes,irregular_eu.csv
Netherlands,NLD,2015,irregular_proxy_detections,3150,"Eurostat, Third country nationals found to be illegally present (migr_eipre)",https://ec.europa.eu/eurostat/databrowser/view/migr_eipre/default/table,"Eurostat enforcement statistic - annual flow of detections, NOT a stock. Dataset migr_eipre, dimensions freq=A citizen=TOTAL reason=TOTAL apprehen=TOTAL sex=T age=TOTAL unit=PER. Rounded to nearest 5 by Eurostat.",yes,irregular_eu.csv
Netherlands,NLD,2016,irregular_proxy_detections,2760,"Eurostat, Third country nationals found to be illegally present (migr_eipre)",https://ec.europa.eu/eurostat/databrowser/view/migr_eipre/default/table,"Eurostat enforcement statistic - annual flow of detections, NOT a stock. Dataset migr_eipre, dimensions freq=A citizen=TOTAL reason=TOTAL apprehen=TOTAL sex=T age=TOTAL unit=PER. Rounded to nearest 5 by Eurostat.",yes,irregular_eu.csv
Netherlands,NLD,2017,irregular_proxy_detections,2120,"Eurostat, Third country nationals found to be illegally present (migr_eipre)",https://ec.europa.eu/eurostat/databrowser/view/migr_eipre/default/table,"Eurostat enforcement statistic - annual flow of detections, NOT a stock. Dataset migr_eipre, dimensions freq=A citizen=TOTAL reason=TOTAL apprehen=TOTAL sex=T age=TOTAL unit=PER. Rounded to nearest 5 by Eurostat.",yes,irregular_eu.csv
Netherlands,NLD,2018,irregular_proxy_detections,2790,"Eurostat, Third country nationals found to be illegally present (migr_eipre)",https://ec.europa.eu/eurostat/databrowser/view/migr_eipre/default/table,"Eurostat enforcement statistic - annual flow of detections, NOT a stock. Dataset migr_eipre, dimensions freq=A citizen=TOTAL reason=TOTAL apprehen=TOTAL sex=T age=TOTAL unit=PER. Rounded to nearest 5 by Eurostat.",yes,irregular_eu.csv
Netherlands,NLD,2019,irregular_proxy_detections,3565,"Eurostat, Third country nationals found to be illegally present (migr_eipre)",https://ec.europa.eu/eurostat/databrowser/view/migr_eipre/default/table,"Eurostat enforcement statistic - annual flow of detections, NOT a stock. Dataset migr_eipre, dimensions freq=A citizen=TOTAL reason=TOTAL apprehen=TOTAL sex=T age=TOTAL unit=PER. Rounded to nearest 5 by Eurostat.",yes,irregular_eu.csv
Netherlands,NLD,2020,irregular_proxy_detections,3640,"Eurostat, Third country nationals found to be illegally present (migr_eipre)",https://ec.europa.eu/eurostat/databrowser/view/migr_eipre/default/table,"Eurostat enforcement statistic - annual flow of detections, NOT a stock. Dataset migr_eipre, dimensions freq=A citizen=TOTAL reason=TOTAL apprehen=TOTAL sex=T age=TOTAL unit=PER. Rounded to nearest 5 by Eurostat.",yes,irregular_eu.csv
Netherlands,NLD,2021,irregular_proxy_detections,5010,"Eurostat, Third country nationals found to be illegally present (migr_eipre)",https://ec.europa.eu/eurostat/databrowser/view/migr_eipre/default/table,"Eurostat enforcement statistic - annual flow of detections, NOT a stock. Dataset migr_eipre, dimensions freq=A citizen=TOTAL reason=TOTAL apprehen=TOTAL sex=T age=TOTAL unit=PER. Rounded to nearest 5 by Eurostat.",yes,irregular_eu.csv
Netherlands,NLD,2022,irregular_proxy_detections,5475,"Eurostat, Third country nationals found to be illegally present (migr_eipre)",https://ec.europa.eu/eurostat/databrowser/view/migr_eipre/default/table,"Eurostat enforcement statistic - annual flow of detections, NOT a stock. Dataset migr_eipre, dimensions freq=A citizen=TOTAL reason=TOTAL apprehen=TOTAL sex=T age=TOTAL unit=PER. Rounded to nearest 5 by Eurostat.",yes,irregular_eu.csv
Netherlands,NLD,2017,irregular_stock,40500,"Van der Heijden, Cruyff, Van Gils (WODC), Schattingen onrechtmatig in Nederland verblijvende vreemdelingen 2017-2018",https://www.wodc.nl/actueel/nieuws/2020/12/16/nieuwe-schatting-voor-de-periode-medio-2017---medio-2018,"Capture-recapture; this round used Dual Systems Estimation alongside the truncated Poisson model. Published range approximately 23000-58000 for mid-2017 to mid-2018; value is the midpoint of that range, no point estimate was published. Not strictly comparable with the later 2018-2023 series.",yes,irregular_eu.csv
Netherlands,NLD,2018,irregular_stock,34952,"Van der Heijden, Cruyff, Lugtig, Engbersen, Van Gils (WODC/Utrecht University/Erasmus University Rotterdam), Schattingen onrechtmatig in Nederland verblijvende vreemdelingen medio 2018-2019 tot medio 2022-2023",https://www.wodc.nl/actueel/nieuws/2026/03/31/nieuwe-schattingen-beschikbaar-over-het-aantal-vreemdelingen-zonder-verblijfsvergunning,"Capture-recapture (truncated Poisson regression) on police apprehension/detention records; reference period is mid-2018 to mid-2019, coded to the starting year. Point estimate with 95% CI 21056-48848. Overlapping CIs mean the 2018-2023 changes are not statistically significant.",yes,irregular_eu.csv
Netherlands,NLD,2019,irregular_stock,24124,"Van der Heijden, Cruyff, Lugtig, Engbersen, Van Gils (WODC/Utrecht University/Erasmus University Rotterdam), Schattingen onrechtmatig in Nederland verblijvende vreemdelingen medio 2018-2019 tot medio 2022-2023",https://www.wodc.nl/actueel/nieuws/2026/03/31/nieuwe-schattingen-beschikbaar-over-het-aantal-vreemdelingen-zonder-verblijfsvergunning,"Capture-recapture (truncated Poisson regression) on police apprehension/detention records; reference period is mid-2019 to mid-2020, coded to the starting year. Point estimate with 95% CI 18511-29737. Overlapping CIs mean the 2018-2023 changes are not statistically significant.",yes,irregular_eu.csv
Netherlands,NLD,2020,irregular_stock,24283,"Van der Heijden, Cruyff, Lugtig, Engbersen, Van Gils (WODC/Utrecht University/Erasmus University Rotterdam), Schattingen onrechtmatig in Nederland verblijvende vreemdelingen medio 2018-2019 tot medio 2022-2023",https://www.wodc.nl/actueel/nieuws/2026/03/31/nieuwe-schattingen-beschikbaar-over-het-aantal-vreemdelingen-zonder-verblijfsvergunning,"Capture-recapture (truncated Poisson regression) on police apprehension/detention records; reference period is mid-2020 to mid-2021, coded to the starting year. Point estimate with 95% CI 19202-29364. Overlapping CIs mean the 2018-2023 changes are not statistically significant.",yes,irregular_eu.csv
Netherlands,NLD,2021,irregular_stock,20197,"Van der Heijden, Cruyff, Lugtig, Engbersen, Van Gils (WODC/Utrecht University/Erasmus University Rotterdam), Schattingen onrechtmatig in Nederland verblijvende vreemdelingen medio 2018-2019 tot medio 2022-2023",https://www.wodc.nl/actueel/nieuws/2026/03/31/nieuwe-schattingen-beschikbaar-over-het-aantal-vreemdelingen-zonder-verblijfsvergunning,"Capture-recapture (truncated Poisson regression) on police apprehension/detention records; reference period is mid-2021 to mid-2022, coded to the starting year. Point estimate with 95% CI 15923-24471. Overlapping CIs mean the 2018-2023 changes are not statistically significant.",yes,irregular_eu.csv
Netherlands,NLD,2022,irregular_stock,20065,"Van der Heijden, Cruyff, Lugtig, Engbersen, Van Gils (WODC/Utrecht University/Erasmus University Rotterdam), Schattingen onrechtmatig in Nederland verblijvende vreemdelingen medio 2018-2019 tot medio 2022-2023",https://www.wodc.nl/actueel/nieuws/2026/03/31/nieuwe-schattingen-beschikbaar-over-het-aantal-vreemdelingen-zonder-verblijfsvergunning,"Capture-recapture (truncated Poisson regression) on police apprehension/detention records; reference period is mid-2022 to mid-2023, coded to the starting year. Point estimate with 95% CI 16955-23175. Overlapping CIs mean the 2018-2023 changes are not statistically significant.",yes,irregular_eu.csv
Netherlands,NLD,2010,population,16615394,"World Bank, World Development Indicators (SP.POP.TOTL), sourced from UN World Population Prospects and national statistical offices",https://api.worldbank.org/v2/country/all/indicator/SP.POP.TOTL,"Total resident population, mid-year estimate. Retrieved via World Bank API, August 2026.",yes,worldbank_api
Netherlands,NLD,2011,population,16693074,"World Bank, World Development Indicators (SP.POP.TOTL), sourced from UN World Population Prospects and national statistical offices",https://api.worldbank.org/v2/country/all/indicator/SP.POP.TOTL,"Total resident population, mid-year estimate. Retrieved via World Bank API, August 2026.",yes,worldbank_api
Netherlands,NLD,2012,population,16754962,"World Bank, World Development Indicators (SP.POP.TOTL), sourced from UN World Population Prospects and national statistical offices",https://api.worldbank.org/v2/country/all/indicator/SP.POP.TOTL,"Total resident population, mid-year estimate. Retrieved via World Bank API, August 2026.",yes,worldbank_api
Netherlands,NLD,2013,population,16804432,"World Bank, World Development Indicators (SP.POP.TOTL), sourced from UN World Population Prospects and national statistical offices",https://api.worldbank.org/v2/country/all/indicator/SP.POP.TOTL,"Total resident population, mid-year estimate. Retrieved via World Bank API, August 2026.",yes,worldbank_api
Netherlands,NLD,2014,population,16865008,"World Bank, World Development Indicators (SP.POP.TOTL), sourced from UN World Population Prospects and national statistical offices",https://api.worldbank.org/v2/country/all/indicator/SP.POP.TOTL,"Total resident population, mid-year estimate. Retrieved via World Bank API, August 2026.",yes,worldbank_api
Netherlands,NLD,2015,population,16939923,"World Bank, World Development Indicators (SP.POP.TOTL), sourced from UN World Population Prospects and national statistical offices",https://api.worldbank.org/v2/country/all/indicator/SP.POP.TOTL,"Total resident population, mid-year estimate. Retrieved via World Bank API, August 2026.",yes,worldbank_api
Netherlands,NLD,2016,population,17030314,"World Bank, World Development Indicators (SP.POP.TOTL), sourced from UN World Population Prospects and national statistical offices",https://api.worldbank.org/v2/country/all/indicator/SP.POP.TOTL,"Total resident population, mid-year estimate. Retrieved via World Bank API, August 2026.",yes,worldbank_api
Netherlands,NLD,2017,population,17131296,"World Bank, World Development Indicators (SP.POP.TOTL), sourced from UN World Population Prospects and national statistical offices",https://api.worldbank.org/v2/country/all/indicator/SP.POP.TOTL,"Total resident population, mid-year estimate. Retrieved via World Bank API, August 2026.",yes,worldbank_api
Netherlands,NLD,2018,population,17231624,"World Bank, World Development Indicators (SP.POP.TOTL), sourced from UN World Population Prospects and national statistical offices",https://api.worldbank.org/v2/country/all/indicator/SP.POP.TOTL,"Total resident population, mid-year estimate. Retrieved via World Bank API, August 2026.",yes,worldbank_api
Netherlands,NLD,2019,population,17344874,"World Bank, World Development Indicators (SP.POP.TOTL), sourced from UN World Population Prospects and national statistical offices",https://api.worldbank.org/v2/country/all/indicator/SP.POP.TOTL,"Total resident population, mid-year estimate. Retrieved via World Bank API, August 2026.",yes,worldbank_api
Netherlands,NLD,2020,population,17441500,"World Bank, World Development Indicators (SP.POP.TOTL), sourced from UN World Population Prospects and national statistical offices",https://api.worldbank.org/v2/country/all/indicator/SP.POP.TOTL,"Total resident population, mid-year estimate. Retrieved via World Bank API, August 2026.",yes,worldbank_api
Netherlands,NLD,2021,population,17533044,"World Bank, World Development Indicators (SP.POP.TOTL), sourced from UN World Population Prospects and national statistical offices",https://api.worldbank.org/v2/country/all/indicator/SP.POP.TOTL,"Total resident population, mid-year estimate. Retrieved via World Bank API, August 2026.",yes,worldbank_api
Netherlands,NLD,2022,population,17700982,"World Bank, World Development Indicators (SP.POP.TOTL), sourced from UN World Population Prospects and national statistical offices",https://api.worldbank.org/v2/country/all/indicator/SP.POP.TOTL,"Total resident population, mid-year estimate. Retrieved via World Bank API, August 2026.",yes,worldbank_api
Norway,NOR,2010,foreign_born,529532,Eurostat [migr_pop3ctb],https://ec.europa.eu/eurostat/api/dissemination/statistics/1.0/data/migr_pop3ctb?format=JSON&lang=EN&geo=NO&age=TOTAL&sex=T&unit=NR&c_birth=FOR&sinceTimePeriod=2010&untilTimePeriod=2022,stock at 1 Jan; c_birth=FOR (born in a foreign country),yes,eu_stock.csv
Norway,NOR,2011,foreign_born,572231,Eurostat [migr_pop3ctb],https://ec.europa.eu/eurostat/api/dissemination/statistics/1.0/data/migr_pop3ctb?format=JSON&lang=EN&geo=NO&age=TOTAL&sex=T&unit=NR&c_birth=FOR&sinceTimePeriod=2010&untilTimePeriod=2022,stock at 1 Jan; c_birth=FOR (born in a foreign country),yes,eu_stock.csv
Norway,NOR,2012,foreign_born,619978,Eurostat [migr_pop3ctb],https://ec.europa.eu/eurostat/api/dissemination/statistics/1.0/data/migr_pop3ctb?format=JSON&lang=EN&geo=NO&age=TOTAL&sex=T&unit=NR&c_birth=FOR&sinceTimePeriod=2010&untilTimePeriod=2022,stock at 1 Jan; c_birth=FOR (born in a foreign country),yes,eu_stock.csv
Norway,NOR,2013,foreign_born,668178,Eurostat [migr_pop3ctb],https://ec.europa.eu/eurostat/api/dissemination/statistics/1.0/data/migr_pop3ctb?format=JSON&lang=EN&geo=NO&age=TOTAL&sex=T&unit=NR&c_birth=FOR&sinceTimePeriod=2010&untilTimePeriod=2022,stock at 1 Jan; c_birth=FOR (born in a foreign country),yes,eu_stock.csv
Norway,NOR,2014,foreign_born,709566,Eurostat [migr_pop3ctb],https://ec.europa.eu/eurostat/api/dissemination/statistics/1.0/data/migr_pop3ctb?format=JSON&lang=EN&geo=NO&age=TOTAL&sex=T&unit=NR&c_birth=FOR&sinceTimePeriod=2010&untilTimePeriod=2022,stock at 1 Jan; c_birth=FOR (born in a foreign country),yes,eu_stock.csv
Norway,NOR,2015,foreign_born,747423,Eurostat [migr_pop3ctb],https://ec.europa.eu/eurostat/api/dissemination/statistics/1.0/data/migr_pop3ctb?format=JSON&lang=EN&geo=NO&age=TOTAL&sex=T&unit=NR&c_birth=FOR&sinceTimePeriod=2010&untilTimePeriod=2022,stock at 1 Jan; c_birth=FOR (born in a foreign country),yes,eu_stock.csv
Norway,NOR,2016,foreign_born,778764,Eurostat [migr_pop3ctb],https://ec.europa.eu/eurostat/api/dissemination/statistics/1.0/data/migr_pop3ctb?format=JSON&lang=EN&geo=NO&age=TOTAL&sex=T&unit=NR&c_birth=FOR&sinceTimePeriod=2010&untilTimePeriod=2022,stock at 1 Jan; c_birth=FOR (born in a foreign country),yes,eu_stock.csv
Norway,NOR,2017,foreign_born,806618,Eurostat [migr_pop3ctb],https://ec.europa.eu/eurostat/api/dissemination/statistics/1.0/data/migr_pop3ctb?format=JSON&lang=EN&geo=NO&age=TOTAL&sex=T&unit=NR&c_birth=FOR&sinceTimePeriod=2010&untilTimePeriod=2022,stock at 1 Jan; c_birth=FOR (born in a foreign country),yes,eu_stock.csv
Norway,NOR,2018,foreign_born,829705,Eurostat [migr_pop3ctb],https://ec.europa.eu/eurostat/api/dissemination/statistics/1.0/data/migr_pop3ctb?format=JSON&lang=EN&geo=NO&age=TOTAL&sex=T&unit=NR&c_birth=FOR&sinceTimePeriod=2010&untilTimePeriod=2022,stock at 1 Jan; c_birth=FOR (born in a foreign country),yes,eu_stock.csv
Norway,NOR,2019,foreign_born,849354,Eurostat [migr_pop3ctb],https://ec.europa.eu/eurostat/api/dissemination/statistics/1.0/data/migr_pop3ctb?format=JSON&lang=EN&geo=NO&age=TOTAL&sex=T&unit=NR&c_birth=FOR&sinceTimePeriod=2010&untilTimePeriod=2022,stock at 1 Jan; c_birth=FOR (born in a foreign country),yes,eu_stock.csv
Norway,NOR,2020,foreign_born,875977,Eurostat [migr_pop3ctb],https://ec.europa.eu/eurostat/api/dissemination/statistics/1.0/data/migr_pop3ctb?format=JSON&lang=EN&geo=NO&age=TOTAL&sex=T&unit=NR&c_birth=FOR&sinceTimePeriod=2010&untilTimePeriod=2022,stock at 1 Jan; c_birth=FOR (born in a foreign country),yes,eu_stock.csv
Norway,NOR,2021,foreign_born,878153,Eurostat [migr_pop3ctb],https://ec.europa.eu/eurostat/api/dissemination/statistics/1.0/data/migr_pop3ctb?format=JSON&lang=EN&geo=NO&age=TOTAL&sex=T&unit=NR&c_birth=FOR&sinceTimePeriod=2010&untilTimePeriod=2022,stock at 1 Jan; c_birth=FOR (born in a foreign country),yes,eu_stock.csv
Norway,NOR,2022,foreign_born,906843,Eurostat [migr_pop3ctb],https://ec.europa.eu/eurostat/api/dissemination/statistics/1.0/data/migr_pop3ctb?format=JSON&lang=EN&geo=NO&age=TOTAL&sex=T&unit=NR&c_birth=FOR&sinceTimePeriod=2010&untilTimePeriod=2022,stock at 1 Jan; c_birth=FOR (born in a foreign country),yes,eu_stock.csv
Norway,NOR,2010,foreign_nationals,333791,Eurostat [migr_pop1ctz],https://ec.europa.eu/eurostat/api/dissemination/statistics/1.0/data/migr_pop1ctz?format=JSON&lang=EN&geo=NO&age=TOTAL&sex=T&unit=NR&citizen=FOR_STLS&sinceTimePeriod=2010&untilTimePeriod=2022,stock at 1 Jan; citizen=FOR_STLS (foreign citizens incl. stateless),yes,eu_stock.csv
Norway,NOR,2011,foreign_nationals,369132,Eurostat [migr_pop1ctz],https://ec.europa.eu/eurostat/api/dissemination/statistics/1.0/data/migr_pop1ctz?format=JSON&lang=EN&geo=NO&age=TOTAL&sex=T&unit=NR&citizen=FOR_STLS&sinceTimePeriod=2010&untilTimePeriod=2022,stock at 1 Jan; citizen=FOR_STLS (foreign citizens incl. stateless),yes,eu_stock.csv
Norway,NOR,2012,foreign_nationals,407171,Eurostat [migr_pop1ctz],https://ec.europa.eu/eurostat/api/dissemination/statistics/1.0/data/migr_pop1ctz?format=JSON&lang=EN&geo=NO&age=TOTAL&sex=T&unit=NR&citizen=FOR_STLS&sinceTimePeriod=2010&untilTimePeriod=2022,stock at 1 Jan; citizen=FOR_STLS (foreign citizens incl. stateless),yes,eu_stock.csv
Norway,NOR,2013,foreign_nationals,448665,Eurostat [migr_pop1ctz],https://ec.europa.eu/eurostat/api/dissemination/statistics/1.0/data/migr_pop1ctz?format=JSON&lang=EN&geo=NO&age=TOTAL&sex=T&unit=NR&citizen=FOR_STLS&sinceTimePeriod=2010&untilTimePeriod=2022,stock at 1 Jan; citizen=FOR_STLS (foreign citizens incl. stateless),yes,eu_stock.csv
Norway,NOR,2014,foreign_nationals,483057,Eurostat [migr_pop1ctz],https://ec.europa.eu/eurostat/api/dissemination/statistics/1.0/data/migr_pop1ctz?format=JSON&lang=EN&geo=NO&age=TOTAL&sex=T&unit=NR&citizen=FOR_STLS&sinceTimePeriod=2010&untilTimePeriod=2022,stock at 1 Jan; citizen=FOR_STLS (foreign citizens incl. stateless),yes,eu_stock.csv
Norway,NOR,2015,foreign_nationals,512024,Eurostat [migr_pop1ctz],https://ec.europa.eu/eurostat/api/dissemination/statistics/1.0/data/migr_pop1ctz?format=JSON&lang=EN&geo=NO&age=TOTAL&sex=T&unit=NR&citizen=FOR_STLS&sinceTimePeriod=2010&untilTimePeriod=2022,stock at 1 Jan; citizen=FOR_STLS (foreign citizens incl. stateless),yes,eu_stock.csv
Norway,NOR,2016,foreign_nationals,538087,Eurostat [migr_pop1ctz],https://ec.europa.eu/eurostat/api/dissemination/statistics/1.0/data/migr_pop1ctz?format=JSON&lang=EN&geo=NO&age=TOTAL&sex=T&unit=NR&citizen=FOR_STLS&sinceTimePeriod=2010&untilTimePeriod=2022,stock at 1 Jan; citizen=FOR_STLS (foreign citizens incl. stateless),yes,eu_stock.csv
Norway,NOR,2017,foreign_nationals,559059,Eurostat [migr_pop1ctz],https://ec.europa.eu/eurostat/api/dissemination/statistics/1.0/data/migr_pop1ctz?format=JSON&lang=EN&geo=NO&age=TOTAL&sex=T&unit=NR&citizen=FOR_STLS&sinceTimePeriod=2010&untilTimePeriod=2022,stock at 1 Jan; citizen=FOR_STLS (foreign citizens incl. stateless),yes,eu_stock.csv
Norway,NOR,2018,foreign_nationals,567594,Eurostat [migr_pop1ctz],https://ec.europa.eu/eurostat/api/dissemination/statistics/1.0/data/migr_pop1ctz?format=JSON&lang=EN&geo=NO&age=TOTAL&sex=T&unit=NR&citizen=FOR_STLS&sinceTimePeriod=2010&untilTimePeriod=2022,stock at 1 Jan; citizen=FOR_STLS (foreign citizens incl. stateless),yes,eu_stock.csv
Norway,NOR,2019,foreign_nationals,584062,Eurostat [migr_pop1ctz],https://ec.europa.eu/eurostat/api/dissemination/statistics/1.0/data/migr_pop1ctz?format=JSON&lang=EN&geo=NO&age=TOTAL&sex=T&unit=NR&citizen=FOR_STLS&sinceTimePeriod=2010&untilTimePeriod=2022,stock at 1 Jan; citizen=FOR_STLS (foreign citizens incl. stateless),yes,eu_stock.csv
Norway,NOR,2020,foreign_nationals,604362,Eurostat [migr_pop1ctz],https://ec.europa.eu/eurostat/api/dissemination/statistics/1.0/data/migr_pop1ctz?format=JSON&lang=EN&geo=NO&age=TOTAL&sex=T&unit=NR&citizen=FOR_STLS&sinceTimePeriod=2010&untilTimePeriod=2022,stock at 1 Jan; citizen=FOR_STLS (foreign citizens incl. stateless),yes,eu_stock.csv
Norway,NOR,2021,foreign_nationals,601525,Eurostat [migr_pop1ctz],https://ec.europa.eu/eurostat/api/dissemination/statistics/1.0/data/migr_pop1ctz?format=JSON&lang=EN&geo=NO&age=TOTAL&sex=T&unit=NR&citizen=FOR_STLS&sinceTimePeriod=2010&untilTimePeriod=2022,stock at 1 Jan; citizen=FOR_STLS (foreign citizens incl. stateless),yes,eu_stock.csv
Norway,NOR,2022,foreign_nationals,585964,Eurostat [migr_pop1ctz],https://ec.europa.eu/eurostat/api/dissemination/statistics/1.0/data/migr_pop1ctz?format=JSON&lang=EN&geo=NO&age=TOTAL&sex=T&unit=NR&citizen=FOR_STLS&sinceTimePeriod=2010&untilTimePeriod=2022,stock at 1 Jan; citizen=FOR_STLS (foreign citizens incl. stateless),yes,eu_stock.csv
Norway,NOR,2010,irregular_proxy_detections,2410,"Eurostat, Third country nationals found to be illegally present (migr_eipre)",https://ec.europa.eu/eurostat/databrowser/view/migr_eipre/default/table,"Eurostat enforcement statistic - annual flow of detections, NOT a stock. Dataset migr_eipre, dimensions freq=A citizen=TOTAL reason=TOTAL apprehen=TOTAL sex=T age=TOTAL unit=PER. Rounded to nearest 5 by Eurostat.",yes,irregular_eu.csv
Norway,NOR,2011,irregular_proxy_detections,1925,"Eurostat, Third country nationals found to be illegally present (migr_eipre)",https://ec.europa.eu/eurostat/databrowser/view/migr_eipre/default/table,"Eurostat enforcement statistic - annual flow of detections, NOT a stock. Dataset migr_eipre, dimensions freq=A citizen=TOTAL reason=TOTAL apprehen=TOTAL sex=T age=TOTAL unit=PER. Rounded to nearest 5 by Eurostat.",yes,irregular_eu.csv
Norway,NOR,2012,irregular_proxy_detections,2760,"Eurostat, Third country nationals found to be illegally present (migr_eipre)",https://ec.europa.eu/eurostat/databrowser/view/migr_eipre/default/table,"Eurostat enforcement statistic - annual flow of detections, NOT a stock. Dataset migr_eipre, dimensions freq=A citizen=TOTAL reason=TOTAL apprehen=TOTAL sex=T age=TOTAL unit=PER. Rounded to nearest 5 by Eurostat.",yes,irregular_eu.csv
Norway,NOR,2013,irregular_proxy_detections,3180,"Eurostat, Third country nationals found to be illegally present (migr_eipre)",https://ec.europa.eu/eurostat/databrowser/view/migr_eipre/default/table,"Eurostat enforcement statistic - annual flow of detections, NOT a stock. Dataset migr_eipre, dimensions freq=A citizen=TOTAL reason=TOTAL apprehen=TOTAL sex=T age=TOTAL unit=PER. Rounded to nearest 5 by Eurostat.",yes,irregular_eu.csv
Norway,NOR,2014,irregular_proxy_detections,3720,"Eurostat, Third country nationals found to be illegally present (migr_eipre)",https://ec.europa.eu/eurostat/databrowser/view/migr_eipre/default/table,"Eurostat enforcement statistic - annual flow of detections, NOT a stock. Dataset migr_eipre, dimensions freq=A citizen=TOTAL reason=TOTAL apprehen=TOTAL sex=T age=TOTAL unit=PER. Rounded to nearest 5 by Eurostat.",yes,irregular_eu.csv
Norway,NOR,2015,irregular_proxy_detections,5455,"Eurostat, Third country nationals found to be illegally present (migr_eipre)",https://ec.europa.eu/eurostat/databrowser/view/migr_eipre/default/table,"Eurostat enforcement statistic - annual flow of detections, NOT a stock. Dataset migr_eipre, dimensions freq=A citizen=TOTAL reason=TOTAL apprehen=TOTAL sex=T age=TOTAL unit=PER. Rounded to nearest 5 by Eurostat.",yes,irregular_eu.csv
Norway,NOR,2016,irregular_proxy_detections,5330,"Eurostat, Third country nationals found to be illegally present (migr_eipre)",https://ec.europa.eu/eurostat/databrowser/view/migr_eipre/default/table,"Eurostat enforcement statistic - annual flow of detections, NOT a stock. Dataset migr_eipre, dimensions freq=A citizen=TOTAL reason=TOTAL apprehen=TOTAL sex=T age=TOTAL unit=PER. Rounded to nearest 5 by Eurostat.",yes,irregular_eu.csv
Norway,NOR,2017,irregular_proxy_detections,3850,"Eurostat, Third country nationals found to be illegally present (migr_eipre)",https://ec.europa.eu/eurostat/databrowser/view/migr_eipre/default/table,"Eurostat enforcement statistic - annual flow of detections, NOT a stock. Dataset migr_eipre, dimensions freq=A citizen=TOTAL reason=TOTAL apprehen=TOTAL sex=T age=TOTAL unit=PER. Rounded to nearest 5 by Eurostat.",yes,irregular_eu.csv
Norway,NOR,2018,irregular_proxy_detections,3230,"Eurostat, Third country nationals found to be illegally present (migr_eipre)",https://ec.europa.eu/eurostat/databrowser/view/migr_eipre/default/table,"Eurostat enforcement statistic - annual flow of detections, NOT a stock. Dataset migr_eipre, dimensions freq=A citizen=TOTAL reason=TOTAL apprehen=TOTAL sex=T age=TOTAL unit=PER. Rounded to nearest 5 by Eurostat.",yes,irregular_eu.csv
Norway,NOR,2019,irregular_proxy_detections,2915,"Eurostat, Third country nationals found to be illegally present (migr_eipre)",https://ec.europa.eu/eurostat/databrowser/view/migr_eipre/default/table,"Eurostat enforcement statistic - annual flow of detections, NOT a stock. Dataset migr_eipre, dimensions freq=A citizen=TOTAL reason=TOTAL apprehen=TOTAL sex=T age=TOTAL unit=PER. Rounded to nearest 5 by Eurostat.",yes,irregular_eu.csv
Norway,NOR,2020,irregular_proxy_detections,1900,"Eurostat, Third country nationals found to be illegally present (migr_eipre)",https://ec.europa.eu/eurostat/databrowser/view/migr_eipre/default/table,"Eurostat enforcement statistic - annual flow of detections, NOT a stock. Dataset migr_eipre, dimensions freq=A citizen=TOTAL reason=TOTAL apprehen=TOTAL sex=T age=TOTAL unit=PER. Rounded to nearest 5 by Eurostat.",yes,irregular_eu.csv
Norway,NOR,2021,irregular_proxy_detections,1430,"Eurostat, Third country nationals found to be illegally present (migr_eipre)",https://ec.europa.eu/eurostat/databrowser/view/migr_eipre/default/table,"Eurostat enforcement statistic - annual flow of detections, NOT a stock. Dataset migr_eipre, dimensions freq=A citizen=TOTAL reason=TOTAL apprehen=TOTAL sex=T age=TOTAL unit=PER. Rounded to nearest 5 by Eurostat.",yes,irregular_eu.csv
Norway,NOR,2022,irregular_proxy_detections,2305,"Eurostat, Third country nationals found to be illegally present (migr_eipre)",https://ec.europa.eu/eurostat/databrowser/view/migr_eipre/default/table,"Eurostat enforcement statistic - annual flow of detections, NOT a stock. Dataset migr_eipre, dimensions freq=A citizen=TOTAL reason=TOTAL apprehen=TOTAL sex=T age=TOTAL unit=PER. Rounded to nearest 5 by Eurostat.",yes,irregular_eu.csv
Norway,NOR,2010,population,4889252,"World Bank, World Development Indicators (SP.POP.TOTL), sourced from UN World Population Prospects and national statistical offices",https://api.worldbank.org/v2/country/all/indicator/SP.POP.TOTL,"Total resident population, mid-year estimate. Retrieved via World Bank API, August 2026.",yes,worldbank_api
Norway,NOR,2011,population,4953088,"World Bank, World Development Indicators (SP.POP.TOTL), sourced from UN World Population Prospects and national statistical offices",https://api.worldbank.org/v2/country/all/indicator/SP.POP.TOTL,"Total resident population, mid-year estimate. Retrieved via World Bank API, August 2026.",yes,worldbank_api
Norway,NOR,2012,population,5018573,"World Bank, World Development Indicators (SP.POP.TOTL), sourced from UN World Population Prospects and national statistical offices",https://api.worldbank.org/v2/country/all/indicator/SP.POP.TOTL,"Total resident population, mid-year estimate. Retrieved via World Bank API, August 2026.",yes,worldbank_api
Norway,NOR,2013,population,5079623,"World Bank, World Development Indicators (SP.POP.TOTL), sourced from UN World Population Prospects and national statistical offices",https://api.worldbank.org/v2/country/all/indicator/SP.POP.TOTL,"Total resident population, mid-year estimate. Retrieved via World Bank API, August 2026.",yes,worldbank_api
Norway,NOR,2014,population,5137232,"World Bank, World Development Indicators (SP.POP.TOTL), sourced from UN World Population Prospects and national statistical offices",https://api.worldbank.org/v2/country/all/indicator/SP.POP.TOTL,"Total resident population, mid-year estimate. Retrieved via World Bank API, August 2026.",yes,worldbank_api
Norway,NOR,2015,population,5188607,"World Bank, World Development Indicators (SP.POP.TOTL), sourced from UN World Population Prospects and national statistical offices",https://api.worldbank.org/v2/country/all/indicator/SP.POP.TOTL,"Total resident population, mid-year estimate. Retrieved via World Bank API, August 2026.",yes,worldbank_api
Norway,NOR,2016,population,5234519,"World Bank, World Development Indicators (SP.POP.TOTL), sourced from UN World Population Prospects and national statistical offices",https://api.worldbank.org/v2/country/all/indicator/SP.POP.TOTL,"Total resident population, mid-year estimate. Retrieved via World Bank API, August 2026.",yes,worldbank_api
Norway,NOR,2017,population,5276968,"World Bank, World Development Indicators (SP.POP.TOTL), sourced from UN World Population Prospects and national statistical offices",https://api.worldbank.org/v2/country/all/indicator/SP.POP.TOTL,"Total resident population, mid-year estimate. Retrieved via World Bank API, August 2026.",yes,worldbank_api
Norway,NOR,2018,population,5311916,"World Bank, World Development Indicators (SP.POP.TOTL), sourced from UN World Population Prospects and national statistical offices",https://api.worldbank.org/v2/country/all/indicator/SP.POP.TOTL,"Total resident population, mid-year estimate. Retrieved via World Bank API, August 2026.",yes,worldbank_api
Norway,NOR,2019,population,5347896,"World Bank, World Development Indicators (SP.POP.TOTL), sourced from UN World Population Prospects and national statistical offices",https://api.worldbank.org/v2/country/all/indicator/SP.POP.TOTL,"Total resident population, mid-year estimate. Retrieved via World Bank API, August 2026.",yes,worldbank_api
Norway,NOR,2020,population,5379475,"World Bank, World Development Indicators (SP.POP.TOTL), sourced from UN World Population Prospects and national statistical offices",https://api.worldbank.org/v2/country/all/indicator/SP.POP.TOTL,"Total resident population, mid-year estimate. Retrieved via World Bank API, August 2026.",yes,worldbank_api
Norway,NOR,2021,population,5408320,"World Bank, World Development Indicators (SP.POP.TOTL), sourced from UN World Population Prospects and national statistical offices",https://api.worldbank.org/v2/country/all/indicator/SP.POP.TOTL,"Total resident population, mid-year estimate. Retrieved via World Bank API, August 2026.",yes,worldbank_api
Norway,NOR,2022,population,5457127,"World Bank, World Development Indicators (SP.POP.TOTL), sourced from UN World Population Prospects and national statistical offices",https://api.worldbank.org/v2/country/all/indicator/SP.POP.TOTL,"Total resident population, mid-year estimate. Retrieved via World Bank API, August 2026.",yes,worldbank_api
New Zealand,NZL,2010,foreign_born,956982,UN DESA International Migrant Stock (retrieved via World Bank indicator SM.POP.TOTL),https://api.worldbank.org/v2/country/NZL/indicator/SM.POP.TOTL?format=json&date=2010:2022,"UN DESA International Migrant Stock, mid-year estimate. UN DESA publishes only 1990/1995/2000/2005/2010/2015/2020 - 5-year-interval estimate, NOT an annual national figure. Stats NZ publishes overseas-born counts only in census years (2013, 2018, 2023).",yes,noneu_stock.csv
New Zealand,NZL,2013,foreign_born,1001772,"OECD International Migration Database (stocks of foreign-born population, measure B14)","https://sdmx.oecd.org/public/rest/data/OECD.ELS.IMD,DSD_MIG_F@DF_MIG_POPF,1.0/NZL.W.A.B14._T._Z._Z.PS?startPeriod=2010&endPeriod=2022&format=jsondata&dimensionAtObservation=AllDimensions","Overseas-born usually resident population from the New Zealand Census of Population and Dwellings (census years only), as compiled by OECD IMD.",yes,noneu_stock.csv
New Zealand,NZL,2015,foreign_born,1132201,UN DESA International Migrant Stock (retrieved via World Bank indicator SM.POP.TOTL),https://api.worldbank.org/v2/country/NZL/indicator/SM.POP.TOTL?format=json&date=2010:2022,"UN DESA International Migrant Stock, mid-year estimate. UN DESA publishes only 1990/1995/2000/2005/2010/2015/2020 - 5-year-interval estimate, NOT an annual national figure. Stats NZ publishes overseas-born counts only in census years (2013, 2018, 2023).",yes,noneu_stock.csv
New Zealand,NZL,2018,foreign_born,1329633,"OECD International Migration Database (stocks of foreign-born population, measure B14)","https://sdmx.oecd.org/public/rest/data/OECD.ELS.IMD,DSD_MIG_F@DF_MIG_POPF,1.0/NZL.W.A.B14._T._Z._Z.PS?startPeriod=2010&endPeriod=2022&format=jsondata&dimensionAtObservation=AllDimensions","Overseas-born usually resident population from the New Zealand Census of Population and Dwellings (census years only), as compiled by OECD IMD.",yes,noneu_stock.csv
New Zealand,NZL,2020,foreign_born,1343900,UN DESA International Migrant Stock (retrieved via World Bank indicator SM.POP.TOTL),https://api.worldbank.org/v2/country/NZL/indicator/SM.POP.TOTL?format=json&date=2010:2022,"UN DESA International Migrant Stock, mid-year estimate. UN DESA publishes only 1990/1995/2000/2005/2010/2015/2020 - 5-year-interval estimate, NOT an annual national figure. Stats NZ publishes overseas-born counts only in census years (2013, 2018, 2023).",yes,noneu_stock.csv
New Zealand,NZL,2010,irregular_proxy_overstayers,15614,"Immigration New Zealand (MBIE), 'OVERSTAYERS' factsheet, October 2018, released under the Official Information Act and published on FYI.org.nz",https://fyi.org.nz/request/29926/response/118942/attach/4/Appendix%20A%20Immigration%20New%20Zealand%20Overstayers%20Factsheet%202017.pdf,"estimated overstayer population (people unlawfully in New Zealand), reference date October 2010. Register-derived estimate from the INZ overstayer estimate series; INZ notes the methodology was revised for the December 2017 estimate, so figures up to October 2014 / January 2016 are on the older basis. The same table also reports 15,760 for April 2010; the later 2010 estimate is used here.",yes,irregular_row_fill.csv
New Zealand,NZL,2011,irregular_proxy_overstayers,15030,"Immigration New Zealand (MBIE), 'OVERSTAYERS' factsheet, October 2018, released under the Official Information Act and published on FYI.org.nz",https://fyi.org.nz/request/29926/response/118942/attach/4/Appendix%20A%20Immigration%20New%20Zealand%20Overstayers%20Factsheet%202017.pdf,"estimated overstayer population (people unlawfully in New Zealand), reference date May 2011. Register-derived estimate from the INZ overstayer estimate series; INZ notes the methodology was revised for the December 2017 estimate, so figures up to October 2014 / January 2016 are on the older basis.",yes,irregular_row_fill.csv
New Zealand,NZL,2012,irregular_proxy_overstayers,14044,"Immigration New Zealand (MBIE), 'OVERSTAYERS' factsheet, October 2018, released under the Official Information Act and published on FYI.org.nz",https://fyi.org.nz/request/29926/response/118942/attach/4/Appendix%20A%20Immigration%20New%20Zealand%20Overstayers%20Factsheet%202017.pdf,"estimated overstayer population (people unlawfully in New Zealand), reference date August 2012. Register-derived estimate from the INZ overstayer estimate series; INZ notes the methodology was revised for the December 2017 estimate, so figures up to October 2014 / January 2016 are on the older basis.",yes,irregular_row_fill.csv
New Zealand,NZL,2013,irregular_proxy_overstayers,13151,"Immigration New Zealand (MBIE), 'OVERSTAYERS' factsheet, October 2018, released under the Official Information Act and published on FYI.org.nz",https://fyi.org.nz/request/29926/response/118942/attach/4/Appendix%20A%20Immigration%20New%20Zealand%20Overstayers%20Factsheet%202017.pdf,"estimated overstayer population (people unlawfully in New Zealand), reference date September 2013. Register-derived estimate from the INZ overstayer estimate series; INZ notes the methodology was revised for the December 2017 estimate, so figures up to October 2014 / January 2016 are on the older basis.",yes,irregular_row_fill.csv
New Zealand,NZL,2014,irregular_proxy_overstayers,12162,"Immigration New Zealand (MBIE), 'OVERSTAYERS' factsheet, October 2018, released under the Official Information Act and published on FYI.org.nz",https://fyi.org.nz/request/29926/response/118942/attach/4/Appendix%20A%20Immigration%20New%20Zealand%20Overstayers%20Factsheet%202017.pdf,"estimated overstayer population (people unlawfully in New Zealand), reference date October 2014. Register-derived estimate from the INZ overstayer estimate series; INZ notes the methodology was revised for the December 2017 estimate, so figures up to October 2014 / January 2016 are on the older basis.",yes,irregular_row_fill.csv
New Zealand,NZL,2016,irregular_proxy_overstayers,10894,"Immigration New Zealand (MBIE), 'OVERSTAYERS' factsheet, October 2018, released under the Official Information Act and published on FYI.org.nz",https://fyi.org.nz/request/29926/response/118942/attach/4/Appendix%20A%20Immigration%20New%20Zealand%20Overstayers%20Factsheet%202017.pdf,"estimated overstayer population (people unlawfully in New Zealand), reference date December 2016. Register-derived estimate from the INZ overstayer estimate series; INZ notes the methodology was revised for the December 2017 estimate, so figures up to October 2014 / January 2016 are on the older basis. The same table also reports 10,848 for January 2016; the December 2016 estimate is used here.",yes,irregular_row_fill.csv
New Zealand,NZL,2017,irregular_proxy_overstayers,14000,"Immigration New Zealand, New estimate of people who have overstayed their visa (5 September 2025)",https://immigration.govt.nz/assets/inz/documents/visa-paks/5-September-2025-New-estimate-of-people-who-have-overstayed-their-visa.pdf,"Reference year 2017. Register-derived estimate of the overstayer population, published as 'approximately 14,000'; INZ states it is not directly comparable with its later (2025) estimate because the methodology changed.",yes,irregular_row.csv
New Zealand,NZL,2010,population,4350700,"World Bank, World Development Indicators (SP.POP.TOTL), sourced from UN World Population Prospects and national statistical offices",https://api.worldbank.org/v2/country/all/indicator/SP.POP.TOTL,"Total resident population, mid-year estimate. Retrieved via World Bank API, August 2026.",yes,worldbank_api
New Zealand,NZL,2011,population,4384000,"World Bank, World Development Indicators (SP.POP.TOTL), sourced from UN World Population Prospects and national statistical offices",https://api.worldbank.org/v2/country/all/indicator/SP.POP.TOTL,"Total resident population, mid-year estimate. Retrieved via World Bank API, August 2026.",yes,worldbank_api
New Zealand,NZL,2012,population,4408100,"World Bank, World Development Indicators (SP.POP.TOTL), sourced from UN World Population Prospects and national statistical offices",https://api.worldbank.org/v2/country/all/indicator/SP.POP.TOTL,"Total resident population, mid-year estimate. Retrieved via World Bank API, August 2026.",yes,worldbank_api
New Zealand,NZL,2013,population,4442100,"World Bank, World Development Indicators (SP.POP.TOTL), sourced from UN World Population Prospects and national statistical offices",https://api.worldbank.org/v2/country/all/indicator/SP.POP.TOTL,"Total resident population, mid-year estimate. Retrieved via World Bank API, August 2026.",yes,worldbank_api
New Zealand,NZL,2014,population,4516500,"World Bank, World Development Indicators (SP.POP.TOTL), sourced from UN World Population Prospects and national statistical offices",https://api.worldbank.org/v2/country/all/indicator/SP.POP.TOTL,"Total resident population, mid-year estimate. Retrieved via World Bank API, August 2026.",yes,worldbank_api
New Zealand,NZL,2015,population,4609400,"World Bank, World Development Indicators (SP.POP.TOTL), sourced from UN World Population Prospects and national statistical offices",https://api.worldbank.org/v2/country/all/indicator/SP.POP.TOTL,"Total resident population, mid-year estimate. Retrieved via World Bank API, August 2026.",yes,worldbank_api
New Zealand,NZL,2016,population,4714100,"World Bank, World Development Indicators (SP.POP.TOTL), sourced from UN World Population Prospects and national statistical offices",https://api.worldbank.org/v2/country/all/indicator/SP.POP.TOTL,"Total resident population, mid-year estimate. Retrieved via World Bank API, August 2026.",yes,worldbank_api
New Zealand,NZL,2017,population,4813600,"World Bank, World Development Indicators (SP.POP.TOTL), sourced from UN World Population Prospects and national statistical offices",https://api.worldbank.org/v2/country/all/indicator/SP.POP.TOTL,"Total resident population, mid-year estimate. Retrieved via World Bank API, August 2026.",yes,worldbank_api
New Zealand,NZL,2018,population,4900600,"World Bank, World Development Indicators (SP.POP.TOTL), sourced from UN World Population Prospects and national statistical offices",https://api.worldbank.org/v2/country/all/indicator/SP.POP.TOTL,"Total resident population, mid-year estimate. Retrieved via World Bank API, August 2026.",yes,worldbank_api
New Zealand,NZL,2019,population,4970300,"World Bank, World Development Indicators (SP.POP.TOTL), sourced from UN World Population Prospects and national statistical offices",https://api.worldbank.org/v2/country/all/indicator/SP.POP.TOTL,"Total resident population, mid-year estimate. Retrieved via World Bank API, August 2026.",yes,worldbank_api
New Zealand,NZL,2020,population,5072400,"World Bank, World Development Indicators (SP.POP.TOTL), sourced from UN World Population Prospects and national statistical offices",https://api.worldbank.org/v2/country/all/indicator/SP.POP.TOTL,"Total resident population, mid-year estimate. Retrieved via World Bank API, August 2026.",yes,worldbank_api
New Zealand,NZL,2021,population,5084600,"World Bank, World Development Indicators (SP.POP.TOTL), sourced from UN World Population Prospects and national statistical offices",https://api.worldbank.org/v2/country/all/indicator/SP.POP.TOTL,"Total resident population, mid-year estimate. Retrieved via World Bank API, August 2026.",yes,worldbank_api
New Zealand,NZL,2022,population,5081700,"World Bank, World Development Indicators (SP.POP.TOTL), sourced from UN World Population Prospects and national statistical offices",https://api.worldbank.org/v2/country/all/indicator/SP.POP.TOTL,"Total resident population, mid-year estimate. Retrieved via World Bank API, August 2026.",yes,worldbank_api
Philippines,PHL,2010,foreign_born,178147,UN DESA International Migrant Stock (World Bank indicator SM.POP.TOTL),https://api.worldbank.org/v2/country/CHN;IND;PHL;RUS;ZAF;SUR;THA/indicator/SM.POP.TOTL?format=json&date=2010:2022&per_page=200,"UN estimate (not annual); mid-year benchmark year only; retrieved from World Bank mirror of UN DESA International Migrant Stock, accessed 2026-08",yes,nonoecd_stock.csv
Philippines,PHL,2015,foreign_born,131897,UN DESA International Migrant Stock (World Bank indicator SM.POP.TOTL),https://api.worldbank.org/v2/country/CHN;IND;PHL;RUS;ZAF;SUR;THA/indicator/SM.POP.TOTL?format=json&date=2010:2022&per_page=200,"UN estimate (not annual); mid-year benchmark year only; retrieved from World Bank mirror of UN DESA International Migrant Stock, accessed 2026-08",yes,nonoecd_stock.csv
Philippines,PHL,2020,foreign_born,87212,UN DESA International Migrant Stock (World Bank indicator SM.POP.TOTL),https://api.worldbank.org/v2/country/CHN;IND;PHL;RUS;ZAF;SUR;THA/indicator/SM.POP.TOTL?format=json&date=2010:2022&per_page=200,"UN estimate (not annual); mid-year benchmark year only; retrieved from World Bank mirror of UN DESA International Migrant Stock, accessed 2026-08",yes,nonoecd_stock.csv
Philippines,PHL,2010,foreign_nationals,177368,National Statistics Office (Philippines) - 2010 Census of Population and Housing (reported by SunStar),https://www.sunstar.com.ph/bacolod/nearly-200000-foreigners-living-in-philippines-census,"Census count, reference date 1 May 2010; foreign citizens in the household population; top nationalities USA 29959, China 28750, Japan 11583, India 8963; figure reported from an NSO news release, the original PSA/NSO web page was not reachable",yes,nonoecd_stock.csv
Philippines,PHL,2020,foreign_nationals,78396,Philippine Statistics Authority - Foreign Citizens in the Country (2020 Census of Population and Housing),https://psa.gov.ph/content/foreign-citizens-country-2020-census-population-and-housing,"Census count, reference date 1 May 2020; foreign citizens in the household population of 108667043 (0.1 per cent); top nationalities China 22494, India 18959, USA 6306; the Philippines is primarily a sending country",yes,nonoecd_stock.csv
Philippines,PHL,2010,population,96337125,"World Bank, World Development Indicators (SP.POP.TOTL), sourced from UN World Population Prospects and national statistical offices",https://api.worldbank.org/v2/country/all/indicator/SP.POP.TOTL,"Total resident population, mid-year estimate. Retrieved via World Bank API, August 2026.",yes,worldbank_api
Philippines,PHL,2011,population,98248614,"World Bank, World Development Indicators (SP.POP.TOTL), sourced from UN World Population Prospects and national statistical offices",https://api.worldbank.org/v2/country/all/indicator/SP.POP.TOTL,"Total resident population, mid-year estimate. Retrieved via World Bank API, August 2026.",yes,worldbank_api
Philippines,PHL,2012,population,100175512,"World Bank, World Development Indicators (SP.POP.TOTL), sourced from UN World Population Prospects and national statistical offices",https://api.worldbank.org/v2/country/all/indicator/SP.POP.TOTL,"Total resident population, mid-year estimate. Retrieved via World Bank API, August 2026.",yes,worldbank_api
Philippines,PHL,2013,population,102076336,"World Bank, World Development Indicators (SP.POP.TOTL), sourced from UN World Population Prospects and national statistical offices",https://api.worldbank.org/v2/country/all/indicator/SP.POP.TOTL,"Total resident population, mid-year estimate. Retrieved via World Bank API, August 2026.",yes,worldbank_api
Philippines,PHL,2014,population,103767130,"World Bank, World Development Indicators (SP.POP.TOTL), sourced from UN World Population Prospects and national statistical offices",https://api.worldbank.org/v2/country/all/indicator/SP.POP.TOTL,"Total resident population, mid-year estimate. Retrieved via World Bank API, August 2026.",yes,worldbank_api
Philippines,PHL,2015,population,105312992,"World Bank, World Development Indicators (SP.POP.TOTL), sourced from UN World Population Prospects and national statistical offices",https://api.worldbank.org/v2/country/all/indicator/SP.POP.TOTL,"Total resident population, mid-year estimate. Retrieved via World Bank API, August 2026.",yes,worldbank_api
Philippines,PHL,2016,population,106735719,"World Bank, World Development Indicators (SP.POP.TOTL), sourced from UN World Population Prospects and national statistical offices",https://api.worldbank.org/v2/country/all/indicator/SP.POP.TOTL,"Total resident population, mid-year estimate. Retrieved via World Bank API, August 2026.",yes,worldbank_api
Philippines,PHL,2017,population,108119693,"World Bank, World Development Indicators (SP.POP.TOTL), sourced from UN World Population Prospects and national statistical offices",https://api.worldbank.org/v2/country/all/indicator/SP.POP.TOTL,"Total resident population, mid-year estimate. Retrieved via World Bank API, August 2026.",yes,worldbank_api
Philippines,PHL,2018,population,109465287,"World Bank, World Development Indicators (SP.POP.TOTL), sourced from UN World Population Prospects and national statistical offices",https://api.worldbank.org/v2/country/all/indicator/SP.POP.TOTL,"Total resident population, mid-year estimate. Retrieved via World Bank API, August 2026.",yes,worldbank_api
Philippines,PHL,2019,population,110804683,"World Bank, World Development Indicators (SP.POP.TOTL), sourced from UN World Population Prospects and national statistical offices",https://api.worldbank.org/v2/country/all/indicator/SP.POP.TOTL,"Total resident population, mid-year estimate. Retrieved via World Bank API, August 2026.",yes,worldbank_api
Philippines,PHL,2020,population,112081264,"World Bank, World Development Indicators (SP.POP.TOTL), sourced from UN World Population Prospects and national statistical offices",https://api.worldbank.org/v2/country/all/indicator/SP.POP.TOTL,"Total resident population, mid-year estimate. Retrieved via World Bank API, August 2026.",yes,worldbank_api
Philippines,PHL,2021,population,113100950,"World Bank, World Development Indicators (SP.POP.TOTL), sourced from UN World Population Prospects and national statistical offices",https://api.worldbank.org/v2/country/all/indicator/SP.POP.TOTL,"Total resident population, mid-year estimate. Retrieved via World Bank API, August 2026.",yes,worldbank_api
Philippines,PHL,2022,population,113964338,"World Bank, World Development Indicators (SP.POP.TOTL), sourced from UN World Population Prospects and national statistical offices",https://api.worldbank.org/v2/country/all/indicator/SP.POP.TOTL,"Total resident population, mid-year estimate. Retrieved via World Bank API, August 2026.",yes,worldbank_api
Poland,POL,2010,foreign_born,642417,Eurostat [migr_pop3ctb],https://ec.europa.eu/eurostat/api/dissemination/statistics/1.0/data/migr_pop3ctb?format=JSON&lang=EN&geo=PL&age=TOTAL&sex=T&unit=NR&c_birth=FOR&sinceTimePeriod=2010&untilTimePeriod=2022,stock at 1 Jan; c_birth=FOR (born in a foreign country),yes,eu_stock.csv
Poland,POL,2011,foreign_born,637408,Eurostat [migr_pop3ctb],https://ec.europa.eu/eurostat/api/dissemination/statistics/1.0/data/migr_pop3ctb?format=JSON&lang=EN&geo=PL&age=TOTAL&sex=T&unit=NR&c_birth=FOR&sinceTimePeriod=2010&untilTimePeriod=2022,stock at 1 Jan; c_birth=FOR (born in a foreign country),yes,eu_stock.csv
Poland,POL,2012,foreign_born,630478,Eurostat [migr_pop3ctb],https://ec.europa.eu/eurostat/api/dissemination/statistics/1.0/data/migr_pop3ctb?format=JSON&lang=EN&geo=PL&age=TOTAL&sex=T&unit=NR&c_birth=FOR&sinceTimePeriod=2010&untilTimePeriod=2022,stock at 1 Jan; c_birth=FOR (born in a foreign country),yes,eu_stock.csv
Poland,POL,2013,foreign_born,625363,Eurostat [migr_pop3ctb],https://ec.europa.eu/eurostat/api/dissemination/statistics/1.0/data/migr_pop3ctb?format=JSON&lang=EN&geo=PL&age=TOTAL&sex=T&unit=NR&c_birth=FOR&sinceTimePeriod=2010&untilTimePeriod=2022,stock at 1 Jan; c_birth=FOR (born in a foreign country),yes,eu_stock.csv
Poland,POL,2014,foreign_born,620308,Eurostat [migr_pop3ctb],https://ec.europa.eu/eurostat/api/dissemination/statistics/1.0/data/migr_pop3ctb?format=JSON&lang=EN&geo=PL&age=TOTAL&sex=T&unit=NR&c_birth=FOR&sinceTimePeriod=2010&untilTimePeriod=2022,stock at 1 Jan; c_birth=FOR (born in a foreign country),yes,eu_stock.csv
Poland,POL,2015,foreign_born,611855,Eurostat [migr_pop3ctb],https://ec.europa.eu/eurostat/api/dissemination/statistics/1.0/data/migr_pop3ctb?format=JSON&lang=EN&geo=PL&age=TOTAL&sex=T&unit=NR&c_birth=FOR&sinceTimePeriod=2010&untilTimePeriod=2022,stock at 1 Jan; c_birth=FOR (born in a foreign country),yes,eu_stock.csv
Poland,POL,2016,foreign_born,626396,Eurostat [migr_pop3ctb],https://ec.europa.eu/eurostat/api/dissemination/statistics/1.0/data/migr_pop3ctb?format=JSON&lang=EN&geo=PL&age=TOTAL&sex=T&unit=NR&c_birth=FOR&sinceTimePeriod=2010&untilTimePeriod=2022,stock at 1 Jan; c_birth=FOR (born in a foreign country),yes,eu_stock.csv
Poland,POL,2017,foreign_born,651845,Eurostat [migr_pop3ctb],https://ec.europa.eu/eurostat/api/dissemination/statistics/1.0/data/migr_pop3ctb?format=JSON&lang=EN&geo=PL&age=TOTAL&sex=T&unit=NR&c_birth=FOR&sinceTimePeriod=2010&untilTimePeriod=2022,stock at 1 Jan; c_birth=FOR (born in a foreign country),yes,eu_stock.csv
Poland,POL,2018,foreign_born,695850,Eurostat [migr_pop3ctb],https://ec.europa.eu/eurostat/api/dissemination/statistics/1.0/data/migr_pop3ctb?format=JSON&lang=EN&geo=PL&age=TOTAL&sex=T&unit=NR&c_birth=FOR&sinceTimePeriod=2010&untilTimePeriod=2022,stock at 1 Jan; c_birth=FOR (born in a foreign country),yes,eu_stock.csv
Poland,POL,2019,foreign_born,760849,Eurostat [migr_pop3ctb],https://ec.europa.eu/eurostat/api/dissemination/statistics/1.0/data/migr_pop3ctb?format=JSON&lang=EN&geo=PL&age=TOTAL&sex=T&unit=NR&c_birth=FOR&sinceTimePeriod=2010&untilTimePeriod=2022,stock at 1 Jan; c_birth=FOR (born in a foreign country),yes,eu_stock.csv
Poland,POL,2020,foreign_born,849320,Eurostat [migr_pop3ctb],https://ec.europa.eu/eurostat/api/dissemination/statistics/1.0/data/migr_pop3ctb?format=JSON&lang=EN&geo=PL&age=TOTAL&sex=T&unit=NR&c_birth=FOR&sinceTimePeriod=2010&untilTimePeriod=2022,stock at 1 Jan; c_birth=FOR (born in a foreign country),yes,eu_stock.csv
Poland,POL,2021,foreign_born,935740,Eurostat [migr_pop3ctb],https://ec.europa.eu/eurostat/api/dissemination/statistics/1.0/data/migr_pop3ctb?format=JSON&lang=EN&geo=PL&age=TOTAL&sex=T&unit=NR&c_birth=FOR&sinceTimePeriod=2010&untilTimePeriod=2022,stock at 1 Jan; c_birth=FOR (born in a foreign country),yes,eu_stock.csv
Poland,POL,2022,foreign_born,931158,Eurostat [migr_pop3ctb],https://ec.europa.eu/eurostat/api/dissemination/statistics/1.0/data/migr_pop3ctb?format=JSON&lang=EN&geo=PL&age=TOTAL&sex=T&unit=NR&c_birth=FOR&sinceTimePeriod=2010&untilTimePeriod=2022,stock at 1 Jan; c_birth=FOR (born in a foreign country),yes,eu_stock.csv
Poland,POL,2010,foreign_nationals,75210,Eurostat [migr_pop1ctz],https://ec.europa.eu/eurostat/api/dissemination/statistics/1.0/data/migr_pop1ctz?format=JSON&lang=EN&geo=PL&age=TOTAL&sex=T&unit=NR&citizen=FOR_STLS&sinceTimePeriod=2010&untilTimePeriod=2022,stock at 1 Jan; citizen=FOR_STLS (foreign citizens incl. stateless),yes,eu_stock.csv
Poland,POL,2011,foreign_nationals,79338,Eurostat [migr_pop1ctz],https://ec.europa.eu/eurostat/api/dissemination/statistics/1.0/data/migr_pop1ctz?format=JSON&lang=EN&geo=PL&age=TOTAL&sex=T&unit=NR&citizen=FOR_STLS&sinceTimePeriod=2010&untilTimePeriod=2022,stock at 1 Jan; citizen=FOR_STLS (foreign citizens incl. stateless),yes,eu_stock.csv
Poland,POL,2012,foreign_nationals,85829,Eurostat [migr_pop1ctz],https://ec.europa.eu/eurostat/api/dissemination/statistics/1.0/data/migr_pop1ctz?format=JSON&lang=EN&geo=PL&age=TOTAL&sex=T&unit=NR&citizen=FOR_STLS&sinceTimePeriod=2010&untilTimePeriod=2022,stock at 1 Jan; citizen=FOR_STLS (foreign citizens incl. stateless),yes,eu_stock.csv
Poland,POL,2013,foreign_nationals,93265,Eurostat [migr_pop1ctz],https://ec.europa.eu/eurostat/api/dissemination/statistics/1.0/data/migr_pop1ctz?format=JSON&lang=EN&geo=PL&age=TOTAL&sex=T&unit=NR&citizen=FOR_STLS&sinceTimePeriod=2010&untilTimePeriod=2022,stock at 1 Jan; citizen=FOR_STLS (foreign citizens incl. stateless),yes,eu_stock.csv
Poland,POL,2014,foreign_nationals,101204,Eurostat [migr_pop1ctz],https://ec.europa.eu/eurostat/api/dissemination/statistics/1.0/data/migr_pop1ctz?format=JSON&lang=EN&geo=PL&age=TOTAL&sex=T&unit=NR&citizen=FOR_STLS&sinceTimePeriod=2010&untilTimePeriod=2022,stock at 1 Jan; citizen=FOR_STLS (foreign citizens incl. stateless),yes,eu_stock.csv
Poland,POL,2015,foreign_nationals,108279,Eurostat [migr_pop1ctz],https://ec.europa.eu/eurostat/api/dissemination/statistics/1.0/data/migr_pop1ctz?format=JSON&lang=EN&geo=PL&age=TOTAL&sex=T&unit=NR&citizen=FOR_STLS&sinceTimePeriod=2010&untilTimePeriod=2022,stock at 1 Jan; citizen=FOR_STLS (foreign citizens incl. stateless),yes,eu_stock.csv
Poland,POL,2016,foreign_nationals,149586,Eurostat [migr_pop1ctz],https://ec.europa.eu/eurostat/api/dissemination/statistics/1.0/data/migr_pop1ctz?format=JSON&lang=EN&geo=PL&age=TOTAL&sex=T&unit=NR&citizen=FOR_STLS&sinceTimePeriod=2010&untilTimePeriod=2022,stock at 1 Jan; citizen=FOR_STLS (foreign citizens incl. stateless),yes,eu_stock.csv
Poland,POL,2017,foreign_nationals,210328,Eurostat [migr_pop1ctz],https://ec.europa.eu/eurostat/api/dissemination/statistics/1.0/data/migr_pop1ctz?format=JSON&lang=EN&geo=PL&age=TOTAL&sex=T&unit=NR&citizen=FOR_STLS&sinceTimePeriod=2010&untilTimePeriod=2022,stock at 1 Jan; citizen=FOR_STLS (foreign citizens incl. stateless),yes,eu_stock.csv
Poland,POL,2018,foreign_nationals,239230,Eurostat [migr_pop1ctz],https://ec.europa.eu/eurostat/api/dissemination/statistics/1.0/data/migr_pop1ctz?format=JSON&lang=EN&geo=PL&age=TOTAL&sex=T&unit=NR&citizen=FOR_STLS&sinceTimePeriod=2010&untilTimePeriod=2022,stock at 1 Jan; citizen=FOR_STLS (foreign citizens incl. stateless),yes,eu_stock.csv
Poland,POL,2019,foreign_nationals,289751,Eurostat [migr_pop1ctz],https://ec.europa.eu/eurostat/api/dissemination/statistics/1.0/data/migr_pop1ctz?format=JSON&lang=EN&geo=PL&age=TOTAL&sex=T&unit=NR&citizen=FOR_STLS&sinceTimePeriod=2010&untilTimePeriod=2022,stock at 1 Jan; citizen=FOR_STLS (foreign citizens incl. stateless),yes,eu_stock.csv
Poland,POL,2020,foreign_nationals,358239,Eurostat [migr_pop1ctz],https://ec.europa.eu/eurostat/api/dissemination/statistics/1.0/data/migr_pop1ctz?format=JSON&lang=EN&geo=PL&age=TOTAL&sex=T&unit=NR&citizen=FOR_STLS&sinceTimePeriod=2010&untilTimePeriod=2022,stock at 1 Jan; citizen=FOR_STLS (foreign citizens incl. stateless),yes,eu_stock.csv
Poland,POL,2021,foreign_nationals,447442,Eurostat [migr_pop1ctz],https://ec.europa.eu/eurostat/api/dissemination/statistics/1.0/data/migr_pop1ctz?format=JSON&lang=EN&geo=PL&age=TOTAL&sex=T&unit=NR&citizen=FOR_STLS&sinceTimePeriod=2010&untilTimePeriod=2022,stock at 1 Jan; citizen=FOR_STLS (foreign citizens incl. stateless),yes,eu_stock.csv
Poland,POL,2022,foreign_nationals,441661,Eurostat [migr_pop1ctz],https://ec.europa.eu/eurostat/api/dissemination/statistics/1.0/data/migr_pop1ctz?format=JSON&lang=EN&geo=PL&age=TOTAL&sex=T&unit=NR&citizen=FOR_STLS&sinceTimePeriod=2010&untilTimePeriod=2022,stock at 1 Jan; citizen=FOR_STLS (foreign citizens incl. stateless),yes,eu_stock.csv
Poland,POL,2010,irregular_proxy_detections,4005,"Eurostat, Third country nationals found to be illegally present (migr_eipre)",https://ec.europa.eu/eurostat/databrowser/view/migr_eipre/default/table,"Eurostat enforcement statistic - annual flow of detections, NOT a stock. Dataset migr_eipre, dimensions freq=A citizen=TOTAL reason=TOTAL apprehen=TOTAL sex=T age=TOTAL unit=PER. Rounded to nearest 5 by Eurostat.",yes,irregular_eu.csv
Poland,POL,2011,irregular_proxy_detections,6875,"Eurostat, Third country nationals found to be illegally present (migr_eipre)",https://ec.europa.eu/eurostat/databrowser/view/migr_eipre/default/table,"Eurostat enforcement statistic - annual flow of detections, NOT a stock. Dataset migr_eipre, dimensions freq=A citizen=TOTAL reason=TOTAL apprehen=TOTAL sex=T age=TOTAL unit=PER. Rounded to nearest 5 by Eurostat.",yes,irregular_eu.csv
Poland,POL,2012,irregular_proxy_detections,8140,"Eurostat, Third country nationals found to be illegally present (migr_eipre)",https://ec.europa.eu/eurostat/databrowser/view/migr_eipre/default/table,"Eurostat enforcement statistic - annual flow of detections, NOT a stock. Dataset migr_eipre, dimensions freq=A citizen=TOTAL reason=TOTAL apprehen=TOTAL sex=T age=TOTAL unit=PER. Rounded to nearest 5 by Eurostat.",yes,irregular_eu.csv
Poland,POL,2013,irregular_proxy_detections,9280,"Eurostat, Third country nationals found to be illegally present (migr_eipre)",https://ec.europa.eu/eurostat/databrowser/view/migr_eipre/default/table,"Eurostat enforcement statistic - annual flow of detections, NOT a stock. Dataset migr_eipre, dimensions freq=A citizen=TOTAL reason=TOTAL apprehen=TOTAL sex=T age=TOTAL unit=PER. Rounded to nearest 5 by Eurostat.",yes,irregular_eu.csv
Poland,POL,2014,irregular_proxy_detections,12050,"Eurostat, Third country nationals found to be illegally present (migr_eipre)",https://ec.europa.eu/eurostat/databrowser/view/migr_eipre/default/table,"Eurostat enforcement statistic - annual flow of detections, NOT a stock. Dataset migr_eipre, dimensions freq=A citizen=TOTAL reason=TOTAL apprehen=TOTAL sex=T age=TOTAL unit=PER. Rounded to nearest 5 by Eurostat.",yes,irregular_eu.csv
Poland,POL,2015,irregular_proxy_detections,16835,"Eurostat, Third country nationals found to be illegally present (migr_eipre)",https://ec.europa.eu/eurostat/databrowser/view/migr_eipre/default/table,"Eurostat enforcement statistic - annual flow of detections, NOT a stock. Dataset migr_eipre, dimensions freq=A citizen=TOTAL reason=TOTAL apprehen=TOTAL sex=T age=TOTAL unit=PER. Rounded to nearest 5 by Eurostat.",yes,irregular_eu.csv
Poland,POL,2016,irregular_proxy_detections,23375,"Eurostat, Third country nationals found to be illegally present (migr_eipre)",https://ec.europa.eu/eurostat/databrowser/view/migr_eipre/default/table,"Eurostat enforcement statistic - annual flow of detections, NOT a stock. Dataset migr_eipre, dimensions freq=A citizen=TOTAL reason=TOTAL apprehen=TOTAL sex=T age=TOTAL unit=PER. Rounded to nearest 5 by Eurostat.",yes,irregular_eu.csv
Poland,POL,2017,irregular_proxy_detections,28470,"Eurostat, Third country nationals found to be illegally present (migr_eipre)",https://ec.europa.eu/eurostat/databrowser/view/migr_eipre/default/table,"Eurostat enforcement statistic - annual flow of detections, NOT a stock. Dataset migr_eipre, dimensions freq=A citizen=TOTAL reason=TOTAL apprehen=TOTAL sex=T age=TOTAL unit=PER. Rounded to nearest 5 by Eurostat.",yes,irregular_eu.csv
Poland,POL,2018,irregular_proxy_detections,31245,"Eurostat, Third country nationals found to be illegally present (migr_eipre)",https://ec.europa.eu/eurostat/databrowser/view/migr_eipre/default/table,"Eurostat enforcement statistic - annual flow of detections, NOT a stock. Dataset migr_eipre, dimensions freq=A citizen=TOTAL reason=TOTAL apprehen=TOTAL sex=T age=TOTAL unit=PER. Rounded to nearest 5 by Eurostat.",yes,irregular_eu.csv
Poland,POL,2019,irregular_proxy_detections,30900,"Eurostat, Third country nationals found to be illegally present (migr_eipre)",https://ec.europa.eu/eurostat/databrowser/view/migr_eipre/default/table,"Eurostat enforcement statistic - annual flow of detections, NOT a stock. Dataset migr_eipre, dimensions freq=A citizen=TOTAL reason=TOTAL apprehen=TOTAL sex=T age=TOTAL unit=PER. Rounded to nearest 5 by Eurostat.",yes,irregular_eu.csv
Poland,POL,2020,irregular_proxy_detections,12170,"Eurostat, Third country nationals found to be illegally present (migr_eipre)",https://ec.europa.eu/eurostat/databrowser/view/migr_eipre/default/table,"Eurostat enforcement statistic - annual flow of detections, NOT a stock. Dataset migr_eipre, dimensions freq=A citizen=TOTAL reason=TOTAL apprehen=TOTAL sex=T age=TOTAL unit=PER. Rounded to nearest 5 by Eurostat.",yes,irregular_eu.csv
Poland,POL,2021,irregular_proxy_detections,12795,"Eurostat, Third country nationals found to be illegally present (migr_eipre)",https://ec.europa.eu/eurostat/databrowser/view/migr_eipre/default/table,"Eurostat enforcement statistic - annual flow of detections, NOT a stock. Dataset migr_eipre, dimensions freq=A citizen=TOTAL reason=TOTAL apprehen=TOTAL sex=T age=TOTAL unit=PER. Rounded to nearest 5 by Eurostat.",yes,irregular_eu.csv
Poland,POL,2022,irregular_proxy_detections,10510,"Eurostat, Third country nationals found to be illegally present (migr_eipre)",https://ec.europa.eu/eurostat/databrowser/view/migr_eipre/default/table,"Eurostat enforcement statistic - annual flow of detections, NOT a stock. Dataset migr_eipre, dimensions freq=A citizen=TOTAL reason=TOTAL apprehen=TOTAL sex=T age=TOTAL unit=PER. Rounded to nearest 5 by Eurostat.",yes,irregular_eu.csv
Poland,POL,2010,population,38042794,"World Bank, World Development Indicators (SP.POP.TOTL), sourced from UN World Population Prospects and national statistical offices",https://api.worldbank.org/v2/country/all/indicator/SP.POP.TOTL,"Total resident population, mid-year estimate. Retrieved via World Bank API, August 2026.",yes,worldbank_api
Poland,POL,2011,population,38063255,"World Bank, World Development Indicators (SP.POP.TOTL), sourced from UN World Population Prospects and national statistical offices",https://api.worldbank.org/v2/country/all/indicator/SP.POP.TOTL,"Total resident population, mid-year estimate. Retrieved via World Bank API, August 2026.",yes,worldbank_api
Poland,POL,2012,population,38063164,"World Bank, World Development Indicators (SP.POP.TOTL), sourced from UN World Population Prospects and national statistical offices",https://api.worldbank.org/v2/country/all/indicator/SP.POP.TOTL,"Total resident population, mid-year estimate. Retrieved via World Bank API, August 2026.",yes,worldbank_api
Poland,POL,2013,population,38040196,"World Bank, World Development Indicators (SP.POP.TOTL), sourced from UN World Population Prospects and national statistical offices",https://api.worldbank.org/v2/country/all/indicator/SP.POP.TOTL,"Total resident population, mid-year estimate. Retrieved via World Bank API, August 2026.",yes,worldbank_api
Poland,POL,2014,population,38011735,"World Bank, World Development Indicators (SP.POP.TOTL), sourced from UN World Population Prospects and national statistical offices",https://api.worldbank.org/v2/country/all/indicator/SP.POP.TOTL,"Total resident population, mid-year estimate. Retrieved via World Bank API, August 2026.",yes,worldbank_api
Poland,POL,2015,population,37986412,"World Bank, World Development Indicators (SP.POP.TOTL), sourced from UN World Population Prospects and national statistical offices",https://api.worldbank.org/v2/country/all/indicator/SP.POP.TOTL,"Total resident population, mid-year estimate. Retrieved via World Bank API, August 2026.",yes,worldbank_api
Poland,POL,2016,population,37970087,"World Bank, World Development Indicators (SP.POP.TOTL), sourced from UN World Population Prospects and national statistical offices",https://api.worldbank.org/v2/country/all/indicator/SP.POP.TOTL,"Total resident population, mid-year estimate. Retrieved via World Bank API, August 2026.",yes,worldbank_api
Poland,POL,2017,population,37974826,"World Bank, World Development Indicators (SP.POP.TOTL), sourced from UN World Population Prospects and national statistical offices",https://api.worldbank.org/v2/country/all/indicator/SP.POP.TOTL,"Total resident population, mid-year estimate. Retrieved via World Bank API, August 2026.",yes,worldbank_api
Poland,POL,2018,population,37974750,"World Bank, World Development Indicators (SP.POP.TOTL), sourced from UN World Population Prospects and national statistical offices",https://api.worldbank.org/v2/country/all/indicator/SP.POP.TOTL,"Total resident population, mid-year estimate. Retrieved via World Bank API, August 2026.",yes,worldbank_api
Poland,POL,2019,population,37965475,"World Bank, World Development Indicators (SP.POP.TOTL), sourced from UN World Population Prospects and national statistical offices",https://api.worldbank.org/v2/country/all/indicator/SP.POP.TOTL,"Total resident population, mid-year estimate. Retrieved via World Bank API, August 2026.",yes,worldbank_api
Poland,POL,2020,population,37515748,"World Bank, World Development Indicators (SP.POP.TOTL), sourced from UN World Population Prospects and national statistical offices",https://api.worldbank.org/v2/country/all/indicator/SP.POP.TOTL,"Total resident population, mid-year estimate. Retrieved via World Bank API, August 2026.",yes,worldbank_api
Poland,POL,2021,population,36981559,"World Bank, World Development Indicators (SP.POP.TOTL), sourced from UN World Population Prospects and national statistical offices",https://api.worldbank.org/v2/country/all/indicator/SP.POP.TOTL,"Total resident population, mid-year estimate. Retrieved via World Bank API, August 2026.",yes,worldbank_api
Poland,POL,2022,population,36821749,"World Bank, World Development Indicators (SP.POP.TOTL), sourced from UN World Population Prospects and national statistical offices",https://api.worldbank.org/v2/country/all/indicator/SP.POP.TOTL,"Total resident population, mid-year estimate. Retrieved via World Bank API, August 2026.",yes,worldbank_api
Portugal,PRT,2010,foreign_born,762825,Eurostat [migr_pop3ctb],https://ec.europa.eu/eurostat/api/dissemination/statistics/1.0/data/migr_pop3ctb?format=JSON&lang=EN&geo=PT&age=TOTAL&sex=T&unit=NR&c_birth=FOR&sinceTimePeriod=2010&untilTimePeriod=2022,stock at 1 Jan; c_birth=FOR (born in a foreign country),yes,eu_stock.csv
Portugal,PRT,2011,foreign_born,755484,Eurostat [migr_pop3ctb],https://ec.europa.eu/eurostat/api/dissemination/statistics/1.0/data/migr_pop3ctb?format=JSON&lang=EN&geo=PT&age=TOTAL&sex=T&unit=NR&c_birth=FOR&sinceTimePeriod=2010&untilTimePeriod=2022,stock at 1 Jan; c_birth=FOR (born in a foreign country),yes,eu_stock.csv
Portugal,PRT,2012,foreign_born,1221227,Eurostat [migr_pop3ctb],https://ec.europa.eu/eurostat/api/dissemination/statistics/1.0/data/migr_pop3ctb?format=JSON&lang=EN&geo=PT&age=TOTAL&sex=T&unit=NR&c_birth=FOR&sinceTimePeriod=2010&untilTimePeriod=2022,stock at 1 Jan; c_birth=FOR (born in a foreign country); apparent break in series (population census re-basing),yes,eu_stock.csv
Portugal,PRT,2013,foreign_born,1197532,Eurostat [migr_pop3ctb],https://ec.europa.eu/eurostat/api/dissemination/statistics/1.0/data/migr_pop3ctb?format=JSON&lang=EN&geo=PT&age=TOTAL&sex=T&unit=NR&c_birth=FOR&sinceTimePeriod=2010&untilTimePeriod=2022,stock at 1 Jan; c_birth=FOR (born in a foreign country),yes,eu_stock.csv
Portugal,PRT,2014,foreign_born,1176104,Eurostat [migr_pop3ctb],https://ec.europa.eu/eurostat/api/dissemination/statistics/1.0/data/migr_pop3ctb?format=JSON&lang=EN&geo=PT&age=TOTAL&sex=T&unit=NR&c_birth=FOR&sinceTimePeriod=2010&untilTimePeriod=2022,stock at 1 Jan; c_birth=FOR (born in a foreign country),yes,eu_stock.csv
Portugal,PRT,2015,foreign_born,1160656,Eurostat [migr_pop3ctb],https://ec.europa.eu/eurostat/api/dissemination/statistics/1.0/data/migr_pop3ctb?format=JSON&lang=EN&geo=PT&age=TOTAL&sex=T&unit=NR&c_birth=FOR&sinceTimePeriod=2010&untilTimePeriod=2022,stock at 1 Jan; c_birth=FOR (born in a foreign country),yes,eu_stock.csv
Portugal,PRT,2016,foreign_born,1170320,Eurostat [migr_pop3ctb],https://ec.europa.eu/eurostat/api/dissemination/statistics/1.0/data/migr_pop3ctb?format=JSON&lang=EN&geo=PT&age=TOTAL&sex=T&unit=NR&c_birth=FOR&sinceTimePeriod=2010&untilTimePeriod=2022,stock at 1 Jan; c_birth=FOR (born in a foreign country),yes,eu_stock.csv
Portugal,PRT,2017,foreign_born,1200249,Eurostat [migr_pop3ctb],https://ec.europa.eu/eurostat/api/dissemination/statistics/1.0/data/migr_pop3ctb?format=JSON&lang=EN&geo=PT&age=TOTAL&sex=T&unit=NR&c_birth=FOR&sinceTimePeriod=2010&untilTimePeriod=2022,stock at 1 Jan; c_birth=FOR (born in a foreign country),yes,eu_stock.csv
Portugal,PRT,2018,foreign_born,1236888,Eurostat [migr_pop3ctb],https://ec.europa.eu/eurostat/api/dissemination/statistics/1.0/data/migr_pop3ctb?format=JSON&lang=EN&geo=PT&age=TOTAL&sex=T&unit=NR&c_birth=FOR&sinceTimePeriod=2010&untilTimePeriod=2022,stock at 1 Jan; c_birth=FOR (born in a foreign country),yes,eu_stock.csv
Portugal,PRT,2019,foreign_born,1307266,Eurostat [migr_pop3ctb],https://ec.europa.eu/eurostat/api/dissemination/statistics/1.0/data/migr_pop3ctb?format=JSON&lang=EN&geo=PT&age=TOTAL&sex=T&unit=NR&c_birth=FOR&sinceTimePeriod=2010&untilTimePeriod=2022,stock at 1 Jan; c_birth=FOR (born in a foreign country),yes,eu_stock.csv
Portugal,PRT,2020,foreign_born,1416498,Eurostat [migr_pop3ctb],https://ec.europa.eu/eurostat/api/dissemination/statistics/1.0/data/migr_pop3ctb?format=JSON&lang=EN&geo=PT&age=TOTAL&sex=T&unit=NR&c_birth=FOR&sinceTimePeriod=2010&untilTimePeriod=2022,stock at 1 Jan; c_birth=FOR (born in a foreign country),yes,eu_stock.csv
Portugal,PRT,2021,foreign_born,1495524,Eurostat [migr_pop3ctb],https://ec.europa.eu/eurostat/api/dissemination/statistics/1.0/data/migr_pop3ctb?format=JSON&lang=EN&geo=PT&age=TOTAL&sex=T&unit=NR&c_birth=FOR&sinceTimePeriod=2010&untilTimePeriod=2022,stock at 1 Jan; c_birth=FOR (born in a foreign country),yes,eu_stock.csv
Portugal,PRT,2022,foreign_born,1568066,Eurostat [migr_pop3ctb],https://ec.europa.eu/eurostat/api/dissemination/statistics/1.0/data/migr_pop3ctb?format=JSON&lang=EN&geo=PT&age=TOTAL&sex=T&unit=NR&c_birth=FOR&sinceTimePeriod=2010&untilTimePeriod=2022,stock at 1 Jan; c_birth=FOR (born in a foreign country),yes,eu_stock.csv
Portugal,PRT,2010,foreign_nationals,454191,Eurostat [migr_pop1ctz],https://ec.europa.eu/eurostat/api/dissemination/statistics/1.0/data/migr_pop1ctz?format=JSON&lang=EN&geo=PT&age=TOTAL&sex=T&unit=NR&citizen=FOR_STLS&sinceTimePeriod=2010&untilTimePeriod=2022,stock at 1 Jan; citizen=FOR_STLS (foreign citizens incl. stateless),yes,eu_stock.csv
Portugal,PRT,2011,foreign_nationals,445262,Eurostat [migr_pop1ctz],https://ec.europa.eu/eurostat/api/dissemination/statistics/1.0/data/migr_pop1ctz?format=JSON&lang=EN&geo=PT&age=TOTAL&sex=T&unit=NR&citizen=FOR_STLS&sinceTimePeriod=2010&untilTimePeriod=2022,stock at 1 Jan; citizen=FOR_STLS (foreign citizens incl. stateless),yes,eu_stock.csv
Portugal,PRT,2012,foreign_nationals,413011,Eurostat [migr_pop1ctz],https://ec.europa.eu/eurostat/api/dissemination/statistics/1.0/data/migr_pop1ctz?format=JSON&lang=EN&geo=PT&age=TOTAL&sex=T&unit=NR&citizen=FOR_STLS&sinceTimePeriod=2010&untilTimePeriod=2022,stock at 1 Jan; citizen=FOR_STLS (foreign citizens incl. stateless),yes,eu_stock.csv
Portugal,PRT,2013,foreign_nationals,393908,Eurostat [migr_pop1ctz],https://ec.europa.eu/eurostat/api/dissemination/statistics/1.0/data/migr_pop1ctz?format=JSON&lang=EN&geo=PT&age=TOTAL&sex=T&unit=NR&citizen=FOR_STLS&sinceTimePeriod=2010&untilTimePeriod=2022,stock at 1 Jan; citizen=FOR_STLS (foreign citizens incl. stateless),yes,eu_stock.csv
Portugal,PRT,2014,foreign_nationals,377436,Eurostat [migr_pop1ctz],https://ec.europa.eu/eurostat/api/dissemination/statistics/1.0/data/migr_pop1ctz?format=JSON&lang=EN&geo=PT&age=TOTAL&sex=T&unit=NR&citizen=FOR_STLS&sinceTimePeriod=2010&untilTimePeriod=2022,stock at 1 Jan; citizen=FOR_STLS (foreign citizens incl. stateless),yes,eu_stock.csv
Portugal,PRT,2015,foreign_nationals,366869,Eurostat [migr_pop1ctz],https://ec.europa.eu/eurostat/api/dissemination/statistics/1.0/data/migr_pop1ctz?format=JSON&lang=EN&geo=PT&age=TOTAL&sex=T&unit=NR&citizen=FOR_STLS&sinceTimePeriod=2010&untilTimePeriod=2022,stock at 1 Jan; citizen=FOR_STLS (foreign citizens incl. stateless),yes,eu_stock.csv
Portugal,PRT,2016,foreign_nationals,360961,Eurostat [migr_pop1ctz],https://ec.europa.eu/eurostat/api/dissemination/statistics/1.0/data/migr_pop1ctz?format=JSON&lang=EN&geo=PT&age=TOTAL&sex=T&unit=NR&citizen=FOR_STLS&sinceTimePeriod=2010&untilTimePeriod=2022,stock at 1 Jan; citizen=FOR_STLS (foreign citizens incl. stateless),yes,eu_stock.csv
Portugal,PRT,2017,foreign_nationals,370080,Eurostat [migr_pop1ctz],https://ec.europa.eu/eurostat/api/dissemination/statistics/1.0/data/migr_pop1ctz?format=JSON&lang=EN&geo=PT&age=TOTAL&sex=T&unit=NR&citizen=FOR_STLS&sinceTimePeriod=2010&untilTimePeriod=2022,stock at 1 Jan; citizen=FOR_STLS (foreign citizens incl. stateless),yes,eu_stock.csv
Portugal,PRT,2018,foreign_nationals,387943,Eurostat [migr_pop1ctz],https://ec.europa.eu/eurostat/api/dissemination/statistics/1.0/data/migr_pop1ctz?format=JSON&lang=EN&geo=PT&age=TOTAL&sex=T&unit=NR&citizen=FOR_STLS&sinceTimePeriod=2010&untilTimePeriod=2022,stock at 1 Jan; citizen=FOR_STLS (foreign citizens incl. stateless),yes,eu_stock.csv
Portugal,PRT,2019,foreign_nationals,441863,Eurostat [migr_pop1ctz],https://ec.europa.eu/eurostat/api/dissemination/statistics/1.0/data/migr_pop1ctz?format=JSON&lang=EN&geo=PT&age=TOTAL&sex=T&unit=NR&citizen=FOR_STLS&sinceTimePeriod=2010&untilTimePeriod=2022,stock at 1 Jan; citizen=FOR_STLS (foreign citizens incl. stateless),yes,eu_stock.csv
Portugal,PRT,2020,foreign_nationals,520487,Eurostat [migr_pop1ctz],https://ec.europa.eu/eurostat/api/dissemination/statistics/1.0/data/migr_pop1ctz?format=JSON&lang=EN&geo=PT&age=TOTAL&sex=T&unit=NR&citizen=FOR_STLS&sinceTimePeriod=2010&untilTimePeriod=2022,stock at 1 Jan; citizen=FOR_STLS (foreign citizens incl. stateless),yes,eu_stock.csv
Portugal,PRT,2021,foreign_nationals,595794,Eurostat [migr_pop1ctz],https://ec.europa.eu/eurostat/api/dissemination/statistics/1.0/data/migr_pop1ctz?format=JSON&lang=EN&geo=PT&age=TOTAL&sex=T&unit=NR&citizen=FOR_STLS&sinceTimePeriod=2010&untilTimePeriod=2022,stock at 1 Jan; citizen=FOR_STLS (foreign citizens incl. stateless),yes,eu_stock.csv
Portugal,PRT,2022,foreign_nationals,643347,Eurostat [migr_pop1ctz],https://ec.europa.eu/eurostat/api/dissemination/statistics/1.0/data/migr_pop1ctz?format=JSON&lang=EN&geo=PT&age=TOTAL&sex=T&unit=NR&citizen=FOR_STLS&sinceTimePeriod=2010&untilTimePeriod=2022,stock at 1 Jan; citizen=FOR_STLS (foreign citizens incl. stateless),yes,eu_stock.csv
Portugal,PRT,2010,irregular_proxy_detections,10085,"Eurostat, Third country nationals found to be illegally present (migr_eipre)",https://ec.europa.eu/eurostat/databrowser/view/migr_eipre/default/table,"Eurostat enforcement statistic - annual flow of detections, NOT a stock. Dataset migr_eipre, dimensions freq=A citizen=TOTAL reason=TOTAL apprehen=TOTAL sex=T age=TOTAL unit=PER. Rounded to nearest 5 by Eurostat. CORRECTED: an earlier extraction of this country shifted the series one year forward; re-read directly from the Eurostat API and cross-checked against an independent compilation.",yes,irregular_eu.csv
Portugal,PRT,2011,irregular_proxy_detections,9230,"Eurostat, Third country nationals found to be illegally present (migr_eipre)",https://ec.europa.eu/eurostat/databrowser/view/migr_eipre/default/table,"Eurostat enforcement statistic - annual flow of detections, NOT a stock. Dataset migr_eipre, dimensions freq=A citizen=TOTAL reason=TOTAL apprehen=TOTAL sex=T age=TOTAL unit=PER. Rounded to nearest 5 by Eurostat. CORRECTED: an earlier extraction of this country shifted the series one year forward; re-read directly from the Eurostat API and cross-checked against an independent compilation.",yes,irregular_eu.csv
Portugal,PRT,2012,irregular_proxy_detections,9110,"Eurostat, Third country nationals found to be illegally present (migr_eipre)",https://ec.europa.eu/eurostat/databrowser/view/migr_eipre/default/table,"Eurostat enforcement statistic - annual flow of detections, NOT a stock. Dataset migr_eipre, dimensions freq=A citizen=TOTAL reason=TOTAL apprehen=TOTAL sex=T age=TOTAL unit=PER. Rounded to nearest 5 by Eurostat. CORRECTED: an earlier extraction of this country shifted the series one year forward; re-read directly from the Eurostat API and cross-checked against an independent compilation.",yes,irregular_eu.csv
Portugal,PRT,2013,irregular_proxy_detections,5155,"Eurostat, Third country nationals found to be illegally present (migr_eipre)",https://ec.europa.eu/eurostat/databrowser/view/migr_eipre/default/table,"Eurostat enforcement statistic - annual flow of detections, NOT a stock. Dataset migr_eipre, dimensions freq=A citizen=TOTAL reason=TOTAL apprehen=TOTAL sex=T age=TOTAL unit=PER. Rounded to nearest 5 by Eurostat. CORRECTED: an earlier extraction of this country shifted the series one year forward; re-read directly from the Eurostat API and cross-checked against an independent compilation.",yes,irregular_eu.csv
Portugal,PRT,2014,irregular_proxy_detections,4530,"Eurostat, Third country nationals found to be illegally present (migr_eipre)",https://ec.europa.eu/eurostat/databrowser/view/migr_eipre/default/table,"Eurostat enforcement statistic - annual flow of detections, NOT a stock. Dataset migr_eipre, dimensions freq=A citizen=TOTAL reason=TOTAL apprehen=TOTAL sex=T age=TOTAL unit=PER. Rounded to nearest 5 by Eurostat. CORRECTED: an earlier extraction of this country shifted the series one year forward; re-read directly from the Eurostat API and cross-checked against an independent compilation.",yes,irregular_eu.csv
Portugal,PRT,2015,irregular_proxy_detections,5145,"Eurostat, Third country nationals found to be illegally present (migr_eipre)",https://ec.europa.eu/eurostat/databrowser/view/migr_eipre/default/table,"Eurostat enforcement statistic - annual flow of detections, NOT a stock. Dataset migr_eipre, dimensions freq=A citizen=TOTAL reason=TOTAL apprehen=TOTAL sex=T age=TOTAL unit=PER. Rounded to nearest 5 by Eurostat. CORRECTED: an earlier extraction of this country shifted the series one year forward; re-read directly from the Eurostat API and cross-checked against an independent compilation.",yes,irregular_eu.csv
Portugal,PRT,2016,irregular_proxy_detections,6500,"Eurostat, Third country nationals found to be illegally present (migr_eipre)",https://ec.europa.eu/eurostat/databrowser/view/migr_eipre/default/table,"Eurostat enforcement statistic - annual flow of detections, NOT a stock. Dataset migr_eipre, dimensions freq=A citizen=TOTAL reason=TOTAL apprehen=TOTAL sex=T age=TOTAL unit=PER. Rounded to nearest 5 by Eurostat. CORRECTED: an earlier extraction of this country shifted the series one year forward; re-read directly from the Eurostat API and cross-checked against an independent compilation.",yes,irregular_eu.csv
Portugal,PRT,2017,irregular_proxy_detections,6005,"Eurostat, Third country nationals found to be illegally present (migr_eipre)",https://ec.europa.eu/eurostat/databrowser/view/migr_eipre/default/table,"Eurostat enforcement statistic - annual flow of detections, NOT a stock. Dataset migr_eipre, dimensions freq=A citizen=TOTAL reason=TOTAL apprehen=TOTAL sex=T age=TOTAL unit=PER. Rounded to nearest 5 by Eurostat. CORRECTED: an earlier extraction of this country shifted the series one year forward; re-read directly from the Eurostat API and cross-checked against an independent compilation.",yes,irregular_eu.csv
Portugal,PRT,2018,irregular_proxy_detections,4760,"Eurostat, Third country nationals found to be illegally present (migr_eipre)",https://ec.europa.eu/eurostat/databrowser/view/migr_eipre/default/table,"Eurostat enforcement statistic - annual flow of detections, NOT a stock. Dataset migr_eipre, dimensions freq=A citizen=TOTAL reason=TOTAL apprehen=TOTAL sex=T age=TOTAL unit=PER. Rounded to nearest 5 by Eurostat. CORRECTED: an earlier extraction of this country shifted the series one year forward; re-read directly from the Eurostat API and cross-checked against an independent compilation.",yes,irregular_eu.csv
Portugal,PRT,2019,irregular_proxy_detections,5890,"Eurostat, Third country nationals found to be illegally present (migr_eipre)",https://ec.europa.eu/eurostat/databrowser/view/migr_eipre/default/table,"Eurostat enforcement statistic - annual flow of detections, NOT a stock. Dataset migr_eipre, dimensions freq=A citizen=TOTAL reason=TOTAL apprehen=TOTAL sex=T age=TOTAL unit=PER. Rounded to nearest 5 by Eurostat. CORRECTED: an earlier extraction of this country shifted the series one year forward; re-read directly from the Eurostat API and cross-checked against an independent compilation.",yes,irregular_eu.csv
Portugal,PRT,2020,irregular_proxy_detections,3145,"Eurostat, Third country nationals found to be illegally present (migr_eipre)",https://ec.europa.eu/eurostat/databrowser/view/migr_eipre/default/table,"Eurostat enforcement statistic - annual flow of detections, NOT a stock. Dataset migr_eipre, dimensions freq=A citizen=TOTAL reason=TOTAL apprehen=TOTAL sex=T age=TOTAL unit=PER. Rounded to nearest 5 by Eurostat. CORRECTED: an earlier extraction of this country shifted the series one year forward; re-read directly from the Eurostat API and cross-checked against an independent compilation.",yes,irregular_eu.csv
Portugal,PRT,2021,irregular_proxy_detections,1855,"Eurostat, Third country nationals found to be illegally present (migr_eipre)",https://ec.europa.eu/eurostat/databrowser/view/migr_eipre/default/table,"Eurostat enforcement statistic - annual flow of detections, NOT a stock. Dataset migr_eipre, dimensions freq=A citizen=TOTAL reason=TOTAL apprehen=TOTAL sex=T age=TOTAL unit=PER. Rounded to nearest 5 by Eurostat. CORRECTED: an earlier extraction of this country shifted the series one year forward; re-read directly from the Eurostat API and cross-checked against an independent compilation.",yes,irregular_eu.csv
Portugal,PRT,2022,irregular_proxy_detections,2170,"Eurostat, Third country nationals found to be illegally present (migr_eipre)",https://ec.europa.eu/eurostat/databrowser/view/migr_eipre/default/table,"Eurostat enforcement statistic - annual flow of detections, NOT a stock. Dataset migr_eipre, dimensions freq=A citizen=TOTAL reason=TOTAL apprehen=TOTAL sex=T age=TOTAL unit=PER. Rounded to nearest 5 by Eurostat. CORRECTED: an earlier extraction of this country shifted the series one year forward; re-read directly from the Eurostat API and cross-checked against an independent compilation.",yes,irregular_eu.csv
Portugal,PRT,2010,population,10573100,"World Bank, World Development Indicators (SP.POP.TOTL), sourced from UN World Population Prospects and national statistical offices",https://api.worldbank.org/v2/country/all/indicator/SP.POP.TOTL,"Total resident population, mid-year estimate. Retrieved via World Bank API, August 2026.",yes,worldbank_api
Portugal,PRT,2011,population,10557560,"World Bank, World Development Indicators (SP.POP.TOTL), sourced from UN World Population Prospects and national statistical offices",https://api.worldbank.org/v2/country/all/indicator/SP.POP.TOTL,"Total resident population, mid-year estimate. Retrieved via World Bank API, August 2026.",yes,worldbank_api
Portugal,PRT,2012,population,10514844,"World Bank, World Development Indicators (SP.POP.TOTL), sourced from UN World Population Prospects and national statistical offices",https://api.worldbank.org/v2/country/all/indicator/SP.POP.TOTL,"Total resident population, mid-year estimate. Retrieved via World Bank API, August 2026.",yes,worldbank_api
Portugal,PRT,2013,population,10457295,"World Bank, World Development Indicators (SP.POP.TOTL), sourced from UN World Population Prospects and national statistical offices",https://api.worldbank.org/v2/country/all/indicator/SP.POP.TOTL,"Total resident population, mid-year estimate. Retrieved via World Bank API, August 2026.",yes,worldbank_api
Portugal,PRT,2014,population,10401062,"World Bank, World Development Indicators (SP.POP.TOTL), sourced from UN World Population Prospects and national statistical offices",https://api.worldbank.org/v2/country/all/indicator/SP.POP.TOTL,"Total resident population, mid-year estimate. Retrieved via World Bank API, August 2026.",yes,worldbank_api
Portugal,PRT,2015,population,10358076,"World Bank, World Development Indicators (SP.POP.TOTL), sourced from UN World Population Prospects and national statistical offices",https://api.worldbank.org/v2/country/all/indicator/SP.POP.TOTL,"Total resident population, mid-year estimate. Retrieved via World Bank API, August 2026.",yes,worldbank_api
Portugal,PRT,2016,population,10325452,"World Bank, World Development Indicators (SP.POP.TOTL), sourced from UN World Population Prospects and national statistical offices",https://api.worldbank.org/v2/country/all/indicator/SP.POP.TOTL,"Total resident population, mid-year estimate. Retrieved via World Bank API, August 2026.",yes,worldbank_api
Portugal,PRT,2017,population,10300300,"World Bank, World Development Indicators (SP.POP.TOTL), sourced from UN World Population Prospects and national statistical offices",https://api.worldbank.org/v2/country/all/indicator/SP.POP.TOTL,"Total resident population, mid-year estimate. Retrieved via World Bank API, August 2026.",yes,worldbank_api
Portugal,PRT,2018,population,10283822,"World Bank, World Development Indicators (SP.POP.TOTL), sourced from UN World Population Prospects and national statistical offices",https://api.worldbank.org/v2/country/all/indicator/SP.POP.TOTL,"Total resident population, mid-year estimate. Retrieved via World Bank API, August 2026.",yes,worldbank_api
Portugal,PRT,2019,population,10286263,"World Bank, World Development Indicators (SP.POP.TOTL), sourced from UN World Population Prospects and national statistical offices",https://api.worldbank.org/v2/country/all/indicator/SP.POP.TOTL,"Total resident population, mid-year estimate. Retrieved via World Bank API, August 2026.",yes,worldbank_api
Portugal,PRT,2020,population,10297081,"World Bank, World Development Indicators (SP.POP.TOTL), sourced from UN World Population Prospects and national statistical offices",https://api.worldbank.org/v2/country/all/indicator/SP.POP.TOTL,"Total resident population, mid-year estimate. Retrieved via World Bank API, August 2026.",yes,worldbank_api
Portugal,PRT,2021,population,10361831,"World Bank, World Development Indicators (SP.POP.TOTL), sourced from UN World Population Prospects and national statistical offices",https://api.worldbank.org/v2/country/all/indicator/SP.POP.TOTL,"Total resident population, mid-year estimate. Retrieved via World Bank API, August 2026.",yes,worldbank_api
Portugal,PRT,2022,population,10434332,"World Bank, World Development Indicators (SP.POP.TOTL), sourced from UN World Population Prospects and national statistical offices",https://api.worldbank.org/v2/country/all/indicator/SP.POP.TOTL,"Total resident population, mid-year estimate. Retrieved via World Bank API, August 2026.",yes,worldbank_api
Russia,RUS,2010,foreign_born,11199727,UN DESA International Migrant Stock (World Bank indicator SM.POP.TOTL),https://api.worldbank.org/v2/country/CHN;IND;PHL;RUS;ZAF;SUR;THA/indicator/SM.POP.TOTL?format=json&date=2010:2022&per_page=200,"UN estimate (not annual); mid-year benchmark year only; largely reflects persons born in other former-USSR republics; retrieved from World Bank mirror of UN DESA International Migrant Stock, accessed 2026-08",yes,nonoecd_stock.csv
Russia,RUS,2015,foreign_born,9098229,UN DESA International Migrant Stock (World Bank indicator SM.POP.TOTL),https://api.worldbank.org/v2/country/CHN;IND;PHL;RUS;ZAF;SUR;THA/indicator/SM.POP.TOTL?format=json&date=2010:2022&per_page=200,"UN estimate (not annual); mid-year benchmark year only; largely reflects persons born in other former-USSR republics; retrieved from World Bank mirror of UN DESA International Migrant Stock, accessed 2026-08",yes,nonoecd_stock.csv
Russia,RUS,2020,foreign_born,7297611,UN DESA International Migrant Stock (World Bank indicator SM.POP.TOTL),https://api.worldbank.org/v2/country/CHN;IND;PHL;RUS;ZAF;SUR;THA/indicator/SM.POP.TOTL?format=json&date=2010:2022&per_page=200,"UN estimate (not annual); mid-year benchmark year only; largely reflects persons born in other former-USSR republics; excludes most temporary labour migrants; retrieved from World Bank mirror of UN DESA International Migrant Stock, accessed 2026-08",yes,nonoecd_stock.csv
Russia,RUS,2020,irregular_stock,1200000,"Russian Ministry of Internal Affairs (MVD) data, reported by The Moscow Times, 16 April 2021",https://www.themoscowtimes.com/2021/04/16/russia-tells-illegal-migrants-from-post-soviet-countries-to-leave-by-june-15-a73623,"ADMINISTRATIVE COUNT, not a modelled stock and not an enforcement flow: MVD register of nationals of post-Soviet/CIS states residing in Russia without valid documentation, as at late 2020. LOWER BOUND: source states 'more than 1.2 million'; recorded here as 1,200,000. Covers CIS nationals only (Uzbekistan 332,000; Tajikistan 247,000; Ukraine 152,000; Azerbaijan 120,000; Kyrgyzstan 115,000; Armenia 61,000; Moldova 56,000; Kazakhstan 49,000) and therefore excludes non-CIS irregular migrants. No published method statement accompanies the figure.",yes,irregular_row_fill2.csv
Russia,RUS,2010,population,142849468,"World Bank, World Development Indicators (SP.POP.TOTL), sourced from UN World Population Prospects and national statistical offices",https://api.worldbank.org/v2/country/all/indicator/SP.POP.TOTL,"Total resident population, mid-year estimate. Retrieved via World Bank API, August 2026.",yes,worldbank_api
Russia,RUS,2011,population,143018195,"World Bank, World Development Indicators (SP.POP.TOTL), sourced from UN World Population Prospects and national statistical offices",https://api.worldbank.org/v2/country/all/indicator/SP.POP.TOTL,"Total resident population, mid-year estimate. Retrieved via World Bank API, August 2026.",yes,worldbank_api
Russia,RUS,2012,population,143378447,"World Bank, World Development Indicators (SP.POP.TOTL), sourced from UN World Population Prospects and national statistical offices",https://api.worldbank.org/v2/country/all/indicator/SP.POP.TOTL,"Total resident population, mid-year estimate. Retrieved via World Bank API, August 2026.",yes,worldbank_api
Russia,RUS,2013,population,143805638,"World Bank, World Development Indicators (SP.POP.TOTL), sourced from UN World Population Prospects and national statistical offices",https://api.worldbank.org/v2/country/all/indicator/SP.POP.TOTL,"Total resident population, mid-year estimate. Retrieved via World Bank API, August 2026.",yes,worldbank_api
Russia,RUS,2014,population,144237223,"World Bank, World Development Indicators (SP.POP.TOTL), sourced from UN World Population Prospects and national statistical offices",https://api.worldbank.org/v2/country/all/indicator/SP.POP.TOTL,"Total resident population, mid-year estimate. Retrieved via World Bank API, August 2026.",yes,worldbank_api
Russia,RUS,2015,population,144640716,"World Bank, World Development Indicators (SP.POP.TOTL), sourced from UN World Population Prospects and national statistical offices",https://api.worldbank.org/v2/country/all/indicator/SP.POP.TOTL,"Total resident population, mid-year estimate. Retrieved via World Bank API, August 2026.",yes,worldbank_api
Russia,RUS,2016,population,145015460,"World Bank, World Development Indicators (SP.POP.TOTL), sourced from UN World Population Prospects and national statistical offices",https://api.worldbank.org/v2/country/all/indicator/SP.POP.TOTL,"Total resident population, mid-year estimate. Retrieved via World Bank API, August 2026.",yes,worldbank_api
Russia,RUS,2017,population,145293260,"World Bank, World Development Indicators (SP.POP.TOTL), sourced from UN World Population Prospects and national statistical offices",https://api.worldbank.org/v2/country/all/indicator/SP.POP.TOTL,"Total resident population, mid-year estimate. Retrieved via World Bank API, August 2026.",yes,worldbank_api
Russia,RUS,2018,population,145398106,"World Bank, World Development Indicators (SP.POP.TOTL), sourced from UN World Population Prospects and national statistical offices",https://api.worldbank.org/v2/country/all/indicator/SP.POP.TOTL,"Total resident population, mid-year estimate. Retrieved via World Bank API, August 2026.",yes,worldbank_api
Russia,RUS,2019,population,145453291,"World Bank, World Development Indicators (SP.POP.TOTL), sourced from UN World Population Prospects and national statistical offices",https://api.worldbank.org/v2/country/all/indicator/SP.POP.TOTL,"Total resident population, mid-year estimate. Retrieved via World Bank API, August 2026.",yes,worldbank_api
Russia,RUS,2020,population,145245148,"World Bank, World Development Indicators (SP.POP.TOTL), sourced from UN World Population Prospects and national statistical offices",https://api.worldbank.org/v2/country/all/indicator/SP.POP.TOTL,"Total resident population, mid-year estimate. Retrieved via World Bank API, August 2026.",yes,worldbank_api
Russia,RUS,2021,population,144746762,"World Bank, World Development Indicators (SP.POP.TOTL), sourced from UN World Population Prospects and national statistical offices",https://api.worldbank.org/v2/country/all/indicator/SP.POP.TOTL,"Total resident population, mid-year estimate. Retrieved via World Bank API, August 2026.",yes,worldbank_api
Russia,RUS,2022,population,144236933,"World Bank, World Development Indicators (SP.POP.TOTL), sourced from UN World Population Prospects and national statistical offices",https://api.worldbank.org/v2/country/all/indicator/SP.POP.TOTL,"Total resident population, mid-year estimate. Retrieved via World Bank API, August 2026.",yes,worldbank_api
Suriname,SUR,2010,foreign_born,39713,UN DESA International Migrant Stock (World Bank indicator SM.POP.TOTL),https://api.worldbank.org/v2/country/CHN;IND;PHL;RUS;ZAF;SUR;THA/indicator/SM.POP.TOTL?format=json&date=2010:2022&per_page=200,"UN estimate (not annual); mid-year benchmark year only; retrieved from World Bank mirror of UN DESA International Migrant Stock, accessed 2026-08",yes,nonoecd_stock.csv
Suriname,SUR,2012,foreign_born,35040,General Bureau of Statistics Suriname (ABS) - Census 8 (2012) Volume 1 Demographic and Social Characteristics and Migration,https://statistics-suriname.org/wp-content/uploads/2019/05/Publicatie-Census-8-Volume-1-Demografische-en-Sociale-Karakteristieken-en-Migratie.pdf,"Census count, reference date 13 Aug 2012 (de jure population 541638); persons born abroad = 6.5 per cent of the population (Table I); the 2012 census is the most recent published Suriname census, no 2022/2023 census results are available",yes,nonoecd_stock.csv
Suriname,SUR,2015,foreign_born,43127,UN DESA International Migrant Stock (World Bank indicator SM.POP.TOTL),https://api.worldbank.org/v2/country/CHN;IND;PHL;RUS;ZAF;SUR;THA/indicator/SM.POP.TOTL?format=json&date=2010:2022&per_page=200,"UN estimate (not annual); mid-year benchmark year only; retrieved from World Bank mirror of UN DESA International Migrant Stock, accessed 2026-08",yes,nonoecd_stock.csv
Suriname,SUR,2020,foreign_born,47801,UN DESA International Migrant Stock (World Bank indicator SM.POP.TOTL),https://api.worldbank.org/v2/country/CHN;IND;PHL;RUS;ZAF;SUR;THA/indicator/SM.POP.TOTL?format=json&date=2010:2022&per_page=200,"UN estimate (not annual); mid-year benchmark year only; retrieved from World Bank mirror of UN DESA International Migrant Stock, accessed 2026-08",yes,nonoecd_stock.csv
Suriname,SUR,2012,foreign_nationals,36393,General Bureau of Statistics Suriname (ABS) - Census 8 (2012) Volume 1 Demographic and Social Characteristics and Migration,https://statistics-suriname.org/wp-content/uploads/2019/05/Publicatie-Census-8-Volume-1-Demografische-en-Sociale-Karakteristieken-en-Migratie.pdf,"Census count, reference date 13 Aug 2012; persons with a non-Surinamese nationality (Table H2): Dutch 10248, Guyanese 8278, Brazilian 5027, Chinese 3758, French 3575, other 2167, nationality unknown 3340 - the published total therefore includes 3340 persons of unknown nationality",yes,nonoecd_stock.csv
Suriname,SUR,2010,population,549923,"World Bank, World Development Indicators (SP.POP.TOTL), sourced from UN World Population Prospects and national statistical offices",https://api.worldbank.org/v2/country/all/indicator/SP.POP.TOTL,"Total resident population, mid-year estimate. Retrieved via World Bank API, August 2026.",yes,worldbank_api
Suriname,SUR,2011,population,556269,"World Bank, World Development Indicators (SP.POP.TOTL), sourced from UN World Population Prospects and national statistical offices",https://api.worldbank.org/v2/country/all/indicator/SP.POP.TOTL,"Total resident population, mid-year estimate. Retrieved via World Bank API, August 2026.",yes,worldbank_api
Suriname,SUR,2012,population,562633,"World Bank, World Development Indicators (SP.POP.TOTL), sourced from UN World Population Prospects and national statistical offices",https://api.worldbank.org/v2/country/all/indicator/SP.POP.TOTL,"Total resident population, mid-year estimate. Retrieved via World Bank API, August 2026.",yes,worldbank_api
Suriname,SUR,2013,population,569020,"World Bank, World Development Indicators (SP.POP.TOTL), sourced from UN World Population Prospects and national statistical offices",https://api.worldbank.org/v2/country/all/indicator/SP.POP.TOTL,"Total resident population, mid-year estimate. Retrieved via World Bank API, August 2026.",yes,worldbank_api
Suriname,SUR,2014,population,575373,"World Bank, World Development Indicators (SP.POP.TOTL), sourced from UN World Population Prospects and national statistical offices",https://api.worldbank.org/v2/country/all/indicator/SP.POP.TOTL,"Total resident population, mid-year estimate. Retrieved via World Bank API, August 2026.",yes,worldbank_api
Suriname,SUR,2015,population,581627,"World Bank, World Development Indicators (SP.POP.TOTL), sourced from UN World Population Prospects and national statistical offices",https://api.worldbank.org/v2/country/all/indicator/SP.POP.TOTL,"Total resident population, mid-year estimate. Retrieved via World Bank API, August 2026.",yes,worldbank_api
Suriname,SUR,2016,population,587757,"World Bank, World Development Indicators (SP.POP.TOTL), sourced from UN World Population Prospects and national statistical offices",https://api.worldbank.org/v2/country/all/indicator/SP.POP.TOTL,"Total resident population, mid-year estimate. Retrieved via World Bank API, August 2026.",yes,worldbank_api
Suriname,SUR,2017,population,593713,"World Bank, World Development Indicators (SP.POP.TOTL), sourced from UN World Population Prospects and national statistical offices",https://api.worldbank.org/v2/country/all/indicator/SP.POP.TOTL,"Total resident population, mid-year estimate. Retrieved via World Bank API, August 2026.",yes,worldbank_api
Suriname,SUR,2018,population,599513,"World Bank, World Development Indicators (SP.POP.TOTL), sourced from UN World Population Prospects and national statistical offices",https://api.worldbank.org/v2/country/all/indicator/SP.POP.TOTL,"Total resident population, mid-year estimate. Retrieved via World Bank API, August 2026.",yes,worldbank_api
Suriname,SUR,2019,population,605768,"World Bank, World Development Indicators (SP.POP.TOTL), sourced from UN World Population Prospects and national statistical offices",https://api.worldbank.org/v2/country/all/indicator/SP.POP.TOTL,"Total resident population, mid-year estimate. Retrieved via World Bank API, August 2026.",yes,worldbank_api
Suriname,SUR,2020,population,612317,"World Bank, World Development Indicators (SP.POP.TOTL), sourced from UN World Population Prospects and national statistical offices",https://api.worldbank.org/v2/country/all/indicator/SP.POP.TOTL,"Total resident population, mid-year estimate. Retrieved via World Bank API, August 2026.",yes,worldbank_api
Suriname,SUR,2021,population,617896,"World Bank, World Development Indicators (SP.POP.TOTL), sourced from UN World Population Prospects and national statistical offices",https://api.worldbank.org/v2/country/all/indicator/SP.POP.TOTL,"Total resident population, mid-year estimate. Retrieved via World Bank API, August 2026.",yes,worldbank_api
Suriname,SUR,2022,population,623164,"World Bank, World Development Indicators (SP.POP.TOTL), sourced from UN World Population Prospects and national statistical offices",https://api.worldbank.org/v2/country/all/indicator/SP.POP.TOTL,"Total resident population, mid-year estimate. Retrieved via World Bank API, August 2026.",yes,worldbank_api
Slovak Republic,SVK,2010,foreign_born,64422,Eurostat [migr_pop3ctb],https://ec.europa.eu/eurostat/api/dissemination/statistics/1.0/data/migr_pop3ctb?format=JSON&lang=EN&geo=SK&age=TOTAL&sex=T&unit=NR&c_birth=FOR&sinceTimePeriod=2010&untilTimePeriod=2022,stock at 1 Jan; c_birth=FOR (born in a foreign country),yes,eu_stock.csv
Slovak Republic,SVK,2011,foreign_born,68135,Eurostat [migr_pop3ctb],https://ec.europa.eu/eurostat/api/dissemination/statistics/1.0/data/migr_pop3ctb?format=JSON&lang=EN&geo=SK&age=TOTAL&sex=T&unit=NR&c_birth=FOR&sinceTimePeriod=2010&untilTimePeriod=2022,stock at 1 Jan; c_birth=FOR (born in a foreign country),yes,eu_stock.csv
Slovak Republic,SVK,2012,foreign_born,156883,Eurostat [migr_pop3ctb],https://ec.europa.eu/eurostat/api/dissemination/statistics/1.0/data/migr_pop3ctb?format=JSON&lang=EN&geo=SK&age=TOTAL&sex=T&unit=NR&c_birth=FOR&sinceTimePeriod=2010&untilTimePeriod=2022,stock at 1 Jan; c_birth=FOR (born in a foreign country); apparent break in series (population census re-basing),yes,eu_stock.csv
Slovak Republic,SVK,2013,foreign_born,158164,Eurostat [migr_pop3ctb],https://ec.europa.eu/eurostat/api/dissemination/statistics/1.0/data/migr_pop3ctb?format=JSON&lang=EN&geo=SK&age=TOTAL&sex=T&unit=NR&c_birth=FOR&sinceTimePeriod=2010&untilTimePeriod=2022,stock at 1 Jan; c_birth=FOR (born in a foreign country),yes,eu_stock.csv
Slovak Republic,SVK,2014,foreign_born,174908,Eurostat [migr_pop3ctb],https://ec.europa.eu/eurostat/api/dissemination/statistics/1.0/data/migr_pop3ctb?format=JSON&lang=EN&geo=SK&age=TOTAL&sex=T&unit=NR&c_birth=FOR&sinceTimePeriod=2010&untilTimePeriod=2022,stock at 1 Jan; c_birth=FOR (born in a foreign country),yes,eu_stock.csv
Slovak Republic,SVK,2015,foreign_born,177624,Eurostat [migr_pop3ctb],https://ec.europa.eu/eurostat/api/dissemination/statistics/1.0/data/migr_pop3ctb?format=JSON&lang=EN&geo=SK&age=TOTAL&sex=T&unit=NR&c_birth=FOR&sinceTimePeriod=2010&untilTimePeriod=2022,stock at 1 Jan; c_birth=FOR (born in a foreign country),yes,eu_stock.csv
Slovak Republic,SVK,2016,foreign_born,181642,Eurostat [migr_pop3ctb],https://ec.europa.eu/eurostat/api/dissemination/statistics/1.0/data/migr_pop3ctb?format=JSON&lang=EN&geo=SK&age=TOTAL&sex=T&unit=NR&c_birth=FOR&sinceTimePeriod=2010&untilTimePeriod=2022,stock at 1 Jan; c_birth=FOR (born in a foreign country),yes,eu_stock.csv
Slovak Republic,SVK,2017,foreign_born,186217,Eurostat [migr_pop3ctb],https://ec.europa.eu/eurostat/api/dissemination/statistics/1.0/data/migr_pop3ctb?format=JSON&lang=EN&geo=SK&age=TOTAL&sex=T&unit=NR&c_birth=FOR&sinceTimePeriod=2010&untilTimePeriod=2022,stock at 1 Jan; c_birth=FOR (born in a foreign country),yes,eu_stock.csv
Slovak Republic,SVK,2018,foreign_born,190308,Eurostat [migr_pop3ctb],https://ec.europa.eu/eurostat/api/dissemination/statistics/1.0/data/migr_pop3ctb?format=JSON&lang=EN&geo=SK&age=TOTAL&sex=T&unit=NR&c_birth=FOR&sinceTimePeriod=2010&untilTimePeriod=2022,stock at 1 Jan; c_birth=FOR (born in a foreign country),yes,eu_stock.csv
Slovak Republic,SVK,2019,foreign_born,194389,Eurostat [migr_pop3ctb],https://ec.europa.eu/eurostat/api/dissemination/statistics/1.0/data/migr_pop3ctb?format=JSON&lang=EN&geo=SK&age=TOTAL&sex=T&unit=NR&c_birth=FOR&sinceTimePeriod=2010&untilTimePeriod=2022,stock at 1 Jan; c_birth=FOR (born in a foreign country),yes,eu_stock.csv
Slovak Republic,SVK,2020,foreign_born,198429,Eurostat [migr_pop3ctb],https://ec.europa.eu/eurostat/api/dissemination/statistics/1.0/data/migr_pop3ctb?format=JSON&lang=EN&geo=SK&age=TOTAL&sex=T&unit=NR&c_birth=FOR&sinceTimePeriod=2010&untilTimePeriod=2022,stock at 1 Jan; c_birth=FOR (born in a foreign country),yes,eu_stock.csv
Slovak Republic,SVK,2021,foreign_born,201941,Eurostat [migr_pop3ctb],https://ec.europa.eu/eurostat/api/dissemination/statistics/1.0/data/migr_pop3ctb?format=JSON&lang=EN&geo=SK&age=TOTAL&sex=T&unit=NR&c_birth=FOR&sinceTimePeriod=2010&untilTimePeriod=2022,stock at 1 Jan; c_birth=FOR (born in a foreign country),yes,eu_stock.csv
Slovak Republic,SVK,2022,foreign_born,213171,Eurostat [migr_pop3ctb],https://ec.europa.eu/eurostat/api/dissemination/statistics/1.0/data/migr_pop3ctb?format=JSON&lang=EN&geo=SK&age=TOTAL&sex=T&unit=NR&c_birth=FOR&sinceTimePeriod=2010&untilTimePeriod=2022,stock at 1 Jan; c_birth=FOR (born in a foreign country),yes,eu_stock.csv
Slovak Republic,SVK,2010,foreign_nationals,65894,Eurostat [migr_pop1ctz],https://ec.europa.eu/eurostat/api/dissemination/statistics/1.0/data/migr_pop1ctz?format=JSON&lang=EN&geo=SK&age=TOTAL&sex=T&unit=NR&citizen=FOR_STLS&sinceTimePeriod=2010&untilTimePeriod=2022,stock at 1 Jan; citizen=FOR_STLS (foreign citizens incl. stateless),yes,eu_stock.csv
Slovak Republic,SVK,2011,foreign_nationals,69607,Eurostat [migr_pop1ctz],https://ec.europa.eu/eurostat/api/dissemination/statistics/1.0/data/migr_pop1ctz?format=JSON&lang=EN&geo=SK&age=TOTAL&sex=T&unit=NR&citizen=FOR_STLS&sinceTimePeriod=2010&untilTimePeriod=2022,stock at 1 Jan; citizen=FOR_STLS (foreign citizens incl. stateless),yes,eu_stock.csv
Slovak Republic,SVK,2012,foreign_nationals,70727,Eurostat [migr_pop1ctz],https://ec.europa.eu/eurostat/api/dissemination/statistics/1.0/data/migr_pop1ctz?format=JSON&lang=EN&geo=SK&age=TOTAL&sex=T&unit=NR&citizen=FOR_STLS&sinceTimePeriod=2010&untilTimePeriod=2022,stock at 1 Jan; citizen=FOR_STLS (foreign citizens incl. stateless),yes,eu_stock.csv
Slovak Republic,SVK,2013,foreign_nationals,72925,Eurostat [migr_pop1ctz],https://ec.europa.eu/eurostat/api/dissemination/statistics/1.0/data/migr_pop1ctz?format=JSON&lang=EN&geo=SK&age=TOTAL&sex=T&unit=NR&citizen=FOR_STLS&sinceTimePeriod=2010&untilTimePeriod=2022,stock at 1 Jan; citizen=FOR_STLS (foreign citizens incl. stateless),yes,eu_stock.csv
Slovak Republic,SVK,2014,foreign_nationals,59151,Eurostat [migr_pop1ctz],https://ec.europa.eu/eurostat/api/dissemination/statistics/1.0/data/migr_pop1ctz?format=JSON&lang=EN&geo=SK&age=TOTAL&sex=T&unit=NR&citizen=FOR_STLS&sinceTimePeriod=2010&untilTimePeriod=2022,stock at 1 Jan; citizen=FOR_STLS (foreign citizens incl. stateless),yes,eu_stock.csv
Slovak Republic,SVK,2015,foreign_nationals,61766,Eurostat [migr_pop1ctz],https://ec.europa.eu/eurostat/api/dissemination/statistics/1.0/data/migr_pop1ctz?format=JSON&lang=EN&geo=SK&age=TOTAL&sex=T&unit=NR&citizen=FOR_STLS&sinceTimePeriod=2010&untilTimePeriod=2022,stock at 1 Jan; citizen=FOR_STLS (foreign citizens incl. stateless),yes,eu_stock.csv
Slovak Republic,SVK,2016,foreign_nationals,65840,Eurostat [migr_pop1ctz],https://ec.europa.eu/eurostat/api/dissemination/statistics/1.0/data/migr_pop1ctz?format=JSON&lang=EN&geo=SK&age=TOTAL&sex=T&unit=NR&citizen=FOR_STLS&sinceTimePeriod=2010&untilTimePeriod=2022,stock at 1 Jan; citizen=FOR_STLS (foreign citizens incl. stateless),yes,eu_stock.csv
Slovak Republic,SVK,2017,foreign_nationals,69695,Eurostat [migr_pop1ctz],https://ec.europa.eu/eurostat/api/dissemination/statistics/1.0/data/migr_pop1ctz?format=JSON&lang=EN&geo=SK&age=TOTAL&sex=T&unit=NR&citizen=FOR_STLS&sinceTimePeriod=2010&untilTimePeriod=2022,stock at 1 Jan; citizen=FOR_STLS (foreign citizens incl. stateless),yes,eu_stock.csv
Slovak Republic,SVK,2018,foreign_nationals,72883,Eurostat [migr_pop1ctz],https://ec.europa.eu/eurostat/api/dissemination/statistics/1.0/data/migr_pop1ctz?format=JSON&lang=EN&geo=SK&age=TOTAL&sex=T&unit=NR&citizen=FOR_STLS&sinceTimePeriod=2010&untilTimePeriod=2022,stock at 1 Jan; citizen=FOR_STLS (foreign citizens incl. stateless),yes,eu_stock.csv
Slovak Republic,SVK,2019,foreign_nationals,76116,Eurostat [migr_pop1ctz],https://ec.europa.eu/eurostat/api/dissemination/statistics/1.0/data/migr_pop1ctz?format=JSON&lang=EN&geo=SK&age=TOTAL&sex=T&unit=NR&citizen=FOR_STLS&sinceTimePeriod=2010&untilTimePeriod=2022,stock at 1 Jan; citizen=FOR_STLS (foreign citizens incl. stateless),yes,eu_stock.csv
Slovak Republic,SVK,2020,foreign_nationals,78936,Eurostat [migr_pop1ctz],https://ec.europa.eu/eurostat/api/dissemination/statistics/1.0/data/migr_pop1ctz?format=JSON&lang=EN&geo=SK&age=TOTAL&sex=T&unit=NR&citizen=FOR_STLS&sinceTimePeriod=2010&untilTimePeriod=2022,stock at 1 Jan; citizen=FOR_STLS (foreign citizens incl. stateless),yes,eu_stock.csv
Slovak Republic,SVK,2021,foreign_nationals,82075,Eurostat [migr_pop1ctz],https://ec.europa.eu/eurostat/api/dissemination/statistics/1.0/data/migr_pop1ctz?format=JSON&lang=EN&geo=SK&age=TOTAL&sex=T&unit=NR&citizen=FOR_STLS&sinceTimePeriod=2010&untilTimePeriod=2022,stock at 1 Jan; citizen=FOR_STLS (foreign citizens incl. stateless),yes,eu_stock.csv
Slovak Republic,SVK,2022,foreign_nationals,60142,Eurostat [migr_pop1ctz],https://ec.europa.eu/eurostat/api/dissemination/statistics/1.0/data/migr_pop1ctz?format=JSON&lang=EN&geo=SK&age=TOTAL&sex=T&unit=NR&citizen=FOR_STLS&sinceTimePeriod=2010&untilTimePeriod=2022,stock at 1 Jan; citizen=FOR_STLS (foreign citizens incl. stateless); apparent break in series (population census re-basing),yes,eu_stock.csv
Slovak Republic,SVK,2010,irregular_proxy_detections,1440,"Eurostat, Third country nationals found to be illegally present (migr_eipre)",https://ec.europa.eu/eurostat/databrowser/view/migr_eipre/default/table,"Eurostat enforcement statistic - annual flow of detections, NOT a stock. Dataset migr_eipre, dimensions freq=A citizen=TOTAL reason=TOTAL apprehen=TOTAL sex=T age=TOTAL unit=PER. Rounded to nearest 5 by Eurostat.",yes,irregular_eu.csv
Slovak Republic,SVK,2011,irregular_proxy_detections,1145,"Eurostat, Third country nationals found to be illegally present (migr_eipre)",https://ec.europa.eu/eurostat/databrowser/view/migr_eipre/default/table,"Eurostat enforcement statistic - annual flow of detections, NOT a stock. Dataset migr_eipre, dimensions freq=A citizen=TOTAL reason=TOTAL apprehen=TOTAL sex=T age=TOTAL unit=PER. Rounded to nearest 5 by Eurostat.",yes,irregular_eu.csv
Slovak Republic,SVK,2012,irregular_proxy_detections,1395,"Eurostat, Third country nationals found to be illegally present (migr_eipre)",https://ec.europa.eu/eurostat/databrowser/view/migr_eipre/default/table,"Eurostat enforcement statistic - annual flow of detections, NOT a stock. Dataset migr_eipre, dimensions freq=A citizen=TOTAL reason=TOTAL apprehen=TOTAL sex=T age=TOTAL unit=PER. Rounded to nearest 5 by Eurostat.",yes,irregular_eu.csv
Slovak Republic,SVK,2013,irregular_proxy_detections,1025,"Eurostat, Third country nationals found to be illegally present (migr_eipre)",https://ec.europa.eu/eurostat/databrowser/view/migr_eipre/default/table,"Eurostat enforcement statistic - annual flow of detections, NOT a stock. Dataset migr_eipre, dimensions freq=A citizen=TOTAL reason=TOTAL apprehen=TOTAL sex=T age=TOTAL unit=PER. Rounded to nearest 5 by Eurostat.",yes,irregular_eu.csv
Slovak Republic,SVK,2014,irregular_proxy_detections,1155,"Eurostat, Third country nationals found to be illegally present (migr_eipre)",https://ec.europa.eu/eurostat/databrowser/view/migr_eipre/default/table,"Eurostat enforcement statistic - annual flow of detections, NOT a stock. Dataset migr_eipre, dimensions freq=A citizen=TOTAL reason=TOTAL apprehen=TOTAL sex=T age=TOTAL unit=PER. Rounded to nearest 5 by Eurostat.",yes,irregular_eu.csv
Slovak Republic,SVK,2015,irregular_proxy_detections,1985,"Eurostat, Third country nationals found to be illegally present (migr_eipre)",https://ec.europa.eu/eurostat/databrowser/view/migr_eipre/default/table,"Eurostat enforcement statistic - annual flow of detections, NOT a stock. Dataset migr_eipre, dimensions freq=A citizen=TOTAL reason=TOTAL apprehen=TOTAL sex=T age=TOTAL unit=PER. Rounded to nearest 5 by Eurostat.",yes,irregular_eu.csv
Slovak Republic,SVK,2016,irregular_proxy_detections,2035,"Eurostat, Third country nationals found to be illegally present (migr_eipre)",https://ec.europa.eu/eurostat/databrowser/view/migr_eipre/default/table,"Eurostat enforcement statistic - annual flow of detections, NOT a stock. Dataset migr_eipre, dimensions freq=A citizen=TOTAL reason=TOTAL apprehen=TOTAL sex=T age=TOTAL unit=PER. Rounded to nearest 5 by Eurostat.",yes,irregular_eu.csv
Slovak Republic,SVK,2017,irregular_proxy_detections,2590,"Eurostat, Third country nationals found to be illegally present (migr_eipre)",https://ec.europa.eu/eurostat/databrowser/view/migr_eipre/default/table,"Eurostat enforcement statistic - annual flow of detections, NOT a stock. Dataset migr_eipre, dimensions freq=A citizen=TOTAL reason=TOTAL apprehen=TOTAL sex=T age=TOTAL unit=PER. Rounded to nearest 5 by Eurostat.",yes,irregular_eu.csv
Slovak Republic,SVK,2018,irregular_proxy_detections,2635,"Eurostat, Third country nationals found to be illegally present (migr_eipre)",https://ec.europa.eu/eurostat/databrowser/view/migr_eipre/default/table,"Eurostat enforcement statistic - annual flow of detections, NOT a stock. Dataset migr_eipre, dimensions freq=A citizen=TOTAL reason=TOTAL apprehen=TOTAL sex=T age=TOTAL unit=PER. Rounded to nearest 5 by Eurostat.",yes,irregular_eu.csv
Slovak Republic,SVK,2019,irregular_proxy_detections,2005,"Eurostat, Third country nationals found to be illegally present (migr_eipre)",https://ec.europa.eu/eurostat/databrowser/view/migr_eipre/default/table,"Eurostat enforcement statistic - annual flow of detections, NOT a stock. Dataset migr_eipre, dimensions freq=A citizen=TOTAL reason=TOTAL apprehen=TOTAL sex=T age=TOTAL unit=PER. Rounded to nearest 5 by Eurostat.",yes,irregular_eu.csv
Slovak Republic,SVK,2020,irregular_proxy_detections,1215,"Eurostat, Third country nationals found to be illegally present (migr_eipre)",https://ec.europa.eu/eurostat/databrowser/view/migr_eipre/default/table,"Eurostat enforcement statistic - annual flow of detections, NOT a stock. Dataset migr_eipre, dimensions freq=A citizen=TOTAL reason=TOTAL apprehen=TOTAL sex=T age=TOTAL unit=PER. Rounded to nearest 5 by Eurostat.",yes,irregular_eu.csv
Slovak Republic,SVK,2021,irregular_proxy_detections,1715,"Eurostat, Third country nationals found to be illegally present (migr_eipre)",https://ec.europa.eu/eurostat/databrowser/view/migr_eipre/default/table,"Eurostat enforcement statistic - annual flow of detections, NOT a stock. Dataset migr_eipre, dimensions freq=A citizen=TOTAL reason=TOTAL apprehen=TOTAL sex=T age=TOTAL unit=PER. Rounded to nearest 5 by Eurostat.",yes,irregular_eu.csv
Slovak Republic,SVK,2022,irregular_proxy_detections,11705,"Eurostat, Third country nationals found to be illegally present (migr_eipre)",https://ec.europa.eu/eurostat/databrowser/view/migr_eipre/default/table,"Eurostat enforcement statistic - annual flow of detections, NOT a stock. Dataset migr_eipre, dimensions freq=A citizen=TOTAL reason=TOTAL apprehen=TOTAL sex=T age=TOTAL unit=PER. Rounded to nearest 5 by Eurostat.",yes,irregular_eu.csv
Slovak Republic,SVK,2010,population,5391428,"World Bank, World Development Indicators (SP.POP.TOTL), sourced from UN World Population Prospects and national statistical offices",https://api.worldbank.org/v2/country/all/indicator/SP.POP.TOTL,"Total resident population, mid-year estimate. Retrieved via World Bank API, August 2026.",yes,worldbank_api
Slovak Republic,SVK,2011,population,5398384,"World Bank, World Development Indicators (SP.POP.TOTL), sourced from UN World Population Prospects and national statistical offices",https://api.worldbank.org/v2/country/all/indicator/SP.POP.TOTL,"Total resident population, mid-year estimate. Retrieved via World Bank API, August 2026.",yes,worldbank_api
Slovak Republic,SVK,2012,population,5407579,"World Bank, World Development Indicators (SP.POP.TOTL), sourced from UN World Population Prospects and national statistical offices",https://api.worldbank.org/v2/country/all/indicator/SP.POP.TOTL,"Total resident population, mid-year estimate. Retrieved via World Bank API, August 2026.",yes,worldbank_api
Slovak Republic,SVK,2013,population,5413393,"World Bank, World Development Indicators (SP.POP.TOTL), sourced from UN World Population Prospects and national statistical offices",https://api.worldbank.org/v2/country/all/indicator/SP.POP.TOTL,"Total resident population, mid-year estimate. Retrieved via World Bank API, August 2026.",yes,worldbank_api
Slovak Republic,SVK,2014,population,5418649,"World Bank, World Development Indicators (SP.POP.TOTL), sourced from UN World Population Prospects and national statistical offices",https://api.worldbank.org/v2/country/all/indicator/SP.POP.TOTL,"Total resident population, mid-year estimate. Retrieved via World Bank API, August 2026.",yes,worldbank_api
Slovak Republic,SVK,2015,population,5423801,"World Bank, World Development Indicators (SP.POP.TOTL), sourced from UN World Population Prospects and national statistical offices",https://api.worldbank.org/v2/country/all/indicator/SP.POP.TOTL,"Total resident population, mid-year estimate. Retrieved via World Bank API, August 2026.",yes,worldbank_api
Slovak Republic,SVK,2016,population,5430798,"World Bank, World Development Indicators (SP.POP.TOTL), sourced from UN World Population Prospects and national statistical offices",https://api.worldbank.org/v2/country/all/indicator/SP.POP.TOTL,"Total resident population, mid-year estimate. Retrieved via World Bank API, August 2026.",yes,worldbank_api
Slovak Republic,SVK,2017,population,5439232,"World Bank, World Development Indicators (SP.POP.TOTL), sourced from UN World Population Prospects and national statistical offices",https://api.worldbank.org/v2/country/all/indicator/SP.POP.TOTL,"Total resident population, mid-year estimate. Retrieved via World Bank API, August 2026.",yes,worldbank_api
Slovak Republic,SVK,2018,population,5446771,"World Bank, World Development Indicators (SP.POP.TOTL), sourced from UN World Population Prospects and national statistical offices",https://api.worldbank.org/v2/country/all/indicator/SP.POP.TOTL,"Total resident population, mid-year estimate. Retrieved via World Bank API, August 2026.",yes,worldbank_api
Slovak Republic,SVK,2019,population,5454147,"World Bank, World Development Indicators (SP.POP.TOTL), sourced from UN World Population Prospects and national statistical offices",https://api.worldbank.org/v2/country/all/indicator/SP.POP.TOTL,"Total resident population, mid-year estimate. Retrieved via World Bank API, August 2026.",yes,worldbank_api
Slovak Republic,SVK,2020,population,5458827,"World Bank, World Development Indicators (SP.POP.TOTL), sourced from UN World Population Prospects and national statistical offices",https://api.worldbank.org/v2/country/all/indicator/SP.POP.TOTL,"Total resident population, mid-year estimate. Retrieved via World Bank API, August 2026.",yes,worldbank_api
Slovak Republic,SVK,2021,population,5447247,"World Bank, World Development Indicators (SP.POP.TOTL), sourced from UN World Population Prospects and national statistical offices",https://api.worldbank.org/v2/country/all/indicator/SP.POP.TOTL,"Total resident population, mid-year estimate. Retrieved via World Bank API, August 2026.",yes,worldbank_api
Slovak Republic,SVK,2022,population,5431752,"World Bank, World Development Indicators (SP.POP.TOTL), sourced from UN World Population Prospects and national statistical offices",https://api.worldbank.org/v2/country/all/indicator/SP.POP.TOTL,"Total resident population, mid-year estimate. Retrieved via World Bank API, August 2026.",yes,worldbank_api
Slovenia,SVN,2010,foreign_born,253786,Eurostat [migr_pop3ctb],https://ec.europa.eu/eurostat/api/dissemination/statistics/1.0/data/migr_pop3ctb?format=JSON&lang=EN&geo=SI&age=TOTAL&sex=T&unit=NR&c_birth=FOR&sinceTimePeriod=2010&untilTimePeriod=2022,stock at 1 Jan; c_birth=FOR (born in a foreign country),yes,eu_stock.csv
Slovenia,SVN,2011,foreign_born,228588,Eurostat [migr_pop3ctb],https://ec.europa.eu/eurostat/api/dissemination/statistics/1.0/data/migr_pop3ctb?format=JSON&lang=EN&geo=SI&age=TOTAL&sex=T&unit=NR&c_birth=FOR&sinceTimePeriod=2010&untilTimePeriod=2022,stock at 1 Jan; c_birth=FOR (born in a foreign country); apparent break in series (population census re-basing),yes,eu_stock.csv
Slovenia,SVN,2012,foreign_born,230109,Eurostat [migr_pop3ctb],https://ec.europa.eu/eurostat/api/dissemination/statistics/1.0/data/migr_pop3ctb?format=JSON&lang=EN&geo=SI&age=TOTAL&sex=T&unit=NR&c_birth=FOR&sinceTimePeriod=2010&untilTimePeriod=2022,stock at 1 Jan; c_birth=FOR (born in a foreign country),yes,eu_stock.csv
Slovenia,SVN,2013,foreign_born,232703,Eurostat [migr_pop3ctb],https://ec.europa.eu/eurostat/api/dissemination/statistics/1.0/data/migr_pop3ctb?format=JSON&lang=EN&geo=SI&age=TOTAL&sex=T&unit=NR&c_birth=FOR&sinceTimePeriod=2010&untilTimePeriod=2022,stock at 1 Jan; c_birth=FOR (born in a foreign country),yes,eu_stock.csv
Slovenia,SVN,2014,foreign_born,235310,Eurostat [migr_pop3ctb],https://ec.europa.eu/eurostat/api/dissemination/statistics/1.0/data/migr_pop3ctb?format=JSON&lang=EN&geo=SI&age=TOTAL&sex=T&unit=NR&c_birth=FOR&sinceTimePeriod=2010&untilTimePeriod=2022,stock at 1 Jan; c_birth=FOR (born in a foreign country),yes,eu_stock.csv
Slovenia,SVN,2015,foreign_born,237616,Eurostat [migr_pop3ctb],https://ec.europa.eu/eurostat/api/dissemination/statistics/1.0/data/migr_pop3ctb?format=JSON&lang=EN&geo=SI&age=TOTAL&sex=T&unit=NR&c_birth=FOR&sinceTimePeriod=2010&untilTimePeriod=2022,stock at 1 Jan; c_birth=FOR (born in a foreign country),yes,eu_stock.csv
Slovenia,SVN,2016,foreign_born,241203,Eurostat [migr_pop3ctb],https://ec.europa.eu/eurostat/api/dissemination/statistics/1.0/data/migr_pop3ctb?format=JSON&lang=EN&geo=SI&age=TOTAL&sex=T&unit=NR&c_birth=FOR&sinceTimePeriod=2010&untilTimePeriod=2022,stock at 1 Jan; c_birth=FOR (born in a foreign country),yes,eu_stock.csv
Slovenia,SVN,2017,foreign_born,245369,Eurostat [migr_pop3ctb],https://ec.europa.eu/eurostat/api/dissemination/statistics/1.0/data/migr_pop3ctb?format=JSON&lang=EN&geo=SI&age=TOTAL&sex=T&unit=NR&c_birth=FOR&sinceTimePeriod=2010&untilTimePeriod=2022,stock at 1 Jan; c_birth=FOR (born in a foreign country),yes,eu_stock.csv
Slovenia,SVN,2018,foreign_born,250226,Eurostat [migr_pop3ctb],https://ec.europa.eu/eurostat/api/dissemination/statistics/1.0/data/migr_pop3ctb?format=JSON&lang=EN&geo=SI&age=TOTAL&sex=T&unit=NR&c_birth=FOR&sinceTimePeriod=2010&untilTimePeriod=2022,stock at 1 Jan; c_birth=FOR (born in a foreign country),yes,eu_stock.csv
Slovenia,SVN,2019,foreign_born,265072,Eurostat [migr_pop3ctb],https://ec.europa.eu/eurostat/api/dissemination/statistics/1.0/data/migr_pop3ctb?format=JSON&lang=EN&geo=SI&age=TOTAL&sex=T&unit=NR&c_birth=FOR&sinceTimePeriod=2010&untilTimePeriod=2022,stock at 1 Jan; c_birth=FOR (born in a foreign country),yes,eu_stock.csv
Slovenia,SVN,2020,foreign_born,281621,Eurostat [migr_pop3ctb],https://ec.europa.eu/eurostat/api/dissemination/statistics/1.0/data/migr_pop3ctb?format=JSON&lang=EN&geo=SI&age=TOTAL&sex=T&unit=NR&c_birth=FOR&sinceTimePeriod=2010&untilTimePeriod=2022,stock at 1 Jan; c_birth=FOR (born in a foreign country),yes,eu_stock.csv
Slovenia,SVN,2021,foreign_born,292824,Eurostat [migr_pop3ctb],https://ec.europa.eu/eurostat/api/dissemination/statistics/1.0/data/migr_pop3ctb?format=JSON&lang=EN&geo=SI&age=TOTAL&sex=T&unit=NR&c_birth=FOR&sinceTimePeriod=2010&untilTimePeriod=2022,stock at 1 Jan; c_birth=FOR (born in a foreign country),yes,eu_stock.csv
Slovenia,SVN,2022,foreign_born,294533,Eurostat [migr_pop3ctb],https://ec.europa.eu/eurostat/api/dissemination/statistics/1.0/data/migr_pop3ctb?format=JSON&lang=EN&geo=SI&age=TOTAL&sex=T&unit=NR&c_birth=FOR&sinceTimePeriod=2010&untilTimePeriod=2022,stock at 1 Jan; c_birth=FOR (born in a foreign country),yes,eu_stock.csv
Slovenia,SVN,2010,foreign_nationals,82176,Eurostat [migr_pop1ctz],https://ec.europa.eu/eurostat/api/dissemination/statistics/1.0/data/migr_pop1ctz?format=JSON&lang=EN&geo=SI&age=TOTAL&sex=T&unit=NR&citizen=FOR_STLS&sinceTimePeriod=2010&untilTimePeriod=2022,stock at 1 Jan; citizen=FOR_STLS (foreign citizens incl. stateless),yes,eu_stock.csv
Slovenia,SVN,2011,foreign_nationals,82746,Eurostat [migr_pop1ctz],https://ec.europa.eu/eurostat/api/dissemination/statistics/1.0/data/migr_pop1ctz?format=JSON&lang=EN&geo=SI&age=TOTAL&sex=T&unit=NR&citizen=FOR_STLS&sinceTimePeriod=2010&untilTimePeriod=2022,stock at 1 Jan; citizen=FOR_STLS (foreign citizens incl. stateless),yes,eu_stock.csv
Slovenia,SVN,2012,foreign_nationals,85555,Eurostat [migr_pop1ctz],https://ec.europa.eu/eurostat/api/dissemination/statistics/1.0/data/migr_pop1ctz?format=JSON&lang=EN&geo=SI&age=TOTAL&sex=T&unit=NR&citizen=FOR_STLS&sinceTimePeriod=2010&untilTimePeriod=2022,stock at 1 Jan; citizen=FOR_STLS (foreign citizens incl. stateless),yes,eu_stock.csv
Slovenia,SVN,2013,foreign_nationals,91385,Eurostat [migr_pop1ctz],https://ec.europa.eu/eurostat/api/dissemination/statistics/1.0/data/migr_pop1ctz?format=JSON&lang=EN&geo=SI&age=TOTAL&sex=T&unit=NR&citizen=FOR_STLS&sinceTimePeriod=2010&untilTimePeriod=2022,stock at 1 Jan; citizen=FOR_STLS (foreign citizens incl. stateless),yes,eu_stock.csv
Slovenia,SVN,2014,foreign_nationals,96608,Eurostat [migr_pop1ctz],https://ec.europa.eu/eurostat/api/dissemination/statistics/1.0/data/migr_pop1ctz?format=JSON&lang=EN&geo=SI&age=TOTAL&sex=T&unit=NR&citizen=FOR_STLS&sinceTimePeriod=2010&untilTimePeriod=2022,stock at 1 Jan; citizen=FOR_STLS (foreign citizens incl. stateless),yes,eu_stock.csv
Slovenia,SVN,2015,foreign_nationals,101532,Eurostat [migr_pop1ctz],https://ec.europa.eu/eurostat/api/dissemination/statistics/1.0/data/migr_pop1ctz?format=JSON&lang=EN&geo=SI&age=TOTAL&sex=T&unit=NR&citizen=FOR_STLS&sinceTimePeriod=2010&untilTimePeriod=2022,stock at 1 Jan; citizen=FOR_STLS (foreign citizens incl. stateless),yes,eu_stock.csv
Slovenia,SVN,2016,foreign_nationals,107766,Eurostat [migr_pop1ctz],https://ec.europa.eu/eurostat/api/dissemination/statistics/1.0/data/migr_pop1ctz?format=JSON&lang=EN&geo=SI&age=TOTAL&sex=T&unit=NR&citizen=FOR_STLS&sinceTimePeriod=2010&untilTimePeriod=2022,stock at 1 Jan; citizen=FOR_STLS (foreign citizens incl. stateless),yes,eu_stock.csv
Slovenia,SVN,2017,foreign_nationals,114438,Eurostat [migr_pop1ctz],https://ec.europa.eu/eurostat/api/dissemination/statistics/1.0/data/migr_pop1ctz?format=JSON&lang=EN&geo=SI&age=TOTAL&sex=T&unit=NR&citizen=FOR_STLS&sinceTimePeriod=2010&untilTimePeriod=2022,stock at 1 Jan; citizen=FOR_STLS (foreign citizens incl. stateless),yes,eu_stock.csv
Slovenia,SVN,2018,foreign_nationals,121875,Eurostat [migr_pop1ctz],https://ec.europa.eu/eurostat/api/dissemination/statistics/1.0/data/migr_pop1ctz?format=JSON&lang=EN&geo=SI&age=TOTAL&sex=T&unit=NR&citizen=FOR_STLS&sinceTimePeriod=2010&untilTimePeriod=2022,stock at 1 Jan; citizen=FOR_STLS (foreign citizens incl. stateless),yes,eu_stock.csv
Slovenia,SVN,2019,foreign_nationals,138193,Eurostat [migr_pop1ctz],https://ec.europa.eu/eurostat/api/dissemination/statistics/1.0/data/migr_pop1ctz?format=JSON&lang=EN&geo=SI&age=TOTAL&sex=T&unit=NR&citizen=FOR_STLS&sinceTimePeriod=2010&untilTimePeriod=2022,stock at 1 Jan; citizen=FOR_STLS (foreign citizens incl. stateless),yes,eu_stock.csv
Slovenia,SVN,2020,foreign_nationals,156351,Eurostat [migr_pop1ctz],https://ec.europa.eu/eurostat/api/dissemination/statistics/1.0/data/migr_pop1ctz?format=JSON&lang=EN&geo=SI&age=TOTAL&sex=T&unit=NR&citizen=FOR_STLS&sinceTimePeriod=2010&untilTimePeriod=2022,stock at 1 Jan; citizen=FOR_STLS (foreign citizens incl. stateless),yes,eu_stock.csv
Slovenia,SVN,2021,foreign_nationals,168651,Eurostat [migr_pop1ctz],https://ec.europa.eu/eurostat/api/dissemination/statistics/1.0/data/migr_pop1ctz?format=JSON&lang=EN&geo=SI&age=TOTAL&sex=T&unit=NR&citizen=FOR_STLS&sinceTimePeriod=2010&untilTimePeriod=2022,stock at 1 Jan; citizen=FOR_STLS (foreign citizens incl. stateless),yes,eu_stock.csv
Slovenia,SVN,2022,foreign_nationals,172442,Eurostat [migr_pop1ctz],https://ec.europa.eu/eurostat/api/dissemination/statistics/1.0/data/migr_pop1ctz?format=JSON&lang=EN&geo=SI&age=TOTAL&sex=T&unit=NR&citizen=FOR_STLS&sinceTimePeriod=2010&untilTimePeriod=2022,stock at 1 Jan; citizen=FOR_STLS (foreign citizens incl. stateless),yes,eu_stock.csv
Slovenia,SVN,2010,irregular_proxy_detections,3415,"Eurostat, Third country nationals found to be illegally present (migr_eipre)",https://ec.europa.eu/eurostat/databrowser/view/migr_eipre/default/table,"Eurostat enforcement statistic - annual flow of detections, NOT a stock. Dataset migr_eipre, dimensions freq=A citizen=TOTAL reason=TOTAL apprehen=TOTAL sex=T age=TOTAL unit=PER. Rounded to nearest 5 by Eurostat.",yes,irregular_eu.csv
Slovenia,SVN,2011,irregular_proxy_detections,4350,"Eurostat, Third country nationals found to be illegally present (migr_eipre)",https://ec.europa.eu/eurostat/databrowser/view/migr_eipre/default/table,"Eurostat enforcement statistic - annual flow of detections, NOT a stock. Dataset migr_eipre, dimensions freq=A citizen=TOTAL reason=TOTAL apprehen=TOTAL sex=T age=TOTAL unit=PER. Rounded to nearest 5 by Eurostat.",yes,irregular_eu.csv
Slovenia,SVN,2012,irregular_proxy_detections,1555,"Eurostat, Third country nationals found to be illegally present (migr_eipre)",https://ec.europa.eu/eurostat/databrowser/view/migr_eipre/default/table,"Eurostat enforcement statistic - annual flow of detections, NOT a stock. Dataset migr_eipre, dimensions freq=A citizen=TOTAL reason=TOTAL apprehen=TOTAL sex=T age=TOTAL unit=PER. Rounded to nearest 5 by Eurostat.",yes,irregular_eu.csv
Slovenia,SVN,2013,irregular_proxy_detections,1040,"Eurostat, Third country nationals found to be illegally present (migr_eipre)",https://ec.europa.eu/eurostat/databrowser/view/migr_eipre/default/table,"Eurostat enforcement statistic - annual flow of detections, NOT a stock. Dataset migr_eipre, dimensions freq=A citizen=TOTAL reason=TOTAL apprehen=TOTAL sex=T age=TOTAL unit=PER. Rounded to nearest 5 by Eurostat.",yes,irregular_eu.csv
Slovenia,SVN,2014,irregular_proxy_detections,1025,"Eurostat, Third country nationals found to be illegally present (migr_eipre)",https://ec.europa.eu/eurostat/databrowser/view/migr_eipre/default/table,"Eurostat enforcement statistic - annual flow of detections, NOT a stock. Dataset migr_eipre, dimensions freq=A citizen=TOTAL reason=TOTAL apprehen=TOTAL sex=T age=TOTAL unit=PER. Rounded to nearest 5 by Eurostat.",yes,irregular_eu.csv
Slovenia,SVN,2015,irregular_proxy_detections,1025,"Eurostat, Third country nationals found to be illegally present (migr_eipre)",https://ec.europa.eu/eurostat/databrowser/view/migr_eipre/default/table,"Eurostat enforcement statistic - annual flow of detections, NOT a stock. Dataset migr_eipre, dimensions freq=A citizen=TOTAL reason=TOTAL apprehen=TOTAL sex=T age=TOTAL unit=PER. Rounded to nearest 5 by Eurostat.",yes,irregular_eu.csv
Slovenia,SVN,2016,irregular_proxy_detections,2475,"Eurostat, Third country nationals found to be illegally present (migr_eipre)",https://ec.europa.eu/eurostat/databrowser/view/migr_eipre/default/table,"Eurostat enforcement statistic - annual flow of detections, NOT a stock. Dataset migr_eipre, dimensions freq=A citizen=TOTAL reason=TOTAL apprehen=TOTAL sex=T age=TOTAL unit=PER. Rounded to nearest 5 by Eurostat.",yes,irregular_eu.csv
Slovenia,SVN,2017,irregular_proxy_detections,4180,"Eurostat, Third country nationals found to be illegally present (migr_eipre)",https://ec.europa.eu/eurostat/databrowser/view/migr_eipre/default/table,"Eurostat enforcement statistic - annual flow of detections, NOT a stock. Dataset migr_eipre, dimensions freq=A citizen=TOTAL reason=TOTAL apprehen=TOTAL sex=T age=TOTAL unit=PER. Rounded to nearest 5 by Eurostat.",yes,irregular_eu.csv
Slovenia,SVN,2018,irregular_proxy_detections,4345,"Eurostat, Third country nationals found to be illegally present (migr_eipre)",https://ec.europa.eu/eurostat/databrowser/view/migr_eipre/default/table,"Eurostat enforcement statistic - annual flow of detections, NOT a stock. Dataset migr_eipre, dimensions freq=A citizen=TOTAL reason=TOTAL apprehen=TOTAL sex=T age=TOTAL unit=PER. Rounded to nearest 5 by Eurostat.",yes,irregular_eu.csv
Slovenia,SVN,2019,irregular_proxy_detections,5765,"Eurostat, Third country nationals found to be illegally present (migr_eipre)",https://ec.europa.eu/eurostat/databrowser/view/migr_eipre/default/table,"Eurostat enforcement statistic - annual flow of detections, NOT a stock. Dataset migr_eipre, dimensions freq=A citizen=TOTAL reason=TOTAL apprehen=TOTAL sex=T age=TOTAL unit=PER. Rounded to nearest 5 by Eurostat.",yes,irregular_eu.csv
Slovenia,SVN,2020,irregular_proxy_detections,4605,"Eurostat, Third country nationals found to be illegally present (migr_eipre)",https://ec.europa.eu/eurostat/databrowser/view/migr_eipre/default/table,"Eurostat enforcement statistic - annual flow of detections, NOT a stock. Dataset migr_eipre, dimensions freq=A citizen=TOTAL reason=TOTAL apprehen=TOTAL sex=T age=TOTAL unit=PER. Rounded to nearest 5 by Eurostat.",yes,irregular_eu.csv
Slovenia,SVN,2021,irregular_proxy_detections,14430,"Eurostat, Third country nationals found to be illegally present (migr_eipre)",https://ec.europa.eu/eurostat/databrowser/view/migr_eipre/default/table,"Eurostat enforcement statistic - annual flow of detections, NOT a stock. Dataset migr_eipre, dimensions freq=A citizen=TOTAL reason=TOTAL apprehen=TOTAL sex=T age=TOTAL unit=PER. Rounded to nearest 5 by Eurostat.",yes,irregular_eu.csv
Slovenia,SVN,2022,irregular_proxy_detections,35215,"Eurostat, Third country nationals found to be illegally present (migr_eipre)",https://ec.europa.eu/eurostat/databrowser/view/migr_eipre/default/table,"Eurostat enforcement statistic - annual flow of detections, NOT a stock. Dataset migr_eipre, dimensions freq=A citizen=TOTAL reason=TOTAL apprehen=TOTAL sex=T age=TOTAL unit=PER. Rounded to nearest 5 by Eurostat.",yes,irregular_eu.csv
Slovenia,SVN,2010,population,2048583,"World Bank, World Development Indicators (SP.POP.TOTL), sourced from UN World Population Prospects and national statistical offices",https://api.worldbank.org/v2/country/all/indicator/SP.POP.TOTL,"Total resident population, mid-year estimate. Retrieved via World Bank API, August 2026.",yes,worldbank_api
Slovenia,SVN,2011,population,2052843,"World Bank, World Development Indicators (SP.POP.TOTL), sourced from UN World Population Prospects and national statistical offices",https://api.worldbank.org/v2/country/all/indicator/SP.POP.TOTL,"Total resident population, mid-year estimate. Retrieved via World Bank API, August 2026.",yes,worldbank_api
Slovenia,SVN,2012,population,2057159,"World Bank, World Development Indicators (SP.POP.TOTL), sourced from UN World Population Prospects and national statistical offices",https://api.worldbank.org/v2/country/all/indicator/SP.POP.TOTL,"Total resident population, mid-year estimate. Retrieved via World Bank API, August 2026.",yes,worldbank_api
Slovenia,SVN,2013,population,2059953,"World Bank, World Development Indicators (SP.POP.TOTL), sourced from UN World Population Prospects and national statistical offices",https://api.worldbank.org/v2/country/all/indicator/SP.POP.TOTL,"Total resident population, mid-year estimate. Retrieved via World Bank API, August 2026.",yes,worldbank_api
Slovenia,SVN,2014,population,2061980,"World Bank, World Development Indicators (SP.POP.TOTL), sourced from UN World Population Prospects and national statistical offices",https://api.worldbank.org/v2/country/all/indicator/SP.POP.TOTL,"Total resident population, mid-year estimate. Retrieved via World Bank API, August 2026.",yes,worldbank_api
Slovenia,SVN,2015,population,2063531,"World Bank, World Development Indicators (SP.POP.TOTL), sourced from UN World Population Prospects and national statistical offices",https://api.worldbank.org/v2/country/all/indicator/SP.POP.TOTL,"Total resident population, mid-year estimate. Retrieved via World Bank API, August 2026.",yes,worldbank_api
Slovenia,SVN,2016,population,2065042,"World Bank, World Development Indicators (SP.POP.TOTL), sourced from UN World Population Prospects and national statistical offices",https://api.worldbank.org/v2/country/all/indicator/SP.POP.TOTL,"Total resident population, mid-year estimate. Retrieved via World Bank API, August 2026.",yes,worldbank_api
Slovenia,SVN,2017,population,2066388,"World Bank, World Development Indicators (SP.POP.TOTL), sourced from UN World Population Prospects and national statistical offices",https://api.worldbank.org/v2/country/all/indicator/SP.POP.TOTL,"Total resident population, mid-year estimate. Retrieved via World Bank API, August 2026.",yes,worldbank_api
Slovenia,SVN,2018,population,2073894,"World Bank, World Development Indicators (SP.POP.TOTL), sourced from UN World Population Prospects and national statistical offices",https://api.worldbank.org/v2/country/all/indicator/SP.POP.TOTL,"Total resident population, mid-year estimate. Retrieved via World Bank API, August 2026.",yes,worldbank_api
Slovenia,SVN,2019,population,2088385,"World Bank, World Development Indicators (SP.POP.TOTL), sourced from UN World Population Prospects and national statistical offices",https://api.worldbank.org/v2/country/all/indicator/SP.POP.TOTL,"Total resident population, mid-year estimate. Retrieved via World Bank API, August 2026.",yes,worldbank_api
Slovenia,SVN,2020,population,2102419,"World Bank, World Development Indicators (SP.POP.TOTL), sourced from UN World Population Prospects and national statistical offices",https://api.worldbank.org/v2/country/all/indicator/SP.POP.TOTL,"Total resident population, mid-year estimate. Retrieved via World Bank API, August 2026.",yes,worldbank_api
Slovenia,SVN,2021,population,2108079,"World Bank, World Development Indicators (SP.POP.TOTL), sourced from UN World Population Prospects and national statistical offices",https://api.worldbank.org/v2/country/all/indicator/SP.POP.TOTL,"Total resident population, mid-year estimate. Retrieved via World Bank API, August 2026.",yes,worldbank_api
Slovenia,SVN,2022,population,2112076,"World Bank, World Development Indicators (SP.POP.TOTL), sourced from UN World Population Prospects and national statistical offices",https://api.worldbank.org/v2/country/all/indicator/SP.POP.TOTL,"Total resident population, mid-year estimate. Retrieved via World Bank API, August 2026.",yes,worldbank_api
Sweden,SWE,2010,foreign_born,1337214,Eurostat [migr_pop3ctb],https://ec.europa.eu/eurostat/api/dissemination/statistics/1.0/data/migr_pop3ctb?format=JSON&lang=EN&geo=SE&age=TOTAL&sex=T&unit=NR&c_birth=FOR&sinceTimePeriod=2010&untilTimePeriod=2022,stock at 1 Jan; c_birth=FOR (born in a foreign country),yes,eu_stock.csv
Sweden,SWE,2011,foreign_born,1384111,Eurostat [migr_pop3ctb],https://ec.europa.eu/eurostat/api/dissemination/statistics/1.0/data/migr_pop3ctb?format=JSON&lang=EN&geo=SE&age=TOTAL&sex=T&unit=NR&c_birth=FOR&sinceTimePeriod=2010&untilTimePeriod=2022,stock at 1 Jan; c_birth=FOR (born in a foreign country),yes,eu_stock.csv
Sweden,SWE,2012,foreign_born,1426402,Eurostat [migr_pop3ctb],https://ec.europa.eu/eurostat/api/dissemination/statistics/1.0/data/migr_pop3ctb?format=JSON&lang=EN&geo=SE&age=TOTAL&sex=T&unit=NR&c_birth=FOR&sinceTimePeriod=2010&untilTimePeriod=2022,stock at 1 Jan; c_birth=FOR (born in a foreign country),yes,eu_stock.csv
Sweden,SWE,2013,foreign_born,1472353,Eurostat [migr_pop3ctb],https://ec.europa.eu/eurostat/api/dissemination/statistics/1.0/data/migr_pop3ctb?format=JSON&lang=EN&geo=SE&age=TOTAL&sex=T&unit=NR&c_birth=FOR&sinceTimePeriod=2010&untilTimePeriod=2022,stock at 1 Jan; c_birth=FOR (born in a foreign country),yes,eu_stock.csv
Sweden,SWE,2014,foreign_born,1532563,Eurostat [migr_pop3ctb],https://ec.europa.eu/eurostat/api/dissemination/statistics/1.0/data/migr_pop3ctb?format=JSON&lang=EN&geo=SE&age=TOTAL&sex=T&unit=NR&c_birth=FOR&sinceTimePeriod=2010&untilTimePeriod=2022,stock at 1 Jan; c_birth=FOR (born in a foreign country),yes,eu_stock.csv
Sweden,SWE,2015,foreign_born,1602522,Eurostat [migr_pop3ctb],https://ec.europa.eu/eurostat/api/dissemination/statistics/1.0/data/migr_pop3ctb?format=JSON&lang=EN&geo=SE&age=TOTAL&sex=T&unit=NR&c_birth=FOR&sinceTimePeriod=2010&untilTimePeriod=2022,stock at 1 Jan; c_birth=FOR (born in a foreign country),yes,eu_stock.csv
Sweden,SWE,2016,foreign_born,1675116,Eurostat [migr_pop3ctb],https://ec.europa.eu/eurostat/api/dissemination/statistics/1.0/data/migr_pop3ctb?format=JSON&lang=EN&geo=SE&age=TOTAL&sex=T&unit=NR&c_birth=FOR&sinceTimePeriod=2010&untilTimePeriod=2022,stock at 1 Jan; c_birth=FOR (born in a foreign country),yes,eu_stock.csv
Sweden,SWE,2017,foreign_born,1783179,Eurostat [migr_pop3ctb],https://ec.europa.eu/eurostat/api/dissemination/statistics/1.0/data/migr_pop3ctb?format=JSON&lang=EN&geo=SE&age=TOTAL&sex=T&unit=NR&c_birth=FOR&sinceTimePeriod=2010&untilTimePeriod=2022,stock at 1 Jan; c_birth=FOR (born in a foreign country),yes,eu_stock.csv
Sweden,SWE,2018,foreign_born,1875637,Eurostat [migr_pop3ctb],https://ec.europa.eu/eurostat/api/dissemination/statistics/1.0/data/migr_pop3ctb?format=JSON&lang=EN&geo=SE&age=TOTAL&sex=T&unit=NR&c_birth=FOR&sinceTimePeriod=2010&untilTimePeriod=2022,stock at 1 Jan; c_birth=FOR (born in a foreign country),yes,eu_stock.csv
Sweden,SWE,2019,foreign_born,1954065,Eurostat [migr_pop3ctb],https://ec.europa.eu/eurostat/api/dissemination/statistics/1.0/data/migr_pop3ctb?format=JSON&lang=EN&geo=SE&age=TOTAL&sex=T&unit=NR&c_birth=FOR&sinceTimePeriod=2010&untilTimePeriod=2022,stock at 1 Jan; c_birth=FOR (born in a foreign country),yes,eu_stock.csv
Sweden,SWE,2020,foreign_born,2018191,Eurostat [migr_pop3ctb],https://ec.europa.eu/eurostat/api/dissemination/statistics/1.0/data/migr_pop3ctb?format=JSON&lang=EN&geo=SE&age=TOTAL&sex=T&unit=NR&c_birth=FOR&sinceTimePeriod=2010&untilTimePeriod=2022,stock at 1 Jan; c_birth=FOR (born in a foreign country),yes,eu_stock.csv
Sweden,SWE,2021,foreign_born,2045234,Eurostat [migr_pop3ctb],https://ec.europa.eu/eurostat/api/dissemination/statistics/1.0/data/migr_pop3ctb?format=JSON&lang=EN&geo=SE&age=TOTAL&sex=T&unit=NR&c_birth=FOR&sinceTimePeriod=2010&untilTimePeriod=2022,stock at 1 Jan; c_birth=FOR (born in a foreign country),yes,eu_stock.csv
Sweden,SWE,2022,foreign_born,2089008,Eurostat [migr_pop3ctb],https://ec.europa.eu/eurostat/api/dissemination/statistics/1.0/data/migr_pop3ctb?format=JSON&lang=EN&geo=SE&age=TOTAL&sex=T&unit=NR&c_birth=FOR&sinceTimePeriod=2010&untilTimePeriod=2022,stock at 1 Jan; c_birth=FOR (born in a foreign country),yes,eu_stock.csv
Sweden,SWE,2010,foreign_nationals,590475,Eurostat [migr_pop1ctz],https://ec.europa.eu/eurostat/api/dissemination/statistics/1.0/data/migr_pop1ctz?format=JSON&lang=EN&geo=SE&age=TOTAL&sex=T&unit=NR&citizen=FOR_STLS&sinceTimePeriod=2010&untilTimePeriod=2022,stock at 1 Jan; citizen=FOR_STLS (foreign citizens incl. stateless),yes,eu_stock.csv
Sweden,SWE,2011,foreign_nationals,622275,Eurostat [migr_pop1ctz],https://ec.europa.eu/eurostat/api/dissemination/statistics/1.0/data/migr_pop1ctz?format=JSON&lang=EN&geo=SE&age=TOTAL&sex=T&unit=NR&citizen=FOR_STLS&sinceTimePeriod=2010&untilTimePeriod=2022,stock at 1 Jan; citizen=FOR_STLS (foreign citizens incl. stateless),yes,eu_stock.csv
Sweden,SWE,2012,foreign_nationals,646095,Eurostat [migr_pop1ctz],https://ec.europa.eu/eurostat/api/dissemination/statistics/1.0/data/migr_pop1ctz?format=JSON&lang=EN&geo=SE&age=TOTAL&sex=T&unit=NR&citizen=FOR_STLS&sinceTimePeriod=2010&untilTimePeriod=2022,stock at 1 Jan; citizen=FOR_STLS (foreign citizens incl. stateless),yes,eu_stock.csv
Sweden,SWE,2013,foreign_nationals,659374,Eurostat [migr_pop1ctz],https://ec.europa.eu/eurostat/api/dissemination/statistics/1.0/data/migr_pop1ctz?format=JSON&lang=EN&geo=SE&age=TOTAL&sex=T&unit=NR&citizen=FOR_STLS&sinceTimePeriod=2010&untilTimePeriod=2022,stock at 1 Jan; citizen=FOR_STLS (foreign citizens incl. stateless),yes,eu_stock.csv
Sweden,SWE,2014,foreign_nationals,687192,Eurostat [migr_pop1ctz],https://ec.europa.eu/eurostat/api/dissemination/statistics/1.0/data/migr_pop1ctz?format=JSON&lang=EN&geo=SE&age=TOTAL&sex=T&unit=NR&citizen=FOR_STLS&sinceTimePeriod=2010&untilTimePeriod=2022,stock at 1 Jan; citizen=FOR_STLS (foreign citizens incl. stateless),yes,eu_stock.csv
Sweden,SWE,2015,foreign_nationals,731215,Eurostat [migr_pop1ctz],https://ec.europa.eu/eurostat/api/dissemination/statistics/1.0/data/migr_pop1ctz?format=JSON&lang=EN&geo=SE&age=TOTAL&sex=T&unit=NR&citizen=FOR_STLS&sinceTimePeriod=2010&untilTimePeriod=2022,stock at 1 Jan; citizen=FOR_STLS (foreign citizens incl. stateless),yes,eu_stock.csv
Sweden,SWE,2016,foreign_nationals,773232,Eurostat [migr_pop1ctz],https://ec.europa.eu/eurostat/api/dissemination/statistics/1.0/data/migr_pop1ctz?format=JSON&lang=EN&geo=SE&age=TOTAL&sex=T&unit=NR&citizen=FOR_STLS&sinceTimePeriod=2010&untilTimePeriod=2022,stock at 1 Jan; citizen=FOR_STLS (foreign citizens incl. stateless),yes,eu_stock.csv
Sweden,SWE,2017,foreign_nationals,841165,Eurostat [migr_pop1ctz],https://ec.europa.eu/eurostat/api/dissemination/statistics/1.0/data/migr_pop1ctz?format=JSON&lang=EN&geo=SE&age=TOTAL&sex=T&unit=NR&citizen=FOR_STLS&sinceTimePeriod=2010&untilTimePeriod=2022,stock at 1 Jan; citizen=FOR_STLS (foreign citizens incl. stateless),yes,eu_stock.csv
Sweden,SWE,2018,foreign_nationals,885839,Eurostat [migr_pop1ctz],https://ec.europa.eu/eurostat/api/dissemination/statistics/1.0/data/migr_pop1ctz?format=JSON&lang=EN&geo=SE&age=TOTAL&sex=T&unit=NR&citizen=FOR_STLS&sinceTimePeriod=2010&untilTimePeriod=2022,stock at 1 Jan; citizen=FOR_STLS (foreign citizens incl. stateless),yes,eu_stock.csv
Sweden,SWE,2019,foreign_nationals,920144,Eurostat [migr_pop1ctz],https://ec.europa.eu/eurostat/api/dissemination/statistics/1.0/data/migr_pop1ctz?format=JSON&lang=EN&geo=SE&age=TOTAL&sex=T&unit=NR&citizen=FOR_STLS&sinceTimePeriod=2010&untilTimePeriod=2022,stock at 1 Jan; citizen=FOR_STLS (foreign citizens incl. stateless),yes,eu_stock.csv
Sweden,SWE,2020,foreign_nationals,927774,Eurostat [migr_pop1ctz],https://ec.europa.eu/eurostat/api/dissemination/statistics/1.0/data/migr_pop1ctz?format=JSON&lang=EN&geo=SE&age=TOTAL&sex=T&unit=NR&citizen=FOR_STLS&sinceTimePeriod=2010&untilTimePeriod=2022,stock at 1 Jan; citizen=FOR_STLS (foreign citizens incl. stateless),yes,eu_stock.csv
Sweden,SWE,2021,foreign_nationals,892254,Eurostat [migr_pop1ctz],https://ec.europa.eu/eurostat/api/dissemination/statistics/1.0/data/migr_pop1ctz?format=JSON&lang=EN&geo=SE&age=TOTAL&sex=T&unit=NR&citizen=FOR_STLS&sinceTimePeriod=2010&untilTimePeriod=2022,stock at 1 Jan; citizen=FOR_STLS (foreign citizens incl. stateless),yes,eu_stock.csv
Sweden,SWE,2022,foreign_nationals,868193,Eurostat [migr_pop1ctz],https://ec.europa.eu/eurostat/api/dissemination/statistics/1.0/data/migr_pop1ctz?format=JSON&lang=EN&geo=SE&age=TOTAL&sex=T&unit=NR&citizen=FOR_STLS&sinceTimePeriod=2010&untilTimePeriod=2022,stock at 1 Jan; citizen=FOR_STLS (foreign citizens incl. stateless),yes,eu_stock.csv
Sweden,SWE,2010,irregular_proxy_detections,27460,"Eurostat, Third country nationals found to be illegally present (migr_eipre)",https://ec.europa.eu/eurostat/databrowser/view/migr_eipre/default/table,"Eurostat enforcement statistic - annual flow of detections, NOT a stock. Dataset migr_eipre, dimensions freq=A citizen=TOTAL reason=TOTAL apprehen=TOTAL sex=T age=TOTAL unit=PER. Rounded to nearest 5 by Eurostat. CORRECTED: an earlier extraction of this country shifted the series one year forward; re-read directly from the Eurostat API and cross-checked against an independent compilation. Break in series: Sweden's 2014 figure (72835) and earlier years are not comparable with 2014 onwards owing to a change in national reporting practice.",yes,irregular_eu.csv
Sweden,SWE,2011,irregular_proxy_detections,20765,"Eurostat, Third country nationals found to be illegally present (migr_eipre)",https://ec.europa.eu/eurostat/databrowser/view/migr_eipre/default/table,"Eurostat enforcement statistic - annual flow of detections, NOT a stock. Dataset migr_eipre, dimensions freq=A citizen=TOTAL reason=TOTAL apprehen=TOTAL sex=T age=TOTAL unit=PER. Rounded to nearest 5 by Eurostat. CORRECTED: an earlier extraction of this country shifted the series one year forward; re-read directly from the Eurostat API and cross-checked against an independent compilation. Break in series: Sweden's 2014 figure (72835) and earlier years are not comparable with 2014 onwards owing to a change in national reporting practice.",yes,irregular_eu.csv
Sweden,SWE,2012,irregular_proxy_detections,23205,"Eurostat, Third country nationals found to be illegally present (migr_eipre)",https://ec.europa.eu/eurostat/databrowser/view/migr_eipre/default/table,"Eurostat enforcement statistic - annual flow of detections, NOT a stock. Dataset migr_eipre, dimensions freq=A citizen=TOTAL reason=TOTAL apprehen=TOTAL sex=T age=TOTAL unit=PER. Rounded to nearest 5 by Eurostat. CORRECTED: an earlier extraction of this country shifted the series one year forward; re-read directly from the Eurostat API and cross-checked against an independent compilation. Break in series: Sweden's 2014 figure (72835) and earlier years are not comparable with 2014 onwards owing to a change in national reporting practice.",yes,irregular_eu.csv
Sweden,SWE,2013,irregular_proxy_detections,24400,"Eurostat, Third country nationals found to be illegally present (migr_eipre)",https://ec.europa.eu/eurostat/databrowser/view/migr_eipre/default/table,"Eurostat enforcement statistic - annual flow of detections, NOT a stock. Dataset migr_eipre, dimensions freq=A citizen=TOTAL reason=TOTAL apprehen=TOTAL sex=T age=TOTAL unit=PER. Rounded to nearest 5 by Eurostat. CORRECTED: an earlier extraction of this country shifted the series one year forward; re-read directly from the Eurostat API and cross-checked against an independent compilation. Break in series: Sweden's 2014 figure (72835) and earlier years are not comparable with 2014 onwards owing to a change in national reporting practice.",yes,irregular_eu.csv
Sweden,SWE,2014,irregular_proxy_detections,72835,"Eurostat, Third country nationals found to be illegally present (migr_eipre)",https://ec.europa.eu/eurostat/databrowser/view/migr_eipre/default/table,"Eurostat enforcement statistic - annual flow of detections, NOT a stock. Dataset migr_eipre, dimensions freq=A citizen=TOTAL reason=TOTAL apprehen=TOTAL sex=T age=TOTAL unit=PER. Rounded to nearest 5 by Eurostat. CORRECTED: an earlier extraction of this country shifted the series one year forward; re-read directly from the Eurostat API and cross-checked against an independent compilation. Break in series: Sweden's 2014 figure (72835) and earlier years are not comparable with 2014 onwards owing to a change in national reporting practice.",yes,irregular_eu.csv
Sweden,SWE,2015,irregular_proxy_detections,1445,"Eurostat, Third country nationals found to be illegally present (migr_eipre)",https://ec.europa.eu/eurostat/databrowser/view/migr_eipre/default/table,"Eurostat enforcement statistic - annual flow of detections, NOT a stock. Dataset migr_eipre, dimensions freq=A citizen=TOTAL reason=TOTAL apprehen=TOTAL sex=T age=TOTAL unit=PER. Rounded to nearest 5 by Eurostat. CORRECTED: an earlier extraction of this country shifted the series one year forward; re-read directly from the Eurostat API and cross-checked against an independent compilation. Break in series: Sweden's 2014 figure (72835) and earlier years are not comparable with 2014 onwards owing to a change in national reporting practice.",yes,irregular_eu.csv
Sweden,SWE,2016,irregular_proxy_detections,1210,"Eurostat, Third country nationals found to be illegally present (migr_eipre)",https://ec.europa.eu/eurostat/databrowser/view/migr_eipre/default/table,"Eurostat enforcement statistic - annual flow of detections, NOT a stock. Dataset migr_eipre, dimensions freq=A citizen=TOTAL reason=TOTAL apprehen=TOTAL sex=T age=TOTAL unit=PER. Rounded to nearest 5 by Eurostat. CORRECTED: an earlier extraction of this country shifted the series one year forward; re-read directly from the Eurostat API and cross-checked against an independent compilation. Break in series: Sweden's 2014 figure (72835) and earlier years are not comparable with 2014 onwards owing to a change in national reporting practice.",yes,irregular_eu.csv
Sweden,SWE,2017,irregular_proxy_detections,2145,"Eurostat, Third country nationals found to be illegally present (migr_eipre)",https://ec.europa.eu/eurostat/databrowser/view/migr_eipre/default/table,"Eurostat enforcement statistic - annual flow of detections, NOT a stock. Dataset migr_eipre, dimensions freq=A citizen=TOTAL reason=TOTAL apprehen=TOTAL sex=T age=TOTAL unit=PER. Rounded to nearest 5 by Eurostat. CORRECTED: an earlier extraction of this country shifted the series one year forward; re-read directly from the Eurostat API and cross-checked against an independent compilation. Break in series: Sweden's 2014 figure (72835) and earlier years are not comparable with 2014 onwards owing to a change in national reporting practice.",yes,irregular_eu.csv
Sweden,SWE,2018,irregular_proxy_detections,1720,"Eurostat, Third country nationals found to be illegally present (migr_eipre)",https://ec.europa.eu/eurostat/databrowser/view/migr_eipre/default/table,"Eurostat enforcement statistic - annual flow of detections, NOT a stock. Dataset migr_eipre, dimensions freq=A citizen=TOTAL reason=TOTAL apprehen=TOTAL sex=T age=TOTAL unit=PER. Rounded to nearest 5 by Eurostat. CORRECTED: an earlier extraction of this country shifted the series one year forward; re-read directly from the Eurostat API and cross-checked against an independent compilation. Break in series: Sweden's 2014 figure (72835) and earlier years are not comparable with 2014 onwards owing to a change in national reporting practice.",yes,irregular_eu.csv
Sweden,SWE,2019,irregular_proxy_detections,2170,"Eurostat, Third country nationals found to be illegally present (migr_eipre)",https://ec.europa.eu/eurostat/databrowser/view/migr_eipre/default/table,"Eurostat enforcement statistic - annual flow of detections, NOT a stock. Dataset migr_eipre, dimensions freq=A citizen=TOTAL reason=TOTAL apprehen=TOTAL sex=T age=TOTAL unit=PER. Rounded to nearest 5 by Eurostat. CORRECTED: an earlier extraction of this country shifted the series one year forward; re-read directly from the Eurostat API and cross-checked against an independent compilation. Break in series: Sweden's 2014 figure (72835) and earlier years are not comparable with 2014 onwards owing to a change in national reporting practice.",yes,irregular_eu.csv
Sweden,SWE,2020,irregular_proxy_detections,2615,"Eurostat, Third country nationals found to be illegally present (migr_eipre)",https://ec.europa.eu/eurostat/databrowser/view/migr_eipre/default/table,"Eurostat enforcement statistic - annual flow of detections, NOT a stock. Dataset migr_eipre, dimensions freq=A citizen=TOTAL reason=TOTAL apprehen=TOTAL sex=T age=TOTAL unit=PER. Rounded to nearest 5 by Eurostat. CORRECTED: an earlier extraction of this country shifted the series one year forward; re-read directly from the Eurostat API and cross-checked against an independent compilation. Break in series: Sweden's 2014 figure (72835) and earlier years are not comparable with 2014 onwards owing to a change in national reporting practice.",yes,irregular_eu.csv
Sweden,SWE,2021,irregular_proxy_detections,2635,"Eurostat, Third country nationals found to be illegally present (migr_eipre)",https://ec.europa.eu/eurostat/databrowser/view/migr_eipre/default/table,"Eurostat enforcement statistic - annual flow of detections, NOT a stock. Dataset migr_eipre, dimensions freq=A citizen=TOTAL reason=TOTAL apprehen=TOTAL sex=T age=TOTAL unit=PER. Rounded to nearest 5 by Eurostat. CORRECTED: an earlier extraction of this country shifted the series one year forward; re-read directly from the Eurostat API and cross-checked against an independent compilation. Break in series: Sweden's 2014 figure (72835) and earlier years are not comparable with 2014 onwards owing to a change in national reporting practice.",yes,irregular_eu.csv
Sweden,SWE,2022,irregular_proxy_detections,2455,"Eurostat, Third country nationals found to be illegally present (migr_eipre)",https://ec.europa.eu/eurostat/databrowser/view/migr_eipre/default/table,"Eurostat enforcement statistic - annual flow of detections, NOT a stock. Dataset migr_eipre, dimensions freq=A citizen=TOTAL reason=TOTAL apprehen=TOTAL sex=T age=TOTAL unit=PER. Rounded to nearest 5 by Eurostat. CORRECTED: an earlier extraction of this country shifted the series one year forward; re-read directly from the Eurostat API and cross-checked against an independent compilation. Break in series: Sweden's 2014 figure (72835) and earlier years are not comparable with 2014 onwards owing to a change in national reporting practice.",yes,irregular_eu.csv
Sweden,SWE,2010,population,9378126,"World Bank, World Development Indicators (SP.POP.TOTL), sourced from UN World Population Prospects and national statistical offices",https://api.worldbank.org/v2/country/all/indicator/SP.POP.TOTL,"Total resident population, mid-year estimate. Retrieved via World Bank API, August 2026.",yes,worldbank_api
Sweden,SWE,2011,population,9449213,"World Bank, World Development Indicators (SP.POP.TOTL), sourced from UN World Population Prospects and national statistical offices",https://api.worldbank.org/v2/country/all/indicator/SP.POP.TOTL,"Total resident population, mid-year estimate. Retrieved via World Bank API, August 2026.",yes,worldbank_api
Sweden,SWE,2012,population,9519374,"World Bank, World Development Indicators (SP.POP.TOTL), sourced from UN World Population Prospects and national statistical offices",https://api.worldbank.org/v2/country/all/indicator/SP.POP.TOTL,"Total resident population, mid-year estimate. Retrieved via World Bank API, August 2026.",yes,worldbank_api
Sweden,SWE,2013,population,9600379,"World Bank, World Development Indicators (SP.POP.TOTL), sourced from UN World Population Prospects and national statistical offices",https://api.worldbank.org/v2/country/all/indicator/SP.POP.TOTL,"Total resident population, mid-year estimate. Retrieved via World Bank API, August 2026.",yes,worldbank_api
Sweden,SWE,2014,population,9696110,"World Bank, World Development Indicators (SP.POP.TOTL), sourced from UN World Population Prospects and national statistical offices",https://api.worldbank.org/v2/country/all/indicator/SP.POP.TOTL,"Total resident population, mid-year estimate. Retrieved via World Bank API, August 2026.",yes,worldbank_api
Sweden,SWE,2015,population,9799186,"World Bank, World Development Indicators (SP.POP.TOTL), sourced from UN World Population Prospects and national statistical offices",https://api.worldbank.org/v2/country/all/indicator/SP.POP.TOTL,"Total resident population, mid-year estimate. Retrieved via World Bank API, August 2026.",yes,worldbank_api
Sweden,SWE,2016,population,9923085,"World Bank, World Development Indicators (SP.POP.TOTL), sourced from UN World Population Prospects and national statistical offices",https://api.worldbank.org/v2/country/all/indicator/SP.POP.TOTL,"Total resident population, mid-year estimate. Retrieved via World Bank API, August 2026.",yes,worldbank_api
Sweden,SWE,2017,population,10057698,"World Bank, World Development Indicators (SP.POP.TOTL), sourced from UN World Population Prospects and national statistical offices",https://api.worldbank.org/v2/country/all/indicator/SP.POP.TOTL,"Total resident population, mid-year estimate. Retrieved via World Bank API, August 2026.",yes,worldbank_api
Sweden,SWE,2018,population,10175214,"World Bank, World Development Indicators (SP.POP.TOTL), sourced from UN World Population Prospects and national statistical offices",https://api.worldbank.org/v2/country/all/indicator/SP.POP.TOTL,"Total resident population, mid-year estimate. Retrieved via World Bank API, August 2026.",yes,worldbank_api
Sweden,SWE,2019,population,10278887,"World Bank, World Development Indicators (SP.POP.TOTL), sourced from UN World Population Prospects and national statistical offices",https://api.worldbank.org/v2/country/all/indicator/SP.POP.TOTL,"Total resident population, mid-year estimate. Retrieved via World Bank API, August 2026.",yes,worldbank_api
Sweden,SWE,2020,population,10353442,"World Bank, World Development Indicators (SP.POP.TOTL), sourced from UN World Population Prospects and national statistical offices",https://api.worldbank.org/v2/country/all/indicator/SP.POP.TOTL,"Total resident population, mid-year estimate. Retrieved via World Bank API, August 2026.",yes,worldbank_api
Sweden,SWE,2021,population,10415811,"World Bank, World Development Indicators (SP.POP.TOTL), sourced from UN World Population Prospects and national statistical offices",https://api.worldbank.org/v2/country/all/indicator/SP.POP.TOTL,"Total resident population, mid-year estimate. Retrieved via World Bank API, August 2026.",yes,worldbank_api
Sweden,SWE,2022,population,10486941,"World Bank, World Development Indicators (SP.POP.TOTL), sourced from UN World Population Prospects and national statistical offices",https://api.worldbank.org/v2/country/all/indicator/SP.POP.TOTL,"Total resident population, mid-year estimate. Retrieved via World Bank API, August 2026.",yes,worldbank_api
Thailand,THA,2010,foreign_born,2640454,UN DESA International Migrant Stock (World Bank indicator SM.POP.TOTL),https://api.worldbank.org/v2/country/CHN;IND;PHL;RUS;ZAF;SUR;THA/indicator/SM.POP.TOTL?format=json&date=2010:2022&per_page=200,"UN estimate (not annual); mid-year benchmark year only; retrieved from World Bank mirror of UN DESA International Migrant Stock, accessed 2026-08",yes,nonoecd_stock.csv
Thailand,THA,2015,foreign_born,2853248,UN DESA International Migrant Stock (World Bank indicator SM.POP.TOTL),https://api.worldbank.org/v2/country/CHN;IND;PHL;RUS;ZAF;SUR;THA/indicator/SM.POP.TOTL?format=json&date=2010:2022&per_page=200,"UN estimate (not annual); mid-year benchmark year only; retrieved from World Bank mirror of UN DESA International Migrant Stock, accessed 2026-08",yes,nonoecd_stock.csv
Thailand,THA,2020,foreign_born,3015007,UN DESA International Migrant Stock (World Bank indicator SM.POP.TOTL),https://api.worldbank.org/v2/country/CHN;IND;PHL;RUS;ZAF;SUR;THA/indicator/SM.POP.TOTL?format=json&date=2010:2022&per_page=200,"UN estimate (not annual); mid-year benchmark year only; retrieved from World Bank mirror of UN DESA International Migrant Stock, accessed 2026-08",yes,nonoecd_stock.csv
Thailand,THA,2018,foreign_nationals,4898461,IOM / United Nations Thailand - Thailand Migration Report 2019 (Table 1.1 Estimated non-Thai population in Thailand),https://thailand.un.org/en/download/13750/50831,"Expert estimate compiled from Ministry of Labour / Department of Employment registration and immigration records, as of November 2018 (nearest available benchmark to 2021, no comparable in-range 2021 figure published); comprises low-skilled migrant workers 3897598 (MOU work permits 850302, permits registered in Thailand 2214298, seasonal 21561, irregular 811437), professional/skilled 112834, temporary stay 150707, special-law workers 49403, tertiary students 31571, ethnic minorities and hill tribes 66483, stateless persons 486440, refugees and asylum seekers 103425; the last two groups are not foreign nationals in the strict sense, so this over-states the resident foreign-citizen stock",yes,nonoecd_stock.csv
Thailand,THA,2010,population,68579447,"World Bank, World Development Indicators (SP.POP.TOTL), sourced from UN World Population Prospects and national statistical offices",https://api.worldbank.org/v2/country/all/indicator/SP.POP.TOTL,"Total resident population, mid-year estimate. Retrieved via World Bank API, August 2026.",yes,worldbank_api
Thailand,THA,2011,population,69007208,"World Bank, World Development Indicators (SP.POP.TOTL), sourced from UN World Population Prospects and national statistical offices",https://api.worldbank.org/v2/country/all/indicator/SP.POP.TOTL,"Total resident population, mid-year estimate. Retrieved via World Bank API, August 2026.",yes,worldbank_api
Thailand,THA,2012,population,69436098,"World Bank, World Development Indicators (SP.POP.TOTL), sourced from UN World Population Prospects and national statistical offices",https://api.worldbank.org/v2/country/all/indicator/SP.POP.TOTL,"Total resident population, mid-year estimate. Retrieved via World Bank API, August 2026.",yes,worldbank_api
Thailand,THA,2013,population,69845114,"World Bank, World Development Indicators (SP.POP.TOTL), sourced from UN World Population Prospects and national statistical offices",https://api.worldbank.org/v2/country/all/indicator/SP.POP.TOTL,"Total resident population, mid-year estimate. Retrieved via World Bank API, August 2026.",yes,worldbank_api
Thailand,THA,2014,population,70216367,"World Bank, World Development Indicators (SP.POP.TOTL), sourced from UN World Population Prospects and national statistical offices",https://api.worldbank.org/v2/country/all/indicator/SP.POP.TOTL,"Total resident population, mid-year estimate. Retrieved via World Bank API, August 2026.",yes,worldbank_api
Thailand,THA,2015,population,70540795,"World Bank, World Development Indicators (SP.POP.TOTL), sourced from UN World Population Prospects and national statistical offices",https://api.worldbank.org/v2/country/all/indicator/SP.POP.TOTL,"Total resident population, mid-year estimate. Retrieved via World Bank API, August 2026.",yes,worldbank_api
Thailand,THA,2016,population,70859841,"World Bank, World Development Indicators (SP.POP.TOTL), sourced from UN World Population Prospects and national statistical offices",https://api.worldbank.org/v2/country/all/indicator/SP.POP.TOTL,"Total resident population, mid-year estimate. Retrieved via World Bank API, August 2026.",yes,worldbank_api
Thailand,THA,2017,population,71160187,"World Bank, World Development Indicators (SP.POP.TOTL), sourced from UN World Population Prospects and national statistical offices",https://api.worldbank.org/v2/country/all/indicator/SP.POP.TOTL,"Total resident population, mid-year estimate. Retrieved via World Bank API, August 2026.",yes,worldbank_api
Thailand,THA,2018,population,71376079,"World Bank, World Development Indicators (SP.POP.TOTL), sourced from UN World Population Prospects and national statistical offices",https://api.worldbank.org/v2/country/all/indicator/SP.POP.TOTL,"Total resident population, mid-year estimate. Retrieved via World Bank API, August 2026.",yes,worldbank_api
Thailand,THA,2019,population,71522271,"World Bank, World Development Indicators (SP.POP.TOTL), sourced from UN World Population Prospects and national statistical offices",https://api.worldbank.org/v2/country/all/indicator/SP.POP.TOTL,"Total resident population, mid-year estimate. Retrieved via World Bank API, August 2026.",yes,worldbank_api
Thailand,THA,2020,population,71641484,"World Bank, World Development Indicators (SP.POP.TOTL), sourced from UN World Population Prospects and national statistical offices",https://api.worldbank.org/v2/country/all/indicator/SP.POP.TOTL,"Total resident population, mid-year estimate. Retrieved via World Bank API, August 2026.",yes,worldbank_api
Thailand,THA,2021,population,71727332,"World Bank, World Development Indicators (SP.POP.TOTL), sourced from UN World Population Prospects and national statistical offices",https://api.worldbank.org/v2/country/all/indicator/SP.POP.TOTL,"Total resident population, mid-year estimate. Retrieved via World Bank API, August 2026.",yes,worldbank_api
Thailand,THA,2022,population,71735329,"World Bank, World Development Indicators (SP.POP.TOTL), sourced from UN World Population Prospects and national statistical offices",https://api.worldbank.org/v2/country/all/indicator/SP.POP.TOTL,"Total resident population, mid-year estimate. Retrieved via World Bank API, August 2026.",yes,worldbank_api
Turkey,TUR,2014,foreign_born,1459775,"OECD International Migration Database (stocks of foreign-born population, measure B14)","https://sdmx.oecd.org/public/rest/data/OECD.ELS.IMD,DSD_MIG_F@DF_MIG_POPF,1.0/TUR.W.A.B14._T._Z._Z.PS?startPeriod=2010&endPeriod=2022&format=jsondata&dimensionAtObservation=AllDimensions","Foreign-born population, OECD IMD series sourced from TurkStat address-based registration. CAUTION - CORRECTED NOTE: an earlier note asserted this series includes Syrians under temporary protection. Comparison against UN DESA International Migrant Stock 2024 contradicts that: UN DESA reports 6,580,295 for Turkey in 2020 against 2,609,982 here, and the ~4.0 million gap is close to the number of Syrians under temporary protection at that date. The treatment of Syrians is therefore unresolved and Turkey should be verified against TurkStat directly before use. Turkey's foreign_nationals series definitely excludes them.",yes,noneu_stock.csv
Turkey,TUR,2015,foreign_born,1592437,"OECD International Migration Database (stocks of foreign-born population, measure B14)","https://sdmx.oecd.org/public/rest/data/OECD.ELS.IMD,DSD_MIG_F@DF_MIG_POPF,1.0/TUR.W.A.B14._T._Z._Z.PS?startPeriod=2010&endPeriod=2022&format=jsondata&dimensionAtObservation=AllDimensions","Foreign-born population, OECD IMD series sourced from TurkStat address-based registration. CAUTION - CORRECTED NOTE: an earlier note asserted this series includes Syrians under temporary protection. Comparison against UN DESA International Migrant Stock 2024 contradicts that: UN DESA reports 6,580,295 for Turkey in 2020 against 2,609,982 here, and the ~4.0 million gap is close to the number of Syrians under temporary protection at that date. The treatment of Syrians is therefore unresolved and Turkey should be verified against TurkStat directly before use. Turkey's foreign_nationals series definitely excludes them.",yes,noneu_stock.csv
Turkey,TUR,2016,foreign_born,1777290,"OECD International Migration Database (stocks of foreign-born population, measure B14)","https://sdmx.oecd.org/public/rest/data/OECD.ELS.IMD,DSD_MIG_F@DF_MIG_POPF,1.0/TUR.W.A.B14._T._Z._Z.PS?startPeriod=2010&endPeriod=2022&format=jsondata&dimensionAtObservation=AllDimensions","Foreign-born population, OECD IMD series sourced from TurkStat address-based registration. CAUTION - CORRECTED NOTE: an earlier note asserted this series includes Syrians under temporary protection. Comparison against UN DESA International Migrant Stock 2024 contradicts that: UN DESA reports 6,580,295 for Turkey in 2020 against 2,609,982 here, and the ~4.0 million gap is close to the number of Syrians under temporary protection at that date. The treatment of Syrians is therefore unresolved and Turkey should be verified against TurkStat directly before use. Turkey's foreign_nationals series definitely excludes them.",yes,noneu_stock.csv
Turkey,TUR,2017,foreign_born,1923894,"OECD International Migration Database (stocks of foreign-born population, measure B14)","https://sdmx.oecd.org/public/rest/data/OECD.ELS.IMD,DSD_MIG_F@DF_MIG_POPF,1.0/TUR.W.A.B14._T._Z._Z.PS?startPeriod=2010&endPeriod=2022&format=jsondata&dimensionAtObservation=AllDimensions","Foreign-born population, OECD IMD series sourced from TurkStat address-based registration. CAUTION - CORRECTED NOTE: an earlier note asserted this series includes Syrians under temporary protection. Comparison against UN DESA International Migrant Stock 2024 contradicts that: UN DESA reports 6,580,295 for Turkey in 2020 against 2,609,982 here, and the ~4.0 million gap is close to the number of Syrians under temporary protection at that date. The treatment of Syrians is therefore unresolved and Turkey should be verified against TurkStat directly before use. Turkey's foreign_nationals series definitely excludes them.",yes,noneu_stock.csv
Turkey,TUR,2018,foreign_born,2278490,"OECD International Migration Database (stocks of foreign-born population, measure B14)","https://sdmx.oecd.org/public/rest/data/OECD.ELS.IMD,DSD_MIG_F@DF_MIG_POPF,1.0/TUR.W.A.B14._T._Z._Z.PS?startPeriod=2010&endPeriod=2022&format=jsondata&dimensionAtObservation=AllDimensions","Foreign-born population, OECD IMD series sourced from TurkStat address-based registration. CAUTION - CORRECTED NOTE: an earlier note asserted this series includes Syrians under temporary protection. Comparison against UN DESA International Migrant Stock 2024 contradicts that: UN DESA reports 6,580,295 for Turkey in 2020 against 2,609,982 here, and the ~4.0 million gap is close to the number of Syrians under temporary protection at that date. The treatment of Syrians is therefore unresolved and Turkey should be verified against TurkStat directly before use. Turkey's foreign_nationals series definitely excludes them.",yes,noneu_stock.csv
Turkey,TUR,2019,foreign_born,2668594,"OECD International Migration Database (stocks of foreign-born population, measure B14)","https://sdmx.oecd.org/public/rest/data/OECD.ELS.IMD,DSD_MIG_F@DF_MIG_POPF,1.0/TUR.W.A.B14._T._Z._Z.PS?startPeriod=2010&endPeriod=2022&format=jsondata&dimensionAtObservation=AllDimensions","Foreign-born population, OECD IMD series sourced from TurkStat address-based registration. CAUTION - CORRECTED NOTE: an earlier note asserted this series includes Syrians under temporary protection. Comparison against UN DESA International Migrant Stock 2024 contradicts that: UN DESA reports 6,580,295 for Turkey in 2020 against 2,609,982 here, and the ~4.0 million gap is close to the number of Syrians under temporary protection at that date. The treatment of Syrians is therefore unresolved and Turkey should be verified against TurkStat directly before use. Turkey's foreign_nationals series definitely excludes them.",yes,noneu_stock.csv
Turkey,TUR,2020,foreign_born,2609982,"OECD International Migration Database (stocks of foreign-born population, measure B14)","https://sdmx.oecd.org/public/rest/data/OECD.ELS.IMD,DSD_MIG_F@DF_MIG_POPF,1.0/TUR.W.A.B14._T._Z._Z.PS?startPeriod=2010&endPeriod=2022&format=jsondata&dimensionAtObservation=AllDimensions","Foreign-born population, OECD IMD series sourced from TurkStat address-based registration. CAUTION - CORRECTED NOTE: an earlier note asserted this series includes Syrians under temporary protection. Comparison against UN DESA International Migrant Stock 2024 contradicts that: UN DESA reports 6,580,295 for Turkey in 2020 against 2,609,982 here, and the ~4.0 million gap is close to the number of Syrians under temporary protection at that date. The treatment of Syrians is therefore unresolved and Turkey should be verified against TurkStat directly before use. Turkey's foreign_nationals series definitely excludes them.",yes,noneu_stock.csv
Turkey,TUR,2021,foreign_born,3141351,"OECD International Migration Database (stocks of foreign-born population, measure B14)","https://sdmx.oecd.org/public/rest/data/OECD.ELS.IMD,DSD_MIG_F@DF_MIG_POPF,1.0/TUR.W.A.B14._T._Z._Z.PS?startPeriod=2010&endPeriod=2022&format=jsondata&dimensionAtObservation=AllDimensions","Foreign-born population, OECD IMD series sourced from TurkStat address-based registration. CAUTION - CORRECTED NOTE: an earlier note asserted this series includes Syrians under temporary protection. Comparison against UN DESA International Migrant Stock 2024 contradicts that: UN DESA reports 6,580,295 for Turkey in 2020 against 2,609,982 here, and the ~4.0 million gap is close to the number of Syrians under temporary protection at that date. The treatment of Syrians is therefore unresolved and Turkey should be verified against TurkStat directly before use. Turkey's foreign_nationals series definitely excludes them.",yes,noneu_stock.csv
Turkey,TUR,2022,foreign_born,3242683,"OECD International Migration Database (stocks of foreign-born population, measure B14)","https://sdmx.oecd.org/public/rest/data/OECD.ELS.IMD,DSD_MIG_F@DF_MIG_POPF,1.0/TUR.W.A.B14._T._Z._Z.PS?startPeriod=2010&endPeriod=2022&format=jsondata&dimensionAtObservation=AllDimensions","Foreign-born population, OECD IMD series sourced from TurkStat address-based registration. CAUTION - CORRECTED NOTE: an earlier note asserted this series includes Syrians under temporary protection. Comparison against UN DESA International Migrant Stock 2024 contradicts that: UN DESA reports 6,580,295 for Turkey in 2020 against 2,609,982 here, and the ~4.0 million gap is close to the number of Syrians under temporary protection at that date. The treatment of Syrians is therefore unresolved and Turkey should be verified against TurkStat directly before use. Turkey's foreign_nationals series definitely excludes them.",yes,noneu_stock.csv
Turkey,TUR,2010,foreign_nationals,167344,"OECD International Migration Database (stocks of foreign population, measure B15)","https://sdmx.oecd.org/public/rest/data/OECD.ELS.IMD,DSD_MIG@DF_MIG,1.0/TUR.W.A.B15._T._Z._Z.PS?startPeriod=2010&endPeriod=2022&format=jsondata&dimensionAtObservation=AllDimensions","Foreign nationals registered in the Address Based Population Registration System (ABPRS/ADNKS), TurkStat, as compiled by OECD IMD. Reference date 31 December. EXCLUDES Syrians under temporary protection, who are registered separately (approx. 3.6 million in 2021).",yes,noneu_stock.csv
Turkey,TUR,2011,foreign_nationals,190531,"OECD International Migration Database (stocks of foreign population, measure B15)","https://sdmx.oecd.org/public/rest/data/OECD.ELS.IMD,DSD_MIG@DF_MIG,1.0/TUR.W.A.B15._T._Z._Z.PS?startPeriod=2010&endPeriod=2022&format=jsondata&dimensionAtObservation=AllDimensions","Foreign nationals registered in the Address Based Population Registration System (ABPRS/ADNKS), TurkStat, as compiled by OECD IMD. Reference date 31 December. EXCLUDES Syrians under temporary protection, who are registered separately (approx. 3.6 million in 2021).",yes,noneu_stock.csv
Turkey,TUR,2012,foreign_nationals,242128,"OECD International Migration Database (stocks of foreign population, measure B15)","https://sdmx.oecd.org/public/rest/data/OECD.ELS.IMD,DSD_MIG@DF_MIG,1.0/TUR.W.A.B15._T._Z._Z.PS?startPeriod=2010&endPeriod=2022&format=jsondata&dimensionAtObservation=AllDimensions","Foreign nationals registered in the Address Based Population Registration System (ABPRS/ADNKS), TurkStat, as compiled by OECD IMD. Reference date 31 December. EXCLUDES Syrians under temporary protection, who are registered separately (approx. 3.6 million in 2021).",yes,noneu_stock.csv
Turkey,TUR,2013,foreign_nationals,278664,"OECD International Migration Database (stocks of foreign population, measure B15)","https://sdmx.oecd.org/public/rest/data/OECD.ELS.IMD,DSD_MIG@DF_MIG,1.0/TUR.W.A.B15._T._Z._Z.PS?startPeriod=2010&endPeriod=2022&format=jsondata&dimensionAtObservation=AllDimensions","Foreign nationals registered in the Address Based Population Registration System (ABPRS/ADNKS), TurkStat, as compiled by OECD IMD. Reference date 31 December. EXCLUDES Syrians under temporary protection, who are registered separately (approx. 3.6 million in 2021).",yes,noneu_stock.csv
Turkey,TUR,2014,foreign_nationals,456506,"OECD International Migration Database (stocks of foreign population, measure B15)","https://sdmx.oecd.org/public/rest/data/OECD.ELS.IMD,DSD_MIG@DF_MIG,1.0/TUR.W.A.B15._T._Z._Z.PS?startPeriod=2010&endPeriod=2022&format=jsondata&dimensionAtObservation=AllDimensions","Foreign nationals registered in the Address Based Population Registration System (ABPRS/ADNKS), TurkStat, as compiled by OECD IMD. Reference date 31 December. EXCLUDES Syrians under temporary protection, who are registered separately (approx. 3.6 million in 2021).",yes,noneu_stock.csv
Turkey,TUR,2015,foreign_nationals,518279,"OECD International Migration Database (stocks of foreign population, measure B15)","https://sdmx.oecd.org/public/rest/data/OECD.ELS.IMD,DSD_MIG@DF_MIG,1.0/TUR.W.A.B15._T._Z._Z.PS?startPeriod=2010&endPeriod=2022&format=jsondata&dimensionAtObservation=AllDimensions","Foreign nationals registered in the Address Based Population Registration System (ABPRS/ADNKS), TurkStat, as compiled by OECD IMD. Reference date 31 December. EXCLUDES Syrians under temporary protection, who are registered separately (approx. 3.6 million in 2021).",yes,noneu_stock.csv
Turkey,TUR,2016,foreign_nationals,650308,"OECD International Migration Database (stocks of foreign population, measure B15)","https://sdmx.oecd.org/public/rest/data/OECD.ELS.IMD,DSD_MIG@DF_MIG,1.0/TUR.W.A.B15._T._Z._Z.PS?startPeriod=2010&endPeriod=2022&format=jsondata&dimensionAtObservation=AllDimensions","Foreign nationals registered in the Address Based Population Registration System (ABPRS/ADNKS), TurkStat, as compiled by OECD IMD. Reference date 31 December. EXCLUDES Syrians under temporary protection, who are registered separately (approx. 3.6 million in 2021).",yes,noneu_stock.csv
Turkey,TUR,2017,foreign_nationals,816410,"OECD International Migration Database (stocks of foreign population, measure B15)","https://sdmx.oecd.org/public/rest/data/OECD.ELS.IMD,DSD_MIG@DF_MIG,1.0/TUR.W.A.B15._T._Z._Z.PS?startPeriod=2010&endPeriod=2022&format=jsondata&dimensionAtObservation=AllDimensions","Foreign nationals registered in the Address Based Population Registration System (ABPRS/ADNKS), TurkStat, as compiled by OECD IMD. Reference date 31 December. EXCLUDES Syrians under temporary protection, who are registered separately (approx. 3.6 million in 2021).",yes,noneu_stock.csv
Turkey,TUR,2018,foreign_nationals,919061,"OECD International Migration Database (stocks of foreign population, measure B15)","https://sdmx.oecd.org/public/rest/data/OECD.ELS.IMD,DSD_MIG@DF_MIG,1.0/TUR.W.A.B15._T._Z._Z.PS?startPeriod=2010&endPeriod=2022&format=jsondata&dimensionAtObservation=AllDimensions","Foreign nationals registered in the Address Based Population Registration System (ABPRS/ADNKS), TurkStat, as compiled by OECD IMD. Reference date 31 December. EXCLUDES Syrians under temporary protection, who are registered separately (approx. 3.6 million in 2021).",yes,noneu_stock.csv
Turkey,TUR,2019,foreign_nationals,1211034,"OECD International Migration Database (stocks of foreign population, measure B15)","https://sdmx.oecd.org/public/rest/data/OECD.ELS.IMD,DSD_MIG@DF_MIG,1.0/TUR.W.A.B15._T._Z._Z.PS?startPeriod=2010&endPeriod=2022&format=jsondata&dimensionAtObservation=AllDimensions","Foreign nationals registered in the Address Based Population Registration System (ABPRS/ADNKS), TurkStat, as compiled by OECD IMD. Reference date 31 December. EXCLUDES Syrians under temporary protection, who are registered separately (approx. 3.6 million in 2021).",yes,noneu_stock.csv
Turkey,TUR,2020,foreign_nationals,1531180,"OECD International Migration Database (stocks of foreign population, measure B15)","https://sdmx.oecd.org/public/rest/data/OECD.ELS.IMD,DSD_MIG@DF_MIG,1.0/TUR.W.A.B15._T._Z._Z.PS?startPeriod=2010&endPeriod=2022&format=jsondata&dimensionAtObservation=AllDimensions","Foreign nationals registered in the Address Based Population Registration System (ABPRS/ADNKS), TurkStat, as compiled by OECD IMD. Reference date 31 December. EXCLUDES Syrians under temporary protection, who are registered separately (approx. 3.6 million in 2021).",yes,noneu_stock.csv
Turkey,TUR,2021,foreign_nationals,1792036,"OECD International Migration Database (stocks of foreign population, measure B15)","https://sdmx.oecd.org/public/rest/data/OECD.ELS.IMD,DSD_MIG@DF_MIG,1.0/TUR.W.A.B15._T._Z._Z.PS?startPeriod=2010&endPeriod=2022&format=jsondata&dimensionAtObservation=AllDimensions","Foreign nationals registered in the Address Based Population Registration System (ABPRS/ADNKS), TurkStat, as compiled by OECD IMD. Reference date 31 December. EXCLUDES Syrians under temporary protection, who are registered separately (approx. 3.6 million in 2021).",yes,noneu_stock.csv
Turkey,TUR,2022,foreign_nationals,1823836,"OECD International Migration Database (stocks of foreign population, measure B15)","https://sdmx.oecd.org/public/rest/data/OECD.ELS.IMD,DSD_MIG@DF_MIG,1.0/TUR.W.A.B15._T._Z._Z.PS?startPeriod=2010&endPeriod=2022&format=jsondata&dimensionAtObservation=AllDimensions","Foreign nationals registered in the Address Based Population Registration System (ABPRS/ADNKS), TurkStat, as compiled by OECD IMD. Reference date 31 December. EXCLUDES Syrians under temporary protection, who are registered separately (approx. 3.6 million in 2021).",yes,noneu_stock.csv
Turkey,TUR,2010,irregular_proxy_detections,32667,Presidency of Migration Management / Goc Idaresi Baskanligi (GIB) figures reported by Demiroren Haber Ajansi (DHA),https://www.dha.com.tr/gundem/guzel-yasam-icin-hedef-ulke-turkiyede-20-yilda-2-6-milyon-duzensiz-gocmen-yakalandi-2478884,"ENFORCEMENT/TRANSIT FLOW, not a stock: number of irregular migrants apprehended during calendar year 2010. Administrative apprehension count published by DGMM/PMM. Syrians under temporary protection are excluded from this series. goc.gov.tr publishes the series only as images; value read from DHA reporting quoting GIB verbatim ('en az yakalandigi yil 32 bin 667 ile 2010 oldu').",yes,irregular_row_fill2.csv
Turkey,TUR,2014,irregular_proxy_detections,58647,Presidency of Migration Management / Goc Idaresi Baskanligi (GIB) figures reported by Demiroren Haber Ajansi (DHA),https://www.dha.com.tr/gundem/guzel-yasam-icin-hedef-ulke-turkiyede-20-yilda-2-6-milyon-duzensiz-gocmen-yakalandi-2478884,"ENFORCEMENT/TRANSIT FLOW, not a stock: irregular migrants apprehended during calendar year 2014. Administrative apprehension count published by DGMM/PMM. Syrians under temporary protection excluded. Verbatim: '2014te 58 bin 647 duzensiz gocmen yakalanirken'.",yes,irregular_row_fill2.csv
Turkey,TUR,2015,irregular_proxy_detections,146485,Presidency of Migration Management / Goc Idaresi Baskanligi (GIB) figures reported by Demiroren Haber Ajansi (DHA),https://www.dha.com.tr/gundem/guzel-yasam-icin-hedef-ulke-turkiyede-20-yilda-2-6-milyon-duzensiz-gocmen-yakalandi-2478884,"ENFORCEMENT/TRANSIT FLOW, not a stock: irregular migrants apprehended during calendar year 2015. Administrative apprehension count published by DGMM/PMM. Syrians under temporary protection excluded.",yes,irregular_row_fill2.csv
Turkey,TUR,2018,irregular_proxy_detections,268003,Presidency of Migration Management / Goc Idaresi Baskanligi (GIB) figures reported by Demiroren Haber Ajansi (DHA),https://www.dha.com.tr/gundem/guzel-yasam-icin-hedef-ulke-turkiyede-20-yilda-2-6-milyon-duzensiz-gocmen-yakalandi-2478884,"ENFORCEMENT/TRANSIT FLOW, not a stock: irregular migrants apprehended during calendar year 2018. Administrative apprehension count published by DGMM/PMM. Syrians under temporary protection excluded.",yes,irregular_row_fill2.csv
Turkey,TUR,2019,irregular_proxy_detections,454662,Presidency of Migration Management / Goc Idaresi Baskanligi (GIB) figures reported by Demiroren Haber Ajansi (DHA),https://www.dha.com.tr/gundem/guzel-yasam-icin-hedef-ulke-turkiyede-20-yilda-2-6-milyon-duzensiz-gocmen-yakalandi-2478884,"ENFORCEMENT/TRANSIT FLOW, not a stock: irregular migrants apprehended during calendar year 2019 (peak year on record). Administrative apprehension count published by DGMM/PMM. Syrians under temporary protection excluded. Independently corroborated at 454,662 by AIDA/ECRE country report on Turkiye citing PMM.",yes,irregular_row_fill2.csv
Turkey,TUR,2020,irregular_proxy_detections,122302,Presidency of Migration Management / Goc Idaresi Baskanligi (GIB) figures reported by Demiroren Haber Ajansi (DHA),https://www.dha.com.tr/gundem/guzel-yasam-icin-hedef-ulke-turkiyede-20-yilda-2-6-milyon-duzensiz-gocmen-yakalandi-2478884,"ENFORCEMENT/TRANSIT FLOW, not a stock: irregular migrants apprehended during calendar year 2020 (COVID-19 border closures). Administrative apprehension count published by DGMM/PMM. Syrians under temporary protection excluded.",yes,irregular_row_fill2.csv
Turkey,TUR,2021,irregular_proxy_detections,162996,Presidency of Migration Management / Goc Idaresi Baskanligi (GIB) data tabulated in Turkiye'nin Duzensiz Gocle Mucadele Stratejisine Iliskin Bir Degerlendirme (DergiPark),https://dergipark.org.tr/tr/download/article-file/3843070,"ENFORCEMENT/TRANSIT FLOW, not a stock: irregular migrants apprehended during calendar year 2021. Administrative apprehension count published by DGMM/PMM (cited as GIB 2024h). Syrians under temporary protection excluded. Same value also appears in the AYBU-GPM Turkiye Goc ve Insan Hareketlilikleri Yillik Raporu 2021. The adjacent values in this source for 2019, 2020, 2022 and 2023 match the DGMM figures exactly, which anchors the 2021 reading.",yes,irregular_row_fill2.csv
Turkey,TUR,2022,irregular_proxy_detections,285027,Presidency of Migration Management / Goc Idaresi Baskanligi (GIB) figures reported by Demiroren Haber Ajansi (DHA),https://www.dha.com.tr/gundem/guzel-yasam-icin-hedef-ulke-turkiyede-20-yilda-2-6-milyon-duzensiz-gocmen-yakalandi-2478884,"ENFORCEMENT/TRANSIT FLOW, not a stock: irregular migrants apprehended during calendar year 2022. Administrative apprehension count published by DGMM/PMM. Syrians under temporary protection excluded. Verbatim: '2022de 285 bin 27'.",yes,irregular_row_fill2.csv
Turkey,TUR,2010,population,73142150,"World Bank, World Development Indicators (SP.POP.TOTL), sourced from UN World Population Prospects and national statistical offices",https://api.worldbank.org/v2/country/all/indicator/SP.POP.TOTL,"Total resident population, mid-year estimate. Retrieved via World Bank API, August 2026.",yes,worldbank_api
Turkey,TUR,2011,population,74223629,"World Bank, World Development Indicators (SP.POP.TOTL), sourced from UN World Population Prospects and national statistical offices",https://api.worldbank.org/v2/country/all/indicator/SP.POP.TOTL,"Total resident population, mid-year estimate. Retrieved via World Bank API, August 2026.",yes,worldbank_api
Turkey,TUR,2012,population,75175827,"World Bank, World Development Indicators (SP.POP.TOTL), sourced from UN World Population Prospects and national statistical offices",https://api.worldbank.org/v2/country/all/indicator/SP.POP.TOTL,"Total resident population, mid-year estimate. Retrieved via World Bank API, August 2026.",yes,worldbank_api
Turkey,TUR,2013,population,76147624,"World Bank, World Development Indicators (SP.POP.TOTL), sourced from UN World Population Prospects and national statistical offices",https://api.worldbank.org/v2/country/all/indicator/SP.POP.TOTL,"Total resident population, mid-year estimate. Retrieved via World Bank API, August 2026.",yes,worldbank_api
Turkey,TUR,2014,population,77181884,"World Bank, World Development Indicators (SP.POP.TOTL), sourced from UN World Population Prospects and national statistical offices",https://api.worldbank.org/v2/country/all/indicator/SP.POP.TOTL,"Total resident population, mid-year estimate. Retrieved via World Bank API, August 2026.",yes,worldbank_api
Turkey,TUR,2015,population,78218479,"World Bank, World Development Indicators (SP.POP.TOTL), sourced from UN World Population Prospects and national statistical offices",https://api.worldbank.org/v2/country/all/indicator/SP.POP.TOTL,"Total resident population, mid-year estimate. Retrieved via World Bank API, August 2026.",yes,worldbank_api
Turkey,TUR,2016,population,79277962,"World Bank, World Development Indicators (SP.POP.TOTL), sourced from UN World Population Prospects and national statistical offices",https://api.worldbank.org/v2/country/all/indicator/SP.POP.TOTL,"Total resident population, mid-year estimate. Retrieved via World Bank API, August 2026.",yes,worldbank_api
Turkey,TUR,2017,population,80312698,"World Bank, World Development Indicators (SP.POP.TOTL), sourced from UN World Population Prospects and national statistical offices",https://api.worldbank.org/v2/country/all/indicator/SP.POP.TOTL,"Total resident population, mid-year estimate. Retrieved via World Bank API, August 2026.",yes,worldbank_api
Turkey,TUR,2018,population,81407204,"World Bank, World Development Indicators (SP.POP.TOTL), sourced from UN World Population Prospects and national statistical offices",https://api.worldbank.org/v2/country/all/indicator/SP.POP.TOTL,"Total resident population, mid-year estimate. Retrieved via World Bank API, August 2026.",yes,worldbank_api
Turkey,TUR,2019,population,82579440,"World Bank, World Development Indicators (SP.POP.TOTL), sourced from UN World Population Prospects and national statistical offices",https://api.worldbank.org/v2/country/all/indicator/SP.POP.TOTL,"Total resident population, mid-year estimate. Retrieved via World Bank API, August 2026.",yes,worldbank_api
Turkey,TUR,2020,population,83384680,"World Bank, World Development Indicators (SP.POP.TOTL), sourced from UN World Population Prospects and national statistical offices",https://api.worldbank.org/v2/country/all/indicator/SP.POP.TOTL,"Total resident population, mid-year estimate. Retrieved via World Bank API, August 2026.",yes,worldbank_api
Turkey,TUR,2021,population,84147318,"World Bank, World Development Indicators (SP.POP.TOTL), sourced from UN World Population Prospects and national statistical offices",https://api.worldbank.org/v2/country/all/indicator/SP.POP.TOTL,"Total resident population, mid-year estimate. Retrieved via World Bank API, August 2026.",yes,worldbank_api
Turkey,TUR,2022,population,84979913,"World Bank, World Development Indicators (SP.POP.TOTL), sourced from UN World Population Prospects and national statistical offices",https://api.worldbank.org/v2/country/all/indicator/SP.POP.TOTL,"Total resident population, mid-year estimate. Retrieved via World Bank API, August 2026.",yes,worldbank_api
Taiwan,TWN,2012,foreign_nationals,483921,"Taiwan Ministry of the Interior, Department of Statistics (內政統計通報), foreign residents 外僑居留人數",https://ws.moi.gov.tw/Download.ashx?u=LzAwMS9VcGxvYWQvNDAwL3JlbGZpbGUvMC8xNjA3NS8yZTk5ODk4OC05MTI4LTQ3Y2MtYTUwZi0yZjIwNzkzODk4ZDUucGRm&n=Mi7lpJbnsY3kurrlo6sucGRm&icon=.pdf,"Foreign residents holding a valid resident certificate (外僑居留人數), year-end 31 December. INCLUDES migrant workers (移工), who are roughly 75-84% of the total. EXCLUDES people from Mainland China, Hong Kong and Macau (including Mainland Chinese spouses 陸配), who are counted separately. Series on this basis begins in 2012; 2010 and 2011 are not available on a comparable basis.",yes,noneu_stock.csv
Taiwan,TWN,2013,foreign_nationals,525109,"Taiwan Ministry of the Interior, Department of Statistics (內政統計通報), foreign residents 外僑居留人數",https://ws.moi.gov.tw/Download.ashx?u=LzAwMS9VcGxvYWQvNDAwL3JlbGZpbGUvMC8xNjA3NS8yZTk5ODk4OC05MTI4LTQ3Y2MtYTUwZi0yZjIwNzkzODk4ZDUucGRm&n=Mi7lpJbnsY3kurrlo6sucGRm&icon=.pdf,"Foreign residents holding a valid resident certificate (外僑居留人數), year-end 31 December. INCLUDES migrant workers (移工), who are roughly 75-84% of the total. EXCLUDES people from Mainland China, Hong Kong and Macau (including Mainland Chinese spouses 陸配), who are counted separately. Series on this basis begins in 2012; 2010 and 2011 are not available on a comparable basis.",yes,noneu_stock.csv
Taiwan,TWN,2014,foreign_nationals,629633,"Taiwan Ministry of the Interior, Department of Statistics (內政統計通報), foreign residents 外僑居留人數",https://ws.moi.gov.tw/Download.ashx?u=LzAwMS9VcGxvYWQvNDAwL3JlbGZpbGUvMC8xNjA3NS8yZTk5ODk4OC05MTI4LTQ3Y2MtYTUwZi0yZjIwNzkzODk4ZDUucGRm&n=Mi7lpJbnsY3kurrlo6sucGRm&icon=.pdf,"Foreign residents holding a valid resident certificate (外僑居留人數), year-end 31 December. INCLUDES migrant workers (移工), who are roughly 75-84% of the total. EXCLUDES people from Mainland China, Hong Kong and Macau (including Mainland Chinese spouses 陸配), who are counted separately. Series on this basis begins in 2012; 2010 and 2011 are not available on a comparable basis.",yes,noneu_stock.csv
Taiwan,TWN,2015,foreign_nationals,637843,"Taiwan Ministry of the Interior, Department of Statistics (內政統計通報), foreign residents 外僑居留人數",https://ws.moi.gov.tw/Download.ashx?u=LzAwMS9VcGxvYWQvNDAwL3JlbGZpbGUvMC8xNjA3NS8yZTk5ODk4OC05MTI4LTQ3Y2MtYTUwZi0yZjIwNzkzODk4ZDUucGRm&n=Mi7lpJbnsY3kurrlo6sucGRm&icon=.pdf,"Foreign residents holding a valid resident certificate (外僑居留人數), year-end 31 December. INCLUDES migrant workers (移工), who are roughly 75-84% of the total. EXCLUDES people from Mainland China, Hong Kong and Macau (including Mainland Chinese spouses 陸配), who are counted separately. Series on this basis begins in 2012; 2010 and 2011 are not available on a comparable basis.",yes,noneu_stock.csv
Taiwan,TWN,2016,foreign_nationals,671375,"Taiwan Ministry of the Interior, Department of Statistics (內政統計通報), foreign residents 外僑居留人數",https://ws.moi.gov.tw/Download.ashx?u=LzAwMS9VcGxvYWQvNDAwL3JlbGZpbGUvMC8xNjA3NS8yZTk5ODk4OC05MTI4LTQ3Y2MtYTUwZi0yZjIwNzkzODk4ZDUucGRm&n=Mi7lpJbnsY3kurrlo6sucGRm&icon=.pdf,"Foreign residents holding a valid resident certificate (外僑居留人數), year-end 31 December. INCLUDES migrant workers (移工), who are roughly 75-84% of the total. EXCLUDES people from Mainland China, Hong Kong and Macau (including Mainland Chinese spouses 陸配), who are counted separately. Series on this basis begins in 2012; 2010 and 2011 are not available on a comparable basis.",yes,noneu_stock.csv
Taiwan,TWN,2017,foreign_nationals,717736,"Taiwan Ministry of the Interior, Department of Statistics (內政統計通報), foreign residents 外僑居留人數",https://ws.moi.gov.tw/Download.ashx?u=LzAwMS9VcGxvYWQvNDAwL3JlbGZpbGUvMC8xNjA3NS8yZTk5ODk4OC05MTI4LTQ3Y2MtYTUwZi0yZjIwNzkzODk4ZDUucGRm&n=Mi7lpJbnsY3kurrlo6sucGRm&icon=.pdf,"Foreign residents holding a valid resident certificate (外僑居留人數), year-end 31 December. INCLUDES migrant workers (移工), who are roughly 75-84% of the total. EXCLUDES people from Mainland China, Hong Kong and Macau (including Mainland Chinese spouses 陸配), who are counted separately. Series on this basis begins in 2012; 2010 and 2011 are not available on a comparable basis.",yes,noneu_stock.csv
Taiwan,TWN,2018,foreign_nationals,758583,"Taiwan Ministry of the Interior, Department of Statistics (內政統計通報), foreign residents 外僑居留人數",https://ws.moi.gov.tw/Download.ashx?u=LzAwMS9VcGxvYWQvNDAwL3JlbGZpbGUvMC8xNjA3NS8yZTk5ODk4OC05MTI4LTQ3Y2MtYTUwZi0yZjIwNzkzODk4ZDUucGRm&n=Mi7lpJbnsY3kurrlo6sucGRm&icon=.pdf,"Foreign residents holding a valid resident certificate (外僑居留人數), year-end 31 December. INCLUDES migrant workers (移工), who are roughly 75-84% of the total. EXCLUDES people from Mainland China, Hong Kong and Macau (including Mainland Chinese spouses 陸配), who are counted separately. Series on this basis begins in 2012; 2010 and 2011 are not available on a comparable basis.",yes,noneu_stock.csv
Taiwan,TWN,2019,foreign_nationals,785341,"Taiwan Ministry of the Interior, Department of Statistics (內政統計通報), foreign residents 外僑居留人數",https://ws.moi.gov.tw/Download.ashx?u=LzAwMS9VcGxvYWQvNDAwL3JlbGZpbGUvMC8xNjA3NS8yZTk5ODk4OC05MTI4LTQ3Y2MtYTUwZi0yZjIwNzkzODk4ZDUucGRm&n=Mi7lpJbnsY3kurrlo6sucGRm&icon=.pdf,"Foreign residents holding a valid resident certificate (外僑居留人數), year-end 31 December. INCLUDES migrant workers (移工), who are roughly 75-84% of the total. EXCLUDES people from Mainland China, Hong Kong and Macau (including Mainland Chinese spouses 陸配), who are counted separately. Series on this basis begins in 2012; 2010 and 2011 are not available on a comparable basis.",yes,noneu_stock.csv
Taiwan,TWN,2020,foreign_nationals,797122,"Taiwan Ministry of the Interior, Department of Statistics (內政統計通報), foreign residents 外僑居留人數",https://ws.moi.gov.tw/Download.ashx?u=LzAwMS9VcGxvYWQvNDAwL3JlbGZpbGUvMC8xNjA3NS8yZTk5ODk4OC05MTI4LTQ3Y2MtYTUwZi0yZjIwNzkzODk4ZDUucGRm&n=Mi7lpJbnsY3kurrlo6sucGRm&icon=.pdf,"Foreign residents holding a valid resident certificate (外僑居留人數), year-end 31 December. INCLUDES migrant workers (移工), who are roughly 75-84% of the total. EXCLUDES people from Mainland China, Hong Kong and Macau (including Mainland Chinese spouses 陸配), who are counted separately. Series on this basis begins in 2012; 2010 and 2011 are not available on a comparable basis.",yes,noneu_stock.csv
Taiwan,TWN,2021,foreign_nationals,752900,"Taiwan Ministry of the Interior, Department of Statistics (內政統計通報), foreign residents 外僑居留人數",https://ws.moi.gov.tw/Download.ashx?u=LzAwMS9VcGxvYWQvNDAwL3JlbGZpbGUvMC8xNjA3NS8yZTk5ODk4OC05MTI4LTQ3Y2MtYTUwZi0yZjIwNzkzODk4ZDUucGRm&n=Mi7lpJbnsY3kurrlo6sucGRm&icon=.pdf,"Foreign residents holding a valid resident certificate (外僑居留人數), year-end 31 December. INCLUDES migrant workers (移工), who are roughly 75-84% of the total. EXCLUDES people from Mainland China, Hong Kong and Macau (including Mainland Chinese spouses 陸配), who are counted separately. Series on this basis begins in 2012; 2010 and 2011 are not available on a comparable basis.",yes,noneu_stock.csv
Taiwan,TWN,2022,foreign_nationals,796696,"Taiwan Ministry of the Interior, Department of Statistics (內政統計通報), foreign residents 外僑居留人數",https://ws.moi.gov.tw/Download.ashx?u=LzAwMS9VcGxvYWQvNDAwL3JlbGZpbGUvMC8yMTkxNi9jYmRkNDNlYy0wOGU0LTRjMzMtOTBjMy05MGYyOGEyZjE3NDIucGRm&n=MTE05bm056ysMTbpgLHlhafmlL%2FntbHoqIjpgJrloLFf5aSW5YOR566h55CGLnBkZg%3D%3D&icon=.pdf,"Foreign residents holding a valid resident certificate (外僑居留人數), year-end 31 December. INCLUDES migrant workers (移工), who are roughly 75-84% of the total. EXCLUDES people from Mainland China, Hong Kong and Macau (including Mainland Chinese spouses 陸配), who are counted separately. Series on this basis begins in 2012; 2010 and 2011 are not available on a comparable basis.",yes,noneu_stock.csv
Taiwan,TWN,2011,foreign_workers,425660,"Ministry of Labor (勞動部) Labour Statistics Database, monthly statistics Table 12-2 ""Foreign Workers in Taiwan by Work Responsibilities""",https://statdb.mol.gov.tw/html/mon/c12020.pdf,"Stock at year-end 31 Dec 2011 (row labelled ""End of 2011"" = 民國100年底). SUBSET, NOT THE TOTAL: migrant workers (移工) holding a valid employment permit in productive industries plus social welfare (產業及社福外籍勞工/移工) only; excludes professionals, students, spouses and other foreign residents. Read from a primary published table (PDF). Cross-checked against the same database's Table 12-3 ""Foreign Workers in Taiwan by Nationality"" (https://statdb.mol.gov.tw/html/mon/c12030.pdf), whose End-of-2011 row gives the identical 425660 and decomposes exactly: industry 227806 (27329+59824+70695+69955+3) plus social welfare 197854 (148080+23017+1068+25688+1) = 425660. Both tables start at End of 2011, so 2010 is not available from this source.",yes,gapfill_priority.csv
Taiwan,TWN,2011,irregular_proxy_overstayers,33730,"Ministry of Labor, Republic of China (Taiwan), Monthly Bulletin of Labour Statistics, Table 12-7 Status of the Missing Foreign Workers by Nationality (表 12-7 失聯移工概況—按國籍分)",https://statdb.mol.gov.tw/html/mon/212070.pdf,"absconded / missing migrant workers (失聯移工), stock at END OF YEAR 2011. Counts migrant workers whose employment permit has lapsed and who have not been located. This is the Ministry of Labor absconded-worker measure, a DIFFERENT series from the National Immigration Agency 逾期停留/逾期居留 (overstaying visit / overstaying residence) counts used for TWN 2014-2018; the two are not additive and not directly comparable.",yes,irregular_row_fill.csv
Taiwan,TWN,2012,irregular_proxy_overstayers,37177,"Ministry of Labor, Republic of China (Taiwan), Monthly Bulletin of Labour Statistics, Table 12-7 Status of the Missing Foreign Workers by Nationality (表 12-7 失聯移工概況—按國籍分)",https://statdb.mol.gov.tw/html/mon/212070.pdf,"absconded / missing migrant workers (失聯移工), stock at END OF YEAR 2012. Counts migrant workers whose employment permit has lapsed and who have not been located. This is the Ministry of Labor absconded-worker measure, a DIFFERENT series from the National Immigration Agency 逾期停留/逾期居留 (overstaying visit / overstaying residence) counts used for TWN 2014-2018; the two are not additive and not directly comparable.",yes,irregular_row_fill.csv
Taiwan,TWN,2013,irregular_proxy_overstayers,41724,"Ministry of Labor, Republic of China (Taiwan), Monthly Bulletin of Labour Statistics, Table 12-7 Status of the Missing Foreign Workers by Nationality (表 12-7 失聯移工概況—按國籍分)",https://statdb.mol.gov.tw/html/mon/212070.pdf,"absconded / missing migrant workers (失聯移工), stock at END OF YEAR 2013. Counts migrant workers whose employment permit has lapsed and who have not been located. This is the Ministry of Labor absconded-worker measure, a DIFFERENT series from the National Immigration Agency 逾期停留/逾期居留 (overstaying visit / overstaying residence) counts used for TWN 2014-2018; the two are not additive and not directly comparable.",yes,irregular_row_fill.csv
Taiwan,TWN,2014,irregular_proxy_overstayers,68998,"National Immigration Agency (內政部移民署), reported by the Legislative Yuan Budget Center",https://www.ly.gov.tw/Pages/Detail.aspx?nodeid=33580&pid=188916,Reference date 31 December 2014. Administrative register count of overstaying foreign nationals: 49265 overstaying residence (逾期居留) plus 19733 overstaying visit (逾期停留). Source is a Legislative Yuan Budget Center report (Oct 2019) reproducing NIA figures.,yes,irregular_row.csv
Taiwan,TWN,2015,irregular_proxy_overstayers,77422,"National Immigration Agency (內政部移民署), reported by the Legislative Yuan Budget Center",https://www.ly.gov.tw/Pages/Detail.aspx?nodeid=33580&pid=188916,Reference date 31 December 2015. Administrative register count of overstaying foreign nationals: 56557 overstaying residence (逾期居留) plus 20865 overstaying visit (逾期停留). Source is a Legislative Yuan Budget Center report (Oct 2019) reproducing NIA figures.,yes,irregular_row.csv
Taiwan,TWN,2016,irregular_proxy_overstayers,79392,"National Immigration Agency (內政部移民署), reported by the Legislative Yuan Budget Center",https://www.ly.gov.tw/Pages/Detail.aspx?nodeid=33580&pid=188916,Reference date 31 December 2016. Administrative register count of overstaying foreign nationals: 58700 overstaying residence (逾期居留) plus 20692 overstaying visit (逾期停留). Source is a Legislative Yuan Budget Center report (Oct 2019) reproducing NIA figures.,yes,irregular_row.csv
Taiwan,TWN,2017,irregular_proxy_overstayers,79909,"National Immigration Agency (內政部移民署), reported by the Legislative Yuan Budget Center",https://www.ly.gov.tw/Pages/Detail.aspx?nodeid=33580&pid=188916,Reference date 31 December 2017. Administrative register count of overstaying foreign nationals: 56675 overstaying residence (逾期居留) plus 23234 overstaying visit (逾期停留). Source is a Legislative Yuan Budget Center report (Oct 2019) reproducing NIA figures.,yes,irregular_row.csv
Taiwan,TWN,2018,irregular_proxy_overstayers,89965,"National Immigration Agency (內政部移民署), reported by the Legislative Yuan Budget Center",https://www.ly.gov.tw/Pages/Detail.aspx?nodeid=33580&pid=188916,Reference date 31 December 2018. Administrative register count of overstaying foreign nationals: 54681 overstaying residence (逾期居留) plus 35284 overstaying visit (逾期停留). Source is a Legislative Yuan Budget Center report (Oct 2019) reproducing NIA figures.,yes,irregular_row.csv
Taiwan,TWN,2019,irregular_proxy_overstayers,48491,"Ministry of Labor, Republic of China (Taiwan), Monthly Bulletin of Labour Statistics, Table 12-7 Status of the Missing Foreign Workers by Nationality (表 12-7 失聯移工概況—按國籍分)",https://statdb.mol.gov.tw/html/mon/212070.pdf,"absconded / missing migrant workers (失聯移工), stock at END OF YEAR 2019. Counts migrant workers whose employment permit has lapsed and who have not been located. This is the Ministry of Labor absconded-worker measure, a DIFFERENT series from the National Immigration Agency 逾期停留/逾期居留 (overstaying visit / overstaying residence) counts used for TWN 2014-2018; the two are not additive and not directly comparable.",no,irregular_row_fill.csv
Taiwan,TWN,2019,irregular_proxy_overstayers,47632,"National Immigration Agency / Ministry of Labor (失聯移工), reported by the Legislative Yuan Budget Center",https://www.ly.gov.tw/Pages/Detail.aspx?nodeid=33580&pid=188916,Reference date 31 July 2019 (not year-end). Administrative count of absconded/missing migrant workers (失聯移工) not yet located - a DIFFERENT series from the 逾期停留/居留 overstayer counts above and not additive with them.,yes,irregular_row.csv
Taiwan,TWN,2020,irregular_proxy_overstayers,52199,"Ministry of Labor, Republic of China (Taiwan), Monthly Bulletin of Labour Statistics, Table 12-7 Status of the Missing Foreign Workers by Nationality (表 12-7 失聯移工概況—按國籍分)",https://statdb.mol.gov.tw/html/mon/212070.pdf,"absconded / missing migrant workers (失聯移工), stock at END OF YEAR 2020. Counts migrant workers whose employment permit has lapsed and who have not been located. This is the Ministry of Labor absconded-worker measure, a DIFFERENT series from the National Immigration Agency 逾期停留/逾期居留 (overstaying visit / overstaying residence) counts used for TWN 2014-2018; the two are not additive and not directly comparable.",yes,irregular_row_fill.csv
Taiwan,TWN,2021,irregular_proxy_overstayers,55805,"Ministry of Labor, Republic of China (Taiwan), Monthly Bulletin of Labour Statistics, Table 12-7 Status of the Missing Foreign Workers by Nationality (表 12-7 失聯移工概況—按國籍分)",https://statdb.mol.gov.tw/html/mon/212070.pdf,"absconded / missing migrant workers (失聯移工), stock at END OF YEAR 2021. Counts migrant workers whose employment permit has lapsed and who have not been located. This is the Ministry of Labor absconded-worker measure, a DIFFERENT series from the National Immigration Agency 逾期停留/逾期居留 (overstaying visit / overstaying residence) counts used for TWN 2014-2018; the two are not additive and not directly comparable.",yes,irregular_row_fill.csv
Taiwan,TWN,2022,irregular_proxy_overstayers,80331,"Ministry of Labor, Republic of China (Taiwan), Monthly Bulletin of Labour Statistics, Table 12-7 Status of the Missing Foreign Workers by Nationality (表 12-7 失聯移工概況—按國籍分)",https://statdb.mol.gov.tw/html/mon/212070.pdf,"absconded / missing migrant workers (失聯移工), stock at END OF YEAR 2022. Counts migrant workers whose employment permit has lapsed and who have not been located. This is the Ministry of Labor absconded-worker measure, a DIFFERENT series from the National Immigration Agency 逾期停留/逾期居留 (overstaying visit / overstaying residence) counts used for TWN 2014-2018; the two are not additive and not directly comparable.",yes,irregular_row_fill.csv
Taiwan,TWN,2010,population,23162000,"內政部統計處 內政統計年報 108年版 (MOI Dept. of Statistics, Statistical Yearbook of Interior, 2019 ed.)",https://ws.moi.gov.tw/Download.ashx?u=LzAwMS9VcGxvYWQvNDAwL3JlbGZpbGUvMC8xMzMzNy9jNDg1YjU2OC1lNWU2LTRkYTItYWIwZS1lMTJlNmVmZjBkZTIucGRm&n=MTA45bm05YWn5pS%2f57Wx6KiI5bm05aCx6Zu75a2Q5pu4LnBkZg%3d%3d&icon=.pdf,"Year-end (31 Dec) registered household population (年底戶籍登記人口), ROC year 99. Published rounded to thousands as 23,162 thousand persons in the 重要內政統計指標 table; value here = published thousands x 1000, so precision is +/-500 persons. Cross-checked: the same table's 2011/2013-2016 values match DGBAS Statistical Yearbook of the ROC 2024 Table 3 'General situation of population' (end of year) exactly (https://ws.dgbas.gov.tw/001/Upload/464/relfile/10924/232173/y003.pdf).",yes,gapfill_twn_jpn.csv
Taiwan,TWN,2011,population,23225000,"內政部統計處 內政統計年報 108年版 (MOI Dept. of Statistics, Statistical Yearbook of Interior, 2019 ed.)",https://ws.moi.gov.tw/Download.ashx?u=LzAwMS9VcGxvYWQvNDAwL3JlbGZpbGUvMC8xMzMzNy9jNDg1YjU2OC1lNWU2LTRkYTItYWIwZS1lMTJlNmVmZjBkZTIucGRm&n=MTA45bm05YWn5pS%2f57Wx6KiI5bm05aCx6Zu75a2Q5pu4LnBkZg%3d%3d&icon=.pdf,"Year-end (31 Dec) registered household population (年底戶籍登記人口), ROC year 100. Published rounded to thousands as 23,225 thousand persons in the 重要內政統計指標 table; value here = published thousands x 1000, so precision is +/-500 persons. Cross-checked: the same table's 2011/2013-2016 values match DGBAS Statistical Yearbook of the ROC 2024 Table 3 'General situation of population' (end of year) exactly (https://ws.dgbas.gov.tw/001/Upload/464/relfile/10924/232173/y003.pdf).",yes,gapfill_twn_jpn.csv
Taiwan,TWN,2012,population,23316000,"內政部統計處 內政統計年報 108年版 (MOI Dept. of Statistics, Statistical Yearbook of Interior, 2019 ed.)",https://ws.moi.gov.tw/Download.ashx?u=LzAwMS9VcGxvYWQvNDAwL3JlbGZpbGUvMC8xMzMzNy9jNDg1YjU2OC1lNWU2LTRkYTItYWIwZS1lMTJlNmVmZjBkZTIucGRm&n=MTA45bm05YWn5pS%2f57Wx6KiI5bm05aCx6Zu75a2Q5pu4LnBkZg%3d%3d&icon=.pdf,"Year-end (31 Dec) registered household population (年底戶籍登記人口), ROC year 101. Published rounded to thousands as 23,316 thousand persons in the 重要內政統計指標 table; value here = published thousands x 1000, so precision is +/-500 persons. Cross-checked: the same table's 2011/2013-2016 values match DGBAS Statistical Yearbook of the ROC 2024 Table 3 'General situation of population' (end of year) exactly (https://ws.dgbas.gov.tw/001/Upload/464/relfile/10924/232173/y003.pdf).",yes,gapfill_twn_jpn.csv
Taiwan,TWN,2013,population,23374000,"內政部統計處 內政統計年報 108年版 (MOI Dept. of Statistics, Statistical Yearbook of Interior, 2019 ed.)",https://ws.moi.gov.tw/Download.ashx?u=LzAwMS9VcGxvYWQvNDAwL3JlbGZpbGUvMC8xMzMzNy9jNDg1YjU2OC1lNWU2LTRkYTItYWIwZS1lMTJlNmVmZjBkZTIucGRm&n=MTA45bm05YWn5pS%2f57Wx6KiI5bm05aCx6Zu75a2Q5pu4LnBkZg%3d%3d&icon=.pdf,"Year-end (31 Dec) registered household population (年底戶籍登記人口), ROC year 102. Published rounded to thousands as 23,374 thousand persons in the 重要內政統計指標 table; value here = published thousands x 1000, so precision is +/-500 persons. Cross-checked: the same table's 2011/2013-2016 values match DGBAS Statistical Yearbook of the ROC 2024 Table 3 'General situation of population' (end of year) exactly (https://ws.dgbas.gov.tw/001/Upload/464/relfile/10924/232173/y003.pdf).",yes,gapfill_twn_jpn.csv
Taiwan,TWN,2014,population,23434000,"內政部統計處 內政統計年報 108年版 (MOI Dept. of Statistics, Statistical Yearbook of Interior, 2019 ed.)",https://ws.moi.gov.tw/Download.ashx?u=LzAwMS9VcGxvYWQvNDAwL3JlbGZpbGUvMC8xMzMzNy9jNDg1YjU2OC1lNWU2LTRkYTItYWIwZS1lMTJlNmVmZjBkZTIucGRm&n=MTA45bm05YWn5pS%2f57Wx6KiI5bm05aCx6Zu75a2Q5pu4LnBkZg%3d%3d&icon=.pdf,"Year-end (31 Dec) registered household population (年底戶籍登記人口), ROC year 103. Published rounded to thousands as 23,434 thousand persons in the 重要內政統計指標 table; value here = published thousands x 1000, so precision is +/-500 persons. Cross-checked: the same table's 2011/2013-2016 values match DGBAS Statistical Yearbook of the ROC 2024 Table 3 'General situation of population' (end of year) exactly (https://ws.dgbas.gov.tw/001/Upload/464/relfile/10924/232173/y003.pdf).",yes,gapfill_twn_jpn.csv
Taiwan,TWN,2015,population,23492000,"內政部統計處 內政統計年報 108年版 (MOI Dept. of Statistics, Statistical Yearbook of Interior, 2019 ed.)",https://ws.moi.gov.tw/Download.ashx?u=LzAwMS9VcGxvYWQvNDAwL3JlbGZpbGUvMC8xMzMzNy9jNDg1YjU2OC1lNWU2LTRkYTItYWIwZS1lMTJlNmVmZjBkZTIucGRm&n=MTA45bm05YWn5pS%2f57Wx6KiI5bm05aCx6Zu75a2Q5pu4LnBkZg%3d%3d&icon=.pdf,"Year-end (31 Dec) registered household population (年底戶籍登記人口), ROC year 104. Published rounded to thousands as 23,492 thousand persons in the 重要內政統計指標 table; value here = published thousands x 1000, so precision is +/-500 persons. Cross-checked: the same table's 2011/2013-2016 values match DGBAS Statistical Yearbook of the ROC 2024 Table 3 'General situation of population' (end of year) exactly (https://ws.dgbas.gov.tw/001/Upload/464/relfile/10924/232173/y003.pdf).",yes,gapfill_twn_jpn.csv
Taiwan,TWN,2016,population,23540000,"內政部統計處 內政統計年報 108年版 (MOI Dept. of Statistics, Statistical Yearbook of Interior, 2019 ed.)",https://ws.moi.gov.tw/Download.ashx?u=LzAwMS9VcGxvYWQvNDAwL3JlbGZpbGUvMC8xMzMzNy9jNDg1YjU2OC1lNWU2LTRkYTItYWIwZS1lMTJlNmVmZjBkZTIucGRm&n=MTA45bm05YWn5pS%2f57Wx6KiI5bm05aCx6Zu75a2Q5pu4LnBkZg%3d%3d&icon=.pdf,"Year-end (31 Dec) registered household population (年底戶籍登記人口), ROC year 105. Published rounded to thousands as 23,540 thousand persons in the 重要內政統計指標 table; value here = published thousands x 1000, so precision is +/-500 persons. Cross-checked: the same table's 2011/2013-2016 values match DGBAS Statistical Yearbook of the ROC 2024 Table 3 'General situation of population' (end of year) exactly (https://ws.dgbas.gov.tw/001/Upload/464/relfile/10924/232173/y003.pdf).",yes,gapfill_twn_jpn.csv
Taiwan,TWN,2017,population,23571227,"內政部統計處 內政統計月報 115年5月 (MOI Dept. of Statistics, Monthly Bulletin of Interior Statistics, May 2026)",https://ws.moi.gov.tw/Download.ashx?u=LzAwMS9VcGxvYWQvNDAwL3JlbGZpbGUvMC8yMzQ1NC85M2FlNzY2MC0xMDEwLTQxNGQtOGQ4NC00NjM3ZDE2ZjY4ZTcucGRm&n=MTE1MDUucGRm,"Year-end (31 Dec) registered household population (年底戶籍登記人口), ROC year 106. Exact figure as printed (not rounded). Cross-checked: rounds to the same thousands value published in DGBAS Statistical Yearbook of the ROC 2024 Table 3 'General situation of population' (end of year) (https://ws.dgbas.gov.tw/001/Upload/464/relfile/10924/232173/y003.pdf).",yes,gapfill_twn_jpn.csv
Taiwan,TWN,2018,population,23588932,"內政部統計處 內政統計月報 115年5月 (MOI Dept. of Statistics, Monthly Bulletin of Interior Statistics, May 2026)",https://ws.moi.gov.tw/Download.ashx?u=LzAwMS9VcGxvYWQvNDAwL3JlbGZpbGUvMC8yMzQ1NC85M2FlNzY2MC0xMDEwLTQxNGQtOGQ4NC00NjM3ZDE2ZjY4ZTcucGRm&n=MTE1MDUucGRm,"Year-end (31 Dec) registered household population (年底戶籍登記人口), ROC year 107. Exact figure as printed (not rounded). Cross-checked: rounds to the same thousands value published in DGBAS Statistical Yearbook of the ROC 2024 Table 3 'General situation of population' (end of year) (https://ws.dgbas.gov.tw/001/Upload/464/relfile/10924/232173/y003.pdf).",yes,gapfill_twn_jpn.csv
Taiwan,TWN,2019,population,23603121,"內政部統計處 內政統計月報 115年5月 (MOI Dept. of Statistics, Monthly Bulletin of Interior Statistics, May 2026)",https://ws.moi.gov.tw/Download.ashx?u=LzAwMS9VcGxvYWQvNDAwL3JlbGZpbGUvMC8yMzQ1NC85M2FlNzY2MC0xMDEwLTQxNGQtOGQ4NC00NjM3ZDE2ZjY4ZTcucGRm&n=MTE1MDUucGRm,"Year-end (31 Dec) registered household population (年底戶籍登記人口), ROC year 108. Exact figure as printed (not rounded). Cross-checked: rounds to the same thousands value published in DGBAS Statistical Yearbook of the ROC 2024 Table 3 'General situation of population' (end of year) (https://ws.dgbas.gov.tw/001/Upload/464/relfile/10924/232173/y003.pdf).",yes,gapfill_twn_jpn.csv
Taiwan,TWN,2020,population,23561236,"內政部統計處 內政統計月報 115年5月 (MOI Dept. of Statistics, Monthly Bulletin of Interior Statistics, May 2026)",https://ws.moi.gov.tw/Download.ashx?u=LzAwMS9VcGxvYWQvNDAwL3JlbGZpbGUvMC8yMzQ1NC85M2FlNzY2MC0xMDEwLTQxNGQtOGQ4NC00NjM3ZDE2ZjY4ZTcucGRm&n=MTE1MDUucGRm,"Year-end (31 Dec) registered household population (年底戶籍登記人口), ROC year 109. Exact figure as printed (not rounded). Cross-checked: rounds to the same thousands value published in DGBAS Statistical Yearbook of the ROC 2024 Table 3 'General situation of population' (end of year) (https://ws.dgbas.gov.tw/001/Upload/464/relfile/10924/232173/y003.pdf).",yes,gapfill_twn_jpn.csv
Taiwan,TWN,2021,population,23375314,"內政部統計處 內政統計月報 115年5月 (MOI Dept. of Statistics, Monthly Bulletin of Interior Statistics, May 2026)",https://ws.moi.gov.tw/Download.ashx?u=LzAwMS9VcGxvYWQvNDAwL3JlbGZpbGUvMC8yMzQ1NC85M2FlNzY2MC0xMDEwLTQxNGQtOGQ4NC00NjM3ZDE2ZjY4ZTcucGRm&n=MTE1MDUucGRm,"Year-end (31 Dec) registered household population (年底戶籍登記人口), ROC year 110. Exact figure as printed (not rounded). Cross-checked: rounds to the same thousands value published in DGBAS Statistical Yearbook of the ROC 2024 Table 3 'General situation of population' (end of year) (https://ws.dgbas.gov.tw/001/Upload/464/relfile/10924/232173/y003.pdf).",yes,gapfill_twn_jpn.csv
Taiwan,TWN,2022,population,23264640,"內政部統計處 內政統計月報 115年5月 (MOI Dept. of Statistics, Monthly Bulletin of Interior Statistics, May 2026)",https://ws.moi.gov.tw/Download.ashx?u=LzAwMS9VcGxvYWQvNDAwL3JlbGZpbGUvMC8yMzQ1NC85M2FlNzY2MC0xMDEwLTQxNGQtOGQ4NC00NjM3ZDE2ZjY4ZTcucGRm&n=MTE1MDUucGRm,"Year-end (31 Dec) registered household population (年底戶籍登記人口), ROC year 111. Exact figure as printed (not rounded). Cross-checked: rounds to the same thousands value published in DGBAS Statistical Yearbook of the ROC 2024 Table 3 'General situation of population' (end of year) (https://ws.dgbas.gov.tw/001/Upload/464/relfile/10924/232173/y003.pdf).",yes,gapfill_twn_jpn.csv
United States,USA,2010,foreign_born,39916875,"OECD International Migration Database (stocks of foreign-born population, measure B14)","https://sdmx.oecd.org/public/rest/data/OECD.ELS.IMD,DSD_MIG_F@DF_MIG_POPF,1.0/USA.W.A.B14._T._Z._Z.PS?startPeriod=2010&endPeriod=2022&format=jsondata&dimensionAtObservation=AllDimensions","Foreign-born resident population, Census Bureau American Community Survey 1-year estimates, as compiled by OECD IMD. The 2020 value derives from the ACS 2020 experimental estimates because the standard 2020 1-year release was not published.",yes,noneu_stock.csv
United States,USA,2011,foreign_born,40381570,"OECD International Migration Database (stocks of foreign-born population, measure B14)","https://sdmx.oecd.org/public/rest/data/OECD.ELS.IMD,DSD_MIG_F@DF_MIG_POPF,1.0/USA.W.A.B14._T._Z._Z.PS?startPeriod=2010&endPeriod=2022&format=jsondata&dimensionAtObservation=AllDimensions","Foreign-born resident population, Census Bureau American Community Survey 1-year estimates, as compiled by OECD IMD. The 2020 value derives from the ACS 2020 experimental estimates because the standard 2020 1-year release was not published.",yes,noneu_stock.csv
United States,USA,2012,foreign_born,40738224,"OECD International Migration Database (stocks of foreign-born population, measure B14)","https://sdmx.oecd.org/public/rest/data/OECD.ELS.IMD,DSD_MIG_F@DF_MIG_POPF,1.0/USA.W.A.B14._T._Z._Z.PS?startPeriod=2010&endPeriod=2022&format=jsondata&dimensionAtObservation=AllDimensions","Foreign-born resident population, Census Bureau American Community Survey 1-year estimates, as compiled by OECD IMD. The 2020 value derives from the ACS 2020 experimental estimates because the standard 2020 1-year release was not published.",yes,noneu_stock.csv
United States,USA,2013,foreign_born,41344354,"OECD International Migration Database (stocks of foreign-born population, measure B14)","https://sdmx.oecd.org/public/rest/data/OECD.ELS.IMD,DSD_MIG_F@DF_MIG_POPF,1.0/USA.W.A.B14._T._Z._Z.PS?startPeriod=2010&endPeriod=2022&format=jsondata&dimensionAtObservation=AllDimensions","Foreign-born resident population, Census Bureau American Community Survey 1-year estimates, as compiled by OECD IMD. The 2020 value derives from the ACS 2020 experimental estimates because the standard 2020 1-year release was not published.",yes,noneu_stock.csv
United States,USA,2014,foreign_born,42390705,"OECD International Migration Database (stocks of foreign-born population, measure B14)","https://sdmx.oecd.org/public/rest/data/OECD.ELS.IMD,DSD_MIG_F@DF_MIG_POPF,1.0/USA.W.A.B14._T._Z._Z.PS?startPeriod=2010&endPeriod=2022&format=jsondata&dimensionAtObservation=AllDimensions","Foreign-born resident population, Census Bureau American Community Survey 1-year estimates, as compiled by OECD IMD. The 2020 value derives from the ACS 2020 experimental estimates because the standard 2020 1-year release was not published.",yes,noneu_stock.csv
United States,USA,2015,foreign_born,43289646,"OECD International Migration Database (stocks of foreign-born population, measure B14)","https://sdmx.oecd.org/public/rest/data/OECD.ELS.IMD,DSD_MIG_F@DF_MIG_POPF,1.0/USA.W.A.B14._T._Z._Z.PS?startPeriod=2010&endPeriod=2022&format=jsondata&dimensionAtObservation=AllDimensions","Foreign-born resident population, Census Bureau American Community Survey 1-year estimates, as compiled by OECD IMD. The 2020 value derives from the ACS 2020 experimental estimates because the standard 2020 1-year release was not published.",yes,noneu_stock.csv
United States,USA,2016,foreign_born,43738901,"OECD International Migration Database (stocks of foreign-born population, measure B14)","https://sdmx.oecd.org/public/rest/data/OECD.ELS.IMD,DSD_MIG_F@DF_MIG_POPF,1.0/USA.W.A.B14._T._Z._Z.PS?startPeriod=2010&endPeriod=2022&format=jsondata&dimensionAtObservation=AllDimensions","Foreign-born resident population, Census Bureau American Community Survey 1-year estimates, as compiled by OECD IMD. The 2020 value derives from the ACS 2020 experimental estimates because the standard 2020 1-year release was not published.",yes,noneu_stock.csv
United States,USA,2017,foreign_born,44525458,"OECD International Migration Database (stocks of foreign-born population, measure B14)","https://sdmx.oecd.org/public/rest/data/OECD.ELS.IMD,DSD_MIG_F@DF_MIG_POPF,1.0/USA.W.A.B14._T._Z._Z.PS?startPeriod=2010&endPeriod=2022&format=jsondata&dimensionAtObservation=AllDimensions","Foreign-born resident population, Census Bureau American Community Survey 1-year estimates, as compiled by OECD IMD. The 2020 value derives from the ACS 2020 experimental estimates because the standard 2020 1-year release was not published.",yes,noneu_stock.csv
United States,USA,2018,foreign_born,44728502,"OECD International Migration Database (stocks of foreign-born population, measure B14)","https://sdmx.oecd.org/public/rest/data/OECD.ELS.IMD,DSD_MIG_F@DF_MIG_POPF,1.0/USA.W.A.B14._T._Z._Z.PS?startPeriod=2010&endPeriod=2022&format=jsondata&dimensionAtObservation=AllDimensions","Foreign-born resident population, Census Bureau American Community Survey 1-year estimates, as compiled by OECD IMD. The 2020 value derives from the ACS 2020 experimental estimates because the standard 2020 1-year release was not published.",yes,noneu_stock.csv
United States,USA,2019,foreign_born,44932799,"OECD International Migration Database (stocks of foreign-born population, measure B14)","https://sdmx.oecd.org/public/rest/data/OECD.ELS.IMD,DSD_MIG_F@DF_MIG_POPF,1.0/USA.W.A.B14._T._Z._Z.PS?startPeriod=2010&endPeriod=2022&format=jsondata&dimensionAtObservation=AllDimensions","Foreign-born resident population, Census Bureau American Community Survey 1-year estimates, as compiled by OECD IMD. The 2020 value derives from the ACS 2020 experimental estimates because the standard 2020 1-year release was not published.",yes,noneu_stock.csv
United States,USA,2020,foreign_born,44258250,"OECD International Migration Database (stocks of foreign-born population, measure B14)","https://sdmx.oecd.org/public/rest/data/OECD.ELS.IMD,DSD_MIG_F@DF_MIG_POPF,1.0/USA.W.A.B14._T._Z._Z.PS?startPeriod=2010&endPeriod=2022&format=jsondata&dimensionAtObservation=AllDimensions","Foreign-born resident population, Census Bureau American Community Survey 1-year estimates, as compiled by OECD IMD. The 2020 value derives from the ACS 2020 experimental estimates because the standard 2020 1-year release was not published.",yes,noneu_stock.csv
United States,USA,2021,foreign_born,45272945,"OECD International Migration Database (stocks of foreign-born population, measure B14)","https://sdmx.oecd.org/public/rest/data/OECD.ELS.IMD,DSD_MIG_F@DF_MIG_POPF,1.0/USA.W.A.B14._T._Z._Z.PS?startPeriod=2010&endPeriod=2022&format=jsondata&dimensionAtObservation=AllDimensions","Foreign-born resident population, Census Bureau American Community Survey 1-year estimates, as compiled by OECD IMD. The 2020 value derives from the ACS 2020 experimental estimates because the standard 2020 1-year release was not published.",yes,noneu_stock.csv
United States,USA,2022,foreign_born,47331480,"OECD International Migration Database (stocks of foreign-born population, measure B14)","https://sdmx.oecd.org/public/rest/data/OECD.ELS.IMD,DSD_MIG_F@DF_MIG_POPF,1.0/USA.W.A.B14._T._Z._Z.PS?startPeriod=2010&endPeriod=2022&format=jsondata&dimensionAtObservation=AllDimensions","Foreign-born resident population, Census Bureau American Community Survey 1-year estimates, as compiled by OECD IMD. The 2020 value derives from the ACS 2020 experimental estimates because the standard 2020 1-year release was not published.",yes,noneu_stock.csv
United States,USA,2010,foreign_nationals,21640993,"OECD International Migration Database (stocks of foreign population, measure B15)","https://sdmx.oecd.org/public/rest/data/OECD.ELS.IMD,DSD_MIG@DF_MIG,1.0/USA.W.A.B15._T._Z._Z.PS?startPeriod=2010&endPeriod=2022&format=jsondata&dimensionAtObservation=AllDimensions","Non-citizen (foreign national) resident population from the Census Bureau American Community Survey, as compiled by OECD IMD. OECD publishes some values with decimals; rounded to the nearest whole person here.",yes,noneu_stock.csv
United States,USA,2011,foreign_nationals,22225536,"OECD International Migration Database (stocks of foreign population, measure B15)","https://sdmx.oecd.org/public/rest/data/OECD.ELS.IMD,DSD_MIG@DF_MIG,1.0/USA.W.A.B15._T._Z._Z.PS?startPeriod=2010&endPeriod=2022&format=jsondata&dimensionAtObservation=AllDimensions","Non-citizen (foreign national) resident population from the Census Bureau American Community Survey, as compiled by OECD IMD. OECD publishes some values with decimals; rounded to the nearest whole person here.",yes,noneu_stock.csv
United States,USA,2012,foreign_nationals,22114981,"OECD International Migration Database (stocks of foreign population, measure B15)","https://sdmx.oecd.org/public/rest/data/OECD.ELS.IMD,DSD_MIG@DF_MIG,1.0/USA.W.A.B15._T._Z._Z.PS?startPeriod=2010&endPeriod=2022&format=jsondata&dimensionAtObservation=AllDimensions","Non-citizen (foreign national) resident population from the Census Bureau American Community Survey, as compiled by OECD IMD. OECD publishes some values with decimals; rounded to the nearest whole person here.",yes,noneu_stock.csv
United States,USA,2013,foreign_nationals,22016426,"OECD International Migration Database (stocks of foreign population, measure B15)","https://sdmx.oecd.org/public/rest/data/OECD.ELS.IMD,DSD_MIG@DF_MIG,1.0/USA.W.A.B15._T._Z._Z.PS?startPeriod=2010&endPeriod=2022&format=jsondata&dimensionAtObservation=AllDimensions","Non-citizen (foreign national) resident population from the Census Bureau American Community Survey, as compiled by OECD IMD. OECD publishes some values with decimals; rounded to the nearest whole person here.",yes,noneu_stock.csv
United States,USA,2014,foreign_nationals,21325130,"OECD International Migration Database (stocks of foreign population, measure B15)","https://sdmx.oecd.org/public/rest/data/OECD.ELS.IMD,DSD_MIG@DF_MIG,1.0/USA.W.A.B15._T._Z._Z.PS?startPeriod=2010&endPeriod=2022&format=jsondata&dimensionAtObservation=AllDimensions","Non-citizen (foreign national) resident population from the Census Bureau American Community Survey, as compiled by OECD IMD. OECD publishes some values with decimals; rounded to the nearest whole person here.",yes,noneu_stock.csv
United States,USA,2015,foreign_nationals,22236160,"OECD International Migration Database (stocks of foreign population, measure B15)","https://sdmx.oecd.org/public/rest/data/OECD.ELS.IMD,DSD_MIG@DF_MIG,1.0/USA.W.A.B15._T._Z._Z.PS?startPeriod=2010&endPeriod=2022&format=jsondata&dimensionAtObservation=AllDimensions","Non-citizen (foreign national) resident population from the Census Bureau American Community Survey, as compiled by OECD IMD. OECD publishes some values with decimals; rounded to the nearest whole person here.",yes,noneu_stock.csv
United States,USA,2016,foreign_nationals,22824242,"OECD International Migration Database (stocks of foreign population, measure B15)","https://sdmx.oecd.org/public/rest/data/OECD.ELS.IMD,DSD_MIG@DF_MIG,1.0/USA.W.A.B15._T._Z._Z.PS?startPeriod=2010&endPeriod=2022&format=jsondata&dimensionAtObservation=AllDimensions","Non-citizen (foreign national) resident population from the Census Bureau American Community Survey, as compiled by OECD IMD. OECD publishes some values with decimals; rounded to the nearest whole person here.",yes,noneu_stock.csv
United States,USA,2017,foreign_nationals,22758740,"OECD International Migration Database (stocks of foreign population, measure B15)","https://sdmx.oecd.org/public/rest/data/OECD.ELS.IMD,DSD_MIG@DF_MIG,1.0/USA.W.A.B15._T._Z._Z.PS?startPeriod=2010&endPeriod=2022&format=jsondata&dimensionAtObservation=AllDimensions","Non-citizen (foreign national) resident population from the Census Bureau American Community Survey, as compiled by OECD IMD. OECD publishes some values with decimals; rounded to the nearest whole person here.",yes,noneu_stock.csv
United States,USA,2018,foreign_nationals,22941910,"OECD International Migration Database (stocks of foreign population, measure B15)","https://sdmx.oecd.org/public/rest/data/OECD.ELS.IMD,DSD_MIG@DF_MIG,1.0/USA.W.A.B15._T._Z._Z.PS?startPeriod=2010&endPeriod=2022&format=jsondata&dimensionAtObservation=AllDimensions","Non-citizen (foreign national) resident population from the Census Bureau American Community Survey, as compiled by OECD IMD. OECD publishes some values with decimals; rounded to the nearest whole person here.",yes,noneu_stock.csv
United States,USA,2019,foreign_nationals,22518810,"OECD International Migration Database (stocks of foreign population, measure B15)","https://sdmx.oecd.org/public/rest/data/OECD.ELS.IMD,DSD_MIG@DF_MIG,1.0/USA.W.A.B15._T._Z._Z.PS?startPeriod=2010&endPeriod=2022&format=jsondata&dimensionAtObservation=AllDimensions","Non-citizen (foreign national) resident population from the Census Bureau American Community Survey, as compiled by OECD IMD. OECD publishes some values with decimals; rounded to the nearest whole person here.",yes,noneu_stock.csv
United States,USA,2020,foreign_nationals,21433675,"OECD International Migration Database (stocks of foreign population, measure B15)","https://sdmx.oecd.org/public/rest/data/OECD.ELS.IMD,DSD_MIG@DF_MIG,1.0/USA.W.A.B15._T._Z._Z.PS?startPeriod=2010&endPeriod=2022&format=jsondata&dimensionAtObservation=AllDimensions","Non-citizen (foreign national) resident population from the Census Bureau American Community Survey, as compiled by OECD IMD. OECD publishes some values with decimals; rounded to the nearest whole person here.",yes,noneu_stock.csv
United States,USA,2021,foreign_nationals,22164662,"OECD International Migration Database (stocks of foreign population, measure B15)","https://sdmx.oecd.org/public/rest/data/OECD.ELS.IMD,DSD_MIG@DF_MIG,1.0/USA.W.A.B15._T._Z._Z.PS?startPeriod=2010&endPeriod=2022&format=jsondata&dimensionAtObservation=AllDimensions","Non-citizen (foreign national) resident population from the Census Bureau American Community Survey, as compiled by OECD IMD. OECD publishes some values with decimals; rounded to the nearest whole person here.",yes,noneu_stock.csv
United States,USA,2022,foreign_nationals,23825209,"OECD International Migration Database (stocks of foreign population, measure B15)","https://sdmx.oecd.org/public/rest/data/OECD.ELS.IMD,DSD_MIG@DF_MIG,1.0/USA.W.A.B15._T._Z._Z.PS?startPeriod=2010&endPeriod=2022&format=jsondata&dimensionAtObservation=AllDimensions","Non-citizen (foreign national) resident population from the Census Bureau American Community Survey, as compiled by OECD IMD. OECD publishes some values with decimals; rounded to the nearest whole person here.",yes,noneu_stock.csv
United States,USA,2010,irregular_stock,11590000,"DHS Office of Homeland Security Statistics, Estimates of the Unauthorized Immigrant Population Residing in the United States: January 2015-January 2018, Table A2-1",https://ohss.dhs.gov/sites/default/files/2023-12/unauthorized_immigrant_population_estimates_2015_-_2018.pdf,"Modelled resident stock (ACS residual method), reference date 1 January 2010. AMBIGUITY FLAG: Table A2-1 prints TWO values for 2010 (10,790,000 and 11,590,000) reflecting a revision to align with the 2010 Census. 11,590,000 is recorded here because it is continuous with the 2011-2018 series; 10,790,000 is retained as an alternative row. Verify against the PDF before publication. Value read independently by two extractions.",yes,dhs_correction.csv
United States,USA,2010,irregular_stock,11200000,"Pew Hispanic Center, Unauthorized Immigrant Population: National and State Trends, 2010",https://www.pewresearch.org/race-and-ethnicity/2011/02/01/unauthorized-immigrant-population-brnational-and-state-trends-2010/,"Reference date March 2010. Modelled stock estimate (augmented residual method, CPS-based). Published 1 February 2011.",no,irregular_row.csv
United States,USA,2010,irregular_stock,10790000,"DHS Office of Homeland Security Statistics, Estimates of the Unauthorized Immigrant Population Residing in the United States: January 2015-January 2018, Table A2-1 (pre-revision entry)",https://ohss.dhs.gov/sites/default/files/2023-12/unauthorized_immigrant_population_estimates_2015_-_2018.pdf,"ALTERNATIVE ENTRY for 1 January 2010. Table A2-1 prints two 2010 values; this is the lower one, understood to precede the revision aligning estimates with the 2010 Census. Not continuous with 2011-2018.",no,dhs_correction.csv
United States,USA,2011,irregular_stock,11510000,"DHS Office of Homeland Security Statistics, Estimates of the Unauthorized Immigrant Population Residing in the United States: January 2015-January 2018, Table A2-1",https://ohss.dhs.gov/sites/default/files/2023-12/unauthorized_immigrant_population_estimates_2015_-_2018.pdf,"Modelled resident stock (ACS residual method), reference date 1 January 2011. Read directly from Table A2-1 and independently confirmed by a second extraction. CORRECTION: an earlier pass recorded 11,600,000 from a rounded chart; that value was wrong.",yes,dhs_correction.csv
United States,USA,2011,irregular_stock,10300000,"Migration Policy Institute, Unauthorized Immigrants in the United States: Stable Numbers, Changing Origins",https://www.migrationpolicy.org/sites/default/files/publications/mpi-unauthorized-immigrants-stablenumbers-changingorigins_final.pdf,Modelled stock estimate from pooled 2010-2012 ACS; MPI publishes it as a single 2010-2012 figure. Assigned here to 2011 as the midpoint of the pooling window - not a published 2011-specific value.,no,irregular_row.csv
United States,USA,2012,irregular_stock,11430000,"DHS Office of Homeland Security Statistics, Estimates of the Unauthorized Immigrant Population Residing in the United States: January 2015-January 2018, Table A2-1",https://ohss.dhs.gov/sites/default/files/2023-12/unauthorized_immigrant_population_estimates_2015_-_2018.pdf,"Modelled resident stock (ACS residual method), reference date 1 January 2012. Read directly from Table A2-1; confirmed by two independent extractions.",yes,dhs_correction.csv
United States,USA,2013,irregular_stock,11210000,"DHS Office of Homeland Security Statistics, Estimates of the Unauthorized Immigrant Population Residing in the United States: January 2015-January 2018, Table A2-1",https://ohss.dhs.gov/sites/default/files/2023-12/unauthorized_immigrant_population_estimates_2015_-_2018.pdf,"Modelled resident stock (ACS residual method), reference date 1 January 2013. Read directly from Table A2-1; confirmed by two independent extractions.",yes,dhs_correction.csv
United States,USA,2014,irregular_stock,11460000,"DHS Office of Homeland Security Statistics, Estimates of the Unauthorized Immigrant Population Residing in the United States: January 2015-January 2018, Table A2-1",https://ohss.dhs.gov/sites/default/files/2023-12/unauthorized_immigrant_population_estimates_2015_-_2018.pdf,"Modelled resident stock (ACS residual method), reference date 1 January 2014. Read directly from Table A2-1; confirmed by two independent extractions.",yes,dhs_correction.csv
United States,USA,2015,irregular_stock,11960000,"DHS Office of Homeland Security Statistics, Estimates of the Unauthorized Immigrant Population Residing in the United States: January 2015-January 2018, Table A2-1 (pre-update entry)",https://ohss.dhs.gov/sites/default/files/2023-12/unauthorized_immigrant_population_estimates_2015_-_2018.pdf,"ALTERNATIVE ENTRY for 1 January 2015. Table A2-1 prints two 2015 values; this is the higher one, understood to precede the methodology update applied to 2016-2018.",no,dhs_correction.csv
United States,USA,2015,irregular_stock,11440000,"DHS Office of Homeland Security Statistics, Estimates of the Unauthorized Immigrant Population Residing in the United States: January 2015-January 2018, Table A2-1",https://ohss.dhs.gov/sites/default/files/2023-12/unauthorized_immigrant_population_estimates_2015_-_2018.pdf,"Modelled resident stock (ACS residual method), reference date 1 January 2015. AMBIGUITY FLAG: Table A2-1 prints TWO values for 2015 (11,960,000 and 11,440,000) reflecting a methodology update. 11,440,000 is recorded as the report's current-methodology figure; 11,960,000 is retained as an alternative row. Verify against the PDF before publication.",yes,dhs_correction.csv
United States,USA,2016,irregular_stock,11750000,"DHS Office of Homeland Security Statistics, Estimates of the Unauthorized Immigrant Population Residing in the United States: January 2015-January 2018, Table A2-1",https://ohss.dhs.gov/sites/default/files/2023-12/unauthorized_immigrant_population_estimates_2015_-_2018.pdf,"Modelled resident stock (ACS residual method), reference date 1 January 2016. Read directly from Table A2-1; confirmed by two independent extractions.",yes,dhs_correction.csv
United States,USA,2017,irregular_stock,11410000,"DHS Office of Homeland Security Statistics, Estimates of the Unauthorized Immigrant Population Residing in the United States: January 2015-January 2018, Table A2-1",https://ohss.dhs.gov/sites/default/files/2023-12/unauthorized_immigrant_population_estimates_2015_-_2018.pdf,"Modelled resident stock (ACS residual method), reference date 1 January 2017. Read directly from Table A2-1; confirmed by two independent extractions.",yes,dhs_correction.csv
United States,USA,2017,irregular_stock,10500000,"Pew Research Center, Unauthorized immigrant population trends",https://www.pewresearch.org/race-and-ethnicity/feature/unauthorized-trends/,Reference year 2017. Modelled stock estimate (residual method). Pre-2025 vintage.,no,irregular_row.csv
United States,USA,2018,irregular_stock,11390000,"DHS Office of Homeland Security Statistics, Estimates of the Unauthorized Immigrant Population Residing in the United States: January 2015-January 2018, Table A2-1",https://ohss.dhs.gov/sites/default/files/2023-12/unauthorized_immigrant_population_estimates_2015_-_2018.pdf,"Modelled resident stock (ACS residual method), reference date 1 January 2018. Read directly from Table A2-1; confirmed by two independent extractions. NOTE: the later DHS report (Baker & Warren 2024) revises January 2018 to 11,570,000; that revision is in the Long sheet.",yes,dhs_correction.csv
United States,USA,2018,irregular_stock,11000000,"Migration Policy Institute, Unauthorized Immigrants in the United States: Stable Numbers, Changing Origins",https://www.migrationpolicy.org/sites/default/files/publications/mpi-unauthorized-immigrants-stablenumbers-changingorigins_final.pdf,"Reference year 2018. Modelled stock estimate from pooled 2014-2018 ACS and 2008 SIPP, weighted to 2018.",no,irregular_row.csv
United States,USA,2019,irregular_stock,11110000,"DHS Office of Homeland Security Statistics (Baker & Warren 2024), Estimates of the Unauthorized Immigrant Population Residing in the United States: January 2018-January 2022, as reproduced in Choices Magazine (AAEA)",https://www.choicesmagazine.org/UserFiles/file/cmsarticle_991.pdf,"Modelled resident stock (ACS-based residual method). Reference date 1 January 2019. The ohss.dhs.gov PDF returns HTTP 403; value read from Table 3 of the AAEA Choices Magazine article, which reproduces the DHS/OHSS table with full attribution to Baker and Warren (2024).",yes,irregular_row_fill2.csv
United States,USA,2019,irregular_stock,11000000,"Migration Policy Institute (with Jennifer Van Hook, Penn State), Diverse Flows Drive Increase in U.S. Unauthorized Immigrant Population (July 2024)",https://www.migrationpolicy.org/commentary/diverse-flows-drive-increase-us-unauthorized-immigrant-population,"Modelled resident stock (ACS/SIPP-based residual method). Reference year 2019. MPI publishes no independent 2020 estimate: the 2020 value in its series was interpolated as the average of 2019 and 2021 because of low-quality pandemic ACS data, so 2020 is deliberately omitted here.",no,irregular_row_fill2.csv
United States,USA,2019,irregular_stock,10350000,"Center for Migration Studies of New York (Robert Warren), After a Decade of Decline, the US Undocumented Population Increased by 650,000 in 2022, Journal on Migration and Human Security",https://journals.sagepub.com/doi/10.1177/23315024241226624,"Modelled resident stock (ACS-based residual method with undercount adjustment). Reference date 1 July 2019. DOI 10.1177/23315024241226624. Same value also published in Warren (2021), JMHS, DOI 10.1177/2331502421993746.",no,irregular_row_fill2.csv
United States,USA,2020,irregular_stock,10510000,"DHS Office of Homeland Security Statistics (Baker & Warren 2024), Estimates of the Unauthorized Immigrant Population Residing in the United States: January 2018-January 2022, as reproduced in Choices Magazine (AAEA)",https://www.choicesmagazine.org/UserFiles/file/cmsarticle_991.pdf,"Modelled resident stock (ACS-based residual method). Reference date 1 January 2020. The ohss.dhs.gov PDF returns HTTP 403; value read from Table 3 of the AAEA Choices Magazine article, which reproduces the DHS/OHSS table with full attribution. DHS published NO January 2021 estimate because the 2020 ACS was unusable for this purpose.",yes,irregular_row_fill2.csv
United States,USA,2020,irregular_stock,10210000,"Center for Migration Studies of New York (Robert Warren), After a Decade of Decline, the US Undocumented Population Increased by 650,000 in 2022, Journal on Migration and Human Security",https://journals.sagepub.com/doi/10.1177/23315024241226624,Modelled resident stock (ACS-based residual method with undercount adjustment). Reference date 1 July 2020. DOI 10.1177/23315024241226624.,no,irregular_row_fill2.csv
United States,USA,2020,irregular_stock,10000000,"Center for Migration Studies of New York (Robert Warren), US Undocumented Population Increased to 11.7 Million in July 2023",https://cmsny.org/us-undocumented-population-increased-in-july-2023-warren-090624/,Reference year 2020. Modelled residual stock estimate from ACS. Figure stated in prose as '10 million' (rounded); treat as approximate.,no,irregular_row.csv
United States,USA,2021,irregular_stock,11200000,"Migration Policy Institute (with Jennifer Van Hook, Penn State), Diverse Flows Drive Increase in U.S. Unauthorized Immigrant Population (July 2024)",https://www.migrationpolicy.org/commentary/diverse-flows-drive-increase-us-unauthorized-immigrant-population,Modelled resident stock (ACS/SIPP-based residual method). Reference year 2021.,no,irregular_row_fill2.csv
United States,USA,2021,irregular_stock,10500000,"Pew Research Center, What we know about unauthorized immigrants living in the U.S. (July 2024)",https://www.pewresearch.org/short-reads/2024/07/22/what-we-know-about-unauthorized-immigrants-living-in-the-us/,"Reference year 2021. Modelled stock estimate (residual method). 2024 vintage; superseded by Pew's August 2025 revision, which was not recorded here because the revised 2021/2022 values could not be read unambiguously from the source.",no,irregular_row.csv
United States,USA,2021,irregular_stock,10500000,"Pew Research Center, Q&A: How Pew Research Center estimates the number of unauthorized immigrants living in the U.S. (22 August 2025)",https://www.pewresearch.org/short-reads/2025/08/22/qa-how-pew-research-center-estimates-the-number-of-unauthorized-immigrants-living-in-the-us/,"Modelled resident stock (augmented residual method, ACS-based). Reference year 2021. 2025 revised vintage; source states the population 'grew from an estimated 10.5 million to 14 million' between 2021 and 2023.",yes,irregular_row_fill2.csv
United States,USA,2021,irregular_stock,10290000,"Center for Migration Studies of New York (Robert Warren), After a Decade of Decline, the US Undocumented Population Increased by 650,000 in 2022, Journal on Migration and Human Security",https://journals.sagepub.com/doi/10.1177/23315024241226624,Modelled resident stock (ACS-based residual method with undercount adjustment). Reference date 1 July 2021. DOI 10.1177/23315024241226624.,no,irregular_row_fill2.csv
United States,USA,2022,irregular_stock,11800000,"Pew Research Center, Q&A: How Pew Research Center estimates the number of unauthorized immigrants living in the U.S. (22 August 2025)",https://www.pewresearch.org/short-reads/2025/08/22/qa-how-pew-research-center-estimates-the-number-of-unauthorized-immigrants-living-in-the-us/,"Modelled resident stock (augmented residual method, ACS-based). Reference year 2022. 2025 revised vintage; source states verbatim: 'we revised our estimate of the unauthorized immigrant population for 2022 upward, from 11.0 million to 11.8 million.' Revision follows the Census Bureau's December 2024 population-estimate update and reweighting of the 2022 and 2023 ACS.",no,irregular_row_fill2.csv
United States,USA,2022,irregular_stock,11300000,"Migration Policy Institute (with Jennifer Van Hook, Penn State), Diverse Flows Drive Increase in U.S. Unauthorized Immigrant Population (July 2024)",https://www.migrationpolicy.org/commentary/diverse-flows-drive-increase-us-unauthorized-immigrant-population,Modelled resident stock (ACS/SIPP-based residual method). Reference year 2022.,no,irregular_row_fill2.csv
United States,USA,2022,irregular_stock,11000000,"Pew Research Center, What we know about unauthorized immigrants living in the U.S. (July 2024)",https://www.pewresearch.org/short-reads/2024/07/22/what-we-know-about-unauthorized-immigrants-living-in-the-us/,Reference year 2022. Modelled stock estimate (residual method). 2024 vintage; Pew revised its series upward in August 2025.,no,irregular_row.csv
United States,USA,2022,irregular_stock,10990000,"DHS Office of Homeland Security Statistics (Baker & Warren 2024), Estimates of the Unauthorized Immigrant Population Residing in the United States: January 2018-January 2022, as reproduced in Choices Magazine (AAEA)",https://www.choicesmagazine.org/UserFiles/file/cmsarticle_991.pdf,"Modelled resident stock (ACS-based residual method). Reference date 1 January 2022. Read from Table 3 of the AAEA Choices Magazine article reproducing the DHS/OHSS table. Independently corroborated at 10.99 million by the Social Security Bulletin (SSA, v85n2) and by US House Judiciary testimony (HHRG-119-JU10-Wstate-RodriguezJ).",yes,irregular_row_fill2.csv
United States,USA,2022,irregular_stock,10940000,"Center for Migration Studies of New York (Robert Warren), After a Decade of Decline, the US Undocumented Population Increased by 650,000 in 2022, Journal on Migration and Human Security",https://journals.sagepub.com/doi/10.1177/23315024241226624,Modelled resident stock (ACS-based residual method with undercount adjustment). Reference date 1 July 2022. DOI 10.1177/23315024241226624.,no,irregular_row_fill2.csv
United States,USA,2010,population,309378227,"World Bank, World Development Indicators (SP.POP.TOTL), sourced from UN World Population Prospects and national statistical offices",https://api.worldbank.org/v2/country/all/indicator/SP.POP.TOTL,"Total resident population, mid-year estimate. Retrieved via World Bank API, August 2026.",yes,worldbank_api
United States,USA,2011,population,311839461,"World Bank, World Development Indicators (SP.POP.TOTL), sourced from UN World Population Prospects and national statistical offices",https://api.worldbank.org/v2/country/all/indicator/SP.POP.TOTL,"Total resident population, mid-year estimate. Retrieved via World Bank API, August 2026.",yes,worldbank_api
United States,USA,2012,population,314339099,"World Bank, World Development Indicators (SP.POP.TOTL), sourced from UN World Population Prospects and national statistical offices",https://api.worldbank.org/v2/country/all/indicator/SP.POP.TOTL,"Total resident population, mid-year estimate. Retrieved via World Bank API, August 2026.",yes,worldbank_api
United States,USA,2013,population,316726282,"World Bank, World Development Indicators (SP.POP.TOTL), sourced from UN World Population Prospects and national statistical offices",https://api.worldbank.org/v2/country/all/indicator/SP.POP.TOTL,"Total resident population, mid-year estimate. Retrieved via World Bank API, August 2026.",yes,worldbank_api
United States,USA,2014,population,319257560,"World Bank, World Development Indicators (SP.POP.TOTL), sourced from UN World Population Prospects and national statistical offices",https://api.worldbank.org/v2/country/all/indicator/SP.POP.TOTL,"Total resident population, mid-year estimate. Retrieved via World Bank API, August 2026.",yes,worldbank_api
United States,USA,2015,population,321815121,"World Bank, World Development Indicators (SP.POP.TOTL), sourced from UN World Population Prospects and national statistical offices",https://api.worldbank.org/v2/country/all/indicator/SP.POP.TOTL,"Total resident population, mid-year estimate. Retrieved via World Bank API, August 2026.",yes,worldbank_api
United States,USA,2016,population,324353340,"World Bank, World Development Indicators (SP.POP.TOTL), sourced from UN World Population Prospects and national statistical offices",https://api.worldbank.org/v2/country/all/indicator/SP.POP.TOTL,"Total resident population, mid-year estimate. Retrieved via World Bank API, August 2026.",yes,worldbank_api
United States,USA,2017,population,326608609,"World Bank, World Development Indicators (SP.POP.TOTL), sourced from UN World Population Prospects and national statistical offices",https://api.worldbank.org/v2/country/all/indicator/SP.POP.TOTL,"Total resident population, mid-year estimate. Retrieved via World Bank API, August 2026.",yes,worldbank_api
United States,USA,2018,population,328529577,"World Bank, World Development Indicators (SP.POP.TOTL), sourced from UN World Population Prospects and national statistical offices",https://api.worldbank.org/v2/country/all/indicator/SP.POP.TOTL,"Total resident population, mid-year estimate. Retrieved via World Bank API, August 2026.",yes,worldbank_api
United States,USA,2019,population,330226227,"World Bank, World Development Indicators (SP.POP.TOTL), sourced from UN World Population Prospects and national statistical offices",https://api.worldbank.org/v2/country/all/indicator/SP.POP.TOTL,"Total resident population, mid-year estimate. Retrieved via World Bank API, August 2026.",yes,worldbank_api
United States,USA,2020,population,331578104,"World Bank, World Development Indicators (SP.POP.TOTL), sourced from UN World Population Prospects and national statistical offices",https://api.worldbank.org/v2/country/all/indicator/SP.POP.TOTL,"Total resident population, mid-year estimate. Retrieved via World Bank API, August 2026.",yes,worldbank_api
United States,USA,2021,population,332100166,"World Bank, World Development Indicators (SP.POP.TOTL), sourced from UN World Population Prospects and national statistical offices",https://api.worldbank.org/v2/country/all/indicator/SP.POP.TOTL,"Total resident population, mid-year estimate. Retrieved via World Bank API, August 2026.",yes,worldbank_api
United States,USA,2022,population,333996304,"World Bank, World Development Indicators (SP.POP.TOTL), sourced from UN World Population Prospects and national statistical offices",https://api.worldbank.org/v2/country/all/indicator/SP.POP.TOTL,"Total resident population, mid-year estimate. Retrieved via World Bank API, August 2026.",yes,worldbank_api
South Africa,ZAF,2010,foreign_born,2274466,UN DESA International Migrant Stock (World Bank indicator SM.POP.TOTL),https://api.worldbank.org/v2/country/CHN;IND;PHL;RUS;ZAF;SUR;THA/indicator/SM.POP.TOTL?format=json&date=2010:2022&per_page=200,"UN estimate (not annual); mid-year benchmark year only; retrieved from World Bank mirror of UN DESA International Migrant Stock, accessed 2026-08",yes,nonoecd_stock.csv
South Africa,ZAF,2011,foreign_born,2184408,Statistics South Africa - Census 2011 (as tabulated in the Census 2022 Statistical Release P0301.4),https://census.statssa.gov.za/assets/documents/2022/P03014_Census_2022_Statistical_Release.pdf,"Census count, reference date 9-31 Oct 2011; persons born outside South Africa; comparable series in the same table: Census 1996 = 835216, Census 2001 = 1025076",yes,nonoecd_stock.csv
South Africa,ZAF,2015,foreign_born,3162564,UN DESA International Migrant Stock (World Bank indicator SM.POP.TOTL),https://api.worldbank.org/v2/country/CHN;IND;PHL;RUS;ZAF;SUR;THA/indicator/SM.POP.TOTL?format=json&date=2010:2022&per_page=200,"UN estimate (not annual); mid-year benchmark year only; markedly higher than the Stats SA census counts for adjacent years; retrieved from World Bank mirror of UN DESA International Migrant Stock, accessed 2026-08",yes,nonoecd_stock.csv
South Africa,ZAF,2016,foreign_born,1578541,Statistics South Africa - Community Survey 2016 (presented to the UN Expert Forum on International Migration Statistics 2023),https://unstats.un.org/unsd/demographic-social/migrationstat-forum-2023/presentations/E.3/4.Itani-StatsSA.pdf,"Large-scale household survey (not a census); persons born outside South Africa; Stats SA itself flags the 2011-2016 decline as anomalous, so treat with caution",yes,nonoecd_stock.csv
South Africa,ZAF,2020,foreign_born,2639076,UN DESA International Migrant Stock (World Bank indicator SM.POP.TOTL),https://api.worldbank.org/v2/country/CHN;IND;PHL;RUS;ZAF;SUR;THA/indicator/SM.POP.TOTL?format=json&date=2010:2022&per_page=200,"UN estimate (not annual); mid-year benchmark year only; retrieved from World Bank mirror of UN DESA International Migrant Stock, accessed 2026-08",yes,nonoecd_stock.csv
South Africa,ZAF,2022,foreign_born,2418197,Statistics South Africa - Census 2022 Statistical Release P0301.4,https://census.statssa.gov.za/assets/documents/2022/P03014_Census_2022_Statistical_Release.pdf,"Census count, reference night 2-3 Feb 2022 (nearest census to 2021); persons born outside South Africa, just above 3 per cent of the total population; a separate Stats SA Income and Expenditure Survey 2022/23 put the foreign-born population higher at about 3.1 million",yes,nonoecd_stock.csv
South Africa,ZAF,2010,population,52344051,"World Bank, World Development Indicators (SP.POP.TOTL), sourced from UN World Population Prospects and national statistical offices",https://api.worldbank.org/v2/country/all/indicator/SP.POP.TOTL,"Total resident population, mid-year estimate. Retrieved via World Bank API, August 2026.",yes,worldbank_api
South Africa,ZAF,2011,population,52995205,"World Bank, World Development Indicators (SP.POP.TOTL), sourced from UN World Population Prospects and national statistical offices",https://api.worldbank.org/v2/country/all/indicator/SP.POP.TOTL,"Total resident population, mid-year estimate. Retrieved via World Bank API, August 2026.",yes,worldbank_api
South Africa,ZAF,2012,population,53782567,"World Bank, World Development Indicators (SP.POP.TOTL), sourced from UN World Population Prospects and national statistical offices",https://api.worldbank.org/v2/country/all/indicator/SP.POP.TOTL,"Total resident population, mid-year estimate. Retrieved via World Bank API, August 2026.",yes,worldbank_api
South Africa,ZAF,2013,population,54678791,"World Bank, World Development Indicators (SP.POP.TOTL), sourced from UN World Population Prospects and national statistical offices",https://api.worldbank.org/v2/country/all/indicator/SP.POP.TOTL,"Total resident population, mid-year estimate. Retrieved via World Bank API, August 2026.",yes,worldbank_api
South Africa,ZAF,2014,population,55594838,"World Bank, World Development Indicators (SP.POP.TOTL), sourced from UN World Population Prospects and national statistical offices",https://api.worldbank.org/v2/country/all/indicator/SP.POP.TOTL,"Total resident population, mid-year estimate. Retrieved via World Bank API, August 2026.",yes,worldbank_api
South Africa,ZAF,2015,population,56723537,"World Bank, World Development Indicators (SP.POP.TOTL), sourced from UN World Population Prospects and national statistical offices",https://api.worldbank.org/v2/country/all/indicator/SP.POP.TOTL,"Total resident population, mid-year estimate. Retrieved via World Bank API, August 2026.",yes,worldbank_api
South Africa,ZAF,2016,population,57259551,"World Bank, World Development Indicators (SP.POP.TOTL), sourced from UN World Population Prospects and national statistical offices",https://api.worldbank.org/v2/country/all/indicator/SP.POP.TOTL,"Total resident population, mid-year estimate. Retrieved via World Bank API, August 2026.",yes,worldbank_api
South Africa,ZAF,2017,population,57635162,"World Bank, World Development Indicators (SP.POP.TOTL), sourced from UN World Population Prospects and national statistical offices",https://api.worldbank.org/v2/country/all/indicator/SP.POP.TOTL,"Total resident population, mid-year estimate. Retrieved via World Bank API, August 2026.",yes,worldbank_api
South Africa,ZAF,2018,population,58613001,"World Bank, World Development Indicators (SP.POP.TOTL), sourced from UN World Population Prospects and national statistical offices",https://api.worldbank.org/v2/country/all/indicator/SP.POP.TOTL,"Total resident population, mid-year estimate. Retrieved via World Bank API, August 2026.",yes,worldbank_api
South Africa,ZAF,2019,population,59587885,"World Bank, World Development Indicators (SP.POP.TOTL), sourced from UN World Population Prospects and national statistical offices",https://api.worldbank.org/v2/country/all/indicator/SP.POP.TOTL,"Total resident population, mid-year estimate. Retrieved via World Bank API, August 2026.",yes,worldbank_api
South Africa,ZAF,2020,population,60562381,"World Bank, World Development Indicators (SP.POP.TOTL), sourced from UN World Population Prospects and national statistical offices",https://api.worldbank.org/v2/country/all/indicator/SP.POP.TOTL,"Total resident population, mid-year estimate. Retrieved via World Bank API, August 2026.",yes,worldbank_api
South Africa,ZAF,2021,population,61502603,"World Bank, World Development Indicators (SP.POP.TOTL), sourced from UN World Population Prospects and national statistical offices",https://api.worldbank.org/v2/country/all/indicator/SP.POP.TOTL,"Total resident population, mid-year estimate. Retrieved via World Bank API, August 2026.",yes,worldbank_api
South Africa,ZAF,2022,population,62378410,"World Bank, World Development Indicators (SP.POP.TOTL), sourced from UN World Population Prospects and national statistical offices",https://api.worldbank.org/v2/country/all/indicator/SP.POP.TOTL,"Total resident population, mid-year estimate. Retrieved via World Bank API, August 2026.",yes,worldbank_api
