country,iso3,iso2,m49_code,in_wave1,in_wave2,year,population,population_source,population_url,population_alt_unwpp,population_alt_pct_diff,foreign_born,foreign_born_pct_pop,foreign_born_ref_date,foreign_born_source,foreign_born_url,foreign_born_note,foreign_nationals,foreign_nationals_pct_pop,foreign_nationals_ref_date,foreign_nationals_source,foreign_nationals_url,foreign_nationals_note,irregular_stock,irregular_stock_pct_pop,irregular_stock_ref_date,irregular_stock_source,irregular_stock_url,irregular_stock_note,irregular_stock_n_estimates,irregular_proxy_overstayers,irregular_proxy_overstayers_ref_date,irregular_proxy_overstayers_source,irregular_proxy_overstayers_url,irregular_proxy_overstayers_note,irregular_proxy_detections,irregular_proxy_detections_ref_date,irregular_proxy_detections_source,irregular_proxy_detections_url,irregular_proxy_detections_note
Australia,AUS,AU,36,1,1,2010,22031750,"World Bank, World Development Indicators (SP.POP.TOTL), sourced from UN World Population Prospects and national statistical offices",https://api.worldbank.org/v2/country/all/indicator/SP.POP.TOTL,22141581,0.0049851237418725245,5881360,0.2669492890941482,Mid-year / 30 June,"OECD International Migration Database (stocks of foreign-born population, measure B14)","https://sdmx.oecd.org/public/rest/data/OECD.ELS.IMD,DSD_MIG_F@DF_MIG_POPF,1.0/AUS.W.A.B14._T._Z._Z.PS?startPeriod=2010&endPeriod=2022&format=jsondata&dimensionAtObservation=AllDimensions",Overseas-born estimated resident population; reference date 30 June. OECD IMD series sourced from ABS.,,,,,,,,,,,,,,53900,Mid-year / 30 June,"ANU Press, A Long Way to Go, Chapter 2, Table 2.3 Estimated size of irregular migrant populations by region/country",https://press-files.anu.edu.au/downloads/press/n4016/html/ch02.xhtml,"estimated irregular migrant population of Australia (visa overstayers / unlawful non-citizens in the community) for 2010. Table 2.3 source note (l): 'Department of Immigration and Border Protection (DIBP) (2010).' The DIAC/DIBP overstayer estimate is published as at 30 June, but the ANU table states the year only and does not restate the within-year reference date.",,,,,
Australia,AUS,AU,36,1,1,2011,22340024,"World Bank, World Development Indicators (SP.POP.TOTL), sourced from UN World Population Prospects and national statistical offices",https://api.worldbank.org/v2/country/all/indicator/SP.POP.TOTL,22479775,0.006255633386965028,6018180,0.2693900418370186,Mid-year / 30 June,"OECD International Migration Database (stocks of foreign-born population, measure B14)","https://sdmx.oecd.org/public/rest/data/OECD.ELS.IMD,DSD_MIG_F@DF_MIG_POPF,1.0/AUS.W.A.B14._T._Z._Z.PS?startPeriod=2010&endPeriod=2022&format=jsondata&dimensionAtObservation=AllDimensions",Overseas-born estimated resident population; reference date 30 June. OECD IMD series sourced from ABS.,,,,,,,,,,,,,,58400,Mid-year / 30 June,"ANU Press, A Long Way to Go, Chapter 2, Table 2.3 Estimated size of irregular migrant populations by region/country",https://press-files.anu.edu.au/downloads/press/n4016/html/ch02.xhtml,"estimated irregular migrant population of Australia (visa overstayers / unlawful non-citizens in the community) for 2011. Table 2.3 source note (m): 'Australian National Audit Office (ANAO) (2013), p. 39.' The DIAC/DIBP overstayer estimate is published as at 30 June, but the ANU table states the year only and does not restate the within-year reference date.",,,,,
Australia,AUS,AU,36,1,1,2012,22733465,"World Bank, World Development Indicators (SP.POP.TOTL), sourced from UN World Population Prospects and national statistical offices",https://api.worldbank.org/v2/country/all/indicator/SP.POP.TOTL,22852644,0.0052424476427152655,6214010,0.27334196524814847,Mid-year / 30 June,"OECD International Migration Database (stocks of foreign-born population, measure B14)","https://sdmx.oecd.org/public/rest/data/OECD.ELS.IMD,DSD_MIG_F@DF_MIG_POPF,1.0/AUS.W.A.B14._T._Z._Z.PS?startPeriod=2010&endPeriod=2022&format=jsondata&dimensionAtObservation=AllDimensions",Overseas-born estimated resident population; reference date 30 June. OECD IMD series sourced from ABS.,,,,,,,,,,,,,,,,,,,,,,,
Australia,AUS,AU,36,1,1,2013,23128129,"World Bank, World Development Indicators (SP.POP.TOTL), sourced from UN World Population Prospects and national statistical offices",https://api.worldbank.org/v2/country/all/indicator/SP.POP.TOTL,23236270,0.004675734902723865,6408740,0.27709720920356334,Mid-year / 30 June,"OECD International Migration Database (stocks of foreign-born population, measure B14)","https://sdmx.oecd.org/public/rest/data/OECD.ELS.IMD,DSD_MIG_F@DF_MIG_POPF,1.0/AUS.W.A.B14._T._Z._Z.PS?startPeriod=2010&endPeriod=2022&format=jsondata&dimensionAtObservation=AllDimensions",Overseas-born estimated resident population; reference date 30 June. OECD IMD series sourced from ABS.,,,,,,,,,,,,,,,,,,,,,,,
Australia,AUS,AU,36,1,1,2014,23475686,"World Bank, World Development Indicators (SP.POP.TOTL), sourced from UN World Population Prospects and national statistical offices",https://api.worldbank.org/v2/country/all/indicator/SP.POP.TOTL,23595601,0.005108050942579484,6570240,0.27987424946815187,Mid-year / 30 June,"OECD International Migration Database (stocks of foreign-born population, measure B14)","https://sdmx.oecd.org/public/rest/data/OECD.ELS.IMD,DSD_MIG_F@DF_MIG_POPF,1.0/AUS.W.A.B14._T._Z._Z.PS?startPeriod=2010&endPeriod=2022&format=jsondata&dimensionAtObservation=AllDimensions",Overseas-born estimated resident population; reference date 30 June. OECD IMD series sourced from ABS.,,,,,,,,,,,,,,,,,,,,,,,
Australia,AUS,AU,36,1,1,2015,23815995,"World Bank, World Development Indicators (SP.POP.TOTL), sourced from UN World Population Prospects and national statistical offices",https://api.worldbank.org/v2/country/all/indicator/SP.POP.TOTL,23948002,0.005542787525778368,6729730,0.28257185979422655,Mid-year / 30 June,"OECD International Migration Database (stocks of foreign-born population, measure B14)","https://sdmx.oecd.org/public/rest/data/OECD.ELS.IMD,DSD_MIG_F@DF_MIG_POPF,1.0/AUS.W.A.B14._T._Z._Z.PS?startPeriod=2010&endPeriod=2022&format=jsondata&dimensionAtObservation=AllDimensions",Overseas-born estimated resident population; reference date 30 June. OECD IMD series sourced from ABS.,,,,,,,,,,,,,,62000,Mid-year / 30 June,"Australian Department of Immigration and Border Protection (2016), Annual Report 2015-16, p.51",https://www.homeaffairs.gov.au/reports-and-pubs/Annualreports/dibp-annual-report-2015-16.pdf,Unlawful non-citizens in the community at 30 June 2015. DIFFERENT MEASURE from the visa-overstayer estimates recorded for AUS 2010/2011/2016: 'unlawful non-citizens in the community' excludes people in immigration detention. Taken from an independently compiled comparison dataset; not independently re-verified.,,,,,
Australia,AUS,AU,36,1,1,2016,24190907,"World Bank, World Development Indicators (SP.POP.TOTL), sourced from UN World Population Prospects and national statistical offices",https://api.worldbank.org/v2/country/all/indicator/SP.POP.TOTL,24329963,0.005748275581399242,6912110,0.2857317420963174,Mid-year / 30 June,"OECD International Migration Database (stocks of foreign-born population, measure B14)","https://sdmx.oecd.org/public/rest/data/OECD.ELS.IMD,DSD_MIG_F@DF_MIG_POPF,1.0/AUS.W.A.B14._T._Z._Z.PS?startPeriod=2010&endPeriod=2022&format=jsondata&dimensionAtObservation=AllDimensions",Overseas-born estimated resident population; reference date 30 June. OECD IMD series sourced from ABS.,,,,,,,,,,,,,,64600,Mid-year / 30 June,"Australian Department of Immigration and Border Protection, Senate Legal and Constitutional Affairs Committee, Budget Estimates Question on Notice BE17171",https://www.aph.gov.au/~/media/Committees/legcon_ctte/estimates/bud_1718/DIBP/QoNs/BE17171.pdf,Reference date 30 June 2016. Departmental estimate of unlawful non-citizens (visa overstayers) in the Australian community; register-derived estimate rather than a survey model.,,,,,
Australia,AUS,AU,36,1,1,2017,24592588,"World Bank, World Development Indicators (SP.POP.TOTL), sourced from UN World Population Prospects and national statistical offices",https://api.worldbank.org/v2/country/all/indicator/SP.POP.TOTL,24731038,0.005629745027241541,7142030,0.2904139247158534,Mid-year / 30 June,"OECD International Migration Database (stocks of foreign-born population, measure B14)","https://sdmx.oecd.org/public/rest/data/OECD.ELS.IMD,DSD_MIG_F@DF_MIG_POPF,1.0/AUS.W.A.B14._T._Z._Z.PS?startPeriod=2010&endPeriod=2022&format=jsondata&dimensionAtObservation=AllDimensions",Overseas-born estimated resident population; reference date 30 June. OECD IMD series sourced from ABS.,,,,,,,,,,,,,,,,,,,,,,,
Australia,AUS,AU,36,1,1,2018,24963258,"World Bank, World Development Indicators (SP.POP.TOTL), sourced from UN World Population Prospects and national statistical offices",https://api.worldbank.org/v2/country/all/indicator/SP.POP.TOTL,25119706,0.006267130676612804,7346520,0.2942933170021317,Mid-year / 30 June,"OECD International Migration Database (stocks of foreign-born population, measure B14)","https://sdmx.oecd.org/public/rest/data/OECD.ELS.IMD,DSD_MIG_F@DF_MIG_POPF,1.0/AUS.W.A.B14._T._Z._Z.PS?startPeriod=2010&endPeriod=2022&format=jsondata&dimensionAtObservation=AllDimensions",Overseas-born estimated resident population; reference date 30 June. OECD IMD series sourced from ABS.,,,,,,,,,,,,,,,,,,,,,,,
Australia,AUS,AU,36,1,1,2019,25334826,"World Bank, World Development Indicators (SP.POP.TOTL), sourced from UN World Population Prospects and national statistical offices",https://api.worldbank.org/v2/country/all/indicator/SP.POP.TOTL,25482714,0.005837340268293139,7549660,0.297995336537934,Mid-year / 30 June,"OECD International Migration Database (stocks of foreign-born population, measure B14)","https://sdmx.oecd.org/public/rest/data/OECD.ELS.IMD,DSD_MIG_F@DF_MIG_POPF,1.0/AUS.W.A.B14._T._Z._Z.PS?startPeriod=2010&endPeriod=2022&format=jsondata&dimensionAtObservation=AllDimensions",Overseas-born estimated resident population; reference date 30 June. OECD IMD series sourced from ABS.,,,,,,,,,,,,,,,,,,,,,,,
Australia,AUS,AU,36,1,1,2020,25649248,"World Bank, World Development Indicators (SP.POP.TOTL), sourced from UN World Population Prospects and national statistical offices",https://api.worldbank.org/v2/country/all/indicator/SP.POP.TOTL,25743791,0.0036859950046098816,7672450,0.299129627504089,Mid-year / 30 June,"OECD International Migration Database (stocks of foreign-born population, measure B14)","https://sdmx.oecd.org/public/rest/data/OECD.ELS.IMD,DSD_MIG_F@DF_MIG_POPF,1.0/AUS.W.A.B14._T._Z._Z.PS?startPeriod=2010&endPeriod=2022&format=jsondata&dimensionAtObservation=AllDimensions",Overseas-born estimated resident population; reference date 30 June. OECD IMD series sourced from ABS.,,,,,,,,,,,,,,,,,,,,,,,
Australia,AUS,AU,36,1,1,2021,25685412,"World Bank, World Development Indicators (SP.POP.TOTL), sourced from UN World Population Prospects and national statistical offices",https://api.worldbank.org/v2/country/all/indicator/SP.POP.TOTL,25956417,0.010550930621630676,7525860,0.2930013347654303,Mid-year / 30 June,"OECD International Migration Database (stocks of foreign-born population, measure B14)","https://sdmx.oecd.org/public/rest/data/OECD.ELS.IMD,DSD_MIG_F@DF_MIG_POPF,1.0/AUS.W.A.B14._T._Z._Z.PS?startPeriod=2010&endPeriod=2022&format=jsondata&dimensionAtObservation=AllDimensions",Overseas-born estimated resident population; reference date 30 June. OECD IMD series sourced from ABS.,,,,,,,,,,,,,,,,,,,,,,,
Australia,AUS,AU,36,1,1,2022,26018721,"World Bank, World Development Indicators (SP.POP.TOTL), sourced from UN World Population Prospects and national statistical offices",https://api.worldbank.org/v2/country/all/indicator/SP.POP.TOTL,26200984,0.0070050714637356695,7681720,0.29523818638125987,Mid-year / 30 June,"OECD International Migration Database (stocks of foreign-born population, measure B14)","https://sdmx.oecd.org/public/rest/data/OECD.ELS.IMD,DSD_MIG_F@DF_MIG_POPF,1.0/AUS.W.A.B14._T._Z._Z.PS?startPeriod=2010&endPeriod=2022&format=jsondata&dimensionAtObservation=AllDimensions",Overseas-born estimated resident population; reference date 30 June. OECD IMD series sourced from ABS.,,,,,,,,,,,,,,,,,,,,,,,
Austria,AUT,AT,40,0,1,2010,8363404,"World Bank, World Development Indicators (SP.POP.TOTL), sourced from UN World Population Prospects and national statistical offices",https://api.worldbank.org/v2/country/all/indicator/SP.POP.TOTL,8365092,0.00020183169436750872,1274901,0.15243805034409436,1 January,Eurostat [migr_pop3ctb],https://ec.europa.eu/eurostat/api/dissemination/statistics/1.0/data/migr_pop3ctb?format=JSON&lang=EN&geo=AT&age=TOTAL&sex=T&unit=NR&c_birth=FOR&sinceTimePeriod=2010&untilTimePeriod=2022,stock at 1 Jan; c_birth=FOR (born in a foreign country),879102,0.10511294205086828,1 January,Eurostat [migr_pop1ctz],https://ec.europa.eu/eurostat/api/dissemination/statistics/1.0/data/migr_pop1ctz?format=JSON&lang=EN&geo=AT&age=TOTAL&sex=T&unit=NR&citizen=FOR_STLS&sinceTimePeriod=2010&untilTimePeriod=2022,stock at 1 Jan; citizen=FOR_STLS (foreign citizens incl. stateless),,,,,,,,,,,,,15220,Full calendar year (flow),"Eurostat, Third country nationals found to be illegally present (migr_eipre)",https://ec.europa.eu/eurostat/databrowser/view/migr_eipre/default/table,"Eurostat enforcement statistic - annual flow of detections, NOT a stock. Dataset migr_eipre, dimensions freq=A citizen=TOTAL reason=TOTAL apprehen=TOTAL sex=T age=TOTAL unit=PER. Rounded to nearest 5 by Eurostat."
Austria,AUT,AT,40,0,1,2011,8391643,"World Bank, World Development Indicators (SP.POP.TOTL), sourced from UN World Population Prospects and national statistical offices",https://api.worldbank.org/v2/country/all/indicator/SP.POP.TOTL,8393270,0.00019388336705934703,1294224,0.15422772393916184,1 January,Eurostat [migr_pop3ctb],https://ec.europa.eu/eurostat/api/dissemination/statistics/1.0/data/migr_pop3ctb?format=JSON&lang=EN&geo=AT&age=TOTAL&sex=T&unit=NR&c_birth=FOR&sinceTimePeriod=2010&untilTimePeriod=2022,stock at 1 Jan; c_birth=FOR (born in a foreign country),908591,0.10827331429613962,1 January,Eurostat [migr_pop1ctz],https://ec.europa.eu/eurostat/api/dissemination/statistics/1.0/data/migr_pop1ctz?format=JSON&lang=EN&geo=AT&age=TOTAL&sex=T&unit=NR&citizen=FOR_STLS&sinceTimePeriod=2010&untilTimePeriod=2022,stock at 1 Jan; citizen=FOR_STLS (foreign citizens incl. stateless),,,,,,,,,,,,,20080,Full calendar year (flow),"Eurostat, Third country nationals found to be illegally present (migr_eipre)",https://ec.europa.eu/eurostat/databrowser/view/migr_eipre/default/table,"Eurostat enforcement statistic - annual flow of detections, NOT a stock. Dataset migr_eipre, dimensions freq=A citizen=TOTAL reason=TOTAL apprehen=TOTAL sex=T age=TOTAL unit=PER. Rounded to nearest 5 by Eurostat."
Austria,AUT,AT,40,0,1,2012,8429991,"World Bank, World Development Indicators (SP.POP.TOTL), sourced from UN World Population Prospects and national statistical offices",https://api.worldbank.org/v2/country/all/indicator/SP.POP.TOTL,8431601,0.00019098478278327936,1322656,0.1568988626441001,1 January,Eurostat [migr_pop3ctb],https://ec.europa.eu/eurostat/api/dissemination/statistics/1.0/data/migr_pop3ctb?format=JSON&lang=EN&geo=AT&age=TOTAL&sex=T&unit=NR&c_birth=FOR&sinceTimePeriod=2010&untilTimePeriod=2022,stock at 1 Jan; c_birth=FOR (born in a foreign country),946610,0.1122907485903603,1 January,Eurostat [migr_pop1ctz],https://ec.europa.eu/eurostat/api/dissemination/statistics/1.0/data/migr_pop1ctz?format=JSON&lang=EN&geo=AT&age=TOTAL&sex=T&unit=NR&citizen=FOR_STLS&sinceTimePeriod=2010&untilTimePeriod=2022,stock at 1 Jan; citizen=FOR_STLS (foreign citizens incl. stateless),,,,,,,,,,,,,23135,Full calendar year (flow),"Eurostat, Third country nationals found to be illegally present (migr_eipre)",https://ec.europa.eu/eurostat/databrowser/view/migr_eipre/default/table,"Eurostat enforcement statistic - annual flow of detections, NOT a stock. Dataset migr_eipre, dimensions freq=A citizen=TOTAL reason=TOTAL apprehen=TOTAL sex=T age=TOTAL unit=PER. Rounded to nearest 5 by Eurostat."
Austria,AUT,AT,40,0,1,2013,8479823,"World Bank, World Development Indicators (SP.POP.TOTL), sourced from UN World Population Prospects and national statistical offices",https://api.worldbank.org/v2/country/all/indicator/SP.POP.TOTL,8481406,0.00018667842477372465,1364003,0.16085276779951657,1 January,Eurostat [migr_pop3ctb],https://ec.europa.eu/eurostat/api/dissemination/statistics/1.0/data/migr_pop3ctb?format=JSON&lang=EN&geo=AT&age=TOTAL&sex=T&unit=NR&c_birth=FOR&sinceTimePeriod=2010&untilTimePeriod=2022,stock at 1 Jan; c_birth=FOR (born in a foreign country),999095,0.11782026582394467,1 January,Eurostat [migr_pop1ctz],https://ec.europa.eu/eurostat/api/dissemination/statistics/1.0/data/migr_pop1ctz?format=JSON&lang=EN&geo=AT&age=TOTAL&sex=T&unit=NR&citizen=FOR_STLS&sinceTimePeriod=2010&untilTimePeriod=2022,stock at 1 Jan; citizen=FOR_STLS (foreign citizens incl. stateless),,,,,,,,,,,,,25960,Full calendar year (flow),"Eurostat, Third country nationals found to be illegally present (migr_eipre)",https://ec.europa.eu/eurostat/databrowser/view/migr_eipre/default/table,"Eurostat enforcement statistic - annual flow of detections, NOT a stock. Dataset migr_eipre, dimensions freq=A citizen=TOTAL reason=TOTAL apprehen=TOTAL sex=T age=TOTAL unit=PER. Rounded to nearest 5 by Eurostat."
Austria,AUT,AT,40,0,1,2014,8546356,"World Bank, World Development Indicators (SP.POP.TOTL), sourced from UN World Population Prospects and national statistical offices",https://api.worldbank.org/v2/country/all/indicator/SP.POP.TOTL,8547817,0.00017095005169454676,1414215,0.16547578874551913,1 January,Eurostat [migr_pop3ctb],https://ec.europa.eu/eurostat/api/dissemination/statistics/1.0/data/migr_pop3ctb?format=JSON&lang=EN&geo=AT&age=TOTAL&sex=T&unit=NR&c_birth=FOR&sinceTimePeriod=2010&untilTimePeriod=2022,stock at 1 Jan; c_birth=FOR (born in a foreign country),1060446,0.12408165538622543,1 January,Eurostat [migr_pop1ctz],https://ec.europa.eu/eurostat/api/dissemination/statistics/1.0/data/migr_pop1ctz?format=JSON&lang=EN&geo=AT&age=TOTAL&sex=T&unit=NR&citizen=FOR_STLS&sinceTimePeriod=2010&untilTimePeriod=2022,stock at 1 Jan; citizen=FOR_STLS (foreign citizens incl. stateless),,,,,,,,,,,,,33055,Full calendar year (flow),"Eurostat, Third country nationals found to be illegally present (migr_eipre)",https://ec.europa.eu/eurostat/databrowser/view/migr_eipre/default/table,"Eurostat enforcement statistic - annual flow of detections, NOT a stock. Dataset migr_eipre, dimensions freq=A citizen=TOTAL reason=TOTAL apprehen=TOTAL sex=T age=TOTAL unit=PER. Rounded to nearest 5 by Eurostat."
Austria,AUT,AT,40,0,1,2015,8642699,"World Bank, World Development Indicators (SP.POP.TOTL), sourced from UN World Population Prospects and national statistical offices",https://api.worldbank.org/v2/country/all/indicator/SP.POP.TOTL,8644039,0.00015504415923775662,1483123,0.17160414819490993,1 January,Eurostat [migr_pop3ctb],https://ec.europa.eu/eurostat/api/dissemination/statistics/1.0/data/migr_pop3ctb?format=JSON&lang=EN&geo=AT&age=TOTAL&sex=T&unit=NR&c_birth=FOR&sinceTimePeriod=2010&untilTimePeriod=2022,stock at 1 Jan; c_birth=FOR (born in a foreign country),1139736,0.13187269393507745,1 January,Eurostat [migr_pop1ctz],https://ec.europa.eu/eurostat/api/dissemination/statistics/1.0/data/migr_pop1ctz?format=JSON&lang=EN&geo=AT&age=TOTAL&sex=T&unit=NR&citizen=FOR_STLS&sinceTimePeriod=2010&untilTimePeriod=2022,stock at 1 Jan; citizen=FOR_STLS (foreign citizens incl. stateless),,,,,,,,,,,,,86220,Full calendar year (flow),"Eurostat, Third country nationals found to be illegally present (migr_eipre)",https://ec.europa.eu/eurostat/databrowser/view/migr_eipre/default/table,"Eurostat enforcement statistic - annual flow of detections, NOT a stock. Dataset migr_eipre, dimensions freq=A citizen=TOTAL reason=TOTAL apprehen=TOTAL sex=T age=TOTAL unit=PER. Rounded to nearest 5 by Eurostat."
Austria,AUT,AT,40,0,1,2016,8736668,"World Bank, World Development Indicators (SP.POP.TOTL), sourced from UN World Population Prospects and national statistical offices",https://api.worldbank.org/v2/country/all/indicator/SP.POP.TOTL,8737915,0.00014273175997989165,1588209,0.18178658042173515,1 January,Eurostat [migr_pop3ctb],https://ec.europa.eu/eurostat/api/dissemination/statistics/1.0/data/migr_pop3ctb?format=JSON&lang=EN&geo=AT&age=TOTAL&sex=T&unit=NR&c_birth=FOR&sinceTimePeriod=2010&untilTimePeriod=2022,stock at 1 Jan; c_birth=FOR (born in a foreign country),1260188,0.14424125994028844,1 January,Eurostat [migr_pop1ctz],https://ec.europa.eu/eurostat/api/dissemination/statistics/1.0/data/migr_pop1ctz?format=JSON&lang=EN&geo=AT&age=TOTAL&sex=T&unit=NR&citizen=FOR_STLS&sinceTimePeriod=2010&untilTimePeriod=2022,stock at 1 Jan; citizen=FOR_STLS (foreign citizens incl. stateless),,,,,,,,,,,,,49810,Full calendar year (flow),"Eurostat, Third country nationals found to be illegally present (migr_eipre)",https://ec.europa.eu/eurostat/databrowser/view/migr_eipre/default/table,"Eurostat enforcement statistic - annual flow of detections, NOT a stock. Dataset migr_eipre, dimensions freq=A citizen=TOTAL reason=TOTAL apprehen=TOTAL sex=T age=TOTAL unit=PER. Rounded to nearest 5 by Eurostat."
Austria,AUT,AT,40,0,1,2017,8797566,"World Bank, World Development Indicators (SP.POP.TOTL), sourced from UN World Population Prospects and national statistical offices",https://api.worldbank.org/v2/country/all/indicator/SP.POP.TOTL,8798778,0.00013776537737824303,1649008,0.18743911668295526,1 January,Eurostat [migr_pop3ctb],https://ec.europa.eu/eurostat/api/dissemination/statistics/1.0/data/migr_pop3ctb?format=JSON&lang=EN&geo=AT&age=TOTAL&sex=T&unit=NR&c_birth=FOR&sinceTimePeriod=2010&untilTimePeriod=2022,stock at 1 Jan; c_birth=FOR (born in a foreign country),1333239,0.1515463481603889,1 January,Eurostat [migr_pop1ctz],https://ec.europa.eu/eurostat/api/dissemination/statistics/1.0/data/migr_pop1ctz?format=JSON&lang=EN&geo=AT&age=TOTAL&sex=T&unit=NR&citizen=FOR_STLS&sinceTimePeriod=2010&untilTimePeriod=2022,stock at 1 Jan; citizen=FOR_STLS (foreign citizens incl. stateless),150000,0.017050170467604334,See note,"Pew Research Center (2019), Europe's Unauthorized Immigrant Population Peaks in 2016, Then Levels Off",https://www.pewresearch.org/global/2019/11/13/europes-unauthorized-immigrant-population-peaks-in-2016-then-levels-off/,"Pew residual method (population/labour-force data minus lawfully resident foreign-born), estimate INCLUDES asylum seekers awaiting a decision; published range 100000-200000, value is the midpoint of the published range. Pew reports only rounded 100k bounds.",1,,,,,,26660,Full calendar year (flow),"Eurostat, Third country nationals found to be illegally present (migr_eipre)",https://ec.europa.eu/eurostat/databrowser/view/migr_eipre/default/table,"Eurostat enforcement statistic - annual flow of detections, NOT a stock. Dataset migr_eipre, dimensions freq=A citizen=TOTAL reason=TOTAL apprehen=TOTAL sex=T age=TOTAL unit=PER. Rounded to nearest 5 by Eurostat."
Austria,AUT,AT,40,0,1,2018,8840521,"World Bank, World Development Indicators (SP.POP.TOTL), sourced from UN World Population Prospects and national statistical offices",https://api.worldbank.org/v2/country/all/indicator/SP.POP.TOTL,8841650,0.0001277074054798354,1690619,0.19123522244899369,1 January,Eurostat [migr_pop3ctb],https://ec.europa.eu/eurostat/api/dissemination/statistics/1.0/data/migr_pop3ctb?format=JSON&lang=EN&geo=AT&age=TOTAL&sex=T&unit=NR&c_birth=FOR&sinceTimePeriod=2010&untilTimePeriod=2022,stock at 1 Jan; c_birth=FOR (born in a foreign country),1385823,0.1567580688966182,1 January,Eurostat [migr_pop1ctz],https://ec.europa.eu/eurostat/api/dissemination/statistics/1.0/data/migr_pop1ctz?format=JSON&lang=EN&geo=AT&age=TOTAL&sex=T&unit=NR&citizen=FOR_STLS&sinceTimePeriod=2010&untilTimePeriod=2022,stock at 1 Jan; citizen=FOR_STLS (foreign citizens incl. stateless),,,,,,,,,,,,,18840,Full calendar year (flow),"Eurostat, Third country nationals found to be illegally present (migr_eipre)",https://ec.europa.eu/eurostat/databrowser/view/migr_eipre/default/table,"Eurostat enforcement statistic - annual flow of detections, NOT a stock. Dataset migr_eipre, dimensions freq=A citizen=TOTAL reason=TOTAL apprehen=TOTAL sex=T age=TOTAL unit=PER. Rounded to nearest 5 by Eurostat."
Austria,AUT,AT,40,0,1,2019,8879920,"World Bank, World Development Indicators (SP.POP.TOTL), sourced from UN World Population Prospects and national statistical offices",https://api.worldbank.org/v2/country/all/indicator/SP.POP.TOTL,8880876,0.0001076586275552032,1722833,0.19401447310336128,1 January,Eurostat [migr_pop3ctb],https://ec.europa.eu/eurostat/api/dissemination/statistics/1.0/data/migr_pop3ctb?format=JSON&lang=EN&geo=AT&age=TOTAL&sex=T&unit=NR&c_birth=FOR&sinceTimePeriod=2010&untilTimePeriod=2022,stock at 1 Jan; c_birth=FOR (born in a foreign country),1427105,0.16071147037360697,1 January,Eurostat [migr_pop1ctz],https://ec.europa.eu/eurostat/api/dissemination/statistics/1.0/data/migr_pop1ctz?format=JSON&lang=EN&geo=AT&age=TOTAL&sex=T&unit=NR&citizen=FOR_STLS&sinceTimePeriod=2010&untilTimePeriod=2022,stock at 1 Jan; citizen=FOR_STLS (foreign citizens incl. stateless),,,,,,,,,,,,,16090,Full calendar year (flow),"Eurostat, Third country nationals found to be illegally present (migr_eipre)",https://ec.europa.eu/eurostat/databrowser/view/migr_eipre/default/table,"Eurostat enforcement statistic - annual flow of detections, NOT a stock. Dataset migr_eipre, dimensions freq=A citizen=TOTAL reason=TOTAL apprehen=TOTAL sex=T age=TOTAL unit=PER. Rounded to nearest 5 by Eurostat."
Austria,AUT,AT,40,0,1,2020,8916864,"World Bank, World Development Indicators (SP.POP.TOTL), sourced from UN World Population Prospects and national statistical offices",https://api.worldbank.org/v2/country/all/indicator/SP.POP.TOTL,8921405,0.0005092597576905961,1760595,0.19744553690624866,1 January,Eurostat [migr_pop3ctb],https://ec.europa.eu/eurostat/api/dissemination/statistics/1.0/data/migr_pop3ctb?format=JSON&lang=EN&geo=AT&age=TOTAL&sex=T&unit=NR&c_birth=FOR&sinceTimePeriod=2010&untilTimePeriod=2022,stock at 1 Jan; c_birth=FOR (born in a foreign country),1473453,0.1652434084449421,1 January,Eurostat [migr_pop1ctz],https://ec.europa.eu/eurostat/api/dissemination/statistics/1.0/data/migr_pop1ctz?format=JSON&lang=EN&geo=AT&age=TOTAL&sex=T&unit=NR&citizen=FOR_STLS&sinceTimePeriod=2010&untilTimePeriod=2022,stock at 1 Jan; citizen=FOR_STLS (foreign citizens incl. stateless),,,,,,,,,,,,,18715,Full calendar year (flow),"Eurostat, Third country nationals found to be illegally present (migr_eipre)",https://ec.europa.eu/eurostat/databrowser/view/migr_eipre/default/table,"Eurostat enforcement statistic - annual flow of detections, NOT a stock. Dataset migr_eipre, dimensions freq=A citizen=TOTAL reason=TOTAL apprehen=TOTAL sex=T age=TOTAL unit=PER. Rounded to nearest 5 by Eurostat."
Austria,AUT,AT,40,0,1,2021,8955797,"World Bank, World Development Indicators (SP.POP.TOTL), sourced from UN World Population Prospects and national statistical offices",https://api.worldbank.org/v2/country/all/indicator/SP.POP.TOTL,8967057,0.0012572862024451872,1792053,0.200099778947647,1 January,Eurostat [migr_pop3ctb],https://ec.europa.eu/eurostat/api/dissemination/statistics/1.0/data/migr_pop3ctb?format=JSON&lang=EN&geo=AT&age=TOTAL&sex=T&unit=NR&c_birth=FOR&sinceTimePeriod=2010&untilTimePeriod=2022,stock at 1 Jan; c_birth=FOR (born in a foreign country),1517372,0.16942903015778496,1 January,Eurostat [migr_pop1ctz],https://ec.europa.eu/eurostat/api/dissemination/statistics/1.0/data/migr_pop1ctz?format=JSON&lang=EN&geo=AT&age=TOTAL&sex=T&unit=NR&citizen=FOR_STLS&sinceTimePeriod=2010&untilTimePeriod=2022,stock at 1 Jan; citizen=FOR_STLS (foreign citizens incl. stateless),,,,,,,,,,,,,38410,Full calendar year (flow),"Eurostat, Third country nationals found to be illegally present (migr_eipre)",https://ec.europa.eu/eurostat/databrowser/view/migr_eipre/default/table,"Eurostat enforcement statistic - annual flow of detections, NOT a stock. Dataset migr_eipre, dimensions freq=A citizen=TOTAL reason=TOTAL apprehen=TOTAL sex=T age=TOTAL unit=PER. Rounded to nearest 5 by Eurostat."
Austria,AUT,AT,40,0,1,2022,9041851,"World Bank, World Development Indicators (SP.POP.TOTL), sourced from UN World Population Prospects and national statistical offices",https://api.worldbank.org/v2/country/all/indicator/SP.POP.TOTL,9064677,0.0025244830953308124,1834342,0.20287239858298925,1 January,Eurostat [migr_pop3ctb],https://ec.europa.eu/eurostat/api/dissemination/statistics/1.0/data/migr_pop3ctb?format=JSON&lang=EN&geo=AT&age=TOTAL&sex=T&unit=NR&c_birth=FOR&sinceTimePeriod=2010&untilTimePeriod=2022,stock at 1 Jan; c_birth=FOR (born in a foreign country),1572316,0.17389315528424434,1 January,Eurostat [migr_pop1ctz],https://ec.europa.eu/eurostat/api/dissemination/statistics/1.0/data/migr_pop1ctz?format=JSON&lang=EN&geo=AT&age=TOTAL&sex=T&unit=NR&citizen=FOR_STLS&sinceTimePeriod=2010&untilTimePeriod=2022,stock at 1 Jan; citizen=FOR_STLS (foreign citizens incl. stateless),,,,,,,,,,,,,105545,Full calendar year (flow),"Eurostat, Third country nationals found to be illegally present (migr_eipre)",https://ec.europa.eu/eurostat/databrowser/view/migr_eipre/default/table,"Eurostat enforcement statistic - annual flow of detections, NOT a stock. Dataset migr_eipre, dimensions freq=A citizen=TOTAL reason=TOTAL apprehen=TOTAL sex=T age=TOTAL unit=PER. Rounded to nearest 5 by Eurostat."
Belgium,BEL,BE,56,1,0,2010,10895586,"World Bank, World Development Indicators (SP.POP.TOTL), sourced from UN World Population Prospects and national statistical offices",https://api.worldbank.org/v2/country/all/indicator/SP.POP.TOTL,10936626,0.003766662940387052,1503806,0.1380197448765032,1 January,Eurostat [migr_pop3ctb],https://ec.europa.eu/eurostat/api/dissemination/statistics/1.0/data/migr_pop3ctb?format=JSON&lang=EN&geo=BE&age=TOTAL&sex=T&unit=NR&c_birth=FOR&sinceTimePeriod=2010&untilTimePeriod=2022,stock at 1 Jan; c_birth=FOR (born in a foreign country),1052844,0.09663032350898795,1 January,Eurostat [migr_pop1ctz],https://ec.europa.eu/eurostat/api/dissemination/statistics/1.0/data/migr_pop1ctz?format=JSON&lang=EN&geo=BE&age=TOTAL&sex=T&unit=NR&citizen=FOR_STLS&sinceTimePeriod=2010&untilTimePeriod=2022,stock at 1 Jan; citizen=FOR_STLS (foreign citizens incl. stateless),,,,,,,,,,,,,12115,Full calendar year (flow),"Eurostat, Third country nationals found to be illegally present (migr_eipre)",https://ec.europa.eu/eurostat/databrowser/view/migr_eipre/default/table,"Eurostat enforcement statistic - annual flow of detections, NOT a stock. Dataset migr_eipre, dimensions freq=A citizen=TOTAL reason=TOTAL apprehen=TOTAL sex=T age=TOTAL unit=PER. Rounded to nearest 5 by Eurostat."
Belgium,BEL,BE,56,1,0,2011,11038264,"World Bank, World Development Indicators (SP.POP.TOTL), sourced from UN World Population Prospects and national statistical offices",https://api.worldbank.org/v2/country/all/indicator/SP.POP.TOTL,11038631,3.3247981747854556e-05,1628793,0.14755880091289716,1 January,Eurostat [migr_pop3ctb],https://ec.europa.eu/eurostat/api/dissemination/statistics/1.0/data/migr_pop3ctb?format=JSON&lang=EN&geo=BE&age=TOTAL&sex=T&unit=NR&c_birth=FOR&sinceTimePeriod=2010&untilTimePeriod=2022,stock at 1 Jan; c_birth=FOR (born in a foreign country),1162608,0.10532525766732885,1 January,Eurostat [migr_pop1ctz],https://ec.europa.eu/eurostat/api/dissemination/statistics/1.0/data/migr_pop1ctz?format=JSON&lang=EN&geo=BE&age=TOTAL&sex=T&unit=NR&citizen=FOR_STLS&sinceTimePeriod=2010&untilTimePeriod=2022,stock at 1 Jan; citizen=FOR_STLS (foreign citizens incl. stateless),,,,,,,,,,,,,13550,Full calendar year (flow),"Eurostat, Third country nationals found to be illegally present (migr_eipre)",https://ec.europa.eu/eurostat/databrowser/view/migr_eipre/default/table,"Eurostat enforcement statistic - annual flow of detections, NOT a stock. Dataset migr_eipre, dimensions freq=A citizen=TOTAL reason=TOTAL apprehen=TOTAL sex=T age=TOTAL unit=PER. Rounded to nearest 5 by Eurostat."
Belgium,BEL,BE,56,1,0,2012,11106932,"World Bank, World Development Indicators (SP.POP.TOTL), sourced from UN World Population Prospects and national statistical offices",https://api.worldbank.org/v2/country/all/indicator/SP.POP.TOTL,11107518,5.275984403253752e-05,1677737,0.1510531441085621,1 January,Eurostat [migr_pop3ctb],https://ec.europa.eu/eurostat/api/dissemination/statistics/1.0/data/migr_pop3ctb?format=JSON&lang=EN&geo=BE&age=TOTAL&sex=T&unit=NR&c_birth=FOR&sinceTimePeriod=2010&untilTimePeriod=2022,stock at 1 Jan; c_birth=FOR (born in a foreign country),1197598,0.10782437490388885,1 January,Eurostat [migr_pop1ctz],https://ec.europa.eu/eurostat/api/dissemination/statistics/1.0/data/migr_pop1ctz?format=JSON&lang=EN&geo=BE&age=TOTAL&sex=T&unit=NR&citizen=FOR_STLS&sinceTimePeriod=2010&untilTimePeriod=2022,stock at 1 Jan; citizen=FOR_STLS (foreign citizens incl. stateless),,,,,,,,,,,,,15085,Full calendar year (flow),"Eurostat, Third country nationals found to be illegally present (migr_eipre)",https://ec.europa.eu/eurostat/databrowser/view/migr_eipre/default/table,"Eurostat enforcement statistic - annual flow of detections, NOT a stock. Dataset migr_eipre, dimensions freq=A citizen=TOTAL reason=TOTAL apprehen=TOTAL sex=T age=TOTAL unit=PER. Rounded to nearest 5 by Eurostat."
Belgium,BEL,BE,56,1,0,2013,11159407,"World Bank, World Development Indicators (SP.POP.TOTL), sourced from UN World Population Prospects and national statistical offices",https://api.worldbank.org/v2/country/all/indicator/SP.POP.TOTL,11160276,7.787152130933122e-05,1722265,0.15433302145893593,1 January,Eurostat [migr_pop3ctb],https://ec.europa.eu/eurostat/api/dissemination/statistics/1.0/data/migr_pop3ctb?format=JSON&lang=EN&geo=BE&age=TOTAL&sex=T&unit=NR&c_birth=FOR&sinceTimePeriod=2010&untilTimePeriod=2022,stock at 1 Jan; c_birth=FOR (born in a foreign country),1222741,0.10957042789101608,1 January,Eurostat [migr_pop1ctz],https://ec.europa.eu/eurostat/api/dissemination/statistics/1.0/data/migr_pop1ctz?format=JSON&lang=EN&geo=BE&age=TOTAL&sex=T&unit=NR&citizen=FOR_STLS&sinceTimePeriod=2010&untilTimePeriod=2022,stock at 1 Jan; citizen=FOR_STLS (foreign citizens incl. stateless),,,,,,,,,,,,,15075,Full calendar year (flow),"Eurostat, Third country nationals found to be illegally present (migr_eipre)",https://ec.europa.eu/eurostat/databrowser/view/migr_eipre/default/table,"Eurostat enforcement statistic - annual flow of detections, NOT a stock. Dataset migr_eipre, dimensions freq=A citizen=TOTAL reason=TOTAL apprehen=TOTAL sex=T age=TOTAL unit=PER. Rounded to nearest 5 by Eurostat."
Belgium,BEL,BE,56,1,0,2014,11209057,"World Bank, World Development Indicators (SP.POP.TOTL), sourced from UN World Population Prospects and national statistical offices",https://api.worldbank.org/v2/country/all/indicator/SP.POP.TOTL,11210119,9.474481216394921e-05,1748748,0.15601205346712038,1 January,Eurostat [migr_pop3ctb],https://ec.europa.eu/eurostat/api/dissemination/statistics/1.0/data/migr_pop3ctb?format=JSON&lang=EN&geo=BE&age=TOTAL&sex=T&unit=NR&c_birth=FOR&sinceTimePeriod=2010&untilTimePeriod=2022,stock at 1 Jan; c_birth=FOR (born in a foreign country),1237696,0.11041927969498237,1 January,Eurostat [migr_pop1ctz],https://ec.europa.eu/eurostat/api/dissemination/statistics/1.0/data/migr_pop1ctz?format=JSON&lang=EN&geo=BE&age=TOTAL&sex=T&unit=NR&citizen=FOR_STLS&sinceTimePeriod=2010&untilTimePeriod=2022,stock at 1 Jan; citizen=FOR_STLS (foreign citizens incl. stateless),,,,,,,,,,,,,15540,Full calendar year (flow),"Eurostat, Third country nationals found to be illegally present (migr_eipre)",https://ec.europa.eu/eurostat/databrowser/view/migr_eipre/default/table,"Eurostat enforcement statistic - annual flow of detections, NOT a stock. Dataset migr_eipre, dimensions freq=A citizen=TOTAL reason=TOTAL apprehen=TOTAL sex=T age=TOTAL unit=PER. Rounded to nearest 5 by Eurostat."
Belgium,BEL,BE,56,1,0,2015,11274196,"World Bank, World Development Indicators (SP.POP.TOTL), sourced from UN World Population Prospects and national statistical offices",https://api.worldbank.org/v2/country/all/indicator/SP.POP.TOTL,11275335,0.00010102715971941591,1783488,0.15819203427011558,1 January,Eurostat [migr_pop3ctb],https://ec.europa.eu/eurostat/api/dissemination/statistics/1.0/data/migr_pop3ctb?format=JSON&lang=EN&geo=BE&age=TOTAL&sex=T&unit=NR&c_birth=FOR&sinceTimePeriod=2010&untilTimePeriod=2022,stock at 1 Jan; c_birth=FOR (born in a foreign country),1272751,0.11289062208959291,1 January,Eurostat [migr_pop1ctz],https://ec.europa.eu/eurostat/api/dissemination/statistics/1.0/data/migr_pop1ctz?format=JSON&lang=EN&geo=BE&age=TOTAL&sex=T&unit=NR&citizen=FOR_STLS&sinceTimePeriod=2010&untilTimePeriod=2022,stock at 1 Jan; citizen=FOR_STLS (foreign citizens incl. stateless),,,,,,,,,,,,,16275,Full calendar year (flow),"Eurostat, Third country nationals found to be illegally present (migr_eipre)",https://ec.europa.eu/eurostat/databrowser/view/migr_eipre/default/table,"Eurostat enforcement statistic - annual flow of detections, NOT a stock. Dataset migr_eipre, dimensions freq=A citizen=TOTAL reason=TOTAL apprehen=TOTAL sex=T age=TOTAL unit=PER. Rounded to nearest 5 by Eurostat."
Belgium,BEL,BE,56,1,0,2016,11331422,"World Bank, World Development Indicators (SP.POP.TOTL), sourced from UN World Population Prospects and national statistical offices",https://api.worldbank.org/v2/country/all/indicator/SP.POP.TOTL,11332701,0.00011287197670336521,1845631,0.16287726288898252,1 January,Eurostat [migr_pop3ctb],https://ec.europa.eu/eurostat/api/dissemination/statistics/1.0/data/migr_pop3ctb?format=JSON&lang=EN&geo=BE&age=TOTAL&sex=T&unit=NR&c_birth=FOR&sinceTimePeriod=2010&untilTimePeriod=2022,stock at 1 Jan; c_birth=FOR (born in a foreign country),1327421,0.11714513853601075,1 January,Eurostat [migr_pop1ctz],https://ec.europa.eu/eurostat/api/dissemination/statistics/1.0/data/migr_pop1ctz?format=JSON&lang=EN&geo=BE&age=TOTAL&sex=T&unit=NR&citizen=FOR_STLS&sinceTimePeriod=2010&untilTimePeriod=2022,stock at 1 Jan; citizen=FOR_STLS (foreign citizens incl. stateless),,,,,,,,,,,,,19320,Full calendar year (flow),"Eurostat, Third country nationals found to be illegally present (migr_eipre)",https://ec.europa.eu/eurostat/databrowser/view/migr_eipre/default/table,"Eurostat enforcement statistic - annual flow of detections, NOT a stock. Dataset migr_eipre, dimensions freq=A citizen=TOTAL reason=TOTAL apprehen=TOTAL sex=T age=TOTAL unit=PER. Rounded to nearest 5 by Eurostat."
Belgium,BEL,BE,56,1,0,2017,11375158,"World Bank, World Development Indicators (SP.POP.TOTL), sourced from UN World Population Prospects and national statistical offices",https://api.worldbank.org/v2/country/all/indicator/SP.POP.TOTL,11376581,0.00012509716348555334,1876726,0.16498460944454574,1 January,Eurostat [migr_pop3ctb],https://ec.europa.eu/eurostat/api/dissemination/statistics/1.0/data/migr_pop3ctb?format=JSON&lang=EN&geo=BE&age=TOTAL&sex=T&unit=NR&c_birth=FOR&sinceTimePeriod=2010&untilTimePeriod=2022,stock at 1 Jan; c_birth=FOR (born in a foreign country),1346358,0.11835949883069756,1 January,Eurostat [migr_pop1ctz],https://ec.europa.eu/eurostat/api/dissemination/statistics/1.0/data/migr_pop1ctz?format=JSON&lang=EN&geo=BE&age=TOTAL&sex=T&unit=NR&citizen=FOR_STLS&sinceTimePeriod=2010&untilTimePeriod=2022,stock at 1 Jan; citizen=FOR_STLS (foreign citizens incl. stateless),,,,,,,,,,,,,18285,Full calendar year (flow),"Eurostat, Third country nationals found to be illegally present (migr_eipre)",https://ec.europa.eu/eurostat/databrowser/view/migr_eipre/default/table,"Eurostat enforcement statistic - annual flow of detections, NOT a stock. Dataset migr_eipre, dimensions freq=A citizen=TOTAL reason=TOTAL apprehen=TOTAL sex=T age=TOTAL unit=PER. Rounded to nearest 5 by Eurostat."
Belgium,BEL,BE,56,1,0,2018,11427054,"World Bank, World Development Indicators (SP.POP.TOTL), sourced from UN World Population Prospects and national statistical offices",https://api.worldbank.org/v2/country/all/indicator/SP.POP.TOTL,11428605,0.0001357305216200081,1916272,0.1676960658451426,1 January,Eurostat [migr_pop3ctb],https://ec.europa.eu/eurostat/api/dissemination/statistics/1.0/data/migr_pop3ctb?format=JSON&lang=EN&geo=BE&age=TOTAL&sex=T&unit=NR&c_birth=FOR&sinceTimePeriod=2010&untilTimePeriod=2022,stock at 1 Jan; c_birth=FOR (born in a foreign country),1366070,0.11954699785263988,1 January,Eurostat [migr_pop1ctz],https://ec.europa.eu/eurostat/api/dissemination/statistics/1.0/data/migr_pop1ctz?format=JSON&lang=EN&geo=BE&age=TOTAL&sex=T&unit=NR&citizen=FOR_STLS&sinceTimePeriod=2010&untilTimePeriod=2022,stock at 1 Jan; citizen=FOR_STLS (foreign citizens incl. stateless),,,,,,,,,,,,,19145,Full calendar year (flow),"Eurostat, Third country nationals found to be illegally present (migr_eipre)",https://ec.europa.eu/eurostat/databrowser/view/migr_eipre/default/table,"Eurostat enforcement statistic - annual flow of detections, NOT a stock. Dataset migr_eipre, dimensions freq=A citizen=TOTAL reason=TOTAL apprehen=TOTAL sex=T age=TOTAL unit=PER. Rounded to nearest 5 by Eurostat."
Belgium,BEL,BE,56,1,0,2019,11488980,"World Bank, World Development Indicators (SP.POP.TOTL), sourced from UN World Population Prospects and national statistical offices",https://api.worldbank.org/v2/country/all/indicator/SP.POP.TOTL,11490618,0.0001425714032055065,1968060,0.17129980207120216,1 January,Eurostat [migr_pop3ctb],https://ec.europa.eu/eurostat/api/dissemination/statistics/1.0/data/migr_pop3ctb?format=JSON&lang=EN&geo=BE&age=TOTAL&sex=T&unit=NR&c_birth=FOR&sinceTimePeriod=2010&untilTimePeriod=2022,stock at 1 Jan; c_birth=FOR (born in a foreign country),1400238,0.12187661567867644,1 January,Eurostat [migr_pop1ctz],https://ec.europa.eu/eurostat/api/dissemination/statistics/1.0/data/migr_pop1ctz?format=JSON&lang=EN&geo=BE&age=TOTAL&sex=T&unit=NR&citizen=FOR_STLS&sinceTimePeriod=2010&untilTimePeriod=2022,stock at 1 Jan; citizen=FOR_STLS (foreign citizens incl. stateless),,,,,,,,,,,,,17585,Full calendar year (flow),"Eurostat, Third country nationals found to be illegally present (migr_eipre)",https://ec.europa.eu/eurostat/databrowser/view/migr_eipre/default/table,"Eurostat enforcement statistic - annual flow of detections, NOT a stock. Dataset migr_eipre, dimensions freq=A citizen=TOTAL reason=TOTAL apprehen=TOTAL sex=T age=TOTAL unit=PER. Rounded to nearest 5 by Eurostat."
Belgium,BEL,BE,56,1,0,2020,11538604,"World Bank, World Development Indicators (SP.POP.TOTL), sourced from UN World Population Prospects and national statistical offices",https://api.worldbank.org/v2/country/all/indicator/SP.POP.TOTL,11540107,0.00013025839174305663,2027763,0.17573729023025664,1 January,Eurostat [migr_pop3ctb],https://ec.europa.eu/eurostat/api/dissemination/statistics/1.0/data/migr_pop3ctb?format=JSON&lang=EN&geo=BE&age=TOTAL&sex=T&unit=NR&c_birth=FOR&sinceTimePeriod=2010&untilTimePeriod=2022,stock at 1 Jan; c_birth=FOR (born in a foreign country),1437580,0.12458872841116655,1 January,Eurostat [migr_pop1ctz],https://ec.europa.eu/eurostat/api/dissemination/statistics/1.0/data/migr_pop1ctz?format=JSON&lang=EN&geo=BE&age=TOTAL&sex=T&unit=NR&citizen=FOR_STLS&sinceTimePeriod=2010&untilTimePeriod=2022,stock at 1 Jan; citizen=FOR_STLS (foreign citizens incl. stateless),,,,,,,,,,,,,11495,Full calendar year (flow),"Eurostat, Third country nationals found to be illegally present (migr_eipre)",https://ec.europa.eu/eurostat/databrowser/view/migr_eipre/default/table,"Eurostat enforcement statistic - annual flow of detections, NOT a stock. Dataset migr_eipre, dimensions freq=A citizen=TOTAL reason=TOTAL apprehen=TOTAL sex=T age=TOTAL unit=PER. Rounded to nearest 5 by Eurostat."
Belgium,BEL,BE,56,1,0,2021,11586195,"World Bank, World Development Indicators (SP.POP.TOTL), sourced from UN World Population Prospects and national statistical offices",https://api.worldbank.org/v2/country/all/indicator/SP.POP.TOTL,11570844,-0.0013249388604282943,2065727,0.1782920967582541,1 January,Eurostat [migr_pop3ctb],https://ec.europa.eu/eurostat/api/dissemination/statistics/1.0/data/migr_pop3ctb?format=JSON&lang=EN&geo=BE&age=TOTAL&sex=T&unit=NR&c_birth=FOR&sinceTimePeriod=2010&untilTimePeriod=2022,stock at 1 Jan; c_birth=FOR (born in a foreign country),1454039,0.12549754254956005,1 January,Eurostat [migr_pop1ctz],https://ec.europa.eu/eurostat/api/dissemination/statistics/1.0/data/migr_pop1ctz?format=JSON&lang=EN&geo=BE&age=TOTAL&sex=T&unit=NR&citizen=FOR_STLS&sinceTimePeriod=2010&untilTimePeriod=2022,stock at 1 Jan; citizen=FOR_STLS (foreign citizens incl. stateless),,,,,,,,,,,,,10885,Full calendar year (flow),"Eurostat, Third country nationals found to be illegally present (migr_eipre)",https://ec.europa.eu/eurostat/databrowser/view/migr_eipre/default/table,"Eurostat enforcement statistic - annual flow of detections, NOT a stock. Dataset migr_eipre, dimensions freq=A citizen=TOTAL reason=TOTAL apprehen=TOTAL sex=T age=TOTAL unit=PER. Rounded to nearest 5 by Eurostat."
Belgium,BEL,BE,56,1,0,2022,11680210,"World Bank, World Development Indicators (SP.POP.TOTL), sourced from UN World Population Prospects and national statistical offices",https://api.worldbank.org/v2/country/all/indicator/SP.POP.TOTL,11641820,-0.003286755974421693,2119691,0.18147713097624102,1 January,Eurostat [migr_pop3ctb],https://ec.europa.eu/eurostat/api/dissemination/statistics/1.0/data/migr_pop3ctb?format=JSON&lang=EN&geo=BE&age=TOTAL&sex=T&unit=NR&c_birth=FOR&sinceTimePeriod=2010&untilTimePeriod=2022,stock at 1 Jan; c_birth=FOR (born in a foreign country),1488896,0.12747168073176768,1 January,Eurostat [migr_pop1ctz],https://ec.europa.eu/eurostat/api/dissemination/statistics/1.0/data/migr_pop1ctz?format=JSON&lang=EN&geo=BE&age=TOTAL&sex=T&unit=NR&citizen=FOR_STLS&sinceTimePeriod=2010&untilTimePeriod=2022,stock at 1 Jan; citizen=FOR_STLS (foreign citizens incl. stateless),,,,,,,,,,,,,10965,Full calendar year (flow),"Eurostat, Third country nationals found to be illegally present (migr_eipre)",https://ec.europa.eu/eurostat/databrowser/view/migr_eipre/default/table,"Eurostat enforcement statistic - annual flow of detections, NOT a stock. Dataset migr_eipre, dimensions freq=A citizen=TOTAL reason=TOTAL apprehen=TOTAL sex=T age=TOTAL unit=PER. Rounded to nearest 5 by Eurostat."
Bulgaria,BGR,BG,100,1,0,2010,7395599,"World Bank, World Development Indicators (SP.POP.TOTL), sourced from UN World Population Prospects and national statistical offices",https://api.worldbank.org/v2/country/all/indicator/SP.POP.TOTL,7437599,0.005679053177437014,,,,,,,38002,0.005138461401165748,1 January,Eurostat [migr_pop1ctz],https://ec.europa.eu/eurostat/api/dissemination/statistics/1.0/data/migr_pop1ctz?format=JSON&lang=EN&geo=BG&age=TOTAL&sex=T&unit=NR&citizen=FOR_STLS&sinceTimePeriod=2010&untilTimePeriod=2022,stock at 1 Jan; citizen=FOR_STLS (foreign citizens incl. stateless),,,,,,,,,,,,,1705,Full calendar year (flow),"Eurostat, Third country nationals found to be illegally present (migr_eipre)",https://ec.europa.eu/eurostat/databrowser/view/migr_eipre/default/table,"Eurostat enforcement statistic - annual flow of detections, NOT a stock. Dataset migr_eipre, dimensions freq=A citizen=TOTAL reason=TOTAL apprehen=TOTAL sex=T age=TOTAL unit=PER. Rounded to nearest 5 by Eurostat."
Bulgaria,BGR,BG,100,1,0,2011,7348328,"World Bank, World Development Indicators (SP.POP.TOTL), sourced from UN World Population Prospects and national statistical offices",https://api.worldbank.org/v2/country/all/indicator/SP.POP.TOTL,7380025,0.00431349825429676,78621,0.010699168572769207,1 January,Eurostat [migr_pop3ctb],https://ec.europa.eu/eurostat/api/dissemination/statistics/1.0/data/migr_pop3ctb?format=JSON&lang=EN&geo=BG&age=TOTAL&sex=T&unit=NR&c_birth=FOR&sinceTimePeriod=2010&untilTimePeriod=2022,stock at 1 Jan; c_birth=FOR (born in a foreign country); Eurostat series starts in 2011,38815,0.005282153981150542,1 January,Eurostat [migr_pop1ctz],https://ec.europa.eu/eurostat/api/dissemination/statistics/1.0/data/migr_pop1ctz?format=JSON&lang=EN&geo=BG&age=TOTAL&sex=T&unit=NR&citizen=FOR_STLS&sinceTimePeriod=2010&untilTimePeriod=2022,stock at 1 Jan; citizen=FOR_STLS (foreign citizens incl. stateless),,,,,,,,,,,,,1355,Full calendar year (flow),"Eurostat, Third country nationals found to be illegally present (migr_eipre)",https://ec.europa.eu/eurostat/databrowser/view/migr_eipre/default/table,"Eurostat enforcement statistic - annual flow of detections, NOT a stock. Dataset migr_eipre, dimensions freq=A citizen=TOTAL reason=TOTAL apprehen=TOTAL sex=T age=TOTAL unit=PER. Rounded to nearest 5 by Eurostat."
Bulgaria,BGR,BG,100,1,0,2012,7305888,"World Bank, World Development Indicators (SP.POP.TOTL), sourced from UN World Population Prospects and national statistical offices",https://api.worldbank.org/v2/country/all/indicator/SP.POP.TOTL,7317014,0.0015228812705587603,85076,0.01164485412314013,1 January,Eurostat [migr_pop3ctb],https://ec.europa.eu/eurostat/api/dissemination/statistics/1.0/data/migr_pop3ctb?format=JSON&lang=EN&geo=BG&age=TOTAL&sex=T&unit=NR&c_birth=FOR&sinceTimePeriod=2010&untilTimePeriod=2022,stock at 1 Jan; c_birth=FOR (born in a foreign country); Eurostat series starts in 2011,39432,0.005397290514171584,1 January,Eurostat [migr_pop1ctz],https://ec.europa.eu/eurostat/api/dissemination/statistics/1.0/data/migr_pop1ctz?format=JSON&lang=EN&geo=BG&age=TOTAL&sex=T&unit=NR&citizen=FOR_STLS&sinceTimePeriod=2010&untilTimePeriod=2022,stock at 1 Jan; citizen=FOR_STLS (foreign citizens incl. stateless),,,,,,,,,,,,,2050,Full calendar year (flow),"Eurostat, Third country nationals found to be illegally present (migr_eipre)",https://ec.europa.eu/eurostat/databrowser/view/migr_eipre/default/table,"Eurostat enforcement statistic - annual flow of detections, NOT a stock. Dataset migr_eipre, dimensions freq=A citizen=TOTAL reason=TOTAL apprehen=TOTAL sex=T age=TOTAL unit=PER. Rounded to nearest 5 by Eurostat."
Bulgaria,BGR,BG,100,1,0,2013,7160005,"World Bank, World Development Indicators (SP.POP.TOTL), sourced from UN World Population Prospects and national statistical offices",https://api.worldbank.org/v2/country/all/indicator/SP.POP.TOTL,7264600,0.01460823002218574,95180,0.013293286806363961,1 January,Eurostat [migr_pop3ctb],https://ec.europa.eu/eurostat/api/dissemination/statistics/1.0/data/migr_pop3ctb?format=JSON&lang=EN&geo=BG&age=TOTAL&sex=T&unit=NR&c_birth=FOR&sinceTimePeriod=2010&untilTimePeriod=2022,stock at 1 Jan; c_birth=FOR (born in a foreign country); Eurostat series starts in 2011,44506,0.006215917446985023,1 January,Eurostat [migr_pop1ctz],https://ec.europa.eu/eurostat/api/dissemination/statistics/1.0/data/migr_pop1ctz?format=JSON&lang=EN&geo=BG&age=TOTAL&sex=T&unit=NR&citizen=FOR_STLS&sinceTimePeriod=2010&untilTimePeriod=2022,stock at 1 Jan; citizen=FOR_STLS (foreign citizens incl. stateless),,,,,,,,,,,,,5260,Full calendar year (flow),"Eurostat, Third country nationals found to be illegally present (migr_eipre)",https://ec.europa.eu/eurostat/databrowser/view/migr_eipre/default/table,"Eurostat enforcement statistic - annual flow of detections, NOT a stock. Dataset migr_eipre, dimensions freq=A citizen=TOTAL reason=TOTAL apprehen=TOTAL sex=T age=TOTAL unit=PER. Rounded to nearest 5 by Eurostat."
Bulgaria,BGR,BG,100,1,0,2014,7073572,"World Bank, World Development Indicators (SP.POP.TOTL), sourced from UN World Population Prospects and national statistical offices",https://api.worldbank.org/v2/country/all/indicator/SP.POP.TOTL,7223449,0.02118830486209796,107275,0.015165605156772278,1 January,Eurostat [migr_pop3ctb],https://ec.europa.eu/eurostat/api/dissemination/statistics/1.0/data/migr_pop3ctb?format=JSON&lang=EN&geo=BG&age=TOTAL&sex=T&unit=NR&c_birth=FOR&sinceTimePeriod=2010&untilTimePeriod=2022,stock at 1 Jan; c_birth=FOR (born in a foreign country); Eurostat series starts in 2011,53253,0.007528445317302206,1 January,Eurostat [migr_pop1ctz],https://ec.europa.eu/eurostat/api/dissemination/statistics/1.0/data/migr_pop1ctz?format=JSON&lang=EN&geo=BG&age=TOTAL&sex=T&unit=NR&citizen=FOR_STLS&sinceTimePeriod=2010&untilTimePeriod=2022,stock at 1 Jan; citizen=FOR_STLS (foreign citizens incl. stateless),,,,,,,,,,,,,12870,Full calendar year (flow),"Eurostat, Third country nationals found to be illegally present (migr_eipre)",https://ec.europa.eu/eurostat/databrowser/view/migr_eipre/default/table,"Eurostat enforcement statistic - annual flow of detections, NOT a stock. Dataset migr_eipre, dimensions freq=A citizen=TOTAL reason=TOTAL apprehen=TOTAL sex=T age=TOTAL unit=PER. Rounded to nearest 5 by Eurostat."
Bulgaria,BGR,BG,100,1,0,2015,6984225,"World Bank, World Development Indicators (SP.POP.TOTL), sourced from UN World Population Prospects and national statistical offices",https://api.worldbank.org/v2/country/all/indicator/SP.POP.TOTL,7177517,0.02767551159935426,120635,0.017272496232581282,1 January,Eurostat [migr_pop3ctb],https://ec.europa.eu/eurostat/api/dissemination/statistics/1.0/data/migr_pop3ctb?format=JSON&lang=EN&geo=BG&age=TOTAL&sex=T&unit=NR&c_birth=FOR&sinceTimePeriod=2010&untilTimePeriod=2022,stock at 1 Jan; c_birth=FOR (born in a foreign country); Eurostat series starts in 2011,63879,0.009146183005272597,1 January,Eurostat [migr_pop1ctz],https://ec.europa.eu/eurostat/api/dissemination/statistics/1.0/data/migr_pop1ctz?format=JSON&lang=EN&geo=BG&age=TOTAL&sex=T&unit=NR&citizen=FOR_STLS&sinceTimePeriod=2010&untilTimePeriod=2022,stock at 1 Jan; citizen=FOR_STLS (foreign citizens incl. stateless),,,,,,,,,,,,,20810,Full calendar year (flow),"Eurostat, Third country nationals found to be illegally present (migr_eipre)",https://ec.europa.eu/eurostat/databrowser/view/migr_eipre/default/table,"Eurostat enforcement statistic - annual flow of detections, NOT a stock. Dataset migr_eipre, dimensions freq=A citizen=TOTAL reason=TOTAL apprehen=TOTAL sex=T age=TOTAL unit=PER. Rounded to nearest 5 by Eurostat."
Bulgaria,BGR,BG,100,1,0,2016,6894139,"World Bank, World Development Indicators (SP.POP.TOTL), sourced from UN World Population Prospects and national statistical offices",https://api.worldbank.org/v2/country/all/indicator/SP.POP.TOTL,7127434,0.03383961361962676,131924,0.019135674520052468,1 January,Eurostat [migr_pop3ctb],https://ec.europa.eu/eurostat/api/dissemination/statistics/1.0/data/migr_pop3ctb?format=JSON&lang=EN&geo=BG&age=TOTAL&sex=T&unit=NR&c_birth=FOR&sinceTimePeriod=2010&untilTimePeriod=2022,stock at 1 Jan; c_birth=FOR (born in a foreign country); Eurostat series starts in 2011,71491,0.010369822830668195,1 January,Eurostat [migr_pop1ctz],https://ec.europa.eu/eurostat/api/dissemination/statistics/1.0/data/migr_pop1ctz?format=JSON&lang=EN&geo=BG&age=TOTAL&sex=T&unit=NR&citizen=FOR_STLS&sinceTimePeriod=2010&untilTimePeriod=2022,stock at 1 Jan; citizen=FOR_STLS (foreign citizens incl. stateless),,,,,,,,,,,,,14125,Full calendar year (flow),"Eurostat, Third country nationals found to be illegally present (migr_eipre)",https://ec.europa.eu/eurostat/databrowser/view/migr_eipre/default/table,"Eurostat enforcement statistic - annual flow of detections, NOT a stock. Dataset migr_eipre, dimensions freq=A citizen=TOTAL reason=TOTAL apprehen=TOTAL sex=T age=TOTAL unit=PER. Rounded to nearest 5 by Eurostat."
Bulgaria,BGR,BG,100,1,0,2017,6803468,"World Bank, World Development Indicators (SP.POP.TOTL), sourced from UN World Population Prospects and national statistical offices",https://api.worldbank.org/v2/country/all/indicator/SP.POP.TOTL,7075636,0.04000430368747233,139655,0.02052703121408082,1 January,Eurostat [migr_pop3ctb],https://ec.europa.eu/eurostat/api/dissemination/statistics/1.0/data/migr_pop3ctb?format=JSON&lang=EN&geo=BG&age=TOTAL&sex=T&unit=NR&c_birth=FOR&sinceTimePeriod=2010&untilTimePeriod=2022,stock at 1 Jan; c_birth=FOR (born in a foreign country); Eurostat series starts in 2011,76562,0.011253378424062552,1 January,Eurostat [migr_pop1ctz],https://ec.europa.eu/eurostat/api/dissemination/statistics/1.0/data/migr_pop1ctz?format=JSON&lang=EN&geo=BG&age=TOTAL&sex=T&unit=NR&citizen=FOR_STLS&sinceTimePeriod=2010&untilTimePeriod=2022,stock at 1 Jan; citizen=FOR_STLS (foreign citizens incl. stateless),,,,,,,,,,,,,2595,Full calendar year (flow),"Eurostat, Third country nationals found to be illegally present (migr_eipre)",https://ec.europa.eu/eurostat/databrowser/view/migr_eipre/default/table,"Eurostat enforcement statistic - annual flow of detections, NOT a stock. Dataset migr_eipre, dimensions freq=A citizen=TOTAL reason=TOTAL apprehen=TOTAL sex=T age=TOTAL unit=PER. Rounded to nearest 5 by Eurostat."
Bulgaria,BGR,BG,100,1,0,2018,6710798,"World Bank, World Development Indicators (SP.POP.TOTL), sourced from UN World Population Prospects and national statistical offices",https://api.worldbank.org/v2/country/all/indicator/SP.POP.TOTL,7024745,0.04678236477986672,149096,0.022217327954141965,1 January,Eurostat [migr_pop3ctb],https://ec.europa.eu/eurostat/api/dissemination/statistics/1.0/data/migr_pop3ctb?format=JSON&lang=EN&geo=BG&age=TOTAL&sex=T&unit=NR&c_birth=FOR&sinceTimePeriod=2010&untilTimePeriod=2022,stock at 1 Jan; c_birth=FOR (born in a foreign country); Eurostat series starts in 2011,82370,0.01227424815945883,1 January,Eurostat [migr_pop1ctz],https://ec.europa.eu/eurostat/api/dissemination/statistics/1.0/data/migr_pop1ctz?format=JSON&lang=EN&geo=BG&age=TOTAL&sex=T&unit=NR&citizen=FOR_STLS&sinceTimePeriod=2010&untilTimePeriod=2022,stock at 1 Jan; citizen=FOR_STLS (foreign citizens incl. stateless),,,,,,,,,,,,,1305,Full calendar year (flow),"Eurostat, Third country nationals found to be illegally present (migr_eipre)",https://ec.europa.eu/eurostat/databrowser/view/migr_eipre/default/table,"Eurostat enforcement statistic - annual flow of detections, NOT a stock. Dataset migr_eipre, dimensions freq=A citizen=TOTAL reason=TOTAL apprehen=TOTAL sex=T age=TOTAL unit=PER. Rounded to nearest 5 by Eurostat."
Bulgaria,BGR,BG,100,1,0,2019,6616726,"World Bank, World Development Indicators (SP.POP.TOTL), sourced from UN World Population Prospects and national statistical offices",https://api.worldbank.org/v2/country/all/indicator/SP.POP.TOTL,6975469,0.05421759945930964,162346,0.024535699377607596,1 January,Eurostat [migr_pop3ctb],https://ec.europa.eu/eurostat/api/dissemination/statistics/1.0/data/migr_pop3ctb?format=JSON&lang=EN&geo=BG&age=TOTAL&sex=T&unit=NR&c_birth=FOR&sinceTimePeriod=2010&untilTimePeriod=2022,stock at 1 Jan; c_birth=FOR (born in a foreign country); Eurostat series starts in 2011,91243,0.013789750399215563,1 January,Eurostat [migr_pop1ctz],https://ec.europa.eu/eurostat/api/dissemination/statistics/1.0/data/migr_pop1ctz?format=JSON&lang=EN&geo=BG&age=TOTAL&sex=T&unit=NR&citizen=FOR_STLS&sinceTimePeriod=2010&untilTimePeriod=2022,stock at 1 Jan; citizen=FOR_STLS (foreign citizens incl. stateless),,,,,,,,,,,,,655,Full calendar year (flow),"Eurostat, Third country nationals found to be illegally present (migr_eipre)",https://ec.europa.eu/eurostat/databrowser/view/migr_eipre/default/table,"Eurostat enforcement statistic - annual flow of detections, NOT a stock. Dataset migr_eipre, dimensions freq=A citizen=TOTAL reason=TOTAL apprehen=TOTAL sex=T age=TOTAL unit=PER. Rounded to nearest 5 by Eurostat."
Bulgaria,BGR,BG,100,1,0,2020,6550696,"World Bank, World Development Indicators (SP.POP.TOTL), sourced from UN World Population Prospects and national statistical offices",https://api.worldbank.org/v2/country/all/indicator/SP.POP.TOTL,6933652,0.058460352915171154,176321,0.026916376519380537,1 January,Eurostat [migr_pop3ctb],https://ec.europa.eu/eurostat/api/dissemination/statistics/1.0/data/migr_pop3ctb?format=JSON&lang=EN&geo=BG&age=TOTAL&sex=T&unit=NR&c_birth=FOR&sinceTimePeriod=2010&untilTimePeriod=2022,stock at 1 Jan; c_birth=FOR (born in a foreign country); Eurostat series starts in 2011,100768,0.015382792912386714,1 January,Eurostat [migr_pop1ctz],https://ec.europa.eu/eurostat/api/dissemination/statistics/1.0/data/migr_pop1ctz?format=JSON&lang=EN&geo=BG&age=TOTAL&sex=T&unit=NR&citizen=FOR_STLS&sinceTimePeriod=2010&untilTimePeriod=2022,stock at 1 Jan; citizen=FOR_STLS (foreign citizens incl. stateless),,,,,,,,,,,,,670,Full calendar year (flow),"Eurostat, Third country nationals found to be illegally present (migr_eipre)",https://ec.europa.eu/eurostat/databrowser/view/migr_eipre/default/table,"Eurostat enforcement statistic - annual flow of detections, NOT a stock. Dataset migr_eipre, dimensions freq=A citizen=TOTAL reason=TOTAL apprehen=TOTAL sex=T age=TOTAL unit=PER. Rounded to nearest 5 by Eurostat."
Bulgaria,BGR,BG,100,1,0,2021,6507301,"World Bank, World Development Indicators (SP.POP.TOTL), sourced from UN World Population Prospects and national statistical offices",https://api.worldbank.org/v2/country/all/indicator/SP.POP.TOTL,6877225,0.05684753171860346,188519,0.02897038265173226,1 January,Eurostat [migr_pop3ctb],https://ec.europa.eu/eurostat/api/dissemination/statistics/1.0/data/migr_pop3ctb?format=JSON&lang=EN&geo=BG&age=TOTAL&sex=T&unit=NR&c_birth=FOR&sinceTimePeriod=2010&untilTimePeriod=2022,stock at 1 Jan; c_birth=FOR (born in a foreign country); Eurostat series starts in 2011,108438,0.01666405165521005,1 January,Eurostat [migr_pop1ctz],https://ec.europa.eu/eurostat/api/dissemination/statistics/1.0/data/migr_pop1ctz?format=JSON&lang=EN&geo=BG&age=TOTAL&sex=T&unit=NR&citizen=FOR_STLS&sinceTimePeriod=2010&untilTimePeriod=2022,stock at 1 Jan; citizen=FOR_STLS (foreign citizens incl. stateless),,,,,,,,,,,,,3200,Full calendar year (flow),"Eurostat, Third country nationals found to be illegally present (migr_eipre)",https://ec.europa.eu/eurostat/databrowser/view/migr_eipre/default/table,"Eurostat enforcement statistic - annual flow of detections, NOT a stock. Dataset migr_eipre, dimensions freq=A citizen=TOTAL reason=TOTAL apprehen=TOTAL sex=T age=TOTAL unit=PER. Rounded to nearest 5 by Eurostat."
Bulgaria,BGR,BG,100,1,0,2022,6465097,"World Bank, World Development Indicators (SP.POP.TOTL), sourced from UN World Population Prospects and national statistical offices",https://api.worldbank.org/v2/country/all/indicator/SP.POP.TOTL,6825864,0.05580225633118884,142214,0.02199719509235515,1 January,Eurostat [migr_pop3ctb],https://ec.europa.eu/eurostat/api/dissemination/statistics/1.0/data/migr_pop3ctb?format=JSON&lang=EN&geo=BG&age=TOTAL&sex=T&unit=NR&c_birth=FOR&sinceTimePeriod=2010&untilTimePeriod=2022,stock at 1 Jan; c_birth=FOR (born in a foreign country); apparent break in series (population census re-basing); Eurostat series starts in 2011,63861,0.009877810031311208,1 January,Eurostat [migr_pop1ctz],https://ec.europa.eu/eurostat/api/dissemination/statistics/1.0/data/migr_pop1ctz?format=JSON&lang=EN&geo=BG&age=TOTAL&sex=T&unit=NR&citizen=FOR_STLS&sinceTimePeriod=2010&untilTimePeriod=2022,stock at 1 Jan; citizen=FOR_STLS (foreign citizens incl. stateless); apparent break in series (population census re-basing),,,,,,,,,,,,,10135,Full calendar year (flow),"Eurostat, Third country nationals found to be illegally present (migr_eipre)",https://ec.europa.eu/eurostat/databrowser/view/migr_eipre/default/table,"Eurostat enforcement statistic - annual flow of detections, NOT a stock. Dataset migr_eipre, dimensions freq=A citizen=TOTAL reason=TOTAL apprehen=TOTAL sex=T age=TOTAL unit=PER. Rounded to nearest 5 by Eurostat."
Chile,CHL,CL,152,1,0,2010,17181464,"World Bank, World Development Indicators (SP.POP.TOTL), sourced from UN World Population Prospects and national statistical offices",https://api.worldbank.org/v2/country/all/indicator/SP.POP.TOTL,17181464,0,352344,0.020507216381560965,See note,"OECD International Migration Database (stocks of foreign-born population, measure B14)","https://sdmx.oecd.org/public/rest/data/OECD.ELS.IMD,DSD_MIG_F@DF_MIG_POPF,1.0/CHL.W.A.B14._T._Z._Z.PS?startPeriod=2010&endPeriod=2022&format=jsondata&dimensionAtObservation=AllDimensions",OECD IMD foreign-born stock for Chile; derived from INE/SERMIG foreign-resident estimates and Censo 2017. NOTE: OECD labels this series one year later than the corresponding B15 foreign-national series (e.g. 1534813 appears as 2021 here and as 2020 under B15). Values recorded exactly as published.,,,,,,,,,,,,,,,,,,,,,,,
Chile,CHL,CL,152,1,0,2011,17351816,"World Bank, World Development Indicators (SP.POP.TOTL), sourced from UN World Population Prospects and national statistical offices",https://api.worldbank.org/v2/country/all/indicator/SP.POP.TOTL,17351816,0,369436,0.02129091272060515,See note,"OECD International Migration Database (stocks of foreign-born population, measure B14)","https://sdmx.oecd.org/public/rest/data/OECD.ELS.IMD,DSD_MIG_F@DF_MIG_POPF,1.0/CHL.W.A.B14._T._Z._Z.PS?startPeriod=2010&endPeriod=2022&format=jsondata&dimensionAtObservation=AllDimensions",OECD IMD foreign-born stock for Chile; derived from INE/SERMIG foreign-resident estimates and Censo 2017. NOTE: OECD labels this series one year later than the corresponding B15 foreign-national series (e.g. 1534813 appears as 2021 here and as 2020 under B15). Values recorded exactly as published.,,,,,,,,,,,,,,,,,,,,,,,
Chile,CHL,CL,152,1,0,2012,17519119,"World Bank, World Development Indicators (SP.POP.TOTL), sourced from UN World Population Prospects and national statistical offices",https://api.worldbank.org/v2/country/all/indicator/SP.POP.TOTL,17519119,0,388229,0.02216030383719638,See note,"OECD International Migration Database (stocks of foreign-born population, measure B14)","https://sdmx.oecd.org/public/rest/data/OECD.ELS.IMD,DSD_MIG_F@DF_MIG_POPF,1.0/CHL.W.A.B14._T._Z._Z.PS?startPeriod=2010&endPeriod=2022&format=jsondata&dimensionAtObservation=AllDimensions",OECD IMD foreign-born stock for Chile; derived from INE/SERMIG foreign-resident estimates and Censo 2017. NOTE: OECD labels this series one year later than the corresponding B15 foreign-national series (e.g. 1534813 appears as 2021 here and as 2020 under B15). Values recorded exactly as published.,,,,,,,,,,,,,,,,,,,,,,,
Chile,CHL,CL,152,1,0,2013,17687006,"World Bank, World Development Indicators (SP.POP.TOTL), sourced from UN World Population Prospects and national statistical offices",https://api.worldbank.org/v2/country/all/indicator/SP.POP.TOTL,17687006,0,415540,0.023494083735822784,See note,"OECD International Migration Database (stocks of foreign-born population, measure B14)","https://sdmx.oecd.org/public/rest/data/OECD.ELS.IMD,DSD_MIG_F@DF_MIG_POPF,1.0/CHL.W.A.B14._T._Z._Z.PS?startPeriod=2010&endPeriod=2022&format=jsondata&dimensionAtObservation=AllDimensions",OECD IMD foreign-born stock for Chile; derived from INE/SERMIG foreign-resident estimates and Censo 2017. NOTE: OECD labels this series one year later than the corresponding B15 foreign-national series (e.g. 1534813 appears as 2021 here and as 2020 under B15). Values recorded exactly as published.,,,,,,,,,,,,,,,,,,,,,,,
Chile,CHL,CL,152,1,0,2014,17864195,"World Bank, World Development Indicators (SP.POP.TOTL), sourced from UN World Population Prospects and national statistical offices",https://api.worldbank.org/v2/country/all/indicator/SP.POP.TOTL,17864195,0,441529,0.024715863211300593,See note,"OECD International Migration Database (stocks of foreign-born population, measure B14)","https://sdmx.oecd.org/public/rest/data/OECD.ELS.IMD,DSD_MIG_F@DF_MIG_POPF,1.0/CHL.W.A.B14._T._Z._Z.PS?startPeriod=2010&endPeriod=2022&format=jsondata&dimensionAtObservation=AllDimensions",OECD IMD foreign-born stock for Chile; derived from INE/SERMIG foreign-resident estimates and Censo 2017. NOTE: OECD labels this series one year later than the corresponding B15 foreign-national series (e.g. 1534813 appears as 2021 here and as 2020 under B15). Values recorded exactly as published.,,,,,,,,,,,,,,,,,,,,,,,
Chile,CHL,CL,152,1,0,2015,18047625,"World Bank, World Development Indicators (SP.POP.TOTL), sourced from UN World Population Prospects and national statistical offices",https://api.worldbank.org/v2/country/all/indicator/SP.POP.TOTL,18047625,0,465319,0.025782838462124518,See note,"OECD International Migration Database (stocks of foreign-born population, measure B14)","https://sdmx.oecd.org/public/rest/data/OECD.ELS.IMD,DSD_MIG_F@DF_MIG_POPF,1.0/CHL.W.A.B14._T._Z._Z.PS?startPeriod=2010&endPeriod=2022&format=jsondata&dimensionAtObservation=AllDimensions",OECD IMD foreign-born stock for Chile; derived from INE/SERMIG foreign-resident estimates and Censo 2017. NOTE: OECD labels this series one year later than the corresponding B15 foreign-national series (e.g. 1534813 appears as 2021 here and as 2020 under B15). Values recorded exactly as published.,,,,,,,,,,,,,,,,,,,,,,,
Chile,CHL,CL,152,1,0,2016,18267221,"World Bank, World Development Indicators (SP.POP.TOTL), sourced from UN World Population Prospects and national statistical offices",https://api.worldbank.org/v2/country/all/indicator/SP.POP.TOTL,18267221,0,,,,,,,,,,,,,,,,,,,,,,,,,,,,,
Chile,CHL,CL,152,1,0,2017,18558868,"World Bank, World Development Indicators (SP.POP.TOTL), sourced from UN World Population Prospects and national statistical offices",https://api.worldbank.org/v2/country/all/indicator/SP.POP.TOTL,18558868,0,746435,0.04021985608173947,See note,"OECD International Migration Database (stocks of foreign-born population, measure B14)","https://sdmx.oecd.org/public/rest/data/OECD.ELS.IMD,DSD_MIG_F@DF_MIG_POPF,1.0/CHL.W.A.B14._T._Z._Z.PS?startPeriod=2010&endPeriod=2022&format=jsondata&dimensionAtObservation=AllDimensions",OECD IMD foreign-born stock for Chile; derived from INE/SERMIG foreign-resident estimates and Censo 2017. NOTE: OECD labels this series one year later than the corresponding B15 foreign-national series (e.g. 1534813 appears as 2021 here and as 2020 under B15). Values recorded exactly as published.,746465,0.04022147255964103,31 December,"OECD International Migration Database (stocks of foreign population, measure B15)","https://sdmx.oecd.org/public/rest/data/OECD.ELS.IMD,DSD_MIG@DF_MIG,1.0/CHL.W.A.B15._T._Z._Z.PS?startPeriod=2010&endPeriod=2022&format=jsondata&dimensionAtObservation=AllDimensions",Foreign nationals resident in Chile; OECD IMD series based on INE/SERMIG estimates of foreign residents. Reference date 31 December.,,,,,,,,,,,,,,,,,
Chile,CHL,CL,152,1,0,2018,18893191,"World Bank, World Development Indicators (SP.POP.TOTL), sourced from UN World Population Prospects and national statistical offices",https://api.worldbank.org/v2/country/all/indicator/SP.POP.TOTL,18893191,0,,,,,,,1306859,0.0691708986586755,31 December,"OECD International Migration Database (stocks of foreign population, measure B15)","https://sdmx.oecd.org/public/rest/data/OECD.ELS.IMD,DSD_MIG@DF_MIG,1.0/CHL.W.A.B15._T._Z._Z.PS?startPeriod=2010&endPeriod=2022&format=jsondata&dimensionAtObservation=AllDimensions",Foreign nationals resident in Chile; OECD IMD series based on INE/SERMIG estimates of foreign residents. Reference date 31 December.,59682,0.003158915823166134,31 December,"Instituto Nacional de Estadisticas (INE) and Servicio Nacional de Migraciones (SERMIG), Estimacion de Personas Extranjeras Residentes Habituales en Chile 2023 - Sintesis (2023 revised methodology)",https://www.ine.gob.cl/docs/default-source/demografia-y-migracion/publicaciones-y-anuarios/migraci%C3%B3n-internacional/estimaci%C3%B3n-poblaci%C3%B3n-extranjera-en-chile-2018/sintesis-epe2023.pdf?sfvrsn=cc51129c_10,"Reference date 31 December 2018. Modelled stock estimate, REVISED under the 2023 methodology which added Mineduc school-enrolment and SERMIG biometric-registration records. Substantially higher than the 2022-methodology value for the same year.",2,,,,,,,,,,
Chile,CHL,CL,152,1,0,2019,19197744,"World Bank, World Development Indicators (SP.POP.TOTL), sourced from UN World Population Prospects and national statistical offices",https://api.worldbank.org/v2/country/all/indicator/SP.POP.TOTL,19197744,0,1306859,0.06807357156132512,See note,"OECD International Migration Database (stocks of foreign-born population, measure B14)","https://sdmx.oecd.org/public/rest/data/OECD.ELS.IMD,DSD_MIG_F@DF_MIG_POPF,1.0/CHL.W.A.B14._T._Z._Z.PS?startPeriod=2010&endPeriod=2022&format=jsondata&dimensionAtObservation=AllDimensions",OECD IMD foreign-born stock for Chile; derived from INE/SERMIG foreign-resident estimates and Censo 2017. NOTE: OECD labels this series one year later than the corresponding B15 foreign-national series (e.g. 1534813 appears as 2021 here and as 2020 under B15). Values recorded exactly as published.,1486810,0.07744712087003557,31 December,"OECD International Migration Database (stocks of foreign population, measure B15)","https://sdmx.oecd.org/public/rest/data/OECD.ELS.IMD,DSD_MIG@DF_MIG,1.0/CHL.W.A.B15._T._Z._Z.PS?startPeriod=2010&endPeriod=2022&format=jsondata&dimensionAtObservation=AllDimensions",Foreign nationals resident in Chile; OECD IMD series based on INE/SERMIG estimates of foreign residents. Reference date 31 December.,115059,0.005993360469855208,31 December,"Instituto Nacional de Estadisticas (INE) and Servicio Nacional de Migraciones (SERMIG), Estimacion de Personas Extranjeras Residentes Habituales en Chile 2023 - Sintesis (2023 revised methodology)",https://www.ine.gob.cl/docs/default-source/demografia-y-migracion/publicaciones-y-anuarios/migraci%C3%B3n-internacional/estimaci%C3%B3n-poblaci%C3%B3n-extranjera-en-chile-2018/sintesis-epe2023.pdf?sfvrsn=cc51129c_10,"Reference date 31 December 2019. Modelled stock estimate, REVISED under the 2023 methodology which added Mineduc school-enrolment and SERMIG biometric-registration records. Substantially higher than the 2022-methodology value for the same year.",2,,,,,,,,,,
Chile,CHL,CL,152,1,0,2020,19370624,"World Bank, World Development Indicators (SP.POP.TOTL), sourced from UN World Population Prospects and national statistical offices",https://api.worldbank.org/v2/country/all/indicator/SP.POP.TOTL,19370624,0,1486810,0.076755916587922,See note,"OECD International Migration Database (stocks of foreign-born population, measure B14)","https://sdmx.oecd.org/public/rest/data/OECD.ELS.IMD,DSD_MIG_F@DF_MIG_POPF,1.0/CHL.W.A.B14._T._Z._Z.PS?startPeriod=2010&endPeriod=2022&format=jsondata&dimensionAtObservation=AllDimensions",OECD IMD foreign-born stock for Chile; derived from INE/SERMIG foreign-resident estimates and Censo 2017. NOTE: OECD labels this series one year later than the corresponding B15 foreign-national series (e.g. 1534813 appears as 2021 here and as 2020 under B15). Values recorded exactly as published.,1534813,0.07923405048799667,31 December,"OECD International Migration Database (stocks of foreign population, measure B15)","https://sdmx.oecd.org/public/rest/data/OECD.ELS.IMD,DSD_MIG@DF_MIG,1.0/CHL.W.A.B15._T._Z._Z.PS?startPeriod=2010&endPeriod=2022&format=jsondata&dimensionAtObservation=AllDimensions",Foreign nationals resident in Chile; OECD IMD series based on INE/SERMIG estimates of foreign residents. Reference date 31 December.,130017,0.00671207081403263,31 December,"Instituto Nacional de Estadisticas (INE) and Servicio Nacional de Migraciones (SERMIG), Estimacion de Personas Extranjeras Residentes Habituales en Chile 2023 - Sintesis (2023 revised methodology)",https://www.ine.gob.cl/docs/default-source/demografia-y-migracion/publicaciones-y-anuarios/migraci%C3%B3n-internacional/estimaci%C3%B3n-poblaci%C3%B3n-extranjera-en-chile-2018/sintesis-epe2023.pdf?sfvrsn=cc51129c_10,"Reference date 31 December 2020. Modelled stock estimate, REVISED under the 2023 methodology which added Mineduc school-enrolment and SERMIG biometric-registration records. Substantially higher than the 2022-methodology value for the same year.",2,,,,,,,,,,
Chile,CHL,CL,152,1,0,2021,19456334,"World Bank, World Development Indicators (SP.POP.TOTL), sourced from UN World Population Prospects and national statistical offices",https://api.worldbank.org/v2/country/all/indicator/SP.POP.TOTL,19456334,0,1534813,0.07888500474961008,See note,"OECD International Migration Database (stocks of foreign-born population, measure B14)","https://sdmx.oecd.org/public/rest/data/OECD.ELS.IMD,DSD_MIG_F@DF_MIG_POPF,1.0/CHL.W.A.B14._T._Z._Z.PS?startPeriod=2010&endPeriod=2022&format=jsondata&dimensionAtObservation=AllDimensions",OECD IMD foreign-born stock for Chile; derived from INE/SERMIG foreign-resident estimates and Censo 2017. NOTE: OECD labels this series one year later than the corresponding B15 foreign-national series (e.g. 1534813 appears as 2021 here and as 2020 under B15). Values recorded exactly as published.,1630812,0.08381907917493604,31 December,"OECD International Migration Database (stocks of foreign population, measure B15)","https://sdmx.oecd.org/public/rest/data/OECD.ELS.IMD,DSD_MIG@DF_MIG,1.0/CHL.W.A.B15._T._Z._Z.PS?startPeriod=2010&endPeriod=2022&format=jsondata&dimensionAtObservation=AllDimensions",Foreign nationals resident in Chile; OECD IMD series based on INE/SERMIG estimates of foreign residents. Reference date 31 December.,53356,0.0027423460144136093,31 December,"Instituto Nacional de Estadisticas (INE) and Servicio Nacional de Migraciones (SERMIG), Estimacion de Personas Extranjeras Residentes Habituales en Chile 2023 - Sintesis (2022 methodology series)",https://www.ine.gob.cl/docs/default-source/demografia-y-migracion/publicaciones-y-anuarios/migraci%C3%B3n-internacional/estimaci%C3%B3n-poblaci%C3%B3n-extranjera-en-chile-2018/sintesis-epe2023.pdf?sfvrsn=cc51129c_10,"Reference date 31 December 2021. Modelled stock estimate of foreign residents in irregular migratory status, built from census plus administrative records. This is the 2022-methodology series; INE revised 2018-2020 sharply upward in the 2023 methodology (recorded as separate rows).",1,,,,,,,,,,
Chile,CHL,CL,152,1,0,2022,19553036,"World Bank, World Development Indicators (SP.POP.TOTL), sourced from UN World Population Prospects and national statistical offices",https://api.worldbank.org/v2/country/all/indicator/SP.POP.TOTL,19553036,0,1630812,0.08340454137147807,See note,"OECD International Migration Database (stocks of foreign-born population, measure B14)","https://sdmx.oecd.org/public/rest/data/OECD.ELS.IMD,DSD_MIG_F@DF_MIG_POPF,1.0/CHL.W.A.B14._T._Z._Z.PS?startPeriod=2010&endPeriod=2022&format=jsondata&dimensionAtObservation=AllDimensions",OECD IMD foreign-born stock for Chile; derived from INE/SERMIG foreign-resident estimates and Censo 2017. NOTE: OECD labels this series one year later than the corresponding B15 foreign-national series (e.g. 1534813 appears as 2021 here and as 2020 under B15). Values recorded exactly as published.,1836137,0.09390546818407126,31 December,"OECD International Migration Database (stocks of foreign population, measure B15)","https://sdmx.oecd.org/public/rest/data/OECD.ELS.IMD,DSD_MIG@DF_MIG,1.0/CHL.W.A.B15._T._Z._Z.PS?startPeriod=2010&endPeriod=2022&format=jsondata&dimensionAtObservation=AllDimensions",Foreign nationals resident in Chile; OECD IMD series based on INE/SERMIG estimates of foreign residents. Reference date 31 December.,109846,0.005617848808747655,31 December,"Instituto Nacional de Estadisticas (INE) and Servicio Nacional de Migraciones (SERMIG), Estimacion de Personas Extranjeras Residentes Habituales en Chile 2023 - Sintesis (2022 methodology series)",https://www.ine.gob.cl/docs/default-source/demografia-y-migracion/publicaciones-y-anuarios/migraci%C3%B3n-internacional/estimaci%C3%B3n-poblaci%C3%B3n-extranjera-en-chile-2018/sintesis-epe2023.pdf?sfvrsn=cc51129c_10,"Reference date 31 December 2022. Modelled stock estimate of foreign residents in irregular migratory status, built from census plus administrative records. This is the 2022-methodology series; INE revised 2018-2020 sharply upward in the 2023 methodology (recorded as separate rows).",2,,,,,,,,,,
China,CHN,CN,156,1,1,2010,1337705000,"World Bank, World Development Indicators (SP.POP.TOTL), sourced from UN World Population Prospects and national statistical offices",https://api.worldbank.org/v2/country/all/indicator/SP.POP.TOTL,1351561514,0.010358422821175071,1010008,0.0007550304439319581,Mid-year / 30 June,UN DESA International Migrant Stock (World Bank indicator SM.POP.TOTL),https://api.worldbank.org/v2/country/CHN;IND;PHL;RUS;ZAF;SUR;THA/indicator/SM.POP.TOTL?format=json&date=2010:2022&per_page=200,"UN estimate (not annual); mid-year benchmark year only; retrieved from World Bank mirror of UN DESA International Migrant Stock, accessed 2026-08; latest UN revision is IMS 2024",593832,0.0004439185022108761,Census reference date,National Bureau of Statistics of China - 2010 Population Census (Sixth National Population Census),https://www.stats.gov.cn/english/NewsEvents/201104/t20110429_26451.html,"Census count, reference date 1 Nov 2010; foreign nationals who had stayed or intended to stay more than three months in mainland China; excludes 426313 residents of Hong Kong SAR (234829), Macao SAR (21201) and Taiwan (170283) who are counted separately, giving a total of 1020145 persons from outside the mainland",,,,,,,,,,,,,,,,,
China,CHN,CN,156,1,1,2011,1345035000,"World Bank, World Development Indicators (SP.POP.TOTL), sourced from UN World Population Prospects and national statistical offices",https://api.worldbank.org/v2/country/all/indicator/SP.POP.TOTL,1360250664,0.011312466961826272,,,,,,,,,,,,,,,,,,,,,,,,,,,,,
China,CHN,CN,156,1,1,2012,1354190000,"World Bank, World Development Indicators (SP.POP.TOTL), sourced from UN World Population Prospects and national statistical offices",https://api.worldbank.org/v2/country/all/indicator/SP.POP.TOTL,1369520864,0.011321058344840828,,,,,,,,,,,,,,,,,,,,,,,,,,,,,
China,CHN,CN,156,1,1,2013,1363240000,"World Bank, World Development Indicators (SP.POP.TOTL), sourced from UN World Population Prospects and national statistical offices",https://api.worldbank.org/v2/country/all/indicator/SP.POP.TOTL,1379008040,0.011566591355887444,,,,,,,,,,,,,,,,,,,,,,,,,,,,,
China,CHN,CN,156,1,1,2014,1371860000,"World Bank, World Development Indicators (SP.POP.TOTL), sourced from UN World Population Prospects and national statistical offices",https://api.worldbank.org/v2/country/all/indicator/SP.POP.TOTL,1387951972,0.011730039508404648,,,,,,,,,,,,,,,,,,,,,,,,,,,,,
China,CHN,CN,156,1,1,2015,1379860000,"World Bank, World Development Indicators (SP.POP.TOTL), sourced from UN World Population Prospects and national statistical offices",https://api.worldbank.org/v2/country/all/indicator/SP.POP.TOTL,1396134174,0.011794076210630064,1196007,0.0008667596712709985,Mid-year / 30 June,UN DESA International Migrant Stock (World Bank indicator SM.POP.TOTL),https://api.worldbank.org/v2/country/CHN;IND;PHL;RUS;ZAF;SUR;THA/indicator/SM.POP.TOTL?format=json&date=2010:2022&per_page=200,"UN estimate (not annual); mid-year benchmark year only; retrieved from World Bank mirror of UN DESA International Migrant Stock, accessed 2026-08",,,,,,,,,,,,,,,,,,,,,,,
China,CHN,CN,156,1,1,2016,1387790000,"World Bank, World Development Indicators (SP.POP.TOTL), sourced from UN World Population Prospects and national statistical offices",https://api.worldbank.org/v2/country/all/indicator/SP.POP.TOTL,1404052632,0.011718366611663148,,,,,,,,,,,,,,,,,,,,,,,,,,,,,
China,CHN,CN,156,1,1,2017,1396215000,"World Bank, World Development Indicators (SP.POP.TOTL), sourced from UN World Population Prospects and national statistical offices",https://api.worldbank.org/v2/country/all/indicator/SP.POP.TOTL,1412354727,0.01155962871047797,,,,,,,,,,,,,,,,,,,,,,,,,,,,,
China,CHN,CN,156,1,1,2018,1402760000,"World Bank, World Development Indicators (SP.POP.TOTL), sourced from UN World Population Prospects and national statistical offices",https://api.worldbank.org/v2/country/all/indicator/SP.POP.TOTL,1419008956,0.011583560979782715,,,,,,,,,,,,,,,,,,,,,,,,,,,,,
China,CHN,CN,156,1,1,2019,1407745000,"World Bank, World Development Indicators (SP.POP.TOTL), sourced from UN World Population Prospects and national statistical offices",https://api.worldbank.org/v2/country/all/indicator/SP.POP.TOTL,1423520357,0.011206118295571997,,,,,,,,,,,,,,,,,,,,,,,,,,,,,
China,CHN,CN,156,1,1,2020,1411100000,"World Bank, World Development Indicators (SP.POP.TOTL), sourced from UN World Population Prospects and national statistical offices",https://api.worldbank.org/v2/country/all/indicator/SP.POP.TOTL,1426106093,0.010634322868684005,1415116,0.0010028460066614697,Mid-year / 30 June,UN DESA International Migrant Stock (World Bank indicator SM.POP.TOTL),https://api.worldbank.org/v2/country/CHN;IND;PHL;RUS;ZAF;SUR;THA/indicator/SM.POP.TOTL?format=json&date=2010:2022&per_page=200,"UN estimate (not annual); mid-year benchmark year only; retrieved from World Bank mirror of UN DESA International Migrant Stock, accessed 2026-08",845697,0.000599317553681525,Census reference date,National Bureau of Statistics of China - Communique of the Seventh National Population Census (No. 8),https://www.stats.gov.cn/english/PressRelease/202105/t20210510_1817193.html,"Census count, reference date 1 Nov 2020; foreign nationals residing in the 31 mainland provinces; excludes 584998 residents of Hong Kong SAR (371380), Macao SAR (55732) and Taiwan (157886), giving a total of 1430695 persons from outside the mainland",,,,,,,,,,,,,,,,,
China,CHN,CN,156,1,1,2021,1412360000,"World Bank, World Development Indicators (SP.POP.TOTL), sourced from UN World Population Prospects and national statistical offices",https://api.worldbank.org/v2/country/all/indicator/SP.POP.TOTL,1426437267,0.00996719462459996,,,,,,,,,,,,,,,,,,,,,,,,,,,,,
China,CHN,CN,156,1,1,2022,1412175000,"World Bank, World Development Indicators (SP.POP.TOTL), sourced from UN World Population Prospects and national statistical offices",https://api.worldbank.org/v2/country/all/indicator/SP.POP.TOTL,1425179569,0.009208893373696602,,,,,,,,,,,,,,,,,,,,,,,,,,,,,
Croatia,HRV,HR,191,1,1,2010,4295427,"World Bank, World Development Indicators (SP.POP.TOTL), sourced from UN World Population Prospects and national statistical offices",https://api.worldbank.org/v2/country/all/indicator/SP.POP.TOTL,4301145,0.0013311831396506098,,,,,,,,,,,,,,,,,,,,,,,,,,,,,
Croatia,HRV,HR,191,1,1,2011,4280622,"World Bank, World Development Indicators (SP.POP.TOTL), sourced from UN World Population Prospects and national statistical offices",https://api.worldbank.org/v2/country/all/indicator/SP.POP.TOTL,4280824,4.718940378290818e-05,584947,0.13665000086436035,See note (not 1 January),"Croatian Bureau of Statistics, Census 2011",https://web.dzs.hr/eng/censuses/census2011/results/htm/e01_01_25/E01_01_25.html,"census reference date 31 March 2011, NOT stock at 1 Jan; published category 'Born abroad'; total census population 4284889; not strictly comparable with the Eurostat 1 Jan register series",23276,0.005437527536885995,See note (not 1 January),"Croatian Bureau of Statistics, Census 2011",https://web.dzs.hr/eng/censuses/census2011/results/htm/e01_01_06/e01_01_06_RH.html,"census reference date 31 March 2011, NOT stock at 1 Jan; computed as published 'Foreign' citizenship 22527 plus 'Stateless' 749 to match the Eurostat FOR_STLS concept; 'Unknown' citizenship 2137 excluded; not strictly comparable with the Eurostat 1 Jan register series",,,,,,,,,,,,,,,,,
Croatia,HRV,HR,191,1,1,2012,4260368,"World Bank, World Development Indicators (SP.POP.TOTL), sourced from UN World Population Prospects and national statistical offices",https://api.worldbank.org/v2/country/all/indicator/SP.POP.TOTL,4259236,-0.0002657047466322158,,,,,,,,,,,,,,,,,,,,,,,,,,,,,
Croatia,HRV,HR,191,1,1,2013,4233922,"World Bank, World Development Indicators (SP.POP.TOTL), sourced from UN World Population Prospects and national statistical offices",https://api.worldbank.org/v2/country/all/indicator/SP.POP.TOTL,4242398,0.0020019263463049155,569220,0.13444272237419583,1 January,Eurostat [migr_pop3ctb],https://ec.europa.eu/eurostat/api/dissemination/statistics/1.0/data/migr_pop3ctb?format=JSON&lang=EN&geo=HR&age=TOTAL&sex=T&unit=NR&c_birth=FOR&sinceTimePeriod=2010&untilTimePeriod=2022,stock at 1 Jan; c_birth=FOR (born in a foreign country); Eurostat series for Croatia starts in 2013,24142,0.005702041747580612,1 January,Eurostat [migr_pop1ctz],https://ec.europa.eu/eurostat/api/dissemination/statistics/1.0/data/migr_pop1ctz?format=JSON&lang=EN&geo=HR&age=TOTAL&sex=T&unit=NR&citizen=FOR_STLS&sinceTimePeriod=2010&untilTimePeriod=2022,stock at 1 Jan; citizen=FOR_STLS (foreign citizens incl. stateless); Eurostat series for Croatia starts in 2013,,,,,,,,,,,,,4150,Full calendar year (flow),"Eurostat, Third country nationals found to be illegally present (migr_eipre)",https://ec.europa.eu/eurostat/databrowser/view/migr_eipre/default/table,"Eurostat enforcement statistic - annual flow of detections, NOT a stock. Dataset migr_eipre, dimensions freq=A citizen=TOTAL reason=TOTAL apprehen=TOTAL sex=T age=TOTAL unit=PER. Rounded to nearest 5 by Eurostat. Croatia acceded to the EU in July 2013; no data reported before 2013."
Croatia,HRV,HR,191,1,1,2014,4201598,"World Bank, World Development Indicators (SP.POP.TOTL), sourced from UN World Population Prospects and national statistical offices",https://api.worldbank.org/v2/country/all/indicator/SP.POP.TOTL,4219479,0.004255761736367924,558092,0.13282850953375358,1 January,Eurostat [migr_pop3ctb],https://ec.europa.eu/eurostat/api/dissemination/statistics/1.0/data/migr_pop3ctb?format=JSON&lang=EN&geo=HR&age=TOTAL&sex=T&unit=NR&c_birth=FOR&sinceTimePeriod=2010&untilTimePeriod=2022,stock at 1 Jan; c_birth=FOR (born in a foreign country); Eurostat series for Croatia starts in 2013,23801,0.005664749459610367,1 January,Eurostat [migr_pop1ctz],https://ec.europa.eu/eurostat/api/dissemination/statistics/1.0/data/migr_pop1ctz?format=JSON&lang=EN&geo=HR&age=TOTAL&sex=T&unit=NR&citizen=FOR_STLS&sinceTimePeriod=2010&untilTimePeriod=2022,stock at 1 Jan; citizen=FOR_STLS (foreign citizens incl. stateless); Eurostat series for Croatia starts in 2013,,,,,,,,,,,,,2500,Full calendar year (flow),"Eurostat, Third country nationals found to be illegally present (migr_eipre)",https://ec.europa.eu/eurostat/databrowser/view/migr_eipre/default/table,"Eurostat enforcement statistic - annual flow of detections, NOT a stock. Dataset migr_eipre, dimensions freq=A citizen=TOTAL reason=TOTAL apprehen=TOTAL sex=T age=TOTAL unit=PER. Rounded to nearest 5 by Eurostat. Croatia acceded to the EU in July 2013; no data reported before 2013."
Croatia,HRV,HR,191,1,1,2015,4151725,"World Bank, World Development Indicators (SP.POP.TOTL), sourced from UN World Population Prospects and national statistical offices",https://api.worldbank.org/v2/country/all/indicator/SP.POP.TOTL,4183729,0.007708603050539234,545115,0.13129843619218518,1 January,Eurostat [migr_pop3ctb],https://ec.europa.eu/eurostat/api/dissemination/statistics/1.0/data/migr_pop3ctb?format=JSON&lang=EN&geo=HR&age=TOTAL&sex=T&unit=NR&c_birth=FOR&sinceTimePeriod=2010&untilTimePeriod=2022,stock at 1 Jan; c_birth=FOR (born in a foreign country); Eurostat series for Croatia starts in 2013,24125,0.005810837663862612,1 January,Eurostat [migr_pop1ctz],https://ec.europa.eu/eurostat/api/dissemination/statistics/1.0/data/migr_pop1ctz?format=JSON&lang=EN&geo=HR&age=TOTAL&sex=T&unit=NR&citizen=FOR_STLS&sinceTimePeriod=2010&untilTimePeriod=2022,stock at 1 Jan; citizen=FOR_STLS (foreign citizens incl. stateless); Eurostat series for Croatia starts in 2013,,,,,,,,,,,,,3295,Full calendar year (flow),"Eurostat, Third country nationals found to be illegally present (migr_eipre)",https://ec.europa.eu/eurostat/databrowser/view/migr_eipre/default/table,"Eurostat enforcement statistic - annual flow of detections, NOT a stock. Dataset migr_eipre, dimensions freq=A citizen=TOTAL reason=TOTAL apprehen=TOTAL sex=T age=TOTAL unit=PER. Rounded to nearest 5 by Eurostat. Croatia acceded to the EU in July 2013; no data reported before 2013."
Croatia,HRV,HR,191,1,1,2016,4106867,"World Bank, World Development Indicators (SP.POP.TOTL), sourced from UN World Population Prospects and national statistical offices",https://api.worldbank.org/v2/country/all/indicator/SP.POP.TOTL,4136444,0.007201840234904125,526279,0.12814610261301376,1 January,Eurostat [migr_pop3ctb],https://ec.europa.eu/eurostat/api/dissemination/statistics/1.0/data/migr_pop3ctb?format=JSON&lang=EN&geo=HR&age=TOTAL&sex=T&unit=NR&c_birth=FOR&sinceTimePeriod=2010&untilTimePeriod=2022,stock at 1 Jan; c_birth=FOR (born in a foreign country); Eurostat series for Croatia starts in 2013,24231,0.005900118021840006,1 January,Eurostat [migr_pop1ctz],https://ec.europa.eu/eurostat/api/dissemination/statistics/1.0/data/migr_pop1ctz?format=JSON&lang=EN&geo=HR&age=TOTAL&sex=T&unit=NR&citizen=FOR_STLS&sinceTimePeriod=2010&untilTimePeriod=2022,stock at 1 Jan; citizen=FOR_STLS (foreign citizens incl. stateless); Eurostat series for Croatia starts in 2013,,,,,,,,,,,,,3320,Full calendar year (flow),"Eurostat, Third country nationals found to be illegally present (migr_eipre)",https://ec.europa.eu/eurostat/databrowser/view/migr_eipre/default/table,"Eurostat enforcement statistic - annual flow of detections, NOT a stock. Dataset migr_eipre, dimensions freq=A citizen=TOTAL reason=TOTAL apprehen=TOTAL sex=T age=TOTAL unit=PER. Rounded to nearest 5 by Eurostat. Croatia acceded to the EU in July 2013; no data reported before 2013."
Croatia,HRV,HR,191,1,1,2017,4041407,"World Bank, World Development Indicators (SP.POP.TOTL), sourced from UN World Population Prospects and national statistical offices",https://api.worldbank.org/v2/country/all/indicator/SP.POP.TOTL,4079200,0.009351446167139316,512411,0.1267902490395053,1 January,Eurostat [migr_pop3ctb],https://ec.europa.eu/eurostat/api/dissemination/statistics/1.0/data/migr_pop3ctb?format=JSON&lang=EN&geo=HR&age=TOTAL&sex=T&unit=NR&c_birth=FOR&sinceTimePeriod=2010&untilTimePeriod=2022,stock at 1 Jan; c_birth=FOR (born in a foreign country); Eurostat series for Croatia starts in 2013,24102,0.005963764599803979,1 January,Eurostat [migr_pop1ctz],https://ec.europa.eu/eurostat/api/dissemination/statistics/1.0/data/migr_pop1ctz?format=JSON&lang=EN&geo=HR&age=TOTAL&sex=T&unit=NR&citizen=FOR_STLS&sinceTimePeriod=2010&untilTimePeriod=2022,stock at 1 Jan; citizen=FOR_STLS (foreign citizens incl. stateless); Eurostat series for Croatia starts in 2013,,,,,,,,,,,,,3495,Full calendar year (flow),"Eurostat, Third country nationals found to be illegally present (migr_eipre)",https://ec.europa.eu/eurostat/databrowser/view/migr_eipre/default/table,"Eurostat enforcement statistic - annual flow of detections, NOT a stock. Dataset migr_eipre, dimensions freq=A citizen=TOTAL reason=TOTAL apprehen=TOTAL sex=T age=TOTAL unit=PER. Rounded to nearest 5 by Eurostat. Croatia acceded to the EU in July 2013; no data reported before 2013."
Croatia,HRV,HR,191,1,1,2018,3988775,"World Bank, World Development Indicators (SP.POP.TOTL), sourced from UN World Population Prospects and national statistical offices",https://api.worldbank.org/v2/country/all/indicator/SP.POP.TOTL,4024868,0.009048642753727649,496265,0.12441539069012417,1 January,Eurostat [migr_pop3ctb],https://ec.europa.eu/eurostat/api/dissemination/statistics/1.0/data/migr_pop3ctb?format=JSON&lang=EN&geo=HR&age=TOTAL&sex=T&unit=NR&c_birth=FOR&sinceTimePeriod=2010&untilTimePeriod=2022,stock at 1 Jan; c_birth=FOR (born in a foreign country); Eurostat series for Croatia starts in 2013,24024,0.006022901768086693,1 January,Eurostat [migr_pop1ctz],https://ec.europa.eu/eurostat/api/dissemination/statistics/1.0/data/migr_pop1ctz?format=JSON&lang=EN&geo=HR&age=TOTAL&sex=T&unit=NR&citizen=FOR_STLS&sinceTimePeriod=2010&untilTimePeriod=2022,stock at 1 Jan; citizen=FOR_STLS (foreign citizens incl. stateless); Eurostat series for Croatia starts in 2013,,,,,,,,,,,,,5580,Full calendar year (flow),"Eurostat, Third country nationals found to be illegally present (migr_eipre)",https://ec.europa.eu/eurostat/databrowser/view/migr_eipre/default/table,"Eurostat enforcement statistic - annual flow of detections, NOT a stock. Dataset migr_eipre, dimensions freq=A citizen=TOTAL reason=TOTAL apprehen=TOTAL sex=T age=TOTAL unit=PER. Rounded to nearest 5 by Eurostat. Croatia acceded to the EU in July 2013; no data reported before 2013."
Croatia,HRV,HR,191,1,1,2019,3949390,"World Bank, World Development Indicators (SP.POP.TOTL), sourced from UN World Population Prospects and national statistical offices",https://api.worldbank.org/v2/country/all/indicator/SP.POP.TOTL,3986334,0.009354355989152754,488393,0.1236628947761553,1 January,Eurostat [migr_pop3ctb],https://ec.europa.eu/eurostat/api/dissemination/statistics/1.0/data/migr_pop3ctb?format=JSON&lang=EN&geo=HR&age=TOTAL&sex=T&unit=NR&c_birth=FOR&sinceTimePeriod=2010&untilTimePeriod=2022,stock at 1 Jan; c_birth=FOR (born in a foreign country); Eurostat series for Croatia starts in 2013,23878,0.006045996976748308,1 January,Eurostat [migr_pop1ctz],https://ec.europa.eu/eurostat/api/dissemination/statistics/1.0/data/migr_pop1ctz?format=JSON&lang=EN&geo=HR&age=TOTAL&sex=T&unit=NR&citizen=FOR_STLS&sinceTimePeriod=2010&untilTimePeriod=2022,stock at 1 Jan; citizen=FOR_STLS (foreign citizens incl. stateless); Eurostat series for Croatia starts in 2013,,,,,,,,,,,,,13630,Full calendar year (flow),"Eurostat, Third country nationals found to be illegally present (migr_eipre)",https://ec.europa.eu/eurostat/databrowser/view/migr_eipre/default/table,"Eurostat enforcement statistic - annual flow of detections, NOT a stock. Dataset migr_eipre, dimensions freq=A citizen=TOTAL reason=TOTAL apprehen=TOTAL sex=T age=TOTAL unit=PER. Rounded to nearest 5 by Eurostat. Croatia acceded to the EU in July 2013; no data reported before 2013."
Croatia,HRV,HR,191,1,1,2020,3914206,"World Bank, World Development Indicators (SP.POP.TOTL), sourced from UN World Population Prospects and national statistical offices",https://api.worldbank.org/v2/country/all/indicator/SP.POP.TOTL,3953958,0.010155827261007723,486390,0.12426274958446235,1 January,Eurostat [migr_pop3ctb],https://ec.europa.eu/eurostat/api/dissemination/statistics/1.0/data/migr_pop3ctb?format=JSON&lang=EN&geo=HR&age=TOTAL&sex=T&unit=NR&c_birth=FOR&sinceTimePeriod=2010&untilTimePeriod=2022,stock at 1 Jan; c_birth=FOR (born in a foreign country); Eurostat series for Croatia starts in 2013,24631,0.006292719391876667,1 January,Eurostat [migr_pop1ctz],https://ec.europa.eu/eurostat/api/dissemination/statistics/1.0/data/migr_pop1ctz?format=JSON&lang=EN&geo=HR&age=TOTAL&sex=T&unit=NR&citizen=FOR_STLS&sinceTimePeriod=2010&untilTimePeriod=2022,stock at 1 Jan; citizen=FOR_STLS (foreign citizens incl. stateless); Eurostat series for Croatia starts in 2013,,,,,,,,,,,,,22240,Full calendar year (flow),"Eurostat, Third country nationals found to be illegally present (migr_eipre)",https://ec.europa.eu/eurostat/databrowser/view/migr_eipre/default/table,"Eurostat enforcement statistic - annual flow of detections, NOT a stock. Dataset migr_eipre, dimensions freq=A citizen=TOTAL reason=TOTAL apprehen=TOTAL sex=T age=TOTAL unit=PER. Rounded to nearest 5 by Eurostat. Croatia acceded to the EU in July 2013; no data reported before 2013."
Croatia,HRV,HR,191,1,1,2021,3878981,"World Bank, World Development Indicators (SP.POP.TOTL), sourced from UN World Population Prospects and national statistical offices",https://api.worldbank.org/v2/country/all/indicator/SP.POP.TOTL,3924610,0.011763140886743193,478056,0.1232426763626839,1 January,Eurostat [migr_pop3ctb],https://ec.europa.eu/eurostat/api/dissemination/statistics/1.0/data/migr_pop3ctb?format=JSON&lang=EN&geo=HR&age=TOTAL&sex=T&unit=NR&c_birth=FOR&sinceTimePeriod=2010&untilTimePeriod=2022,stock at 1 Jan; c_birth=FOR (born in a foreign country); Eurostat series for Croatia starts in 2013,26259,0.0067695613873849855,1 January,Eurostat [migr_pop1ctz],https://ec.europa.eu/eurostat/api/dissemination/statistics/1.0/data/migr_pop1ctz?format=JSON&lang=EN&geo=HR&age=TOTAL&sex=T&unit=NR&citizen=FOR_STLS&sinceTimePeriod=2010&untilTimePeriod=2022,stock at 1 Jan; citizen=FOR_STLS (foreign citizens incl. stateless); Eurostat series for Croatia starts in 2013,,,,,,,,,,,,,13540,Full calendar year (flow),"Eurostat, Third country nationals found to be illegally present (migr_eipre)",https://ec.europa.eu/eurostat/databrowser/view/migr_eipre/default/table,"Eurostat enforcement statistic - annual flow of detections, NOT a stock. Dataset migr_eipre, dimensions freq=A citizen=TOTAL reason=TOTAL apprehen=TOTAL sex=T age=TOTAL unit=PER. Rounded to nearest 5 by Eurostat. Croatia acceded to the EU in July 2013; no data reported before 2013."
Croatia,HRV,HR,191,1,1,2022,3855641,"World Bank, World Development Indicators (SP.POP.TOTL), sourced from UN World Population Prospects and national statistical offices",https://api.worldbank.org/v2/country/all/indicator/SP.POP.TOTL,3907027,0.013327485624309939,472308,0.12249791928242282,1 January,Eurostat [migr_pop3ctb],https://ec.europa.eu/eurostat/api/dissemination/statistics/1.0/data/migr_pop3ctb?format=JSON&lang=EN&geo=HR&age=TOTAL&sex=T&unit=NR&c_birth=FOR&sinceTimePeriod=2010&untilTimePeriod=2022,stock at 1 Jan; c_birth=FOR (born in a foreign country); Eurostat series for Croatia starts in 2013,35919,0.009315960692398489,1 January,Eurostat [migr_pop1ctz],https://ec.europa.eu/eurostat/api/dissemination/statistics/1.0/data/migr_pop1ctz?format=JSON&lang=EN&geo=HR&age=TOTAL&sex=T&unit=NR&citizen=FOR_STLS&sinceTimePeriod=2010&untilTimePeriod=2022,stock at 1 Jan; citizen=FOR_STLS (foreign citizens incl. stateless); apparent break in series (population census re-basing); Eurostat series for Croatia starts in 2013,,,,,,,,,,,,,43830,Full calendar year (flow),"Eurostat, Third country nationals found to be illegally present (migr_eipre)",https://ec.europa.eu/eurostat/databrowser/view/migr_eipre/default/table,"Eurostat enforcement statistic - annual flow of detections, NOT a stock. Dataset migr_eipre, dimensions freq=A citizen=TOTAL reason=TOTAL apprehen=TOTAL sex=T age=TOTAL unit=PER. Rounded to nearest 5 by Eurostat. Croatia acceded to the EU in July 2013; no data reported before 2013."
Czech Republic,CZE,CZ,203,1,1,2010,10474410,"World Bank, World Development Indicators (SP.POP.TOTL), sourced from UN World Population Prospects and national statistical offices",https://api.worldbank.org/v2/country/all/indicator/SP.POP.TOTL,10464035,-0.00099050925064037,398493,0.0380444340063068,1 January,Eurostat [migr_pop3ctb],https://ec.europa.eu/eurostat/api/dissemination/statistics/1.0/data/migr_pop3ctb?format=JSON&lang=EN&geo=CZ&age=TOTAL&sex=T&unit=NR&c_birth=FOR&sinceTimePeriod=2010&untilTimePeriod=2022,stock at 1 Jan; c_birth=FOR (born in a foreign country),424419,0.04051960921903954,1 January,Eurostat [migr_pop1ctz],https://ec.europa.eu/eurostat/api/dissemination/statistics/1.0/data/migr_pop1ctz?format=JSON&lang=EN&geo=CZ&age=TOTAL&sex=T&unit=NR&citizen=FOR_STLS&sinceTimePeriod=2010&untilTimePeriod=2022,stock at 1 Jan; citizen=FOR_STLS (foreign citizens incl. stateless),,,,,,,,,,,,,2655,Full calendar year (flow),"Eurostat, Third country nationals found to be illegally present (migr_eipre)",https://ec.europa.eu/eurostat/databrowser/view/migr_eipre/default/table,"Eurostat enforcement statistic - annual flow of detections, NOT a stock. Dataset migr_eipre, dimensions freq=A citizen=TOTAL reason=TOTAL apprehen=TOTAL sex=T age=TOTAL unit=PER. Rounded to nearest 5 by Eurostat."
Czech Republic,CZE,CZ,203,1,1,2011,10496088,"World Bank, World Development Indicators (SP.POP.TOTL), sourced from UN World Population Prospects and national statistical offices",https://api.worldbank.org/v2/country/all/indicator/SP.POP.TOTL,10495511,-5.497286227020962e-05,387971,0.03696339055084142,1 January,Eurostat [migr_pop3ctb],https://ec.europa.eu/eurostat/api/dissemination/statistics/1.0/data/migr_pop3ctb?format=JSON&lang=EN&geo=CZ&age=TOTAL&sex=T&unit=NR&c_birth=FOR&sinceTimePeriod=2010&untilTimePeriod=2022,stock at 1 Jan; c_birth=FOR (born in a foreign country),416737,0.03970403068266958,1 January,Eurostat [migr_pop1ctz],https://ec.europa.eu/eurostat/api/dissemination/statistics/1.0/data/migr_pop1ctz?format=JSON&lang=EN&geo=CZ&age=TOTAL&sex=T&unit=NR&citizen=FOR_STLS&sinceTimePeriod=2010&untilTimePeriod=2022,stock at 1 Jan; citizen=FOR_STLS (foreign citizens incl. stateless),,,,,,,,,,,,,3085,Full calendar year (flow),"Eurostat, Third country nationals found to be illegally present (migr_eipre)",https://ec.europa.eu/eurostat/databrowser/view/migr_eipre/default/table,"Eurostat enforcement statistic - annual flow of detections, NOT a stock. Dataset migr_eipre, dimensions freq=A citizen=TOTAL reason=TOTAL apprehen=TOTAL sex=T age=TOTAL unit=PER. Rounded to nearest 5 by Eurostat."
Czech Republic,CZE,CZ,203,1,1,2012,10510785,"World Bank, World Development Indicators (SP.POP.TOTL), sourced from UN World Population Prospects and national statistical offices",https://api.worldbank.org/v2/country/all/indicator/SP.POP.TOTL,10507335,-0.0003282342850700495,390843,0.03718494860279228,1 January,Eurostat [migr_pop3ctb],https://ec.europa.eu/eurostat/api/dissemination/statistics/1.0/data/migr_pop3ctb?format=JSON&lang=EN&geo=CZ&age=TOTAL&sex=T&unit=NR&c_birth=FOR&sinceTimePeriod=2010&untilTimePeriod=2022,stock at 1 Jan; c_birth=FOR (born in a foreign country),422966,0.04024114278809813,1 January,Eurostat [migr_pop1ctz],https://ec.europa.eu/eurostat/api/dissemination/statistics/1.0/data/migr_pop1ctz?format=JSON&lang=EN&geo=CZ&age=TOTAL&sex=T&unit=NR&citizen=FOR_STLS&sinceTimePeriod=2010&untilTimePeriod=2022,stock at 1 Jan; citizen=FOR_STLS (foreign citizens incl. stateless),,,,,,,,,,,,,3315,Full calendar year (flow),"Eurostat, Third country nationals found to be illegally present (migr_eipre)",https://ec.europa.eu/eurostat/databrowser/view/migr_eipre/default/table,"Eurostat enforcement statistic - annual flow of detections, NOT a stock. Dataset migr_eipre, dimensions freq=A citizen=TOTAL reason=TOTAL apprehen=TOTAL sex=T age=TOTAL unit=PER. Rounded to nearest 5 by Eurostat."
Czech Republic,CZE,CZ,203,1,1,2013,10514272,"World Bank, World Development Indicators (SP.POP.TOTL), sourced from UN World Population Prospects and national statistical offices",https://api.worldbank.org/v2/country/all/indicator/SP.POP.TOTL,10511163,-0.00029569332046954844,387337,0.03683916489891074,1 January,Eurostat [migr_pop3ctb],https://ec.europa.eu/eurostat/api/dissemination/statistics/1.0/data/migr_pop3ctb?format=JSON&lang=EN&geo=CZ&age=TOTAL&sex=T&unit=NR&c_birth=FOR&sinceTimePeriod=2010&untilTimePeriod=2022,stock at 1 Jan; c_birth=FOR (born in a foreign country),422280,0.0401625523859379,1 January,Eurostat [migr_pop1ctz],https://ec.europa.eu/eurostat/api/dissemination/statistics/1.0/data/migr_pop1ctz?format=JSON&lang=EN&geo=CZ&age=TOTAL&sex=T&unit=NR&citizen=FOR_STLS&sinceTimePeriod=2010&untilTimePeriod=2022,stock at 1 Jan; citizen=FOR_STLS (foreign citizens incl. stateless),,,,,,,,,,,,,3695,Full calendar year (flow),"Eurostat, Third country nationals found to be illegally present (migr_eipre)",https://ec.europa.eu/eurostat/databrowser/view/migr_eipre/default/table,"Eurostat enforcement statistic - annual flow of detections, NOT a stock. Dataset migr_eipre, dimensions freq=A citizen=TOTAL reason=TOTAL apprehen=TOTAL sex=T age=TOTAL unit=PER. Rounded to nearest 5 by Eurostat."
Czech Republic,CZE,CZ,203,1,1,2014,10525347,"World Bank, World Development Indicators (SP.POP.TOTL), sourced from UN World Population Prospects and national statistical offices",https://api.worldbank.org/v2/country/all/indicator/SP.POP.TOTL,10517226,-0.0007715660110778295,396156,0.03763828403947157,1 January,Eurostat [migr_pop3ctb],https://ec.europa.eu/eurostat/api/dissemination/statistics/1.0/data/migr_pop3ctb?format=JSON&lang=EN&geo=CZ&age=TOTAL&sex=T&unit=NR&c_birth=FOR&sinceTimePeriod=2010&untilTimePeriod=2022,stock at 1 Jan; c_birth=FOR (born in a foreign country),434581,0.04128899503265783,1 January,Eurostat [migr_pop1ctz],https://ec.europa.eu/eurostat/api/dissemination/statistics/1.0/data/migr_pop1ctz?format=JSON&lang=EN&geo=CZ&age=TOTAL&sex=T&unit=NR&citizen=FOR_STLS&sinceTimePeriod=2010&untilTimePeriod=2022,stock at 1 Jan; citizen=FOR_STLS (foreign citizens incl. stateless),,,,,,,,,,,,,4430,Full calendar year (flow),"Eurostat, Third country nationals found to be illegally present (migr_eipre)",https://ec.europa.eu/eurostat/databrowser/view/migr_eipre/default/table,"Eurostat enforcement statistic - annual flow of detections, NOT a stock. Dataset migr_eipre, dimensions freq=A citizen=TOTAL reason=TOTAL apprehen=TOTAL sex=T age=TOTAL unit=PER. Rounded to nearest 5 by Eurostat."
Czech Republic,CZE,CZ,203,1,1,2015,10546059,"World Bank, World Development Indicators (SP.POP.TOTL), sourced from UN World Population Prospects and national statistical offices",https://api.worldbank.org/v2/country/all/indicator/SP.POP.TOTL,10524416,-0.002052235816241878,416454,0.03948906411390264,1 January,Eurostat [migr_pop3ctb],https://ec.europa.eu/eurostat/api/dissemination/statistics/1.0/data/migr_pop3ctb?format=JSON&lang=EN&geo=CZ&age=TOTAL&sex=T&unit=NR&c_birth=FOR&sinceTimePeriod=2010&untilTimePeriod=2022,stock at 1 Jan; c_birth=FOR (born in a foreign country),457323,0.04336435060717942,1 January,Eurostat [migr_pop1ctz],https://ec.europa.eu/eurostat/api/dissemination/statistics/1.0/data/migr_pop1ctz?format=JSON&lang=EN&geo=CZ&age=TOTAL&sex=T&unit=NR&citizen=FOR_STLS&sinceTimePeriod=2010&untilTimePeriod=2022,stock at 1 Jan; citizen=FOR_STLS (foreign citizens incl. stateless),,,,,,,,,,,,,8165,Full calendar year (flow),"Eurostat, Third country nationals found to be illegally present (migr_eipre)",https://ec.europa.eu/eurostat/databrowser/view/migr_eipre/default/table,"Eurostat enforcement statistic - annual flow of detections, NOT a stock. Dataset migr_eipre, dimensions freq=A citizen=TOTAL reason=TOTAL apprehen=TOTAL sex=T age=TOTAL unit=PER. Rounded to nearest 5 by Eurostat."
Czech Republic,CZE,CZ,203,1,1,2016,10566332,"World Bank, World Development Indicators (SP.POP.TOTL), sourced from UN World Population Prospects and national statistical offices",https://api.worldbank.org/v2/country/all/indicator/SP.POP.TOTL,10531948,-0.0032541093730539604,433290,0.0410066615359048,1 January,Eurostat [migr_pop3ctb],https://ec.europa.eu/eurostat/api/dissemination/statistics/1.0/data/migr_pop3ctb?format=JSON&lang=EN&geo=CZ&age=TOTAL&sex=T&unit=NR&c_birth=FOR&sinceTimePeriod=2010&untilTimePeriod=2022,stock at 1 Jan; c_birth=FOR (born in a foreign country),476345,0.0450813962688282,1 January,Eurostat [migr_pop1ctz],https://ec.europa.eu/eurostat/api/dissemination/statistics/1.0/data/migr_pop1ctz?format=JSON&lang=EN&geo=CZ&age=TOTAL&sex=T&unit=NR&citizen=FOR_STLS&sinceTimePeriod=2010&untilTimePeriod=2022,stock at 1 Jan; citizen=FOR_STLS (foreign citizens incl. stateless),,,,,,,,,,,,,4885,Full calendar year (flow),"Eurostat, Third country nationals found to be illegally present (migr_eipre)",https://ec.europa.eu/eurostat/databrowser/view/migr_eipre/default/table,"Eurostat enforcement statistic - annual flow of detections, NOT a stock. Dataset migr_eipre, dimensions freq=A citizen=TOTAL reason=TOTAL apprehen=TOTAL sex=T age=TOTAL unit=PER. Rounded to nearest 5 by Eurostat."
Czech Republic,CZE,CZ,203,1,1,2017,10594438,"World Bank, World Development Indicators (SP.POP.TOTL), sourced from UN World Population Prospects and national statistical offices",https://api.worldbank.org/v2/country/all/indicator/SP.POP.TOTL,10541342,-0.005011686320690158,465056,0.04389624065004675,1 January,Eurostat [migr_pop3ctb],https://ec.europa.eu/eurostat/api/dissemination/statistics/1.0/data/migr_pop3ctb?format=JSON&lang=EN&geo=CZ&age=TOTAL&sex=T&unit=NR&c_birth=FOR&sinceTimePeriod=2010&untilTimePeriod=2022,stock at 1 Jan; c_birth=FOR (born in a foreign country),510841,0.04821784789339463,1 January,Eurostat [migr_pop1ctz],https://ec.europa.eu/eurostat/api/dissemination/statistics/1.0/data/migr_pop1ctz?format=JSON&lang=EN&geo=CZ&age=TOTAL&sex=T&unit=NR&citizen=FOR_STLS&sinceTimePeriod=2010&untilTimePeriod=2022,stock at 1 Jan; citizen=FOR_STLS (foreign citizens incl. stateless),150000,0.014158372534720578,See note,"Pew Research Center (2019), Europe's Unauthorized Immigrant Population Peaks in 2016, Then Levels Off",https://www.pewresearch.org/global/2019/11/13/europes-unauthorized-immigrant-population-peaks-in-2016-then-levels-off/,"Pew residual method (population/labour-force data minus lawfully resident foreign-born), estimate INCLUDES asylum seekers awaiting a decision; published range 100000-200000, value is the midpoint of the published range. Pew reports only rounded 100k bounds.",1,,,,,,4360,Full calendar year (flow),"Eurostat, Third country nationals found to be illegally present (migr_eipre)",https://ec.europa.eu/eurostat/databrowser/view/migr_eipre/default/table,"Eurostat enforcement statistic - annual flow of detections, NOT a stock. Dataset migr_eipre, dimensions freq=A citizen=TOTAL reason=TOTAL apprehen=TOTAL sex=T age=TOTAL unit=PER. Rounded to nearest 5 by Eurostat."
Czech Republic,CZE,CZ,203,1,1,2018,10629928,"World Bank, World Development Indicators (SP.POP.TOTL), sourced from UN World Population Prospects and national statistical offices",https://api.worldbank.org/v2/country/all/indicator/SP.POP.TOTL,10548937,-0.007619148502228801,467580,0.04398712766445831,1 January,Eurostat [migr_pop3ctb],https://ec.europa.eu/eurostat/api/dissemination/statistics/1.0/data/migr_pop3ctb?format=JSON&lang=EN&geo=CZ&age=TOTAL&sex=T&unit=NR&c_birth=FOR&sinceTimePeriod=2010&untilTimePeriod=2022,stock at 1 Jan; c_birth=FOR (born in a foreign country),515422,0.048487816662539956,1 January,Eurostat [migr_pop1ctz],https://ec.europa.eu/eurostat/api/dissemination/statistics/1.0/data/migr_pop1ctz?format=JSON&lang=EN&geo=CZ&age=TOTAL&sex=T&unit=NR&citizen=FOR_STLS&sinceTimePeriod=2010&untilTimePeriod=2022,stock at 1 Jan; citizen=FOR_STLS (foreign citizens incl. stateless),,,,,,,,,,,,,4505,Full calendar year (flow),"Eurostat, Third country nationals found to be illegally present (migr_eipre)",https://ec.europa.eu/eurostat/databrowser/view/migr_eipre/default/table,"Eurostat enforcement statistic - annual flow of detections, NOT a stock. Dataset migr_eipre, dimensions freq=A citizen=TOTAL reason=TOTAL apprehen=TOTAL sex=T age=TOTAL unit=PER. Rounded to nearest 5 by Eurostat."
Czech Republic,CZE,CZ,203,1,1,2019,10671870,"World Bank, World Development Indicators (SP.POP.TOTL), sourced from UN World Population Prospects and national statistical offices",https://api.worldbank.org/v2/country/all/indicator/SP.POP.TOTL,10554875,-0.010962933394053713,507051,0.047512853885963754,1 January,Eurostat [migr_pop3ctb],https://ec.europa.eu/eurostat/api/dissemination/statistics/1.0/data/migr_pop3ctb?format=JSON&lang=EN&geo=CZ&age=TOTAL&sex=T&unit=NR&c_birth=FOR&sinceTimePeriod=2010&untilTimePeriod=2022,stock at 1 Jan; c_birth=FOR (born in a foreign country),557458,0.052236206025748064,1 January,Eurostat [migr_pop1ctz],https://ec.europa.eu/eurostat/api/dissemination/statistics/1.0/data/migr_pop1ctz?format=JSON&lang=EN&geo=CZ&age=TOTAL&sex=T&unit=NR&citizen=FOR_STLS&sinceTimePeriod=2010&untilTimePeriod=2022,stock at 1 Jan; citizen=FOR_STLS (foreign citizens incl. stateless),,,,,,,,,,,,,4995,Full calendar year (flow),"Eurostat, Third country nationals found to be illegally present (migr_eipre)",https://ec.europa.eu/eurostat/databrowser/view/migr_eipre/default/table,"Eurostat enforcement statistic - annual flow of detections, NOT a stock. Dataset migr_eipre, dimensions freq=A citizen=TOTAL reason=TOTAL apprehen=TOTAL sex=T age=TOTAL unit=PER. Rounded to nearest 5 by Eurostat."
Czech Republic,CZE,CZ,203,1,1,2020,10697858,"World Bank, World Development Indicators (SP.POP.TOTL), sourced from UN World Population Prospects and national statistical offices",https://api.worldbank.org/v2/country/all/indicator/SP.POP.TOTL,10550129,-0.013809213021896532,533639,0.049882789620127696,1 January,Eurostat [migr_pop3ctb],https://ec.europa.eu/eurostat/api/dissemination/statistics/1.0/data/migr_pop3ctb?format=JSON&lang=EN&geo=CZ&age=TOTAL&sex=T&unit=NR&c_birth=FOR&sinceTimePeriod=2010&untilTimePeriod=2022,stock at 1 Jan; c_birth=FOR (born in a foreign country),586646,0.054837706763353936,1 January,Eurostat [migr_pop1ctz],https://ec.europa.eu/eurostat/api/dissemination/statistics/1.0/data/migr_pop1ctz?format=JSON&lang=EN&geo=CZ&age=TOTAL&sex=T&unit=NR&citizen=FOR_STLS&sinceTimePeriod=2010&untilTimePeriod=2022,stock at 1 Jan; citizen=FOR_STLS (foreign citizens incl. stateless),,,,,,,,,,,,,6515,Full calendar year (flow),"Eurostat, Third country nationals found to be illegally present (migr_eipre)",https://ec.europa.eu/eurostat/databrowser/view/migr_eipre/default/table,"Eurostat enforcement statistic - annual flow of detections, NOT a stock. Dataset migr_eipre, dimensions freq=A citizen=TOTAL reason=TOTAL apprehen=TOTAL sex=T age=TOTAL unit=PER. Rounded to nearest 5 by Eurostat."
Czech Republic,CZE,CZ,203,1,1,2021,10505772,"World Bank, World Development Indicators (SP.POP.TOTL), sourced from UN World Population Prospects and national statistical offices",https://api.worldbank.org/v2/country/all/indicator/SP.POP.TOTL,10530683,0.0023711727229564854,409220,0.03895192090595532,1 January,Eurostat [migr_pop3ctb],https://ec.europa.eu/eurostat/api/dissemination/statistics/1.0/data/migr_pop3ctb?format=JSON&lang=EN&geo=CZ&age=TOTAL&sex=T&unit=NR&c_birth=FOR&sinceTimePeriod=2010&untilTimePeriod=2022,stock at 1 Jan; c_birth=FOR (born in a foreign country); apparent break in series (population census re-basing),488532,0.04650129471684708,1 January,Eurostat [migr_pop1ctz],https://ec.europa.eu/eurostat/api/dissemination/statistics/1.0/data/migr_pop1ctz?format=JSON&lang=EN&geo=CZ&age=TOTAL&sex=T&unit=NR&citizen=FOR_STLS&sinceTimePeriod=2010&untilTimePeriod=2022,stock at 1 Jan; citizen=FOR_STLS (foreign citizens incl. stateless); apparent break in series (population census re-basing),,,,,,,,,,,,,11040,Full calendar year (flow),"Eurostat, Third country nationals found to be illegally present (migr_eipre)",https://ec.europa.eu/eurostat/databrowser/view/migr_eipre/default/table,"Eurostat enforcement statistic - annual flow of detections, NOT a stock. Dataset migr_eipre, dimensions freq=A citizen=TOTAL reason=TOTAL apprehen=TOTAL sex=T age=TOTAL unit=PER. Rounded to nearest 5 by Eurostat."
Czech Republic,CZE,CZ,203,1,1,2022,10672118,"World Bank, World Development Indicators (SP.POP.TOTL), sourced from UN World Population Prospects and national statistical offices",https://api.worldbank.org/v2/country/all/indicator/SP.POP.TOTL,10673213,0.00010260381303879886,685840,0.06426465674386284,1 January,Eurostat [migr_pop3ctb],https://ec.europa.eu/eurostat/api/dissemination/statistics/1.0/data/migr_pop3ctb?format=JSON&lang=EN&geo=CZ&age=TOTAL&sex=T&unit=NR&c_birth=FOR&sinceTimePeriod=2010&untilTimePeriod=2022,stock at 1 Jan; c_birth=FOR (born in a foreign country); apparent break in series (population census re-basing),538237,0.05043394385256984,1 January,Eurostat [migr_pop1ctz],https://ec.europa.eu/eurostat/api/dissemination/statistics/1.0/data/migr_pop1ctz?format=JSON&lang=EN&geo=CZ&age=TOTAL&sex=T&unit=NR&citizen=FOR_STLS&sinceTimePeriod=2010&untilTimePeriod=2022,stock at 1 Jan; citizen=FOR_STLS (foreign citizens incl. stateless),,,,,,,,,,,,,29130,Full calendar year (flow),"Eurostat, Third country nationals found to be illegally present (migr_eipre)",https://ec.europa.eu/eurostat/databrowser/view/migr_eipre/default/table,"Eurostat enforcement statistic - annual flow of detections, NOT a stock. Dataset migr_eipre, dimensions freq=A citizen=TOTAL reason=TOTAL apprehen=TOTAL sex=T age=TOTAL unit=PER. Rounded to nearest 5 by Eurostat."
Denmark,DNK,DK,208,1,1,2010,5547683,"World Bank, World Development Indicators (SP.POP.TOTL), sourced from UN World Population Prospects and national statistical offices",https://api.worldbank.org/v2/country/all/indicator/SP.POP.TOTL,5547863,3.244597789743935e-05,500772,0.09026687357586942,1 January,Eurostat [migr_pop3ctb],https://ec.europa.eu/eurostat/api/dissemination/statistics/1.0/data/migr_pop3ctb?format=JSON&lang=EN&geo=DK&age=TOTAL&sex=T&unit=NR&c_birth=FOR&sinceTimePeriod=2010&untilTimePeriod=2022,stock at 1 Jan; c_birth=FOR (born in a foreign country),329797,0.05944770095912113,1 January,Eurostat [migr_pop1ctz],https://ec.europa.eu/eurostat/api/dissemination/statistics/1.0/data/migr_pop1ctz?format=JSON&lang=EN&geo=DK&age=TOTAL&sex=T&unit=NR&citizen=FOR_STLS&sinceTimePeriod=2010&untilTimePeriod=2022,stock at 1 Jan; citizen=FOR_STLS (foreign citizens incl. stateless),,,,,,,,,,,,,665,Full calendar year (flow),"Eurostat, Third country nationals found to be illegally present (migr_eipre)",https://ec.europa.eu/eurostat/databrowser/view/migr_eipre/default/table,"Eurostat enforcement statistic - annual flow of detections, NOT a stock. Dataset migr_eipre, dimensions freq=A citizen=TOTAL reason=TOTAL apprehen=TOTAL sex=T age=TOTAL unit=PER. Rounded to nearest 5 by Eurostat."
Denmark,DNK,DK,208,1,1,2011,5570572,"World Bank, World Development Indicators (SP.POP.TOTL), sourced from UN World Population Prospects and national statistical offices",https://api.worldbank.org/v2/country/all/indicator/SP.POP.TOTL,5570849,4.9725593709227705e-05,517230,0.09285042900441821,1 January,Eurostat [migr_pop3ctb],https://ec.europa.eu/eurostat/api/dissemination/statistics/1.0/data/migr_pop3ctb?format=JSON&lang=EN&geo=DK&age=TOTAL&sex=T&unit=NR&c_birth=FOR&sinceTimePeriod=2010&untilTimePeriod=2022,stock at 1 Jan; c_birth=FOR (born in a foreign country),345884,0.06209128972751811,1 January,Eurostat [migr_pop1ctz],https://ec.europa.eu/eurostat/api/dissemination/statistics/1.0/data/migr_pop1ctz?format=JSON&lang=EN&geo=DK&age=TOTAL&sex=T&unit=NR&citizen=FOR_STLS&sinceTimePeriod=2010&untilTimePeriod=2022,stock at 1 Jan; citizen=FOR_STLS (foreign citizens incl. stateless),,,,,,,,,,,,,400,Full calendar year (flow),"Eurostat, Third country nationals found to be illegally present (migr_eipre)",https://ec.europa.eu/eurostat/databrowser/view/migr_eipre/default/table,"Eurostat enforcement statistic - annual flow of detections, NOT a stock. Dataset migr_eipre, dimensions freq=A citizen=TOTAL reason=TOTAL apprehen=TOTAL sex=T age=TOTAL unit=PER. Rounded to nearest 5 by Eurostat."
Denmark,DNK,DK,208,1,1,2012,5591572,"World Bank, World Development Indicators (SP.POP.TOTL), sourced from UN World Population Prospects and national statistical offices",https://api.worldbank.org/v2/country/all/indicator/SP.POP.TOTL,5591917,6.170000135918843e-05,531540,0.09506092383322615,1 January,Eurostat [migr_pop3ctb],https://ec.europa.eu/eurostat/api/dissemination/statistics/1.0/data/migr_pop3ctb?format=JSON&lang=EN&geo=DK&age=TOTAL&sex=T&unit=NR&c_birth=FOR&sinceTimePeriod=2010&untilTimePeriod=2022,stock at 1 Jan; c_birth=FOR (born in a foreign country),358714,0.06415262112336209,1 January,Eurostat [migr_pop1ctz],https://ec.europa.eu/eurostat/api/dissemination/statistics/1.0/data/migr_pop1ctz?format=JSON&lang=EN&geo=DK&age=TOTAL&sex=T&unit=NR&citizen=FOR_STLS&sinceTimePeriod=2010&untilTimePeriod=2022,stock at 1 Jan; citizen=FOR_STLS (foreign citizens incl. stateless),,,,,,,,,,,,,630,Full calendar year (flow),"Eurostat, Third country nationals found to be illegally present (migr_eipre)",https://ec.europa.eu/eurostat/databrowser/view/migr_eipre/default/table,"Eurostat enforcement statistic - annual flow of detections, NOT a stock. Dataset migr_eipre, dimensions freq=A citizen=TOTAL reason=TOTAL apprehen=TOTAL sex=T age=TOTAL unit=PER. Rounded to nearest 5 by Eurostat."
Denmark,DNK,DK,208,1,1,2013,5614932,"World Bank, World Development Indicators (SP.POP.TOTL), sourced from UN World Population Prospects and national statistical offices",https://api.worldbank.org/v2/country/all/indicator/SP.POP.TOTL,5615333,7.141671528702396e-05,548411,0.09767010535479326,1 January,Eurostat [migr_pop3ctb],https://ec.europa.eu/eurostat/api/dissemination/statistics/1.0/data/migr_pop3ctb?format=JSON&lang=EN&geo=DK&age=TOTAL&sex=T&unit=NR&c_birth=FOR&sinceTimePeriod=2010&untilTimePeriod=2022,stock at 1 Jan; c_birth=FOR (born in a foreign country),374569,0.06670944545722014,1 January,Eurostat [migr_pop1ctz],https://ec.europa.eu/eurostat/api/dissemination/statistics/1.0/data/migr_pop1ctz?format=JSON&lang=EN&geo=DK&age=TOTAL&sex=T&unit=NR&citizen=FOR_STLS&sinceTimePeriod=2010&untilTimePeriod=2022,stock at 1 Jan; citizen=FOR_STLS (foreign citizens incl. stateless),,,,,,,,,,,,,395,Full calendar year (flow),"Eurostat, Third country nationals found to be illegally present (migr_eipre)",https://ec.europa.eu/eurostat/databrowser/view/migr_eipre/default/table,"Eurostat enforcement statistic - annual flow of detections, NOT a stock. Dataset migr_eipre, dimensions freq=A citizen=TOTAL reason=TOTAL apprehen=TOTAL sex=T age=TOTAL unit=PER. Rounded to nearest 5 by Eurostat."
Denmark,DNK,DK,208,1,1,2014,5643475,"World Bank, World Development Indicators (SP.POP.TOTL), sourced from UN World Population Prospects and national statistical offices",https://api.worldbank.org/v2/country/all/indicator/SP.POP.TOTL,5643794,5.652545638990161e-05,569596,0.10093001209361253,1 January,Eurostat [migr_pop3ctb],https://ec.europa.eu/eurostat/api/dissemination/statistics/1.0/data/migr_pop3ctb?format=JSON&lang=EN&geo=DK&age=TOTAL&sex=T&unit=NR&c_birth=FOR&sinceTimePeriod=2010&untilTimePeriod=2022,stock at 1 Jan; c_birth=FOR (born in a foreign country),397221,0.0703858881274392,1 January,Eurostat [migr_pop1ctz],https://ec.europa.eu/eurostat/api/dissemination/statistics/1.0/data/migr_pop1ctz?format=JSON&lang=EN&geo=DK&age=TOTAL&sex=T&unit=NR&citizen=FOR_STLS&sinceTimePeriod=2010&untilTimePeriod=2022,stock at 1 Jan; citizen=FOR_STLS (foreign citizens incl. stateless),,,,,,,,,,,,,515,Full calendar year (flow),"Eurostat, Third country nationals found to be illegally present (migr_eipre)",https://ec.europa.eu/eurostat/databrowser/view/migr_eipre/default/table,"Eurostat enforcement statistic - annual flow of detections, NOT a stock. Dataset migr_eipre, dimensions freq=A citizen=TOTAL reason=TOTAL apprehen=TOTAL sex=T age=TOTAL unit=PER. Rounded to nearest 5 by Eurostat."
Denmark,DNK,DK,208,1,1,2015,5683483,"World Bank, World Development Indicators (SP.POP.TOTL), sourced from UN World Population Prospects and national statistical offices",https://api.worldbank.org/v2/country/all/indicator/SP.POP.TOTL,5683701,3.835676116212541e-05,595876,0.10484345602863596,1 January,Eurostat [migr_pop3ctb],https://ec.europa.eu/eurostat/api/dissemination/statistics/1.0/data/migr_pop3ctb?format=JSON&lang=EN&geo=DK&age=TOTAL&sex=T&unit=NR&c_birth=FOR&sinceTimePeriod=2010&untilTimePeriod=2022,stock at 1 Jan; c_birth=FOR (born in a foreign country),422492,0.07433681071976463,1 January,Eurostat [migr_pop1ctz],https://ec.europa.eu/eurostat/api/dissemination/statistics/1.0/data/migr_pop1ctz?format=JSON&lang=EN&geo=DK&age=TOTAL&sex=T&unit=NR&citizen=FOR_STLS&sinceTimePeriod=2010&untilTimePeriod=2022,stock at 1 Jan; citizen=FOR_STLS (foreign citizens incl. stateless),,,,,,,,,,,,,2165,Full calendar year (flow),"Eurostat, Third country nationals found to be illegally present (migr_eipre)",https://ec.europa.eu/eurostat/databrowser/view/migr_eipre/default/table,"Eurostat enforcement statistic - annual flow of detections, NOT a stock. Dataset migr_eipre, dimensions freq=A citizen=TOTAL reason=TOTAL apprehen=TOTAL sex=T age=TOTAL unit=PER. Rounded to nearest 5 by Eurostat."
Denmark,DNK,DK,208,1,1,2016,5728010,"World Bank, World Development Indicators (SP.POP.TOTL), sourced from UN World Population Prospects and national statistical offices",https://api.worldbank.org/v2/country/all/indicator/SP.POP.TOTL,5728201,3.334491385315319e-05,636666,0.11114959645671009,1 January,Eurostat [migr_pop3ctb],https://ec.europa.eu/eurostat/api/dissemination/statistics/1.0/data/migr_pop3ctb?format=JSON&lang=EN&geo=DK&age=TOTAL&sex=T&unit=NR&c_birth=FOR&sinceTimePeriod=2010&untilTimePeriod=2022,stock at 1 Jan; c_birth=FOR (born in a foreign country),463088,0.08084622757292673,1 January,Eurostat [migr_pop1ctz],https://ec.europa.eu/eurostat/api/dissemination/statistics/1.0/data/migr_pop1ctz?format=JSON&lang=EN&geo=DK&age=TOTAL&sex=T&unit=NR&citizen=FOR_STLS&sinceTimePeriod=2010&untilTimePeriod=2022,stock at 1 Jan; citizen=FOR_STLS (foreign citizens incl. stateless),,,,,,,,,,,,,1390,Full calendar year (flow),"Eurostat, Third country nationals found to be illegally present (migr_eipre)",https://ec.europa.eu/eurostat/databrowser/view/migr_eipre/default/table,"Eurostat enforcement statistic - annual flow of detections, NOT a stock. Dataset migr_eipre, dimensions freq=A citizen=TOTAL reason=TOTAL apprehen=TOTAL sex=T age=TOTAL unit=PER. Rounded to nearest 5 by Eurostat."
Denmark,DNK,DK,208,1,1,2017,5764980,"World Bank, World Development Indicators (SP.POP.TOTL), sourced from UN World Population Prospects and national statistical offices",https://api.worldbank.org/v2/country/all/indicator/SP.POP.TOTL,5765168,3.261069422617251e-05,668090,0.11588765268916805,1 January,Eurostat [migr_pop3ctb],https://ec.europa.eu/eurostat/api/dissemination/statistics/1.0/data/migr_pop3ctb?format=JSON&lang=EN&geo=DK&age=TOTAL&sex=T&unit=NR&c_birth=FOR&sinceTimePeriod=2010&untilTimePeriod=2022,stock at 1 Jan; c_birth=FOR (born in a foreign country),484934,0.08411720422273798,1 January,Eurostat [migr_pop1ctz],https://ec.europa.eu/eurostat/api/dissemination/statistics/1.0/data/migr_pop1ctz?format=JSON&lang=EN&geo=DK&age=TOTAL&sex=T&unit=NR&citizen=FOR_STLS&sinceTimePeriod=2010&untilTimePeriod=2022,stock at 1 Jan; citizen=FOR_STLS (foreign citizens incl. stateless),,,,,,,,,,,,,1105,Full calendar year (flow),"Eurostat, Third country nationals found to be illegally present (migr_eipre)",https://ec.europa.eu/eurostat/databrowser/view/migr_eipre/default/table,"Eurostat enforcement statistic - annual flow of detections, NOT a stock. Dataset migr_eipre, dimensions freq=A citizen=TOTAL reason=TOTAL apprehen=TOTAL sex=T age=TOTAL unit=PER. Rounded to nearest 5 by Eurostat."
Denmark,DNK,DK,208,1,1,2018,5793636,"World Bank, World Development Indicators (SP.POP.TOTL), sourced from UN World Population Prospects and national statistical offices",https://api.worldbank.org/v2/country/all/indicator/SP.POP.TOTL,5793824,3.2449397925585936e-05,690549,0.11919095366018852,1 January,Eurostat [migr_pop3ctb],https://ec.europa.eu/eurostat/api/dissemination/statistics/1.0/data/migr_pop3ctb?format=JSON&lang=EN&geo=DK&age=TOTAL&sex=T&unit=NR&c_birth=FOR&sinceTimePeriod=2010&untilTimePeriod=2022,stock at 1 Jan; c_birth=FOR (born in a foreign country),505934,0.08732581750044359,1 January,Eurostat [migr_pop1ctz],https://ec.europa.eu/eurostat/api/dissemination/statistics/1.0/data/migr_pop1ctz?format=JSON&lang=EN&geo=DK&age=TOTAL&sex=T&unit=NR&citizen=FOR_STLS&sinceTimePeriod=2010&untilTimePeriod=2022,stock at 1 Jan; citizen=FOR_STLS (foreign citizens incl. stateless),,,,,,,,,,,,,1135,Full calendar year (flow),"Eurostat, Third country nationals found to be illegally present (migr_eipre)",https://ec.europa.eu/eurostat/databrowser/view/migr_eipre/default/table,"Eurostat enforcement statistic - annual flow of detections, NOT a stock. Dataset migr_eipre, dimensions freq=A citizen=TOTAL reason=TOTAL apprehen=TOTAL sex=T age=TOTAL unit=PER. Rounded to nearest 5 by Eurostat."
Denmark,DNK,DK,208,1,1,2019,5814422,"World Bank, World Development Indicators (SP.POP.TOTL), sourced from UN World Population Prospects and national statistical offices",https://api.worldbank.org/v2/country/all/indicator/SP.POP.TOTL,5814618,3.3709283571092706e-05,707880,0.1217455492566587,1 January,Eurostat [migr_pop3ctb],https://ec.europa.eu/eurostat/api/dissemination/statistics/1.0/data/migr_pop3ctb?format=JSON&lang=EN&geo=DK&age=TOTAL&sex=T&unit=NR&c_birth=FOR&sinceTimePeriod=2010&untilTimePeriod=2022,stock at 1 Jan; c_birth=FOR (born in a foreign country),525849,0.09043874008456902,1 January,Eurostat [migr_pop1ctz],https://ec.europa.eu/eurostat/api/dissemination/statistics/1.0/data/migr_pop1ctz?format=JSON&lang=EN&geo=DK&age=TOTAL&sex=T&unit=NR&citizen=FOR_STLS&sinceTimePeriod=2010&untilTimePeriod=2022,stock at 1 Jan; citizen=FOR_STLS (foreign citizens incl. stateless),,,,,,,,,,,,,1195,Full calendar year (flow),"Eurostat, Third country nationals found to be illegally present (migr_eipre)",https://ec.europa.eu/eurostat/databrowser/view/migr_eipre/default/table,"Eurostat enforcement statistic - annual flow of detections, NOT a stock. Dataset migr_eipre, dimensions freq=A citizen=TOTAL reason=TOTAL apprehen=TOTAL sex=T age=TOTAL unit=PER. Rounded to nearest 5 by Eurostat."
Denmark,DNK,DK,208,1,1,2020,5831404,"World Bank, World Development Indicators (SP.POP.TOTL), sourced from UN World Population Prospects and national statistical offices",https://api.worldbank.org/v2/country/all/indicator/SP.POP.TOTL,5831530,2.160714640933813e-05,715936,0.1227724918390151,1 January,Eurostat [migr_pop3ctb],https://ec.europa.eu/eurostat/api/dissemination/statistics/1.0/data/migr_pop3ctb?format=JSON&lang=EN&geo=DK&age=TOTAL&sex=T&unit=NR&c_birth=FOR&sinceTimePeriod=2010&untilTimePeriod=2022,stock at 1 Jan; c_birth=FOR (born in a foreign country),537071,0.09209977562864792,1 January,Eurostat [migr_pop1ctz],https://ec.europa.eu/eurostat/api/dissemination/statistics/1.0/data/migr_pop1ctz?format=JSON&lang=EN&geo=DK&age=TOTAL&sex=T&unit=NR&citizen=FOR_STLS&sinceTimePeriod=2010&untilTimePeriod=2022,stock at 1 Jan; citizen=FOR_STLS (foreign citizens incl. stateless),,,,,,,,,,,,,490,Full calendar year (flow),"Eurostat, Third country nationals found to be illegally present (migr_eipre)",https://ec.europa.eu/eurostat/databrowser/view/migr_eipre/default/table,"Eurostat enforcement statistic - annual flow of detections, NOT a stock. Dataset migr_eipre, dimensions freq=A citizen=TOTAL reason=TOTAL apprehen=TOTAL sex=T age=TOTAL unit=PER. Rounded to nearest 5 by Eurostat."
Denmark,DNK,DK,208,1,1,2021,5856733,"World Bank, World Development Indicators (SP.POP.TOTL), sourced from UN World Population Prospects and national statistical offices",https://api.worldbank.org/v2/country/all/indicator/SP.POP.TOTL,5856776,7.3419771739637095e-06,721135,0.12312922579875163,1 January,Eurostat [migr_pop3ctb],https://ec.europa.eu/eurostat/api/dissemination/statistics/1.0/data/migr_pop3ctb?format=JSON&lang=EN&geo=DK&age=TOTAL&sex=T&unit=NR&c_birth=FOR&sinceTimePeriod=2010&untilTimePeriod=2022,stock at 1 Jan; c_birth=FOR (born in a foreign country),539443,0.0921064695966164,1 January,Eurostat [migr_pop1ctz],https://ec.europa.eu/eurostat/api/dissemination/statistics/1.0/data/migr_pop1ctz?format=JSON&lang=EN&geo=DK&age=TOTAL&sex=T&unit=NR&citizen=FOR_STLS&sinceTimePeriod=2010&untilTimePeriod=2022,stock at 1 Jan; citizen=FOR_STLS (foreign citizens incl. stateless),,,,,,,,,,,,,425,Full calendar year (flow),"Eurostat, Third country nationals found to be illegally present (migr_eipre)",https://ec.europa.eu/eurostat/databrowser/view/migr_eipre/default/table,"Eurostat enforcement statistic - annual flow of detections, NOT a stock. Dataset migr_eipre, dimensions freq=A citizen=TOTAL reason=TOTAL apprehen=TOTAL sex=T age=TOTAL unit=PER. Rounded to nearest 5 by Eurostat."
Denmark,DNK,DK,208,1,1,2022,5903037,"World Bank, World Development Indicators (SP.POP.TOTL), sourced from UN World Population Prospects and national statistical offices",https://api.worldbank.org/v2/country/all/indicator/SP.POP.TOTL,5902904,-2.25307752602601e-05,745851,0.1263503854033102,1 January,Eurostat [migr_pop3ctb],https://ec.europa.eu/eurostat/api/dissemination/statistics/1.0/data/migr_pop3ctb?format=JSON&lang=EN&geo=DK&age=TOTAL&sex=T&unit=NR&c_birth=FOR&sinceTimePeriod=2010&untilTimePeriod=2022,stock at 1 Jan; c_birth=FOR (born in a foreign country),562205,0.09523995868567316,1 January,Eurostat [migr_pop1ctz],https://ec.europa.eu/eurostat/api/dissemination/statistics/1.0/data/migr_pop1ctz?format=JSON&lang=EN&geo=DK&age=TOTAL&sex=T&unit=NR&citizen=FOR_STLS&sinceTimePeriod=2010&untilTimePeriod=2022,stock at 1 Jan; citizen=FOR_STLS (foreign citizens incl. stateless),,,,,,,,,,,,,510,Full calendar year (flow),"Eurostat, Third country nationals found to be illegally present (migr_eipre)",https://ec.europa.eu/eurostat/databrowser/view/migr_eipre/default/table,"Eurostat enforcement statistic - annual flow of detections, NOT a stock. Dataset migr_eipre, dimensions freq=A citizen=TOTAL reason=TOTAL apprehen=TOTAL sex=T age=TOTAL unit=PER. Rounded to nearest 5 by Eurostat."
Finland,FIN,FI,246,1,1,2010,5363352,"World Bank, World Development Indicators (SP.POP.TOTL), sourced from UN World Population Prospects and national statistical offices",https://api.worldbank.org/v2/country/all/indicator/SP.POP.TOTL,5363350,-3.729011260122401e-07,228481,0.042600411086201315,1 January,Eurostat [migr_pop3ctb],https://ec.europa.eu/eurostat/api/dissemination/statistics/1.0/data/migr_pop3ctb?format=JSON&lang=EN&geo=FI&age=TOTAL&sex=T&unit=NR&c_birth=FOR&sinceTimePeriod=2010&untilTimePeriod=2022,stock at 1 Jan; c_birth=FOR (born in a foreign country),154623,0.0288295454036953,1 January,Eurostat [migr_pop1ctz],https://ec.europa.eu/eurostat/api/dissemination/statistics/1.0/data/migr_pop1ctz?format=JSON&lang=EN&geo=FI&age=TOTAL&sex=T&unit=NR&citizen=FOR_STLS&sinceTimePeriod=2010&untilTimePeriod=2022,stock at 1 Jan; citizen=FOR_STLS (foreign citizens incl. stateless),,,,,,,,,,,,,3755,Full calendar year (flow),"Eurostat, Third country nationals found to be illegally present (migr_eipre)",https://ec.europa.eu/eurostat/databrowser/view/migr_eipre/default/table,"Eurostat enforcement statistic - annual flow of detections, NOT a stock. Dataset migr_eipre, dimensions freq=A citizen=TOTAL reason=TOTAL apprehen=TOTAL sex=T age=TOTAL unit=PER. Rounded to nearest 5 by Eurostat."
Finland,FIN,FI,246,1,1,2011,5388272,"World Bank, World Development Indicators (SP.POP.TOTL), sourced from UN World Population Prospects and national statistical offices",https://api.worldbank.org/v2/country/all/indicator/SP.POP.TOTL,5388241,-5.753235916820829e-06,243217,0.04513821870907779,1 January,Eurostat [migr_pop3ctb],https://ec.europa.eu/eurostat/api/dissemination/statistics/1.0/data/migr_pop3ctb?format=JSON&lang=EN&geo=FI&age=TOTAL&sex=T&unit=NR&c_birth=FOR&sinceTimePeriod=2010&untilTimePeriod=2022,stock at 1 Jan; c_birth=FOR (born in a foreign country),166627,0.030924014229422717,1 January,Eurostat [migr_pop1ctz],https://ec.europa.eu/eurostat/api/dissemination/statistics/1.0/data/migr_pop1ctz?format=JSON&lang=EN&geo=FI&age=TOTAL&sex=T&unit=NR&citizen=FOR_STLS&sinceTimePeriod=2010&untilTimePeriod=2022,stock at 1 Jan; citizen=FOR_STLS (foreign citizens incl. stateless),,,,,,,,,,,,,3305,Full calendar year (flow),"Eurostat, Third country nationals found to be illegally present (migr_eipre)",https://ec.europa.eu/eurostat/databrowser/view/migr_eipre/default/table,"Eurostat enforcement statistic - annual flow of detections, NOT a stock. Dataset migr_eipre, dimensions freq=A citizen=TOTAL reason=TOTAL apprehen=TOTAL sex=T age=TOTAL unit=PER. Rounded to nearest 5 by Eurostat."
Finland,FIN,FI,246,1,1,2012,5413971,"World Bank, World Development Indicators (SP.POP.TOTL), sourced from UN World Population Prospects and national statistical offices",https://api.worldbank.org/v2/country/all/indicator/SP.POP.TOTL,5413971,0,260856,0.048182009102006644,1 January,Eurostat [migr_pop3ctb],https://ec.europa.eu/eurostat/api/dissemination/statistics/1.0/data/migr_pop3ctb?format=JSON&lang=EN&geo=FI&age=TOTAL&sex=T&unit=NR&c_birth=FOR&sinceTimePeriod=2010&untilTimePeriod=2022,stock at 1 Jan; c_birth=FOR (born in a foreign country),181697,0.03356076343962685,1 January,Eurostat [migr_pop1ctz],https://ec.europa.eu/eurostat/api/dissemination/statistics/1.0/data/migr_pop1ctz?format=JSON&lang=EN&geo=FI&age=TOTAL&sex=T&unit=NR&citizen=FOR_STLS&sinceTimePeriod=2010&untilTimePeriod=2022,stock at 1 Jan; citizen=FOR_STLS (foreign citizens incl. stateless),,,,,,,,,,,,,3620,Full calendar year (flow),"Eurostat, Third country nationals found to be illegally present (migr_eipre)",https://ec.europa.eu/eurostat/databrowser/view/migr_eipre/default/table,"Eurostat enforcement statistic - annual flow of detections, NOT a stock. Dataset migr_eipre, dimensions freq=A citizen=TOTAL reason=TOTAL apprehen=TOTAL sex=T age=TOTAL unit=PER. Rounded to nearest 5 by Eurostat."
Finland,FIN,FI,246,1,1,2013,5438972,"World Bank, World Development Indicators (SP.POP.TOTL), sourced from UN World Population Prospects and national statistical offices",https://api.worldbank.org/v2/country/all/indicator/SP.POP.TOTL,5439053,1.4892520130642335e-05,279743,0.05143306492476887,1 January,Eurostat [migr_pop3ctb],https://ec.europa.eu/eurostat/api/dissemination/statistics/1.0/data/migr_pop3ctb?format=JSON&lang=EN&geo=FI&age=TOTAL&sex=T&unit=NR&c_birth=FOR&sinceTimePeriod=2010&untilTimePeriod=2022,stock at 1 Jan; c_birth=FOR (born in a foreign country),194250,0.03571446957255893,1 January,Eurostat [migr_pop1ctz],https://ec.europa.eu/eurostat/api/dissemination/statistics/1.0/data/migr_pop1ctz?format=JSON&lang=EN&geo=FI&age=TOTAL&sex=T&unit=NR&citizen=FOR_STLS&sinceTimePeriod=2010&untilTimePeriod=2022,stock at 1 Jan; citizen=FOR_STLS (foreign citizens incl. stateless),,,,,,,,,,,,,3365,Full calendar year (flow),"Eurostat, Third country nationals found to be illegally present (migr_eipre)",https://ec.europa.eu/eurostat/databrowser/view/migr_eipre/default/table,"Eurostat enforcement statistic - annual flow of detections, NOT a stock. Dataset migr_eipre, dimensions freq=A citizen=TOTAL reason=TOTAL apprehen=TOTAL sex=T age=TOTAL unit=PER. Rounded to nearest 5 by Eurostat."
Finland,FIN,FI,246,1,1,2014,5461512,"World Bank, World Development Indicators (SP.POP.TOTL), sourced from UN World Population Prospects and national statistical offices",https://api.worldbank.org/v2/country/all/indicator/SP.POP.TOTL,5461684,3.149311033281626e-05,297812,0.05452922194439928,1 January,Eurostat [migr_pop3ctb],https://ec.europa.eu/eurostat/api/dissemination/statistics/1.0/data/migr_pop3ctb?format=JSON&lang=EN&geo=FI&age=TOTAL&sex=T&unit=NR&c_birth=FOR&sinceTimePeriod=2010&untilTimePeriod=2022,stock at 1 Jan; c_birth=FOR (born in a foreign country),206168,0.03774925332032595,1 January,Eurostat [migr_pop1ctz],https://ec.europa.eu/eurostat/api/dissemination/statistics/1.0/data/migr_pop1ctz?format=JSON&lang=EN&geo=FI&age=TOTAL&sex=T&unit=NR&citizen=FOR_STLS&sinceTimePeriod=2010&untilTimePeriod=2022,stock at 1 Jan; citizen=FOR_STLS (foreign citizens incl. stateless),,,,,,,,,,,,,2930,Full calendar year (flow),"Eurostat, Third country nationals found to be illegally present (migr_eipre)",https://ec.europa.eu/eurostat/databrowser/view/migr_eipre/default/table,"Eurostat enforcement statistic - annual flow of detections, NOT a stock. Dataset migr_eipre, dimensions freq=A citizen=TOTAL reason=TOTAL apprehen=TOTAL sex=T age=TOTAL unit=PER. Rounded to nearest 5 by Eurostat."
Finland,FIN,FI,246,1,1,2015,5479531,"World Bank, World Development Indicators (SP.POP.TOTL), sourced from UN World Population Prospects and national statistical offices",https://api.worldbank.org/v2/country/all/indicator/SP.POP.TOTL,5479717,3.394451094445857e-05,314856,0.057460392139400254,1 January,Eurostat [migr_pop3ctb],https://ec.europa.eu/eurostat/api/dissemination/statistics/1.0/data/migr_pop3ctb?format=JSON&lang=EN&geo=FI&age=TOTAL&sex=T&unit=NR&c_birth=FOR&sinceTimePeriod=2010&untilTimePeriod=2022,stock at 1 Jan; c_birth=FOR (born in a foreign country),218215,0.03982366374056466,1 January,Eurostat [migr_pop1ctz],https://ec.europa.eu/eurostat/api/dissemination/statistics/1.0/data/migr_pop1ctz?format=JSON&lang=EN&geo=FI&age=TOTAL&sex=T&unit=NR&citizen=FOR_STLS&sinceTimePeriod=2010&untilTimePeriod=2022,stock at 1 Jan; citizen=FOR_STLS (foreign citizens incl. stateless),,,,,,,,,,,,,14285,Full calendar year (flow),"Eurostat, Third country nationals found to be illegally present (migr_eipre)",https://ec.europa.eu/eurostat/databrowser/view/migr_eipre/default/table,"Eurostat enforcement statistic - annual flow of detections, NOT a stock. Dataset migr_eipre, dimensions freq=A citizen=TOTAL reason=TOTAL apprehen=TOTAL sex=T age=TOTAL unit=PER. Rounded to nearest 5 by Eurostat."
Finland,FIN,FI,246,1,1,2016,5495303,"World Bank, World Development Indicators (SP.POP.TOTL), sourced from UN World Population Prospects and national statistical offices",https://api.worldbank.org/v2/country/all/indicator/SP.POP.TOTL,5495469,3.020761548544275e-05,329219,0.059909162424710706,1 January,Eurostat [migr_pop3ctb],https://ec.europa.eu/eurostat/api/dissemination/statistics/1.0/data/migr_pop3ctb?format=JSON&lang=EN&geo=FI&age=TOTAL&sex=T&unit=NR&c_birth=FOR&sinceTimePeriod=2010&untilTimePeriod=2022,stock at 1 Jan; c_birth=FOR (born in a foreign country),228224,0.04153073997921498,1 January,Eurostat [migr_pop1ctz],https://ec.europa.eu/eurostat/api/dissemination/statistics/1.0/data/migr_pop1ctz?format=JSON&lang=EN&geo=FI&age=TOTAL&sex=T&unit=NR&citizen=FOR_STLS&sinceTimePeriod=2010&untilTimePeriod=2022,stock at 1 Jan; citizen=FOR_STLS (foreign citizens incl. stateless),,,,,,,,,,,,,2130,Full calendar year (flow),"Eurostat, Third country nationals found to be illegally present (migr_eipre)",https://ec.europa.eu/eurostat/databrowser/view/migr_eipre/default/table,"Eurostat enforcement statistic - annual flow of detections, NOT a stock. Dataset migr_eipre, dimensions freq=A citizen=TOTAL reason=TOTAL apprehen=TOTAL sex=T age=TOTAL unit=PER. Rounded to nearest 5 by Eurostat."
Finland,FIN,FI,246,1,1,2017,5508214,"World Bank, World Development Indicators (SP.POP.TOTL), sourced from UN World Population Prospects and national statistical offices",https://api.worldbank.org/v2/country/all/indicator/SP.POP.TOTL,5508396,3.3041563018430296e-05,348986,0.06335737863488963,1 January,Eurostat [migr_pop3ctb],https://ec.europa.eu/eurostat/api/dissemination/statistics/1.0/data/migr_pop3ctb?format=JSON&lang=EN&geo=FI&age=TOTAL&sex=T&unit=NR&c_birth=FOR&sinceTimePeriod=2010&untilTimePeriod=2022,stock at 1 Jan; c_birth=FOR (born in a foreign country),242003,0.04393493063268784,1 January,Eurostat [migr_pop1ctz],https://ec.europa.eu/eurostat/api/dissemination/statistics/1.0/data/migr_pop1ctz?format=JSON&lang=EN&geo=FI&age=TOTAL&sex=T&unit=NR&citizen=FOR_STLS&sinceTimePeriod=2010&untilTimePeriod=2022,stock at 1 Jan; citizen=FOR_STLS (foreign citizens incl. stateless),,,,,,,,,,,,,930,Full calendar year (flow),"Eurostat, Third country nationals found to be illegally present (migr_eipre)",https://ec.europa.eu/eurostat/databrowser/view/migr_eipre/default/table,"Eurostat enforcement statistic - annual flow of detections, NOT a stock. Dataset migr_eipre, dimensions freq=A citizen=TOTAL reason=TOTAL apprehen=TOTAL sex=T age=TOTAL unit=PER. Rounded to nearest 5 by Eurostat."
Finland,FIN,FI,246,1,1,2018,5515525,"World Bank, World Development Indicators (SP.POP.TOTL), sourced from UN World Population Prospects and national statistical offices",https://api.worldbank.org/v2/country/all/indicator/SP.POP.TOTL,5515736,3.825565109395751e-05,363717,0.06594422108502818,1 January,Eurostat [migr_pop3ctb],https://ec.europa.eu/eurostat/api/dissemination/statistics/1.0/data/migr_pop3ctb?format=JSON&lang=EN&geo=FI&age=TOTAL&sex=T&unit=NR&c_birth=FOR&sinceTimePeriod=2010&untilTimePeriod=2022,stock at 1 Jan; c_birth=FOR (born in a foreign country),247848,0.04493642944234683,1 January,Eurostat [migr_pop1ctz],https://ec.europa.eu/eurostat/api/dissemination/statistics/1.0/data/migr_pop1ctz?format=JSON&lang=EN&geo=FI&age=TOTAL&sex=T&unit=NR&citizen=FOR_STLS&sinceTimePeriod=2010&untilTimePeriod=2022,stock at 1 Jan; citizen=FOR_STLS (foreign citizens incl. stateless),,,,,,,,,,,,,1305,Full calendar year (flow),"Eurostat, Third country nationals found to be illegally present (migr_eipre)",https://ec.europa.eu/eurostat/databrowser/view/migr_eipre/default/table,"Eurostat enforcement statistic - annual flow of detections, NOT a stock. Dataset migr_eipre, dimensions freq=A citizen=TOTAL reason=TOTAL apprehen=TOTAL sex=T age=TOTAL unit=PER. Rounded to nearest 5 by Eurostat."
Finland,FIN,FI,246,1,1,2019,5521606,"World Bank, World Development Indicators (SP.POP.TOTL), sourced from UN World Population Prospects and national statistical offices",https://api.worldbank.org/v2/country/all/indicator/SP.POP.TOTL,5521759,2.770932949580249e-05,377360,0.06834243515383025,1 January,Eurostat [migr_pop3ctb],https://ec.europa.eu/eurostat/api/dissemination/statistics/1.0/data/migr_pop3ctb?format=JSON&lang=EN&geo=FI&age=TOTAL&sex=T&unit=NR&c_birth=FOR&sinceTimePeriod=2010&untilTimePeriod=2022,stock at 1 Jan; c_birth=FOR (born in a foreign country),256026,0.046368031330015214,1 January,Eurostat [migr_pop1ctz],https://ec.europa.eu/eurostat/api/dissemination/statistics/1.0/data/migr_pop1ctz?format=JSON&lang=EN&geo=FI&age=TOTAL&sex=T&unit=NR&citizen=FOR_STLS&sinceTimePeriod=2010&untilTimePeriod=2022,stock at 1 Jan; citizen=FOR_STLS (foreign citizens incl. stateless),,,,,,,,,,,,,1220,Full calendar year (flow),"Eurostat, Third country nationals found to be illegally present (migr_eipre)",https://ec.europa.eu/eurostat/databrowser/view/migr_eipre/default/table,"Eurostat enforcement statistic - annual flow of detections, NOT a stock. Dataset migr_eipre, dimensions freq=A citizen=TOTAL reason=TOTAL apprehen=TOTAL sex=T age=TOTAL unit=PER. Rounded to nearest 5 by Eurostat."
Finland,FIN,FI,246,1,1,2020,5529543,"World Bank, World Development Indicators (SP.POP.TOTL), sourced from UN World Population Prospects and national statistical offices",https://api.worldbank.org/v2/country/all/indicator/SP.POP.TOTL,5529612,1.2478427240732191e-05,393555,0.07117315119893272,1 January,Eurostat [migr_pop3ctb],https://ec.europa.eu/eurostat/api/dissemination/statistics/1.0/data/migr_pop3ctb?format=JSON&lang=EN&geo=FI&age=TOTAL&sex=T&unit=NR&c_birth=FOR&sinceTimePeriod=2010&untilTimePeriod=2022,stock at 1 Jan; c_birth=FOR (born in a foreign country),266079,0.0481195281418374,1 January,Eurostat [migr_pop1ctz],https://ec.europa.eu/eurostat/api/dissemination/statistics/1.0/data/migr_pop1ctz?format=JSON&lang=EN&geo=FI&age=TOTAL&sex=T&unit=NR&citizen=FOR_STLS&sinceTimePeriod=2010&untilTimePeriod=2022,stock at 1 Jan; citizen=FOR_STLS (foreign citizens incl. stateless),,,,,,,,,,,,,1145,Full calendar year (flow),"Eurostat, Third country nationals found to be illegally present (migr_eipre)",https://ec.europa.eu/eurostat/databrowser/view/migr_eipre/default/table,"Eurostat enforcement statistic - annual flow of detections, NOT a stock. Dataset migr_eipre, dimensions freq=A citizen=TOTAL reason=TOTAL apprehen=TOTAL sex=T age=TOTAL unit=PER. Rounded to nearest 5 by Eurostat."
Finland,FIN,FI,246,1,1,2021,5541017,"World Bank, World Development Indicators (SP.POP.TOTL), sourced from UN World Population Prospects and national statistical offices",https://api.worldbank.org/v2/country/all/indicator/SP.POP.TOTL,5541075,1.0467392538228993e-05,408676,0.07375469160264261,1 January,Eurostat [migr_pop3ctb],https://ec.europa.eu/eurostat/api/dissemination/statistics/1.0/data/migr_pop3ctb?format=JSON&lang=EN&geo=FI&age=TOTAL&sex=T&unit=NR&c_birth=FOR&sinceTimePeriod=2010&untilTimePeriod=2022,stock at 1 Jan; c_birth=FOR (born in a foreign country),277217,0.05002998547017632,1 January,Eurostat [migr_pop1ctz],https://ec.europa.eu/eurostat/api/dissemination/statistics/1.0/data/migr_pop1ctz?format=JSON&lang=EN&geo=FI&age=TOTAL&sex=T&unit=NR&citizen=FOR_STLS&sinceTimePeriod=2010&untilTimePeriod=2022,stock at 1 Jan; citizen=FOR_STLS (foreign citizens incl. stateless),,,,,,,,,,,,,1090,Full calendar year (flow),"Eurostat, Third country nationals found to be illegally present (migr_eipre)",https://ec.europa.eu/eurostat/databrowser/view/migr_eipre/default/table,"Eurostat enforcement statistic - annual flow of detections, NOT a stock. Dataset migr_eipre, dimensions freq=A citizen=TOTAL reason=TOTAL apprehen=TOTAL sex=T age=TOTAL unit=PER. Rounded to nearest 5 by Eurostat."
Finland,FIN,FI,246,1,1,2022,5556106,"World Bank, World Development Indicators (SP.POP.TOTL), sourced from UN World Population Prospects and national statistical offices",https://api.worldbank.org/v2/country/all/indicator/SP.POP.TOTL,5569299,0.002374504734070948,428409,0.07710598033946797,1 January,Eurostat [migr_pop3ctb],https://ec.europa.eu/eurostat/api/dissemination/statistics/1.0/data/migr_pop3ctb?format=JSON&lang=EN&geo=FI&age=TOTAL&sex=T&unit=NR&c_birth=FOR&sinceTimePeriod=2010&untilTimePeriod=2022,stock at 1 Jan; c_birth=FOR (born in a foreign country),294638,0.0530295858286361,1 January,Eurostat [migr_pop1ctz],https://ec.europa.eu/eurostat/api/dissemination/statistics/1.0/data/migr_pop1ctz?format=JSON&lang=EN&geo=FI&age=TOTAL&sex=T&unit=NR&citizen=FOR_STLS&sinceTimePeriod=2010&untilTimePeriod=2022,stock at 1 Jan; citizen=FOR_STLS (foreign citizens incl. stateless),,,,,,,,,,,,,1190,Full calendar year (flow),"Eurostat, Third country nationals found to be illegally present (migr_eipre)",https://ec.europa.eu/eurostat/databrowser/view/migr_eipre/default/table,"Eurostat enforcement statistic - annual flow of detections, NOT a stock. Dataset migr_eipre, dimensions freq=A citizen=TOTAL reason=TOTAL apprehen=TOTAL sex=T age=TOTAL unit=PER. Rounded to nearest 5 by Eurostat."
France,FRA,FR,250,1,1,2010,65026211,"World Bank, World Development Indicators (SP.POP.TOTL), sourced from UN World Population Prospects and national statistical offices",https://api.worldbank.org/v2/country/all/indicator/SP.POP.TOTL,63417363,-0.024741530765186363,7309986,0.11241599176061481,1 January,Eurostat [migr_pop3ctb],https://ec.europa.eu/eurostat/api/dissemination/statistics/1.0/data/migr_pop3ctb?format=JSON&lang=EN&geo=FR&age=TOTAL&sex=T&unit=NR&c_birth=FOR&sinceTimePeriod=2010&untilTimePeriod=2022,stock at 1 Jan; c_birth=FOR (born in a foreign country),3824590,0.058816128776133056,1 January,Eurostat [migr_pop1ctz],https://ec.europa.eu/eurostat/api/dissemination/statistics/1.0/data/migr_pop1ctz?format=JSON&lang=EN&geo=FR&age=TOTAL&sex=T&unit=NR&citizen=FOR_STLS&sinceTimePeriod=2010&untilTimePeriod=2022,stock at 1 Jan; citizen=FOR_STLS (foreign citizens incl. stateless),,,,,,,,,,,,,56220,Full calendar year (flow),"Eurostat, Third country nationals found to be illegally present (migr_eipre)",https://ec.europa.eu/eurostat/databrowser/view/migr_eipre/default/table,"Eurostat enforcement statistic - annual flow of detections, NOT a stock. Dataset migr_eipre, dimensions freq=A citizen=TOTAL reason=TOTAL apprehen=TOTAL sex=T age=TOTAL unit=PER. Rounded to nearest 5 by Eurostat."
France,FRA,FR,250,1,1,2011,65340830,"World Bank, World Development Indicators (SP.POP.TOTL), sourced from UN World Population Prospects and national statistical offices",https://api.worldbank.org/v2/country/all/indicator/SP.POP.TOTL,63733777,-0.024594927857512675,7335966,0.11227231120265843,1 January,Eurostat [migr_pop3ctb],https://ec.europa.eu/eurostat/api/dissemination/statistics/1.0/data/migr_pop3ctb?format=JSON&lang=EN&geo=FR&age=TOTAL&sex=T&unit=NR&c_birth=FOR&sinceTimePeriod=2010&untilTimePeriod=2022,stock at 1 Jan; c_birth=FOR (born in a foreign country),3875096,0.05930588882938891,1 January,Eurostat [migr_pop1ctz],https://ec.europa.eu/eurostat/api/dissemination/statistics/1.0/data/migr_pop1ctz?format=JSON&lang=EN&geo=FR&age=TOTAL&sex=T&unit=NR&citizen=FOR_STLS&sinceTimePeriod=2010&untilTimePeriod=2022,stock at 1 Jan; citizen=FOR_STLS (foreign citizens incl. stateless),,,,,,,,,,,,,57975,Full calendar year (flow),"Eurostat, Third country nationals found to be illegally present (migr_eipre)",https://ec.europa.eu/eurostat/databrowser/view/migr_eipre/default/table,"Eurostat enforcement statistic - annual flow of detections, NOT a stock. Dataset migr_eipre, dimensions freq=A citizen=TOTAL reason=TOTAL apprehen=TOTAL sex=T age=TOTAL unit=PER. Rounded to nearest 5 by Eurostat."
France,FRA,FR,250,1,1,2012,65657659,"World Bank, World Development Indicators (SP.POP.TOTL), sourced from UN World Population Prospects and national statistical offices",https://api.worldbank.org/v2/country/all/indicator/SP.POP.TOTL,64058465,-0.024356549172732462,7463157,0.11366772915251212,1 January,Eurostat [migr_pop3ctb],https://ec.europa.eu/eurostat/api/dissemination/statistics/1.0/data/migr_pop3ctb?format=JSON&lang=EN&geo=FR&age=TOTAL&sex=T&unit=NR&c_birth=FOR&sinceTimePeriod=2010&untilTimePeriod=2022,stock at 1 Jan; c_birth=FOR (born in a foreign country),3944725,0.06008019567069853,1 January,Eurostat [migr_pop1ctz],https://ec.europa.eu/eurostat/api/dissemination/statistics/1.0/data/migr_pop1ctz?format=JSON&lang=EN&geo=FR&age=TOTAL&sex=T&unit=NR&citizen=FOR_STLS&sinceTimePeriod=2010&untilTimePeriod=2022,stock at 1 Jan; citizen=FOR_STLS (foreign citizens incl. stateless),,,,,,,,,,,,,49760,Full calendar year (flow),"Eurostat, Third country nationals found to be illegally present (migr_eipre)",https://ec.europa.eu/eurostat/databrowser/view/migr_eipre/default/table,"Eurostat enforcement statistic - annual flow of detections, NOT a stock. Dataset migr_eipre, dimensions freq=A citizen=TOTAL reason=TOTAL apprehen=TOTAL sex=T age=TOTAL unit=PER. Rounded to nearest 5 by Eurostat."
France,FRA,FR,250,1,1,2013,65997932,"World Bank, World Development Indicators (SP.POP.TOTL), sourced from UN World Population Prospects and national statistical offices",https://api.worldbank.org/v2/country/all/indicator/SP.POP.TOTL,64387734,-0.02439770385532686,7543950,0.11430585431070779,1 January,Eurostat [migr_pop3ctb],https://ec.europa.eu/eurostat/api/dissemination/statistics/1.0/data/migr_pop3ctb?format=JSON&lang=EN&geo=FR&age=TOTAL&sex=T&unit=NR&c_birth=FOR&sinceTimePeriod=2010&untilTimePeriod=2022,stock at 1 Jan; c_birth=FOR (born in a foreign country),4092106,0.06200354883846967,1 January,Eurostat [migr_pop1ctz],https://ec.europa.eu/eurostat/api/dissemination/statistics/1.0/data/migr_pop1ctz?format=JSON&lang=EN&geo=FR&age=TOTAL&sex=T&unit=NR&citizen=FOR_STLS&sinceTimePeriod=2010&untilTimePeriod=2022,stock at 1 Jan; citizen=FOR_STLS (foreign citizens incl. stateless),,,,,,,,,,,,,48965,Full calendar year (flow),"Eurostat, Third country nationals found to be illegally present (migr_eipre)",https://ec.europa.eu/eurostat/databrowser/view/migr_eipre/default/table,"Eurostat enforcement statistic - annual flow of detections, NOT a stock. Dataset migr_eipre, dimensions freq=A citizen=TOTAL reason=TOTAL apprehen=TOTAL sex=T age=TOTAL unit=PER. Rounded to nearest 5 by Eurostat."
France,FRA,FR,250,1,1,2014,66312067,"World Bank, World Development Indicators (SP.POP.TOTL), sourced from UN World Population Prospects and national statistical offices",https://api.worldbank.org/v2/country/all/indicator/SP.POP.TOTL,64692493,-0.024423518573173115,7746520,0.11681916053076735,1 January,Eurostat [migr_pop3ctb],https://ec.europa.eu/eurostat/api/dissemination/statistics/1.0/data/migr_pop3ctb?format=JSON&lang=EN&geo=FR&age=TOTAL&sex=T&unit=NR&c_birth=FOR&sinceTimePeriod=2010&untilTimePeriod=2022,stock at 1 Jan; c_birth=FOR (born in a foreign country),4227226,0.06374746243394887,1 January,Eurostat [migr_pop1ctz],https://ec.europa.eu/eurostat/api/dissemination/statistics/1.0/data/migr_pop1ctz?format=JSON&lang=EN&geo=FR&age=TOTAL&sex=T&unit=NR&citizen=FOR_STLS&sinceTimePeriod=2010&untilTimePeriod=2022,stock at 1 Jan; citizen=FOR_STLS (foreign citizens incl. stateless),250000,0.0037700528924848624,See note,"Pew Research Center (2019), Europe's Unauthorized Immigrant Population Peaks in 2016, Then Levels Off",https://www.pewresearch.org/global/2019/11/13/europes-unauthorized-immigrant-population-peaks-in-2016-then-levels-off/,"Pew residual method (population/labour-force data minus lawfully resident foreign-born), estimate INCLUDES asylum seekers awaiting a decision; published range 200000-300000, value is the midpoint of the published range. Pew reports only rounded 100k bounds.",1,,,,,,96375,Full calendar year (flow),"Eurostat, Third country nationals found to be illegally present (migr_eipre)",https://ec.europa.eu/eurostat/databrowser/view/migr_eipre/default/table,"Eurostat enforcement statistic - annual flow of detections, NOT a stock. Dataset migr_eipre, dimensions freq=A citizen=TOTAL reason=TOTAL apprehen=TOTAL sex=T age=TOTAL unit=PER. Rounded to nearest 5 by Eurostat."
France,FRA,FR,250,1,1,2015,66548272,"World Bank, World Development Indicators (SP.POP.TOTL), sourced from UN World Population Prospects and national statistical offices",https://api.worldbank.org/v2/country/all/indicator/SP.POP.TOTL,64916336,-0.024522590158313953,7915838,0.11894881357700768,1 January,Eurostat [migr_pop3ctb],https://ec.europa.eu/eurostat/api/dissemination/statistics/1.0/data/migr_pop3ctb?format=JSON&lang=EN&geo=FR&age=TOTAL&sex=T&unit=NR&c_birth=FOR&sinceTimePeriod=2010&untilTimePeriod=2022,stock at 1 Jan; c_birth=FOR (born in a foreign country),4431376,0.0665888965531667,1 January,Eurostat [migr_pop1ctz],https://ec.europa.eu/eurostat/api/dissemination/statistics/1.0/data/migr_pop1ctz?format=JSON&lang=EN&geo=FR&age=TOTAL&sex=T&unit=NR&citizen=FOR_STLS&sinceTimePeriod=2010&untilTimePeriod=2022,stock at 1 Jan; citizen=FOR_STLS (foreign citizens incl. stateless),250000,0.003756671548135765,See note,"Pew Research Center (2019), Europe's Unauthorized Immigrant Population Peaks in 2016, Then Levels Off",https://www.pewresearch.org/global/2019/11/13/europes-unauthorized-immigrant-population-peaks-in-2016-then-levels-off/,"Pew residual method (population/labour-force data minus lawfully resident foreign-born), estimate INCLUDES asylum seekers awaiting a decision; published range 200000-300000, value is the midpoint of the published range. Pew reports only rounded 100k bounds.",1,,,,,,109720,Full calendar year (flow),"Eurostat, Third country nationals found to be illegally present (migr_eipre)",https://ec.europa.eu/eurostat/databrowser/view/migr_eipre/default/table,"Eurostat enforcement statistic - annual flow of detections, NOT a stock. Dataset migr_eipre, dimensions freq=A citizen=TOTAL reason=TOTAL apprehen=TOTAL sex=T age=TOTAL unit=PER. Rounded to nearest 5 by Eurostat."
France,FRA,FR,250,1,1,2016,66724104,"World Bank, World Development Indicators (SP.POP.TOTL), sourced from UN World Population Prospects and national statistical offices",https://api.worldbank.org/v2/country/all/indicator/SP.POP.TOTL,65086855,-0.0245375943901772,8028227,0.12031974232280436,1 January,Eurostat [migr_pop3ctb],https://ec.europa.eu/eurostat/api/dissemination/statistics/1.0/data/migr_pop3ctb?format=JSON&lang=EN&geo=FR&age=TOTAL&sex=T&unit=NR&c_birth=FOR&sinceTimePeriod=2010&untilTimePeriod=2022,stock at 1 Jan; c_birth=FOR (born in a foreign country),4544793,0.06811321138160206,1 January,Eurostat [migr_pop1ctz],https://ec.europa.eu/eurostat/api/dissemination/statistics/1.0/data/migr_pop1ctz?format=JSON&lang=EN&geo=FR&age=TOTAL&sex=T&unit=NR&citizen=FOR_STLS&sinceTimePeriod=2010&untilTimePeriod=2022,stock at 1 Jan; citizen=FOR_STLS (foreign citizens incl. stateless),350000,0.005245480703644967,See note,"Pew Research Center (2019), Europe's Unauthorized Immigrant Population Peaks in 2016, Then Levels Off",https://www.pewresearch.org/global/2019/11/13/europes-unauthorized-immigrant-population-peaks-in-2016-then-levels-off/,"Pew residual method (population/labour-force data minus lawfully resident foreign-born), estimate INCLUDES asylum seekers awaiting a decision; published range 300000-400000, value is the midpoint of the published range. Pew reports only rounded 100k bounds.",1,,,,,,91985,Full calendar year (flow),"Eurostat, Third country nationals found to be illegally present (migr_eipre)",https://ec.europa.eu/eurostat/databrowser/view/migr_eipre/default/table,"Eurostat enforcement statistic - annual flow of detections, NOT a stock. Dataset migr_eipre, dimensions freq=A citizen=TOTAL reason=TOTAL apprehen=TOTAL sex=T age=TOTAL unit=PER. Rounded to nearest 5 by Eurostat."
France,FRA,FR,250,1,1,2017,66918020,"World Bank, World Development Indicators (SP.POP.TOTL), sourced from UN World Population Prospects and national statistical offices",https://api.worldbank.org/v2/country/all/indicator/SP.POP.TOTL,65284776,-0.024406639646540648,8098872,0.121026772758668,1 January,Eurostat [migr_pop3ctb],https://ec.europa.eu/eurostat/api/dissemination/statistics/1.0/data/migr_pop3ctb?format=JSON&lang=EN&geo=FR&age=TOTAL&sex=T&unit=NR&c_birth=FOR&sinceTimePeriod=2010&untilTimePeriod=2022,stock at 1 Jan; c_birth=FOR (born in a foreign country),4605669,0.0688255420587758,1 January,Eurostat [migr_pop1ctz],https://ec.europa.eu/eurostat/api/dissemination/statistics/1.0/data/migr_pop1ctz?format=JSON&lang=EN&geo=FR&age=TOTAL&sex=T&unit=NR&citizen=FOR_STLS&sinceTimePeriod=2010&untilTimePeriod=2022,stock at 1 Jan; citizen=FOR_STLS (foreign citizens incl. stateless),350000,0.005230280274281875,See note,"Pew Research Center (2019), Europe's Unauthorized Immigrant Population Peaks in 2016, Then Levels Off",https://www.pewresearch.org/global/2019/11/13/europes-unauthorized-immigrant-population-peaks-in-2016-then-levels-off/,"Pew residual method (population/labour-force data minus lawfully resident foreign-born), estimate INCLUDES asylum seekers awaiting a decision; published range 300000-400000, value is the midpoint of the published range. Pew reports only rounded 100k bounds.",1,,,,,,115085,Full calendar year (flow),"Eurostat, Third country nationals found to be illegally present (migr_eipre)",https://ec.europa.eu/eurostat/databrowser/view/migr_eipre/default/table,"Eurostat enforcement statistic - annual flow of detections, NOT a stock. Dataset migr_eipre, dimensions freq=A citizen=TOTAL reason=TOTAL apprehen=TOTAL sex=T age=TOTAL unit=PER. Rounded to nearest 5 by Eurostat."
France,FRA,FR,250,1,1,2018,67158348,"World Bank, World Development Indicators (SP.POP.TOTL), sourced from UN World Population Prospects and national statistical offices",https://api.worldbank.org/v2/country/all/indicator/SP.POP.TOTL,65519543,-0.02440210411369857,8199663,0.12209447141254874,1 January,Eurostat [migr_pop3ctb],https://ec.europa.eu/eurostat/api/dissemination/statistics/1.0/data/migr_pop3ctb?format=JSON&lang=EN&geo=FR&age=TOTAL&sex=T&unit=NR&c_birth=FOR&sinceTimePeriod=2010&untilTimePeriod=2022,stock at 1 Jan; c_birth=FOR (born in a foreign country),4950717,0.07371707535152591,1 January,Eurostat [migr_pop1ctz],https://ec.europa.eu/eurostat/api/dissemination/statistics/1.0/data/migr_pop1ctz?format=JSON&lang=EN&geo=FR&age=TOTAL&sex=T&unit=NR&citizen=FOR_STLS&sinceTimePeriod=2010&untilTimePeriod=2022,stock at 1 Jan; citizen=FOR_STLS (foreign citizens incl. stateless),,,,,,,,,,,,,105880,Full calendar year (flow),"Eurostat, Third country nationals found to be illegally present (migr_eipre)",https://ec.europa.eu/eurostat/databrowser/view/migr_eipre/default/table,"Eurostat enforcement statistic - annual flow of detections, NOT a stock. Dataset migr_eipre, dimensions freq=A citizen=TOTAL reason=TOTAL apprehen=TOTAL sex=T age=TOTAL unit=PER. Rounded to nearest 5 by Eurostat."
France,FRA,FR,250,1,1,2019,67382061,"World Bank, World Development Indicators (SP.POP.TOTL), sourced from UN World Population Prospects and national statistical offices",https://api.worldbank.org/v2/country/all/indicator/SP.POP.TOTL,65729459,-0.024525845239432496,8368280,0.12419151144694135,1 January,Eurostat [migr_pop3ctb],https://ec.europa.eu/eurostat/api/dissemination/statistics/1.0/data/migr_pop3ctb?format=JSON&lang=EN&geo=FR&age=TOTAL&sex=T&unit=NR&c_birth=FOR&sinceTimePeriod=2010&untilTimePeriod=2022,stock at 1 Jan; c_birth=FOR (born in a foreign country),5042171,0.07482957518915903,1 January,Eurostat [migr_pop1ctz],https://ec.europa.eu/eurostat/api/dissemination/statistics/1.0/data/migr_pop1ctz?format=JSON&lang=EN&geo=FR&age=TOTAL&sex=T&unit=NR&citizen=FOR_STLS&sinceTimePeriod=2010&untilTimePeriod=2022,stock at 1 Jan; citizen=FOR_STLS (foreign citizens incl. stateless),,,,,,,,,,,,,120455,Full calendar year (flow),"Eurostat, Third country nationals found to be illegally present (migr_eipre)",https://ec.europa.eu/eurostat/databrowser/view/migr_eipre/default/table,"Eurostat enforcement statistic - annual flow of detections, NOT a stock. Dataset migr_eipre, dimensions freq=A citizen=TOTAL reason=TOTAL apprehen=TOTAL sex=T age=TOTAL unit=PER. Rounded to nearest 5 by Eurostat."
France,FRA,FR,250,1,1,2020,67601110,"World Bank, World Development Indicators (SP.POP.TOTL), sourced from UN World Population Prospects and national statistical offices",https://api.worldbank.org/v2/country/all/indicator/SP.POP.TOTL,65905277,-0.02508587506921114,8473346,0.12534329687781753,1 January,Eurostat [migr_pop3ctb],https://ec.europa.eu/eurostat/api/dissemination/statistics/1.0/data/migr_pop3ctb?format=JSON&lang=EN&geo=FR&age=TOTAL&sex=T&unit=NR&c_birth=FOR&sinceTimePeriod=2010&untilTimePeriod=2022,stock at 1 Jan; c_birth=FOR (born in a foreign country),5173605,0.07653136168917936,1 January,Eurostat [migr_pop1ctz],https://ec.europa.eu/eurostat/api/dissemination/statistics/1.0/data/migr_pop1ctz?format=JSON&lang=EN&geo=FR&age=TOTAL&sex=T&unit=NR&citizen=FOR_STLS&sinceTimePeriod=2010&untilTimePeriod=2022,stock at 1 Jan; citizen=FOR_STLS (foreign citizens incl. stateless),,,,,,,,,,,,,103915,Full calendar year (flow),"Eurostat, Third country nationals found to be illegally present (migr_eipre)",https://ec.europa.eu/eurostat/databrowser/view/migr_eipre/default/table,"Eurostat enforcement statistic - annual flow of detections, NOT a stock. Dataset migr_eipre, dimensions freq=A citizen=TOTAL reason=TOTAL apprehen=TOTAL sex=T age=TOTAL unit=PER. Rounded to nearest 5 by Eurostat."
France,FRA,FR,250,1,1,2021,67842811,"World Bank, World Development Indicators (SP.POP.TOTL), sourced from UN World Population Prospects and national statistical offices",https://api.worldbank.org/v2/country/all/indicator/SP.POP.TOTL,66083548,-0.025931457940326204,8548924,0.12601075742572046,1 January,Eurostat [migr_pop3ctb],https://ec.europa.eu/eurostat/api/dissemination/statistics/1.0/data/migr_pop3ctb?format=JSON&lang=EN&geo=FR&age=TOTAL&sex=T&unit=NR&c_birth=FOR&sinceTimePeriod=2010&untilTimePeriod=2022,stock at 1 Jan; c_birth=FOR (born in a foreign country),5302510,0.07815876025537916,1 January,Eurostat [migr_pop1ctz],https://ec.europa.eu/eurostat/api/dissemination/statistics/1.0/data/migr_pop1ctz?format=JSON&lang=EN&geo=FR&age=TOTAL&sex=T&unit=NR&citizen=FOR_STLS&sinceTimePeriod=2010&untilTimePeriod=2022,stock at 1 Jan; citizen=FOR_STLS (foreign citizens incl. stateless),,,,,,,,,,,,,117265,Full calendar year (flow),"Eurostat, Third country nationals found to be illegally present (migr_eipre)",https://ec.europa.eu/eurostat/databrowser/view/migr_eipre/default/table,"Eurostat enforcement statistic - annual flow of detections, NOT a stock. Dataset migr_eipre, dimensions freq=A citizen=TOTAL reason=TOTAL apprehen=TOTAL sex=T age=TOTAL unit=PER. Rounded to nearest 5 by Eurostat."
France,FRA,FR,250,1,1,2022,68184457,"World Bank, World Development Indicators (SP.POP.TOTL), sourced from UN World Population Prospects and national statistical offices",https://api.worldbank.org/v2/country/all/indicator/SP.POP.TOTL,66277409,-0.027968954860196363,8635504,0.12664915700655943,1 January,Eurostat [migr_pop3ctb],https://ec.europa.eu/eurostat/api/dissemination/statistics/1.0/data/migr_pop3ctb?format=JSON&lang=EN&geo=FR&age=TOTAL&sex=T&unit=NR&c_birth=FOR&sinceTimePeriod=2010&untilTimePeriod=2022,stock at 1 Jan; c_birth=FOR (born in a foreign country),5458039,0.08004814059016412,1 January,Eurostat [migr_pop1ctz],https://ec.europa.eu/eurostat/api/dissemination/statistics/1.0/data/migr_pop1ctz?format=JSON&lang=EN&geo=FR&age=TOTAL&sex=T&unit=NR&citizen=FOR_STLS&sinceTimePeriod=2010&untilTimePeriod=2022,stock at 1 Jan; citizen=FOR_STLS (foreign citizens incl. stateless),,,,,,,,,,,,,115135,Full calendar year (flow),"Eurostat, Third country nationals found to be illegally present (migr_eipre)",https://ec.europa.eu/eurostat/databrowser/view/migr_eipre/default/table,"Eurostat enforcement statistic - annual flow of detections, NOT a stock. Dataset migr_eipre, dimensions freq=A citizen=TOTAL reason=TOTAL apprehen=TOTAL sex=T age=TOTAL unit=PER. Rounded to nearest 5 by Eurostat."
Germany,DEU,DE,276,1,1,2010,81776930,"World Bank, World Development Indicators (SP.POP.TOTL), sourced from UN World Population Prospects and national statistical offices",https://api.worldbank.org/v2/country/all/indicator/SP.POP.TOTL,80830924,-0.011568128077197322,9812263,0.11998815558373248,1 January,Eurostat [migr_pop3ctb],https://ec.europa.eu/eurostat/api/dissemination/statistics/1.0/data/migr_pop3ctb?format=JSON&lang=EN&geo=DE&age=TOTAL&sex=T&unit=NR&c_birth=FOR&sinceTimePeriod=2010&untilTimePeriod=2022,stock at 1 Jan; c_birth=FOR (born in a foreign country),7130919,0.08719964175715572,1 January,Eurostat [migr_pop1ctz],https://ec.europa.eu/eurostat/api/dissemination/statistics/1.0/data/migr_pop1ctz?format=JSON&lang=EN&geo=DE&age=TOTAL&sex=T&unit=NR&citizen=FOR_STLS&sinceTimePeriod=2010&untilTimePeriod=2022,stock at 1 Jan; citizen=FOR_STLS (foreign citizens incl. stateless),,,,,,,,,,,,,50250,Full calendar year (flow),"Eurostat, Third country nationals found to be illegally present (migr_eipre)",https://ec.europa.eu/eurostat/databrowser/view/migr_eipre/default/table,"Eurostat enforcement statistic - annual flow of detections, NOT a stock. Dataset migr_eipre, dimensions freq=A citizen=TOTAL reason=TOTAL apprehen=TOTAL sex=T age=TOTAL unit=PER. Rounded to nearest 5 by Eurostat."
Germany,DEU,DE,276,1,1,2011,80274983,"World Bank, World Development Indicators (SP.POP.TOTL), sourced from UN World Population Prospects and national statistical offices",https://api.worldbank.org/v2/country/all/indicator/SP.POP.TOTL,80857874,0.007261178741078027,8935603,0.11131242469400461,1 January,Eurostat [migr_pop3ctb],https://ec.europa.eu/eurostat/api/dissemination/statistics/1.0/data/migr_pop3ctb?format=JSON&lang=EN&geo=DE&age=TOTAL&sex=T&unit=NR&c_birth=FOR&sinceTimePeriod=2010&untilTimePeriod=2022,stock at 1 Jan; c_birth=FOR (born in a foreign country); apparent break in series (population census re-basing),6107216,0.0760786956504245,1 January,Eurostat [migr_pop1ctz],https://ec.europa.eu/eurostat/api/dissemination/statistics/1.0/data/migr_pop1ctz?format=JSON&lang=EN&geo=DE&age=TOTAL&sex=T&unit=NR&citizen=FOR_STLS&sinceTimePeriod=2010&untilTimePeriod=2022,stock at 1 Jan; citizen=FOR_STLS (foreign citizens incl. stateless); apparent break in series (population census re-basing),,,,,,,,,,,,,56345,Full calendar year (flow),"Eurostat, Third country nationals found to be illegally present (migr_eipre)",https://ec.europa.eu/eurostat/databrowser/view/migr_eipre/default/table,"Eurostat enforcement statistic - annual flow of detections, NOT a stock. Dataset migr_eipre, dimensions freq=A citizen=TOTAL reason=TOTAL apprehen=TOTAL sex=T age=TOTAL unit=PER. Rounded to nearest 5 by Eurostat."
Germany,DEU,DE,276,1,1,2012,80425823,"World Bank, World Development Indicators (SP.POP.TOTL), sourced from UN World Population Prospects and national statistical offices",https://api.worldbank.org/v2/country/all/indicator/SP.POP.TOTL,80916390,0.00609962051616183,9117874,0.11336998068394027,1 January,Eurostat [migr_pop3ctb],https://ec.europa.eu/eurostat/api/dissemination/statistics/1.0/data/migr_pop3ctb?format=JSON&lang=EN&geo=DE&age=TOTAL&sex=T&unit=NR&c_birth=FOR&sinceTimePeriod=2010&untilTimePeriod=2022,stock at 1 Jan; c_birth=FOR (born in a foreign country),6342394,0.07886016907778488,1 January,Eurostat [migr_pop1ctz],https://ec.europa.eu/eurostat/api/dissemination/statistics/1.0/data/migr_pop1ctz?format=JSON&lang=EN&geo=DE&age=TOTAL&sex=T&unit=NR&citizen=FOR_STLS&sinceTimePeriod=2010&untilTimePeriod=2022,stock at 1 Jan; citizen=FOR_STLS (foreign citizens incl. stateless),,,,,,,,,,,,,64815,Full calendar year (flow),"Eurostat, Third country nationals found to be illegally present (migr_eipre)",https://ec.europa.eu/eurostat/databrowser/view/migr_eipre/default/table,"Eurostat enforcement statistic - annual flow of detections, NOT a stock. Dataset migr_eipre, dimensions freq=A citizen=TOTAL reason=TOTAL apprehen=TOTAL sex=T age=TOTAL unit=PER. Rounded to nearest 5 by Eurostat."
Germany,DEU,DE,276,1,1,2013,80645605,"World Bank, World Development Indicators (SP.POP.TOTL), sourced from UN World Population Prospects and national statistical offices",https://api.worldbank.org/v2/country/all/indicator/SP.POP.TOTL,81041582,0.004910087784697008,9456225,0.1172565448544902,1 January,Eurostat [migr_pop3ctb],https://ec.europa.eu/eurostat/api/dissemination/statistics/1.0/data/migr_pop3ctb?format=JSON&lang=EN&geo=DE&age=TOTAL&sex=T&unit=NR&c_birth=FOR&sinceTimePeriod=2010&untilTimePeriod=2022,stock at 1 Jan; c_birth=FOR (born in a foreign country),6643699,0.08238141433745831,1 January,Eurostat [migr_pop1ctz],https://ec.europa.eu/eurostat/api/dissemination/statistics/1.0/data/migr_pop1ctz?format=JSON&lang=EN&geo=DE&age=TOTAL&sex=T&unit=NR&citizen=FOR_STLS&sinceTimePeriod=2010&untilTimePeriod=2022,stock at 1 Jan; citizen=FOR_STLS (foreign citizens incl. stateless),,,,,,,,,,,,,86305,Full calendar year (flow),"Eurostat, Third country nationals found to be illegally present (migr_eipre)",https://ec.europa.eu/eurostat/databrowser/view/migr_eipre/default/table,"Eurostat enforcement statistic - annual flow of detections, NOT a stock. Dataset migr_eipre, dimensions freq=A citizen=TOTAL reason=TOTAL apprehen=TOTAL sex=T age=TOTAL unit=PER. Rounded to nearest 5 by Eurostat."
Germany,DEU,DE,276,1,1,2014,80982500,"World Bank, World Development Indicators (SP.POP.TOTL), sourced from UN World Population Prospects and national statistical offices",https://api.worldbank.org/v2/country/all/indicator/SP.POP.TOTL,81376080,0.0048600623591516685,9807877,0.12111106720587782,1 January,Eurostat [migr_pop3ctb],https://ec.europa.eu/eurostat/api/dissemination/statistics/1.0/data/migr_pop3ctb?format=JSON&lang=EN&geo=DE&age=TOTAL&sex=T&unit=NR&c_birth=FOR&sinceTimePeriod=2010&untilTimePeriod=2022,stock at 1 Jan; c_birth=FOR (born in a foreign country),7015236,0.08662656746828018,1 January,Eurostat [migr_pop1ctz],https://ec.europa.eu/eurostat/api/dissemination/statistics/1.0/data/migr_pop1ctz?format=JSON&lang=EN&geo=DE&age=TOTAL&sex=T&unit=NR&citizen=FOR_STLS&sinceTimePeriod=2010&untilTimePeriod=2022,stock at 1 Jan; citizen=FOR_STLS (foreign citizens incl. stateless),550000,0.006791590775784892,See note,"Pew Research Center (2019), Europe's Unauthorized Immigrant Population Peaks in 2016, Then Levels Off",https://www.pewresearch.org/global/2019/11/13/europes-unauthorized-immigrant-population-peaks-in-2016-then-levels-off/,"Pew residual method (population/labour-force data minus lawfully resident foreign-born), estimate INCLUDES asylum seekers awaiting a decision; published range 500000-600000, value is the midpoint of the published range. Pew reports only rounded 100k bounds.",2,,,,,,128290,Full calendar year (flow),"Eurostat, Third country nationals found to be illegally present (migr_eipre)",https://ec.europa.eu/eurostat/databrowser/view/migr_eipre/default/table,"Eurostat enforcement statistic - annual flow of detections, NOT a stock. Dataset migr_eipre, dimensions freq=A citizen=TOTAL reason=TOTAL apprehen=TOTAL sex=T age=TOTAL unit=PER. Rounded to nearest 5 by Eurostat."
Germany,DEU,DE,276,1,1,2015,81686611,"World Bank, World Development Indicators (SP.POP.TOTL), sourced from UN World Population Prospects and national statistical offices",https://api.worldbank.org/v2/country/all/indicator/SP.POP.TOTL,82077550,0.004785839383151787,10220418,0.12511741979355712,1 January,Eurostat [migr_pop3ctb],https://ec.europa.eu/eurostat/api/dissemination/statistics/1.0/data/migr_pop3ctb?format=JSON&lang=EN&geo=DE&age=TOTAL&sex=T&unit=NR&c_birth=FOR&sinceTimePeriod=2010&untilTimePeriod=2022,stock at 1 Jan; c_birth=FOR (born in a foreign country),7539774,0.09230122179998385,1 January,Eurostat [migr_pop1ctz],https://ec.europa.eu/eurostat/api/dissemination/statistics/1.0/data/migr_pop1ctz?format=JSON&lang=EN&geo=DE&age=TOTAL&sex=T&unit=NR&citizen=FOR_STLS&sinceTimePeriod=2010&untilTimePeriod=2022,stock at 1 Jan; citizen=FOR_STLS (foreign citizens incl. stateless),900000,0.011017717456781258,See note,"Pew Research Center (2019), Europe's Unauthorized Immigrant Population Peaks in 2016, Then Levels Off",https://www.pewresearch.org/global/2019/11/13/europes-unauthorized-immigrant-population-peaks-in-2016-then-levels-off/,"Pew residual method (population/labour-force data minus lawfully resident foreign-born), estimate INCLUDES asylum seekers awaiting a decision; published range 600000-1200000, value is the midpoint of the published range. Pew reports only rounded 100k bounds.",1,,,,,,376435,Full calendar year (flow),"Eurostat, Third country nationals found to be illegally present (migr_eipre)",https://ec.europa.eu/eurostat/databrowser/view/migr_eipre/default/table,"Eurostat enforcement statistic - annual flow of detections, NOT a stock. Dataset migr_eipre, dimensions freq=A citizen=TOTAL reason=TOTAL apprehen=TOTAL sex=T age=TOTAL unit=PER. Rounded to nearest 5 by Eurostat."
Germany,DEU,DE,276,1,1,2016,82348669,"World Bank, World Development Indicators (SP.POP.TOTL), sourced from UN World Population Prospects and national statistical offices",https://api.worldbank.org/v2/country/all/indicator/SP.POP.TOTL,82760102,0.004996231329494834,10908255,0.13246425391526365,1 January,Eurostat [migr_pop3ctb],https://ec.europa.eu/eurostat/api/dissemination/statistics/1.0/data/migr_pop3ctb?format=JSON&lang=EN&geo=DE&age=TOTAL&sex=T&unit=NR&c_birth=FOR&sinceTimePeriod=2010&untilTimePeriod=2022,stock at 1 Jan; c_birth=FOR (born in a foreign country),8651958,0.1050649403938757,1 January,Eurostat [migr_pop1ctz],https://ec.europa.eu/eurostat/api/dissemination/statistics/1.0/data/migr_pop1ctz?format=JSON&lang=EN&geo=DE&age=TOTAL&sex=T&unit=NR&citizen=FOR_STLS&sinceTimePeriod=2010&untilTimePeriod=2022,stock at 1 Jan; citizen=FOR_STLS (foreign citizens incl. stateless),1250000,0.015179358879498102,See note,"Pew Research Center (2019), Europe's Unauthorized Immigrant Population Peaks in 2016, Then Levels Off",https://www.pewresearch.org/global/2019/11/13/europes-unauthorized-immigrant-population-peaks-in-2016-then-levels-off/,"Pew residual method (population/labour-force data minus lawfully resident foreign-born), estimate INCLUDES asylum seekers awaiting a decision; published range 1100000-1400000, value is the midpoint of the published range. Pew reports only rounded 100k bounds.",1,,,,,,370555,Full calendar year (flow),"Eurostat, Third country nationals found to be illegally present (migr_eipre)",https://ec.europa.eu/eurostat/databrowser/view/migr_eipre/default/table,"Eurostat enforcement statistic - annual flow of detections, NOT a stock. Dataset migr_eipre, dimensions freq=A citizen=TOTAL reason=TOTAL apprehen=TOTAL sex=T age=TOTAL unit=PER. Rounded to nearest 5 by Eurostat."
Germany,DEU,DE,276,1,1,2017,82657002,"World Bank, World Development Indicators (SP.POP.TOTL), sourced from UN World Population Prospects and national statistical offices",https://api.worldbank.org/v2/country/all/indicator/SP.POP.TOTL,83104007,0.005407950798892997,12105436,0.14645384791478402,1 January,Eurostat [migr_pop3ctb],https://ec.europa.eu/eurostat/api/dissemination/statistics/1.0/data/migr_pop3ctb?format=JSON&lang=EN&geo=DE&age=TOTAL&sex=T&unit=NR&c_birth=FOR&sinceTimePeriod=2010&untilTimePeriod=2022,stock at 1 Jan; c_birth=FOR (born in a foreign country),9219989,0.11154516588927336,1 January,Eurostat [migr_pop1ctz],https://ec.europa.eu/eurostat/api/dissemination/statistics/1.0/data/migr_pop1ctz?format=JSON&lang=EN&geo=DE&age=TOTAL&sex=T&unit=NR&citizen=FOR_STLS&sinceTimePeriod=2010&untilTimePeriod=2022,stock at 1 Jan; citizen=FOR_STLS (foreign citizens incl. stateless),1100000,0.013308007469228075,See note,"Pew Research Center (2019), Europe's Unauthorized Immigrant Population Peaks in 2016, Then Levels Off",https://www.pewresearch.org/global/2019/11/13/europes-unauthorized-immigrant-population-peaks-in-2016-then-levels-off/,"Pew residual method (population/labour-force data minus lawfully resident foreign-born), estimate INCLUDES asylum seekers awaiting a decision; published range 1000000-1200000, value is the midpoint of the published range. Pew reports only rounded 100k bounds.",1,,,,,,156710,Full calendar year (flow),"Eurostat, Third country nationals found to be illegally present (migr_eipre)",https://ec.europa.eu/eurostat/databrowser/view/migr_eipre/default/table,"Eurostat enforcement statistic - annual flow of detections, NOT a stock. Dataset migr_eipre, dimensions freq=A citizen=TOTAL reason=TOTAL apprehen=TOTAL sex=T age=TOTAL unit=PER. Rounded to nearest 5 by Eurostat."
Germany,DEU,DE,276,1,1,2018,82905782,"World Bank, World Development Indicators (SP.POP.TOTL), sourced from UN World Population Prospects and national statistical offices",https://api.worldbank.org/v2/country/all/indicator/SP.POP.TOTL,83368505,0.005581311566423678,13745843,0.16580077611474675,1 January,Eurostat [migr_pop3ctb],https://ec.europa.eu/eurostat/api/dissemination/statistics/1.0/data/migr_pop3ctb?format=JSON&lang=EN&geo=DE&age=TOTAL&sex=T&unit=NR&c_birth=FOR&sinceTimePeriod=2010&untilTimePeriod=2022,stock at 1 Jan; c_birth=FOR (born in a foreign country),9678868,0.11674539177496691,1 January,Eurostat [migr_pop1ctz],https://ec.europa.eu/eurostat/api/dissemination/statistics/1.0/data/migr_pop1ctz?format=JSON&lang=EN&geo=DE&age=TOTAL&sex=T&unit=NR&citizen=FOR_STLS&sinceTimePeriod=2010&untilTimePeriod=2022,stock at 1 Jan; citizen=FOR_STLS (foreign citizens incl. stateless),,,,,,,,,,,,,134125,Full calendar year (flow),"Eurostat, Third country nationals found to be illegally present (migr_eipre)",https://ec.europa.eu/eurostat/databrowser/view/migr_eipre/default/table,"Eurostat enforcement statistic - annual flow of detections, NOT a stock. Dataset migr_eipre, dimensions freq=A citizen=TOTAL reason=TOTAL apprehen=TOTAL sex=T age=TOTAL unit=PER. Rounded to nearest 5 by Eurostat."
Germany,DEU,DE,276,1,1,2019,83092962,"World Bank, World Development Indicators (SP.POP.TOTL), sourced from UN World Population Prospects and national statistical offices",https://api.worldbank.org/v2/country/all/indicator/SP.POP.TOTL,83559186,0.005610872314312252,14879635,0.17907214572516983,1 January,Eurostat [migr_pop3ctb],https://ec.europa.eu/eurostat/api/dissemination/statistics/1.0/data/migr_pop3ctb?format=JSON&lang=EN&geo=DE&age=TOTAL&sex=T&unit=NR&c_birth=FOR&sinceTimePeriod=2010&untilTimePeriod=2022,stock at 1 Jan; c_birth=FOR (born in a foreign country),10089292,0.12142173966550862,1 January,Eurostat [migr_pop1ctz],https://ec.europa.eu/eurostat/api/dissemination/statistics/1.0/data/migr_pop1ctz?format=JSON&lang=EN&geo=DE&age=TOTAL&sex=T&unit=NR&citizen=FOR_STLS&sinceTimePeriod=2010&untilTimePeriod=2022,stock at 1 Jan; citizen=FOR_STLS (foreign citizens incl. stateless),,,,,,,,,,,,,133525,Full calendar year (flow),"Eurostat, Third country nationals found to be illegally present (migr_eipre)",https://ec.europa.eu/eurostat/databrowser/view/migr_eipre/default/table,"Eurostat enforcement statistic - annual flow of detections, NOT a stock. Dataset migr_eipre, dimensions freq=A citizen=TOTAL reason=TOTAL apprehen=TOTAL sex=T age=TOTAL unit=PER. Rounded to nearest 5 by Eurostat."
Germany,DEU,DE,276,1,1,2020,83160871,"World Bank, World Development Indicators (SP.POP.TOTL), sourced from UN World Population Prospects and national statistical offices",https://api.worldbank.org/v2/country/all/indicator/SP.POP.TOTL,83628708,0.005625686628510661,15040708,0.1808628002465246,1 January,Eurostat [migr_pop3ctb],https://ec.europa.eu/eurostat/api/dissemination/statistics/1.0/data/migr_pop3ctb?format=JSON&lang=EN&geo=DE&age=TOTAL&sex=T&unit=NR&c_birth=FOR&sinceTimePeriod=2010&untilTimePeriod=2022,stock at 1 Jan; c_birth=FOR (born in a foreign country),10398022,0.1250350299962587,1 January,Eurostat [migr_pop1ctz],https://ec.europa.eu/eurostat/api/dissemination/statistics/1.0/data/migr_pop1ctz?format=JSON&lang=EN&geo=DE&age=TOTAL&sex=T&unit=NR&citizen=FOR_STLS&sinceTimePeriod=2010&untilTimePeriod=2022,stock at 1 Jan; citizen=FOR_STLS (foreign citizens incl. stateless),,,,,,,,,,,,,117930,Full calendar year (flow),"Eurostat, Third country nationals found to be illegally present (migr_eipre)",https://ec.europa.eu/eurostat/databrowser/view/migr_eipre/default/table,"Eurostat enforcement statistic - annual flow of detections, NOT a stock. Dataset migr_eipre, dimensions freq=A citizen=TOTAL reason=TOTAL apprehen=TOTAL sex=T age=TOTAL unit=PER. Rounded to nearest 5 by Eurostat."
Germany,DEU,DE,276,1,1,2021,83196078,"World Bank, World Development Indicators (SP.POP.TOTL), sourced from UN World Population Prospects and national statistical offices",https://api.worldbank.org/v2/country/all/indicator/SP.POP.TOTL,83697083,0.006021978584134699,15162728,0.1822529182204959,1 January,Eurostat [migr_pop3ctb],https://ec.europa.eu/eurostat/api/dissemination/statistics/1.0/data/migr_pop3ctb?format=JSON&lang=EN&geo=DE&age=TOTAL&sex=T&unit=NR&c_birth=FOR&sinceTimePeriod=2010&untilTimePeriod=2022,stock at 1 Jan; c_birth=FOR (born in a foreign country),10585053,0.1272301922694,1 January,Eurostat [migr_pop1ctz],https://ec.europa.eu/eurostat/api/dissemination/statistics/1.0/data/migr_pop1ctz?format=JSON&lang=EN&geo=DE&age=TOTAL&sex=T&unit=NR&citizen=FOR_STLS&sinceTimePeriod=2010&untilTimePeriod=2022,stock at 1 Jan; citizen=FOR_STLS (foreign citizens incl. stateless),,,,,,,,,,,,,120285,Full calendar year (flow),"Eurostat, Third country nationals found to be illegally present (migr_eipre)",https://ec.europa.eu/eurostat/databrowser/view/migr_eipre/default/table,"Eurostat enforcement statistic - annual flow of detections, NOT a stock. Dataset migr_eipre, dimensions freq=A citizen=TOTAL reason=TOTAL apprehen=TOTAL sex=T age=TOTAL unit=PER. Rounded to nearest 5 by Eurostat."
Germany,DEU,DE,276,1,1,2022,83177813,"World Bank, World Development Indicators (SP.POP.TOTL), sourced from UN World Population Prospects and national statistical offices",https://api.worldbank.org/v2/country/all/indicator/SP.POP.TOTL,84086227,0.010921349903729735,15287650,0.1837948059538425,1 January,Eurostat [migr_pop3ctb],https://ec.europa.eu/eurostat/api/dissemination/statistics/1.0/data/migr_pop3ctb?format=JSON&lang=EN&geo=DE&age=TOTAL&sex=T&unit=NR&c_birth=FOR&sinceTimePeriod=2010&untilTimePeriod=2022,stock at 1 Jan; c_birth=FOR (born in a foreign country),10893053,0.13096104125748054,1 January,Eurostat [migr_pop1ctz],https://ec.europa.eu/eurostat/api/dissemination/statistics/1.0/data/migr_pop1ctz?format=JSON&lang=EN&geo=DE&age=TOTAL&sex=T&unit=NR&citizen=FOR_STLS&sinceTimePeriod=2010&untilTimePeriod=2022,stock at 1 Jan; citizen=FOR_STLS (foreign citizens incl. stateless),,,,,,,,,,,,,198310,Full calendar year (flow),"Eurostat, Third country nationals found to be illegally present (migr_eipre)",https://ec.europa.eu/eurostat/databrowser/view/migr_eipre/default/table,"Eurostat enforcement statistic - annual flow of detections, NOT a stock. Dataset migr_eipre, dimensions freq=A citizen=TOTAL reason=TOTAL apprehen=TOTAL sex=T age=TOTAL unit=PER. Rounded to nearest 5 by Eurostat."
Hungary,HUN,HU,348,0,1,2010,10000023,"World Bank, World Development Indicators (SP.POP.TOTL), sourced from UN World Population Prospects and national statistical offices",https://api.worldbank.org/v2/country/all/indicator/SP.POP.TOTL,9979129,-0.0020893951943910527,436616,0.04366149957855097,1 January,Eurostat [migr_pop3ctb],https://ec.europa.eu/eurostat/api/dissemination/statistics/1.0/data/migr_pop3ctb?format=JSON&lang=EN&geo=HU&age=TOTAL&sex=T&unit=NR&c_birth=FOR&sinceTimePeriod=2010&untilTimePeriod=2022,stock at 1 Jan; c_birth=FOR (born in a foreign country),200005,0.0200004539989558,1 January,Eurostat [migr_pop1ctz],https://ec.europa.eu/eurostat/api/dissemination/statistics/1.0/data/migr_pop1ctz?format=JSON&lang=EN&geo=HU&age=TOTAL&sex=T&unit=NR&citizen=FOR_STLS&sinceTimePeriod=2010&untilTimePeriod=2022,stock at 1 Jan; citizen=FOR_STLS (foreign citizens incl. stateless),,,,,,,,,,,,,6970,Full calendar year (flow),"Eurostat, Third country nationals found to be illegally present (migr_eipre)",https://ec.europa.eu/eurostat/databrowser/view/migr_eipre/default/table,"Eurostat enforcement statistic - annual flow of detections, NOT a stock. Dataset migr_eipre, dimensions freq=A citizen=TOTAL reason=TOTAL apprehen=TOTAL sex=T age=TOTAL unit=PER. Rounded to nearest 5 by Eurostat."
Hungary,HUN,HU,348,0,1,2011,9971727,"World Bank, World Development Indicators (SP.POP.TOTL), sourced from UN World Population Prospects and national statistical offices",https://api.worldbank.org/v2/country/all/indicator/SP.POP.TOTL,9946676,-0.002512202750837443,443295,0.044455188153466295,1 January,Eurostat [migr_pop3ctb],https://ec.europa.eu/eurostat/api/dissemination/statistics/1.0/data/migr_pop3ctb?format=JSON&lang=EN&geo=HU&age=TOTAL&sex=T&unit=NR&c_birth=FOR&sinceTimePeriod=2010&untilTimePeriod=2022,stock at 1 Jan; c_birth=FOR (born in a foreign country),209202,0.020979515383844745,1 January,Eurostat [migr_pop1ctz],https://ec.europa.eu/eurostat/api/dissemination/statistics/1.0/data/migr_pop1ctz?format=JSON&lang=EN&geo=HU&age=TOTAL&sex=T&unit=NR&citizen=FOR_STLS&sinceTimePeriod=2010&untilTimePeriod=2022,stock at 1 Jan; citizen=FOR_STLS (foreign citizens incl. stateless),,,,,,,,,,,,,9655,Full calendar year (flow),"Eurostat, Third country nationals found to be illegally present (migr_eipre)",https://ec.europa.eu/eurostat/databrowser/view/migr_eipre/default/table,"Eurostat enforcement statistic - annual flow of detections, NOT a stock. Dataset migr_eipre, dimensions freq=A citizen=TOTAL reason=TOTAL apprehen=TOTAL sex=T age=TOTAL unit=PER. Rounded to nearest 5 by Eurostat."
Hungary,HUN,HU,348,0,1,2012,9920362,"World Bank, World Development Indicators (SP.POP.TOTL), sourced from UN World Population Prospects and national statistical offices",https://api.worldbank.org/v2/country/all/indicator/SP.POP.TOTL,9916623,-0.0003769015687129159,401769,0.04049942935550134,1 January,Eurostat [migr_pop3ctb],https://ec.europa.eu/eurostat/api/dissemination/statistics/1.0/data/migr_pop3ctb?format=JSON&lang=EN&geo=HU&age=TOTAL&sex=T&unit=NR&c_birth=FOR&sinceTimePeriod=2010&untilTimePeriod=2022,stock at 1 Jan; c_birth=FOR (born in a foreign country); apparent break in series (population census re-basing),143125,0.014427396903459773,1 January,Eurostat [migr_pop1ctz],https://ec.europa.eu/eurostat/api/dissemination/statistics/1.0/data/migr_pop1ctz?format=JSON&lang=EN&geo=HU&age=TOTAL&sex=T&unit=NR&citizen=FOR_STLS&sinceTimePeriod=2010&untilTimePeriod=2022,stock at 1 Jan; citizen=FOR_STLS (foreign citizens incl. stateless); apparent break in series (population census re-basing),,,,,,,,,,,,,12175,Full calendar year (flow),"Eurostat, Third country nationals found to be illegally present (migr_eipre)",https://ec.europa.eu/eurostat/databrowser/view/migr_eipre/default/table,"Eurostat enforcement statistic - annual flow of detections, NOT a stock. Dataset migr_eipre, dimensions freq=A citizen=TOTAL reason=TOTAL apprehen=TOTAL sex=T age=TOTAL unit=PER. Rounded to nearest 5 by Eurostat."
Hungary,HUN,HU,348,0,1,2013,9872734,"World Bank, World Development Indicators (SP.POP.TOTL), sourced from UN World Population Prospects and national statistical offices",https://api.worldbank.org/v2/country/all/indicator/SP.POP.TOTL,9889346,0.0016826139547566055,423317,0.04287738330638707,1 January,Eurostat [migr_pop3ctb],https://ec.europa.eu/eurostat/api/dissemination/statistics/1.0/data/migr_pop3ctb?format=JSON&lang=EN&geo=HU&age=TOTAL&sex=T&unit=NR&c_birth=FOR&sinceTimePeriod=2010&untilTimePeriod=2022,stock at 1 Jan; c_birth=FOR (born in a foreign country),141122,0.014294115490197549,1 January,Eurostat [migr_pop1ctz],https://ec.europa.eu/eurostat/api/dissemination/statistics/1.0/data/migr_pop1ctz?format=JSON&lang=EN&geo=HU&age=TOTAL&sex=T&unit=NR&citizen=FOR_STLS&sinceTimePeriod=2010&untilTimePeriod=2022,stock at 1 Jan; citizen=FOR_STLS (foreign citizens incl. stateless),,,,,,,,,,,,,28755,Full calendar year (flow),"Eurostat, Third country nationals found to be illegally present (migr_eipre)",https://ec.europa.eu/eurostat/databrowser/view/migr_eipre/default/table,"Eurostat enforcement statistic - annual flow of detections, NOT a stock. Dataset migr_eipre, dimensions freq=A citizen=TOTAL reason=TOTAL apprehen=TOTAL sex=T age=TOTAL unit=PER. Rounded to nearest 5 by Eurostat."
Hungary,HUN,HU,348,0,1,2014,9833038,"World Bank, World Development Indicators (SP.POP.TOTL), sourced from UN World Population Prospects and national statistical offices",https://api.worldbank.org/v2/country/all/indicator/SP.POP.TOTL,9862842,0.0030310062871718793,447029,0.045461941670519326,1 January,Eurostat [migr_pop3ctb],https://ec.europa.eu/eurostat/api/dissemination/statistics/1.0/data/migr_pop3ctb?format=JSON&lang=EN&geo=HU&age=TOTAL&sex=T&unit=NR&c_birth=FOR&sinceTimePeriod=2010&untilTimePeriod=2022,stock at 1 Jan; c_birth=FOR (born in a foreign country),140301,0.014268326838561999,1 January,Eurostat [migr_pop1ctz],https://ec.europa.eu/eurostat/api/dissemination/statistics/1.0/data/migr_pop1ctz?format=JSON&lang=EN&geo=HU&age=TOTAL&sex=T&unit=NR&citizen=FOR_STLS&sinceTimePeriod=2010&untilTimePeriod=2022,stock at 1 Jan; citizen=FOR_STLS (foreign citizens incl. stateless),,,,,,,,,,,,,56170,Full calendar year (flow),"Eurostat, Third country nationals found to be illegally present (migr_eipre)",https://ec.europa.eu/eurostat/databrowser/view/migr_eipre/default/table,"Eurostat enforcement statistic - annual flow of detections, NOT a stock. Dataset migr_eipre, dimensions freq=A citizen=TOTAL reason=TOTAL apprehen=TOTAL sex=T age=TOTAL unit=PER. Rounded to nearest 5 by Eurostat."
Hungary,HUN,HU,348,0,1,2015,9797755,"World Bank, World Development Indicators (SP.POP.TOTL), sourced from UN World Population Prospects and national statistical offices",https://api.worldbank.org/v2/country/all/indicator/SP.POP.TOTL,9839211,0.004231173365735314,475508,0.04853234235801977,1 January,Eurostat [migr_pop3ctb],https://ec.europa.eu/eurostat/api/dissemination/statistics/1.0/data/migr_pop3ctb?format=JSON&lang=EN&geo=HU&age=TOTAL&sex=T&unit=NR&c_birth=FOR&sinceTimePeriod=2010&untilTimePeriod=2022,stock at 1 Jan; c_birth=FOR (born in a foreign country),145727,0.014873509288607442,1 January,Eurostat [migr_pop1ctz],https://ec.europa.eu/eurostat/api/dissemination/statistics/1.0/data/migr_pop1ctz?format=JSON&lang=EN&geo=HU&age=TOTAL&sex=T&unit=NR&citizen=FOR_STLS&sinceTimePeriod=2010&untilTimePeriod=2022,stock at 1 Jan; citizen=FOR_STLS (foreign citizens incl. stateless),,,,,,,,,,,,,424055,Full calendar year (flow),"Eurostat, Third country nationals found to be illegally present (migr_eipre)",https://ec.europa.eu/eurostat/databrowser/view/migr_eipre/default/table,"Eurostat enforcement statistic - annual flow of detections, NOT a stock. Dataset migr_eipre, dimensions freq=A citizen=TOTAL reason=TOTAL apprehen=TOTAL sex=T age=TOTAL unit=PER. Rounded to nearest 5 by Eurostat."
Hungary,HUN,HU,348,0,1,2016,9759755,"World Bank, World Development Indicators (SP.POP.TOTL), sourced from UN World Population Prospects and national statistical offices",https://api.worldbank.org/v2/country/all/indicator/SP.POP.TOTL,9810532,0.005202692075774443,503787,0.051618816251022694,1 January,Eurostat [migr_pop3ctb],https://ec.europa.eu/eurostat/api/dissemination/statistics/1.0/data/migr_pop3ctb?format=JSON&lang=EN&geo=HU&age=TOTAL&sex=T&unit=NR&c_birth=FOR&sinceTimePeriod=2010&untilTimePeriod=2022,stock at 1 Jan; c_birth=FOR (born in a foreign country),156366,0.016021508736643493,1 January,Eurostat [migr_pop1ctz],https://ec.europa.eu/eurostat/api/dissemination/statistics/1.0/data/migr_pop1ctz?format=JSON&lang=EN&geo=HU&age=TOTAL&sex=T&unit=NR&citizen=FOR_STLS&sinceTimePeriod=2010&untilTimePeriod=2022,stock at 1 Jan; citizen=FOR_STLS (foreign citizens incl. stateless),,,,,,,,,,,,,41560,Full calendar year (flow),"Eurostat, Third country nationals found to be illegally present (migr_eipre)",https://ec.europa.eu/eurostat/databrowser/view/migr_eipre/default/table,"Eurostat enforcement statistic - annual flow of detections, NOT a stock. Dataset migr_eipre, dimensions freq=A citizen=TOTAL reason=TOTAL apprehen=TOTAL sex=T age=TOTAL unit=PER. Rounded to nearest 5 by Eurostat."
Hungary,HUN,HU,348,0,1,2017,9726756,"World Bank, World Development Indicators (SP.POP.TOTL), sourced from UN World Population Prospects and national statistical offices",https://api.worldbank.org/v2/country/all/indicator/SP.POP.TOTL,9785604,0.006050115783720698,513649,0.052807842614742265,1 January,Eurostat [migr_pop3ctb],https://ec.europa.eu/eurostat/api/dissemination/statistics/1.0/data/migr_pop3ctb?format=JSON&lang=EN&geo=HU&age=TOTAL&sex=T&unit=NR&c_birth=FOR&sinceTimePeriod=2010&untilTimePeriod=2022,stock at 1 Jan; c_birth=FOR (born in a foreign country),150885,0.015512366096157856,1 January,Eurostat [migr_pop1ctz],https://ec.europa.eu/eurostat/api/dissemination/statistics/1.0/data/migr_pop1ctz?format=JSON&lang=EN&geo=HU&age=TOTAL&sex=T&unit=NR&citizen=FOR_STLS&sinceTimePeriod=2010&untilTimePeriod=2022,stock at 1 Jan; citizen=FOR_STLS (foreign citizens incl. stateless),,,,,,,,,,,,,25730,Full calendar year (flow),"Eurostat, Third country nationals found to be illegally present (migr_eipre)",https://ec.europa.eu/eurostat/databrowser/view/migr_eipre/default/table,"Eurostat enforcement statistic - annual flow of detections, NOT a stock. Dataset migr_eipre, dimensions freq=A citizen=TOTAL reason=TOTAL apprehen=TOTAL sex=T age=TOTAL unit=PER. Rounded to nearest 5 by Eurostat."
Hungary,HUN,HU,348,0,1,2018,9706964,"World Bank, World Development Indicators (SP.POP.TOTL), sourced from UN World Population Prospects and national statistical offices",https://api.worldbank.org/v2/country/all/indicator/SP.POP.TOTL,9774394,0.00694655919193684,536182,0.05523683821223608,1 January,Eurostat [migr_pop3ctb],https://ec.europa.eu/eurostat/api/dissemination/statistics/1.0/data/migr_pop3ctb?format=JSON&lang=EN&geo=HU&age=TOTAL&sex=T&unit=NR&c_birth=FOR&sinceTimePeriod=2010&untilTimePeriod=2022,stock at 1 Jan; c_birth=FOR (born in a foreign country),161549,0.01664258773391969,1 January,Eurostat [migr_pop1ctz],https://ec.europa.eu/eurostat/api/dissemination/statistics/1.0/data/migr_pop1ctz?format=JSON&lang=EN&geo=HU&age=TOTAL&sex=T&unit=NR&citizen=FOR_STLS&sinceTimePeriod=2010&untilTimePeriod=2022,stock at 1 Jan; citizen=FOR_STLS (foreign citizens incl. stateless),,,,,,,,,,,,,18915,Full calendar year (flow),"Eurostat, Third country nationals found to be illegally present (migr_eipre)",https://ec.europa.eu/eurostat/databrowser/view/migr_eipre/default/table,"Eurostat enforcement statistic - annual flow of detections, NOT a stock. Dataset migr_eipre, dimensions freq=A citizen=TOTAL reason=TOTAL apprehen=TOTAL sex=T age=TOTAL unit=PER. Rounded to nearest 5 by Eurostat."
Hungary,HUN,HU,348,0,1,2019,9694824,"World Bank, World Development Indicators (SP.POP.TOTL), sourced from UN World Population Prospects and national statistical offices",https://api.worldbank.org/v2/country/all/indicator/SP.POP.TOTL,9770346,0.007789929966753394,564761,0.05825386824969695,1 January,Eurostat [migr_pop3ctb],https://ec.europa.eu/eurostat/api/dissemination/statistics/1.0/data/migr_pop3ctb?format=JSON&lang=EN&geo=HU&age=TOTAL&sex=T&unit=NR&c_birth=FOR&sinceTimePeriod=2010&untilTimePeriod=2022,stock at 1 Jan; c_birth=FOR (born in a foreign country),180525,0.018620760933875644,1 January,Eurostat [migr_pop1ctz],https://ec.europa.eu/eurostat/api/dissemination/statistics/1.0/data/migr_pop1ctz?format=JSON&lang=EN&geo=HU&age=TOTAL&sex=T&unit=NR&citizen=FOR_STLS&sinceTimePeriod=2010&untilTimePeriod=2022,stock at 1 Jan; citizen=FOR_STLS (foreign citizens incl. stateless),,,,,,,,,,,,,36440,Full calendar year (flow),"Eurostat, Third country nationals found to be illegally present (migr_eipre)",https://ec.europa.eu/eurostat/databrowser/view/migr_eipre/default/table,"Eurostat enforcement statistic - annual flow of detections, NOT a stock. Dataset migr_eipre, dimensions freq=A citizen=TOTAL reason=TOTAL apprehen=TOTAL sex=T age=TOTAL unit=PER. Rounded to nearest 5 by Eurostat."
Hungary,HUN,HU,348,0,1,2020,9670419,"World Bank, World Development Indicators (SP.POP.TOTL), sourced from UN World Population Prospects and national statistical offices",https://api.worldbank.org/v2/country/all/indicator/SP.POP.TOTL,9749457,0.008173172227594274,593937,0.061417917879256316,1 January,Eurostat [migr_pop3ctb],https://ec.europa.eu/eurostat/api/dissemination/statistics/1.0/data/migr_pop3ctb?format=JSON&lang=EN&geo=HU&age=TOTAL&sex=T&unit=NR&c_birth=FOR&sinceTimePeriod=2010&untilTimePeriod=2022,stock at 1 Jan; c_birth=FOR (born in a foreign country),199707,0.02065132855153432,1 January,Eurostat [migr_pop1ctz],https://ec.europa.eu/eurostat/api/dissemination/statistics/1.0/data/migr_pop1ctz?format=JSON&lang=EN&geo=HU&age=TOTAL&sex=T&unit=NR&citizen=FOR_STLS&sinceTimePeriod=2010&untilTimePeriod=2022,stock at 1 Jan; citizen=FOR_STLS (foreign citizens incl. stateless),,,,,,,,,,,,,89370,Full calendar year (flow),"Eurostat, Third country nationals found to be illegally present (migr_eipre)",https://ec.europa.eu/eurostat/databrowser/view/migr_eipre/default/table,"Eurostat enforcement statistic - annual flow of detections, NOT a stock. Dataset migr_eipre, dimensions freq=A citizen=TOTAL reason=TOTAL apprehen=TOTAL sex=T age=TOTAL unit=PER. Rounded to nearest 5 by Eurostat."
Hungary,HUN,HU,348,0,1,2021,9630932,"World Bank, World Development Indicators (SP.POP.TOTL), sourced from UN World Population Prospects and national statistical offices",https://api.worldbank.org/v2/country/all/indicator/SP.POP.TOTL,9707850,0.007986558310244533,597440,0.06203345636746267,1 January,Eurostat [migr_pop3ctb],https://ec.europa.eu/eurostat/api/dissemination/statistics/1.0/data/migr_pop3ctb?format=JSON&lang=EN&geo=HU&age=TOTAL&sex=T&unit=NR&c_birth=FOR&sinceTimePeriod=2010&untilTimePeriod=2022,stock at 1 Jan; c_birth=FOR (born in a foreign country),194240,0.02016834923141395,1 January,Eurostat [migr_pop1ctz],https://ec.europa.eu/eurostat/api/dissemination/statistics/1.0/data/migr_pop1ctz?format=JSON&lang=EN&geo=HU&age=TOTAL&sex=T&unit=NR&citizen=FOR_STLS&sinceTimePeriod=2010&untilTimePeriod=2022,stock at 1 Jan; citizen=FOR_STLS (foreign citizens incl. stateless),,,,,,,,,,,,,134140,Full calendar year (flow),"Eurostat, Third country nationals found to be illegally present (migr_eipre)",https://ec.europa.eu/eurostat/databrowser/view/migr_eipre/default/table,"Eurostat enforcement statistic - annual flow of detections, NOT a stock. Dataset migr_eipre, dimensions freq=A citizen=TOTAL reason=TOTAL apprehen=TOTAL sex=T age=TOTAL unit=PER. Rounded to nearest 5 by Eurostat."
Hungary,HUN,HU,348,0,1,2022,9605074,"World Bank, World Development Indicators (SP.POP.TOTL), sourced from UN World Population Prospects and national statistical offices",https://api.worldbank.org/v2/country/all/indicator/SP.POP.TOTL,9684306,0.008248973407180412,612618,0.06378066426141017,1 January,Eurostat [migr_pop3ctb],https://ec.europa.eu/eurostat/api/dissemination/statistics/1.0/data/migr_pop3ctb?format=JSON&lang=EN&geo=HU&age=TOTAL&sex=T&unit=NR&c_birth=FOR&sinceTimePeriod=2010&untilTimePeriod=2022,stock at 1 Jan; c_birth=FOR (born in a foreign country),202299,0.0210616805242729,1 January,Eurostat [migr_pop1ctz],https://ec.europa.eu/eurostat/api/dissemination/statistics/1.0/data/migr_pop1ctz?format=JSON&lang=EN&geo=HU&age=TOTAL&sex=T&unit=NR&citizen=FOR_STLS&sinceTimePeriod=2010&untilTimePeriod=2022,stock at 1 Jan; citizen=FOR_STLS (foreign citizens incl. stateless),,,,,,,,,,,,,222515,Full calendar year (flow),"Eurostat, Third country nationals found to be illegally present (migr_eipre)",https://ec.europa.eu/eurostat/databrowser/view/migr_eipre/default/table,"Eurostat enforcement statistic - annual flow of detections, NOT a stock. Dataset migr_eipre, dimensions freq=A citizen=TOTAL reason=TOTAL apprehen=TOTAL sex=T age=TOTAL unit=PER. Rounded to nearest 5 by Eurostat."
Iceland,ISL,IS,352,0,1,2010,318041,"World Bank, World Development Indicators (SP.POP.TOTL), sourced from UN World Population Prospects and national statistical offices",https://api.worldbank.org/v2/country/all/indicator/SP.POP.TOTL,318158,0.0003678770976069123,35091,0.11033483104379624,1 January,Eurostat [migr_pop3ctb],https://ec.europa.eu/eurostat/api/dissemination/statistics/1.0/data/migr_pop3ctb?format=JSON&lang=EN&geo=IS&age=TOTAL&sex=T&unit=NR&c_birth=FOR&sinceTimePeriod=2010&untilTimePeriod=2022,stock at 1 Jan; c_birth=FOR (born in a foreign country),21701,0.0682333409843385,1 January,Eurostat [migr_pop1ctz],https://ec.europa.eu/eurostat/api/dissemination/statistics/1.0/data/migr_pop1ctz?format=JSON&lang=EN&geo=IS&age=TOTAL&sex=T&unit=NR&citizen=FOR_STLS&sinceTimePeriod=2010&untilTimePeriod=2022,stock at 1 Jan; citizen=FOR_STLS (foreign citizens incl. stateless),,,,,,,,,,,,,,,,,
Iceland,ISL,IS,352,0,1,2011,319014,"World Bank, World Development Indicators (SP.POP.TOTL), sourced from UN World Population Prospects and national statistical offices",https://api.worldbank.org/v2/country/all/indicator/SP.POP.TOTL,319137,0.00038556301604318307,34650,0.10861592281216498,1 January,Eurostat [migr_pop3ctb],https://ec.europa.eu/eurostat/api/dissemination/statistics/1.0/data/migr_pop3ctb?format=JSON&lang=EN&geo=IS&age=TOTAL&sex=T&unit=NR&c_birth=FOR&sinceTimePeriod=2010&untilTimePeriod=2022,stock at 1 Jan; c_birth=FOR (born in a foreign country),21143,0.06627608819675626,1 January,Eurostat [migr_pop1ctz],https://ec.europa.eu/eurostat/api/dissemination/statistics/1.0/data/migr_pop1ctz?format=JSON&lang=EN&geo=IS&age=TOTAL&sex=T&unit=NR&citizen=FOR_STLS&sinceTimePeriod=2010&untilTimePeriod=2022,stock at 1 Jan; citizen=FOR_STLS (foreign citizens incl. stateless),,,,,,,,,,,,,,,,,
Iceland,ISL,IS,352,0,1,2012,320716,"World Bank, World Development Indicators (SP.POP.TOTL), sourced from UN World Population Prospects and national statistical offices",https://api.worldbank.org/v2/country/all/indicator/SP.POP.TOTL,320841,0.0003897529278239938,34550,0.10772770925055189,1 January,Eurostat [migr_pop3ctb],https://ec.europa.eu/eurostat/api/dissemination/statistics/1.0/data/migr_pop3ctb?format=JSON&lang=EN&geo=IS&age=TOTAL&sex=T&unit=NR&c_birth=FOR&sinceTimePeriod=2010&untilTimePeriod=2022,stock at 1 Jan; c_birth=FOR (born in a foreign country),20957,0.0653444168672595,1 January,Eurostat [migr_pop1ctz],https://ec.europa.eu/eurostat/api/dissemination/statistics/1.0/data/migr_pop1ctz?format=JSON&lang=EN&geo=IS&age=TOTAL&sex=T&unit=NR&citizen=FOR_STLS&sinceTimePeriod=2010&untilTimePeriod=2022,stock at 1 Jan; citizen=FOR_STLS (foreign citizens incl. stateless),,,,,,,,,,,,,,,,,
Iceland,ISL,IS,352,0,1,2013,323764,"World Bank, World Development Indicators (SP.POP.TOTL), sourced from UN World Population Prospects and national statistical offices",https://api.worldbank.org/v2/country/all/indicator/SP.POP.TOTL,323885,0.00037372901249057953,35319,0.10908871894342793,1 January,Eurostat [migr_pop3ctb],https://ec.europa.eu/eurostat/api/dissemination/statistics/1.0/data/migr_pop3ctb?format=JSON&lang=EN&geo=IS&age=TOTAL&sex=T&unit=NR&c_birth=FOR&sinceTimePeriod=2010&untilTimePeriod=2022,stock at 1 Jan; c_birth=FOR (born in a foreign country),21446,0.06623960662704934,1 January,Eurostat [migr_pop1ctz],https://ec.europa.eu/eurostat/api/dissemination/statistics/1.0/data/migr_pop1ctz?format=JSON&lang=EN&geo=IS&age=TOTAL&sex=T&unit=NR&citizen=FOR_STLS&sinceTimePeriod=2010&untilTimePeriod=2022,stock at 1 Jan; citizen=FOR_STLS (foreign citizens incl. stateless),,,,,,,,,,,,,,,,,
Iceland,ISL,IS,352,0,1,2014,327386,"World Bank, World Development Indicators (SP.POP.TOTL), sourced from UN World Population Prospects and national statistical offices",https://api.worldbank.org/v2/country/all/indicator/SP.POP.TOTL,327512,0.000384866793326532,37116,0.11337076111990128,1 January,Eurostat [migr_pop3ctb],https://ec.europa.eu/eurostat/api/dissemination/statistics/1.0/data/migr_pop3ctb?format=JSON&lang=EN&geo=IS&age=TOTAL&sex=T&unit=NR&c_birth=FOR&sinceTimePeriod=2010&untilTimePeriod=2022,stock at 1 Jan; c_birth=FOR (born in a foreign country),22744,0.06947151069379875,1 January,Eurostat [migr_pop1ctz],https://ec.europa.eu/eurostat/api/dissemination/statistics/1.0/data/migr_pop1ctz?format=JSON&lang=EN&geo=IS&age=TOTAL&sex=T&unit=NR&citizen=FOR_STLS&sinceTimePeriod=2010&untilTimePeriod=2022,stock at 1 Jan; citizen=FOR_STLS (foreign citizens incl. stateless),,,,,,,,,,,,,,,,,
Iceland,ISL,IS,352,0,1,2015,330815,"World Bank, World Development Indicators (SP.POP.TOTL), sourced from UN World Population Prospects and national statistical offices",https://api.worldbank.org/v2/country/all/indicator/SP.POP.TOTL,330952,0.0004141287426507262,39072,0.11810830826897209,1 January,Eurostat [migr_pop3ctb],https://ec.europa.eu/eurostat/api/dissemination/statistics/1.0/data/migr_pop3ctb?format=JSON&lang=EN&geo=IS&age=TOTAL&sex=T&unit=NR&c_birth=FOR&sinceTimePeriod=2010&untilTimePeriod=2022,stock at 1 Jan; c_birth=FOR (born in a foreign country),24294,0.07343681513837039,1 January,Eurostat [migr_pop1ctz],https://ec.europa.eu/eurostat/api/dissemination/statistics/1.0/data/migr_pop1ctz?format=JSON&lang=EN&geo=IS&age=TOTAL&sex=T&unit=NR&citizen=FOR_STLS&sinceTimePeriod=2010&untilTimePeriod=2022,stock at 1 Jan; citizen=FOR_STLS (foreign citizens incl. stateless),,,,,,,,,,,,,,,,,
Iceland,ISL,IS,352,0,1,2016,335439,"World Bank, World Development Indicators (SP.POP.TOTL), sourced from UN World Population Prospects and national statistical offices",https://api.worldbank.org/v2/country/all/indicator/SP.POP.TOTL,335574,0.00040245767486785973,41853,0.12477082271292247,1 January,Eurostat [migr_pop3ctb],https://ec.europa.eu/eurostat/api/dissemination/statistics/1.0/data/migr_pop3ctb?format=JSON&lang=EN&geo=IS&age=TOTAL&sex=T&unit=NR&c_birth=FOR&sinceTimePeriod=2010&untilTimePeriod=2022,stock at 1 Jan; c_birth=FOR (born in a foreign country),26485,0.07895623347315012,1 January,Eurostat [migr_pop1ctz],https://ec.europa.eu/eurostat/api/dissemination/statistics/1.0/data/migr_pop1ctz?format=JSON&lang=EN&geo=IS&age=TOTAL&sex=T&unit=NR&citizen=FOR_STLS&sinceTimePeriod=2010&untilTimePeriod=2022,stock at 1 Jan; citizen=FOR_STLS (foreign citizens incl. stateless),,,,,,,,,,,,,30,Full calendar year (flow),"Eurostat, Third country nationals found to be illegally present (migr_eipre)",https://ec.europa.eu/eurostat/databrowser/view/migr_eipre/default/table,"Eurostat enforcement statistic - annual flow of detections, NOT a stock. Dataset migr_eipre, dimensions freq=A citizen=TOTAL reason=TOTAL apprehen=TOTAL sex=T age=TOTAL unit=PER. Rounded to nearest 5 by Eurostat. Iceland reports only sporadically; most years are not available in migr_eipre."
Iceland,ISL,IS,352,0,1,2017,343400,"World Bank, World Development Indicators (SP.POP.TOTL), sourced from UN World Population Prospects and national statistical offices",https://api.worldbank.org/v2/country/all/indicator/SP.POP.TOTL,343531,0.0003814793244030285,46080,0.1341875364006989,1 January,Eurostat [migr_pop3ctb],https://ec.europa.eu/eurostat/api/dissemination/statistics/1.0/data/migr_pop3ctb?format=JSON&lang=EN&geo=IS&age=TOTAL&sex=T&unit=NR&c_birth=FOR&sinceTimePeriod=2010&untilTimePeriod=2022,stock at 1 Jan; c_birth=FOR (born in a foreign country),30275,0.08816249271986022,1 January,Eurostat [migr_pop1ctz],https://ec.europa.eu/eurostat/api/dissemination/statistics/1.0/data/migr_pop1ctz?format=JSON&lang=EN&geo=IS&age=TOTAL&sex=T&unit=NR&citizen=FOR_STLS&sinceTimePeriod=2010&untilTimePeriod=2022,stock at 1 Jan; citizen=FOR_STLS (foreign citizens incl. stateless),,,,,,,,,,,,,15,Full calendar year (flow),"Eurostat, Third country nationals found to be illegally present (migr_eipre)",https://ec.europa.eu/eurostat/databrowser/view/migr_eipre/default/table,"Eurostat enforcement statistic - annual flow of detections, NOT a stock. Dataset migr_eipre, dimensions freq=A citizen=TOTAL reason=TOTAL apprehen=TOTAL sex=T age=TOTAL unit=PER. Rounded to nearest 5 by Eurostat. Iceland reports only sporadically; most years are not available in migr_eipre."
Iceland,ISL,IS,352,0,1,2018,352721,"World Bank, World Development Indicators (SP.POP.TOTL), sourced from UN World Population Prospects and national statistical offices",https://api.worldbank.org/v2/country/all/indicator/SP.POP.TOTL,352854,0.0003770685612708061,53540,0.15179135917623277,1 January,Eurostat [migr_pop3ctb],https://ec.europa.eu/eurostat/api/dissemination/statistics/1.0/data/migr_pop3ctb?format=JSON&lang=EN&geo=IS&age=TOTAL&sex=T&unit=NR&c_birth=FOR&sinceTimePeriod=2010&untilTimePeriod=2022,stock at 1 Jan; c_birth=FOR (born in a foreign country),37830,0.10725190731484657,1 January,Eurostat [migr_pop1ctz],https://ec.europa.eu/eurostat/api/dissemination/statistics/1.0/data/migr_pop1ctz?format=JSON&lang=EN&geo=IS&age=TOTAL&sex=T&unit=NR&citizen=FOR_STLS&sinceTimePeriod=2010&untilTimePeriod=2022,stock at 1 Jan; citizen=FOR_STLS (foreign citizens incl. stateless),,,,,,,,,,,,,,,,,
Iceland,ISL,IS,352,0,1,2019,360563,"World Bank, World Development Indicators (SP.POP.TOTL), sourced from UN World Population Prospects and national statistical offices",https://api.worldbank.org/v2/country/all/indicator/SP.POP.TOTL,360700,0.00037996133824047394,59999,0.1664036520663518,1 January,Eurostat [migr_pop3ctb],https://ec.europa.eu/eurostat/api/dissemination/statistics/1.0/data/migr_pop3ctb?format=JSON&lang=EN&geo=IS&age=TOTAL&sex=T&unit=NR&c_birth=FOR&sinceTimePeriod=2010&untilTimePeriod=2022,stock at 1 Jan; c_birth=FOR (born in a foreign country),44269,0.12277743417932512,1 January,Eurostat [migr_pop1ctz],https://ec.europa.eu/eurostat/api/dissemination/statistics/1.0/data/migr_pop1ctz?format=JSON&lang=EN&geo=IS&age=TOTAL&sex=T&unit=NR&citizen=FOR_STLS&sinceTimePeriod=2010&untilTimePeriod=2022,stock at 1 Jan; citizen=FOR_STLS (foreign citizens incl. stateless),,,,,,,,,,,,,110,Full calendar year (flow),"Eurostat, Third country nationals found to be illegally present (migr_eipre)",https://ec.europa.eu/eurostat/databrowser/view/migr_eipre/default/table,"Eurostat enforcement statistic - annual flow of detections, NOT a stock. Dataset migr_eipre, dimensions freq=A citizen=TOTAL reason=TOTAL apprehen=TOTAL sex=T age=TOTAL unit=PER. Rounded to nearest 5 by Eurostat. Iceland reports only sporadically; most years are not available in migr_eipre."
Iceland,ISL,IS,352,0,1,2020,366463,"World Bank, World Development Indicators (SP.POP.TOTL), sourced from UN World Population Prospects and national statistical offices",https://api.worldbank.org/v2/country/all/indicator/SP.POP.TOTL,366614,0.00041204705522794935,65205,0.17793065057045324,1 January,Eurostat [migr_pop3ctb],https://ec.europa.eu/eurostat/api/dissemination/statistics/1.0/data/migr_pop3ctb?format=JSON&lang=EN&geo=IS&age=TOTAL&sex=T&unit=NR&c_birth=FOR&sinceTimePeriod=2010&untilTimePeriod=2022,stock at 1 Jan; c_birth=FOR (born in a foreign country),49391,0.1347775900977725,1 January,Eurostat [migr_pop1ctz],https://ec.europa.eu/eurostat/api/dissemination/statistics/1.0/data/migr_pop1ctz?format=JSON&lang=EN&geo=IS&age=TOTAL&sex=T&unit=NR&citizen=FOR_STLS&sinceTimePeriod=2010&untilTimePeriod=2022,stock at 1 Jan; citizen=FOR_STLS (foreign citizens incl. stateless),,,,,,,,,,,,,,,,,
Iceland,ISL,IS,352,0,1,2021,372520,"World Bank, World Development Indicators (SP.POP.TOTL), sourced from UN World Population Prospects and national statistical offices",https://api.worldbank.org/v2/country/all/indicator/SP.POP.TOTL,372644,0.0003328680339310641,67438,0.1810318909051863,1 January,Eurostat [migr_pop3ctb],https://ec.europa.eu/eurostat/api/dissemination/statistics/1.0/data/migr_pop3ctb?format=JSON&lang=EN&geo=IS&age=TOTAL&sex=T&unit=NR&c_birth=FOR&sinceTimePeriod=2010&untilTimePeriod=2022,stock at 1 Jan; c_birth=FOR (born in a foreign country),51283,0.1376650918071513,1 January,Eurostat [migr_pop1ctz],https://ec.europa.eu/eurostat/api/dissemination/statistics/1.0/data/migr_pop1ctz?format=JSON&lang=EN&geo=IS&age=TOTAL&sex=T&unit=NR&citizen=FOR_STLS&sinceTimePeriod=2010&untilTimePeriod=2022,stock at 1 Jan; citizen=FOR_STLS (foreign citizens incl. stateless),,,,,,,,,,,,,130,Full calendar year (flow),"Eurostat, Third country nationals found to be illegally present (migr_eipre)",https://ec.europa.eu/eurostat/databrowser/view/migr_eipre/default/table,"Eurostat enforcement statistic - annual flow of detections, NOT a stock. VERIFIED DIRECTLY against the Eurostat API; Iceland reports only 2016 (30), 2017 (15), 2019 (110) and 2021 (130). Added after an initial extraction missed 2021."
Iceland,ISL,IS,352,0,1,2022,382003,"World Bank, World Development Indicators (SP.POP.TOTL), sourced from UN World Population Prospects and national statistical offices",https://api.worldbank.org/v2/country/all/indicator/SP.POP.TOTL,380356,-0.0043114844647816905,71767,0.1878702523278613,1 January,Eurostat [migr_pop3ctb],https://ec.europa.eu/eurostat/api/dissemination/statistics/1.0/data/migr_pop3ctb?format=JSON&lang=EN&geo=IS&age=TOTAL&sex=T&unit=NR&c_birth=FOR&sinceTimePeriod=2010&untilTimePeriod=2022,stock at 1 Jan; c_birth=FOR (born in a foreign country),54959,0.1438705978748858,1 January,Eurostat [migr_pop1ctz],https://ec.europa.eu/eurostat/api/dissemination/statistics/1.0/data/migr_pop1ctz?format=JSON&lang=EN&geo=IS&age=TOTAL&sex=T&unit=NR&citizen=FOR_STLS&sinceTimePeriod=2010&untilTimePeriod=2022,stock at 1 Jan; citizen=FOR_STLS (foreign citizens incl. stateless),,,,,,,,,,,,,,,,,
India,IND,IN,356,0,1,2010,1243481564,"World Bank, World Development Indicators (SP.POP.TOTL), sourced from UN World Population Prospects and national statistical offices",https://api.worldbank.org/v2/country/all/indicator/SP.POP.TOTL,1243481564,0,5601237,0.004504479328171206,Mid-year / 30 June,UN DESA International Migrant Stock (World Bank indicator SM.POP.TOTL),https://api.worldbank.org/v2/country/CHN;IND;PHL;RUS;ZAF;SUR;THA/indicator/SM.POP.TOTL?format=json&date=2010:2022&per_page=200,"UN estimate (not annual); mid-year benchmark year only; retrieved from World Bank mirror of UN DESA International Migrant Stock, accessed 2026-08",,,,,,,,,,,,,,,,,,,,,,,
India,IND,IN,356,0,1,2011,1261224954,"World Bank, World Development Indicators (SP.POP.TOTL), sourced from UN World Population Prospects and national statistical offices",https://api.worldbank.org/v2/country/all/indicator/SP.POP.TOTL,1261224954,0,5490000,0.004352911019234401,Census reference date,"Chandrasekhar S. and Sharma A., Migration in India: trends and characteristics, Demography India Vol. 51 No. 1 (2022) pp.160-175 (Census of India 2011 place-of-birth data)",https://iasp.ac.in/uploads/journal/10.%20Migration%20in%20India%20trends%20and%20characteristics-1669206793.pdf,"Census (Census of India 2011, place-of-birth / D-series tables), reference date 1 Mar 2011; value as published is rounded to the nearest thousand (5490 thousand; 2513 thousand male, 2977 thousand female = 0.44 per cent of population); no exact unit-level figure could be verified from censusindia.gov.in; India has no 2021 census (postponed), so no national 2021 benchmark exists",,,,,,,,,,,,,,,,,,,,,,,
India,IND,IN,356,0,1,2012,1278674502,"World Bank, World Development Indicators (SP.POP.TOTL), sourced from UN World Population Prospects and national statistical offices",https://api.worldbank.org/v2/country/all/indicator/SP.POP.TOTL,1278674502,0,,,,,,,,,,,,,,,,,,,,,,,,,,,,,
India,IND,IN,356,0,1,2013,1295829511,"World Bank, World Development Indicators (SP.POP.TOTL), sourced from UN World Population Prospects and national statistical offices",https://api.worldbank.org/v2/country/all/indicator/SP.POP.TOTL,1295829511,0,,,,,,,,,,,,,,,,,,,,,,,,,,,,,
India,IND,IN,356,0,1,2014,1312277191,"World Bank, World Development Indicators (SP.POP.TOTL), sourced from UN World Population Prospects and national statistical offices",https://api.worldbank.org/v2/country/all/indicator/SP.POP.TOTL,1312277191,0,,,,,,,,,,,,,,,,,,,,,,,,,,,,,
India,IND,IN,356,0,1,2015,1328024498,"World Bank, World Development Indicators (SP.POP.TOTL), sourced from UN World Population Prospects and national statistical offices",https://api.worldbank.org/v2/country/all/indicator/SP.POP.TOTL,1328024498,0,5252296,0.003954969210214073,Mid-year / 30 June,UN DESA International Migrant Stock (World Bank indicator SM.POP.TOTL),https://api.worldbank.org/v2/country/CHN;IND;PHL;RUS;ZAF;SUR;THA/indicator/SM.POP.TOTL?format=json&date=2010:2022&per_page=200,"UN estimate (not annual); mid-year benchmark year only; retrieved from World Bank mirror of UN DESA International Migrant Stock, accessed 2026-08",,,,,,,,,,,,,,,,,,,,,,,
India,IND,IN,356,0,1,2016,1343944296,"World Bank, World Development Indicators (SP.POP.TOTL), sourced from UN World Population Prospects and national statistical offices",https://api.worldbank.org/v2/country/all/indicator/SP.POP.TOTL,1343944296,0,,,,,,,,,,,,,,,,,,,,,,,,,,,,,
India,IND,IN,356,0,1,2017,1359657400,"World Bank, World Development Indicators (SP.POP.TOTL), sourced from UN World Population Prospects and national statistical offices",https://api.worldbank.org/v2/country/all/indicator/SP.POP.TOTL,1359657400,0,,,,,,,,,,,,,,,,,,,,,,,,,,,,,
India,IND,IN,356,0,1,2018,1374659064,"World Bank, World Development Indicators (SP.POP.TOTL), sourced from UN World Population Prospects and national statistical offices",https://api.worldbank.org/v2/country/all/indicator/SP.POP.TOTL,1374659064,0,,,,,,,,,,,,,,,,,,,,,,,,,,,,,
India,IND,IN,356,0,1,2019,1389030312,"World Bank, World Development Indicators (SP.POP.TOTL), sourced from UN World Population Prospects and national statistical offices",https://api.worldbank.org/v2/country/all/indicator/SP.POP.TOTL,1389030312,0,,,,,,,,,,,,,,,,,,,,,,,,,,,,,
India,IND,IN,356,0,1,2020,1402617695,"World Bank, World Development Indicators (SP.POP.TOTL), sourced from UN World Population Prospects and national statistical offices",https://api.worldbank.org/v2/country/all/indicator/SP.POP.TOTL,1402617695,0,4929816,0.0035147253721193074,Mid-year / 30 June,UN DESA International Migrant Stock (World Bank indicator SM.POP.TOTL),https://api.worldbank.org/v2/country/CHN;IND;PHL;RUS;ZAF;SUR;THA/indicator/SM.POP.TOTL?format=json&date=2010:2022&per_page=200,"UN estimate (not annual); mid-year benchmark year only; retrieved from World Bank mirror of UN DESA International Migrant Stock, accessed 2026-08",,,,,,,,,,,,,,,,,,,,,,,
India,IND,IN,356,0,1,2021,1414203896,"World Bank, World Development Indicators (SP.POP.TOTL), sourced from UN World Population Prospects and national statistical offices",https://api.worldbank.org/v2/country/all/indicator/SP.POP.TOTL,1414203896,0,,,,,,,,,,,,,,,,,,,,,,,,,,,,,
India,IND,IN,356,0,1,2022,1425423212,"World Bank, World Development Indicators (SP.POP.TOTL), sourced from UN World Population Prospects and national statistical offices",https://api.worldbank.org/v2/country/all/indicator/SP.POP.TOTL,1425423212,0,,,,,,,,,,,,,,,,,,,,,,,,,,,,,
Israel,ISR,IL,376,1,1,2010,7623600,"World Bank, World Development Indicators (SP.POP.TOTL), sourced from UN World Population Prospects and national statistical offices",https://api.worldbank.org/v2/country/all/indicator/SP.POP.TOTL,7336735,-0.03762854819245501,1877700,0.24630096017629466,31 December,"OECD International Migration Database (stocks of foreign-born population, measure B14)","https://sdmx.oecd.org/public/rest/data/OECD.ELS.IMD,DSD_MIG_F@DF_MIG_POPF,1.0/ISR.W.A.B14._T._Z._Z.PS?startPeriod=2010&endPeriod=2022&format=jsondata&dimensionAtObservation=AllDimensions",Population born abroad; OECD IMD series sourced from Israel CBS. Reference date 31 December. Figures for 2010-2015 are rounded by the source to the nearest 100 or 1000.,,,,,,,,,,,,,,,,,,,,,,,
Israel,ISR,IL,376,1,1,2011,7765800,"World Bank, World Development Indicators (SP.POP.TOTL), sourced from UN World Population Prospects and national statistical offices",https://api.worldbank.org/v2/country/all/indicator/SP.POP.TOTL,7471023,-0.037958355868036774,1869000,0.24067063277447268,31 December,"OECD International Migration Database (stocks of foreign-born population, measure B14)","https://sdmx.oecd.org/public/rest/data/OECD.ELS.IMD,DSD_MIG_F@DF_MIG_POPF,1.0/ISR.W.A.B14._T._Z._Z.PS?startPeriod=2010&endPeriod=2022&format=jsondata&dimensionAtObservation=AllDimensions",Population born abroad; OECD IMD series sourced from Israel CBS. Reference date 31 December. Figures for 2010-2015 are rounded by the source to the nearest 100 or 1000.,,,,,,,,,,,,,,,,,,,,,,,
Israel,ISR,IL,376,1,1,2012,7910500,"World Bank, World Development Indicators (SP.POP.TOTL), sourced from UN World Population Prospects and national statistical offices",https://api.worldbank.org/v2/country/all/indicator/SP.POP.TOTL,7607780,-0.038268124644459896,1850000,0.2338663801276784,31 December,"OECD International Migration Database (stocks of foreign-born population, measure B14)","https://sdmx.oecd.org/public/rest/data/OECD.ELS.IMD,DSD_MIG_F@DF_MIG_POPF,1.0/ISR.W.A.B14._T._Z._Z.PS?startPeriod=2010&endPeriod=2022&format=jsondata&dimensionAtObservation=AllDimensions",Population born abroad; OECD IMD series sourced from Israel CBS. Reference date 31 December. Figures for 2010-2015 are rounded by the source to the nearest 100 or 1000.,,,,,,,,,,,,,,,,,,,,,,,
Israel,ISR,IL,376,1,1,2013,8059500,"World Bank, World Development Indicators (SP.POP.TOTL), sourced from UN World Population Prospects and national statistical offices",https://api.worldbank.org/v2/country/all/indicator/SP.POP.TOTL,7749379,-0.03847893789937341,1835000,0.2276816179663751,31 December,"OECD International Migration Database (stocks of foreign-born population, measure B14)","https://sdmx.oecd.org/public/rest/data/OECD.ELS.IMD,DSD_MIG_F@DF_MIG_POPF,1.0/ISR.W.A.B14._T._Z._Z.PS?startPeriod=2010&endPeriod=2022&format=jsondata&dimensionAtObservation=AllDimensions",Population born abroad; OECD IMD series sourced from Israel CBS. Reference date 31 December. Figures for 2010-2015 are rounded by the source to the nearest 100 or 1000.,,,,,,,,,,,,,,,,,,,,,,,
Israel,ISR,IL,376,1,1,2014,8215700,"World Bank, World Development Indicators (SP.POP.TOTL), sourced from UN World Population Prospects and national statistical offices",https://api.worldbank.org/v2/country/all/indicator/SP.POP.TOTL,7897179,-0.03876979441800455,1821000,0.2216487943814891,31 December,"OECD International Migration Database (stocks of foreign-born population, measure B14)","https://sdmx.oecd.org/public/rest/data/OECD.ELS.IMD,DSD_MIG_F@DF_MIG_POPF,1.0/ISR.W.A.B14._T._Z._Z.PS?startPeriod=2010&endPeriod=2022&format=jsondata&dimensionAtObservation=AllDimensions",Population born abroad; OECD IMD series sourced from Israel CBS. Reference date 31 December. Figures for 2010-2015 are rounded by the source to the nearest 100 or 1000.,,,,,,,,,,,,,,,,,,,,,,,
Israel,ISR,IL,376,1,1,2015,8380100,"World Bank, World Development Indicators (SP.POP.TOTL), sourced from UN World Population Prospects and national statistical offices",https://api.worldbank.org/v2/country/all/indicator/SP.POP.TOTL,8052908,-0.03904392549014928,1817000,0.2168231882674431,31 December,"OECD International Migration Database (stocks of foreign-born population, measure B14)","https://sdmx.oecd.org/public/rest/data/OECD.ELS.IMD,DSD_MIG_F@DF_MIG_POPF,1.0/ISR.W.A.B14._T._Z._Z.PS?startPeriod=2010&endPeriod=2022&format=jsondata&dimensionAtObservation=AllDimensions",Population born abroad; OECD IMD series sourced from Israel CBS. Reference date 31 December. Figures for 2010-2015 are rounded by the source to the nearest 100 or 1000.,,,,,,,,,,,,,,,,,,,,,,,
Israel,ISR,IL,376,1,1,2016,8546000,"World Bank, World Development Indicators (SP.POP.TOTL), sourced from UN World Population Prospects and national statistical offices",https://api.worldbank.org/v2/country/all/indicator/SP.POP.TOTL,8210005,-0.03931605429440674,1817500,0.21267259536625321,31 December,"OECD International Migration Database (stocks of foreign-born population, measure B14)","https://sdmx.oecd.org/public/rest/data/OECD.ELS.IMD,DSD_MIG_F@DF_MIG_POPF,1.0/ISR.W.A.B14._T._Z._Z.PS?startPeriod=2010&endPeriod=2022&format=jsondata&dimensionAtObservation=AllDimensions",Population born abroad; OECD IMD series sourced from Israel CBS. Reference date 31 December. Figures for 2010-2015 are rounded by the source to the nearest 100 or 1000.,,,,,,,,,,,,,,,,,,,,,,,
Israel,ISR,IL,376,1,1,2017,8713300,"World Bank, World Development Indicators (SP.POP.TOTL), sourced from UN World Population Prospects and national statistical offices",https://api.worldbank.org/v2/country/all/indicator/SP.POP.TOTL,8361797,-0.04034097299530603,1812420,0.20800615151549928,31 December,"OECD International Migration Database (stocks of foreign-born population, measure B14)","https://sdmx.oecd.org/public/rest/data/OECD.ELS.IMD,DSD_MIG_F@DF_MIG_POPF,1.0/ISR.W.A.B14._T._Z._Z.PS?startPeriod=2010&endPeriod=2022&format=jsondata&dimensionAtObservation=AllDimensions",Population born abroad; OECD IMD series sourced from Israel CBS. Reference date 31 December. Figures for 2010-2015 are rounded by the source to the nearest 100 or 1000.,,,,,,,,,,,,,,,,,,,,,,,
Israel,ISR,IL,376,1,1,2018,8882800,"World Bank, World Development Indicators (SP.POP.TOTL), sourced from UN World Population Prospects and national statistical offices",https://api.worldbank.org/v2/country/all/indicator/SP.POP.TOTL,8510067,-0.04196120592605935,1811240,0.20390417435943622,31 December,"OECD International Migration Database (stocks of foreign-born population, measure B14)","https://sdmx.oecd.org/public/rest/data/OECD.ELS.IMD,DSD_MIG_F@DF_MIG_POPF,1.0/ISR.W.A.B14._T._Z._Z.PS?startPeriod=2010&endPeriod=2022&format=jsondata&dimensionAtObservation=AllDimensions",Population born abroad; OECD IMD series sourced from Israel CBS. Reference date 31 December. Figures for 2010-2015 are rounded by the source to the nearest 100 or 1000.,,,,,,,,,,,,,,,,,,,,,,,
Israel,ISR,IL,376,1,1,2019,9054000,"World Bank, World Development Indicators (SP.POP.TOTL), sourced from UN World Population Prospects and national statistical offices",https://api.worldbank.org/v2/country/all/indicator/SP.POP.TOTL,8657474,-0.043795670421912965,1808920,0.19979235696929534,31 December,"OECD International Migration Database (stocks of foreign-born population, measure B14)","https://sdmx.oecd.org/public/rest/data/OECD.ELS.IMD,DSD_MIG_F@DF_MIG_POPF,1.0/ISR.W.A.B14._T._Z._Z.PS?startPeriod=2010&endPeriod=2022&format=jsondata&dimensionAtObservation=AllDimensions",Population born abroad; OECD IMD series sourced from Israel CBS. Reference date 31 December. Figures for 2010-2015 are rounded by the source to the nearest 100 or 1000.,,,,,,,,,,,,,,,,,,,,,,,
Israel,ISR,IL,376,1,1,2020,9215100,"World Bank, World Development Indicators (SP.POP.TOTL), sourced from UN World Population Prospects and national statistical offices",https://api.worldbank.org/v2/country/all/indicator/SP.POP.TOTL,8800376,-0.0450048290306128,1812180,0.1966533190090178,31 December,"OECD International Migration Database (stocks of foreign-born population, measure B14)","https://sdmx.oecd.org/public/rest/data/OECD.ELS.IMD,DSD_MIG_F@DF_MIG_POPF,1.0/ISR.W.A.B14._T._Z._Z.PS?startPeriod=2010&endPeriod=2022&format=jsondata&dimensionAtObservation=AllDimensions",Population born abroad; OECD IMD series sourced from Israel CBS. Reference date 31 December. Figures for 2010-2015 are rounded by the source to the nearest 100 or 1000.,,,,,,,30100,0.0032663780100053172,See note,"Israel Population and Immigration Authority (רשות האוכלוסין וההגירה), Foreigners in Israel (נתוני זרים בישראל), Q1 2022",https://www.gov.il/BlobFolder/generalpage/foreign_workers_stats/he/zarim_2022_q1.pdf,"Reference date end of 2020. Administrative register count of persons who entered Israel as tourists and remained without a valid permit; published as '30.1 thousand'. Excludes infiltrators and lapsed foreign workers, which PIBA counts separately.",1,,,,,,,,,,
Israel,ISR,IL,376,1,1,2021,9371400,"World Bank, World Development Indicators (SP.POP.TOTL), sourced from UN World Population Prospects and national statistical offices",https://api.worldbank.org/v2/country/all/indicator/SP.POP.TOTL,8942924,-0.04572166378556032,1797300,0.19178564568794418,31 December,"OECD International Migration Database (stocks of foreign-born population, measure B14)","https://sdmx.oecd.org/public/rest/data/OECD.ELS.IMD,DSD_MIG_F@DF_MIG_POPF,1.0/ISR.W.A.B14._T._Z._Z.PS?startPeriod=2010&endPeriod=2022&format=jsondata&dimensionAtObservation=AllDimensions",Population born abroad; OECD IMD series sourced from Israel CBS. Reference date 31 December. Figures for 2010-2015 are rounded by the source to the nearest 100 or 1000.,,,,,,,,,,,,,,,,,,,,,,,
Israel,ISR,IL,376,1,1,2022,9557500,"World Bank, World Development Indicators (SP.POP.TOTL), sourced from UN World Population Prospects and national statistical offices",https://api.worldbank.org/v2/country/all/indicator/SP.POP.TOTL,9103151,-0.047538477635364895,1792880,0.18758880460371435,31 December,"OECD International Migration Database (stocks of foreign-born population, measure B14)","https://sdmx.oecd.org/public/rest/data/OECD.ELS.IMD,DSD_MIG_F@DF_MIG_POPF,1.0/ISR.W.A.B14._T._Z._Z.PS?startPeriod=2010&endPeriod=2022&format=jsondata&dimensionAtObservation=AllDimensions",Population born abroad; OECD IMD series sourced from Israel CBS. Reference date 31 December. Figures for 2010-2015 are rounded by the source to the nearest 100 or 1000.,,,,,,,26798,0.002803871305257651,See note,"Israel Population and Immigration Authority (רשות האוכלוסין וההגירה), Foreigners in Israel (נתוני זרים בישראל), Q1 2022",https://www.gov.il/BlobFolder/generalpage/foreign_workers_stats/he/zarim_2022_q1.pdf,"Reference date 31 March 2022. Administrative register count of 'infiltrators' (מסתננים) resident in Israel, i.e. persons who entered irregularly via the Egyptian border; 76% Eritrean, 14% Sudanese. Separate PIBA category from tourist overstayers and lapsed workers.",2,,,,,,,,,,
Italy,ITA,IT,380,1,1,2010,59819407,"World Bank, World Development Indicators (SP.POP.TOTL), sourced from UN World Population Prospects and national statistical offices",https://api.worldbank.org/v2/country/all/indicator/SP.POP.TOTL,60164213,0.00576411598329619,4597046,0.07684873907225459,1 January,Eurostat [migr_pop3ctb],https://ec.europa.eu/eurostat/api/dissemination/statistics/1.0/data/migr_pop3ctb?format=JSON&lang=EN&geo=IT&age=TOTAL&sex=T&unit=NR&c_birth=FOR&sinceTimePeriod=2010&untilTimePeriod=2022,stock at 1 Jan; c_birth=FOR (born in a foreign country),3836349,0.06413218038085867,1 January,Eurostat [migr_pop1ctz],https://ec.europa.eu/eurostat/api/dissemination/statistics/1.0/data/migr_pop1ctz?format=JSON&lang=EN&geo=IT&age=TOTAL&sex=T&unit=NR&citizen=FOR_STLS&sinceTimePeriod=2010&untilTimePeriod=2022,stock at 1 Jan; citizen=FOR_STLS (foreign citizens incl. stateless),,,,,,,,,,,,,46955,Full calendar year (flow),"Eurostat, Third country nationals found to be illegally present (migr_eipre)",https://ec.europa.eu/eurostat/databrowser/view/migr_eipre/default/table,"Eurostat enforcement statistic - annual flow of detections, NOT a stock. Dataset migr_eipre, dimensions freq=A citizen=TOTAL reason=TOTAL apprehen=TOTAL sex=T age=TOTAL unit=PER. Rounded to nearest 5 by Eurostat."
Italy,ITA,IT,380,1,1,2011,60026841,"World Bank, World Development Indicators (SP.POP.TOTL), sourced from UN World Population Prospects and national statistical offices",https://api.worldbank.org/v2/country/all/indicator/SP.POP.TOTL,60367880,0.005681441740370778,4834495,0.08053888759530091,1 January,Eurostat [migr_pop3ctb],https://ec.europa.eu/eurostat/api/dissemination/statistics/1.0/data/migr_pop3ctb?format=JSON&lang=EN&geo=IT&age=TOTAL&sex=T&unit=NR&c_birth=FOR&sinceTimePeriod=2010&untilTimePeriod=2022,stock at 1 Jan; c_birth=FOR (born in a foreign country),4101335,0.06832501813646999,1 January,Eurostat [migr_pop1ctz],https://ec.europa.eu/eurostat/api/dissemination/statistics/1.0/data/migr_pop1ctz?format=JSON&lang=EN&geo=IT&age=TOTAL&sex=T&unit=NR&citizen=FOR_STLS&sinceTimePeriod=2010&untilTimePeriod=2022,stock at 1 Jan; citizen=FOR_STLS (foreign citizens incl. stateless),,,,,,,,,,,,,29505,Full calendar year (flow),"Eurostat, Third country nationals found to be illegally present (migr_eipre)",https://ec.europa.eu/eurostat/databrowser/view/migr_eipre/default/table,"Eurostat enforcement statistic - annual flow of detections, NOT a stock. Dataset migr_eipre, dimensions freq=A citizen=TOTAL reason=TOTAL apprehen=TOTAL sex=T age=TOTAL unit=PER. Rounded to nearest 5 by Eurostat."
Italy,ITA,IT,380,1,1,2012,60191247,"World Bank, World Development Indicators (SP.POP.TOTL), sourced from UN World Population Prospects and national statistical offices",https://api.worldbank.org/v2/country/all/indicator/SP.POP.TOTL,60531515,0.005653114314112815,5022967,0.08345012357029254,1 January,Eurostat [migr_pop3ctb],https://ec.europa.eu/eurostat/api/dissemination/statistics/1.0/data/migr_pop3ctb?format=JSON&lang=EN&geo=IT&age=TOTAL&sex=T&unit=NR&c_birth=FOR&sinceTimePeriod=2010&untilTimePeriod=2022,stock at 1 Jan; c_birth=FOR (born in a foreign country),4319201,0.07175795842873965,1 January,Eurostat [migr_pop1ctz],https://ec.europa.eu/eurostat/api/dissemination/statistics/1.0/data/migr_pop1ctz?format=JSON&lang=EN&geo=IT&age=TOTAL&sex=T&unit=NR&citizen=FOR_STLS&sinceTimePeriod=2010&untilTimePeriod=2022,stock at 1 Jan; citizen=FOR_STLS (foreign citizens incl. stateless),,,,,,,,,,,,,29345,Full calendar year (flow),"Eurostat, Third country nationals found to be illegally present (migr_eipre)",https://ec.europa.eu/eurostat/databrowser/view/migr_eipre/default/table,"Eurostat enforcement statistic - annual flow of detections, NOT a stock. Dataset migr_eipre, dimensions freq=A citizen=TOTAL reason=TOTAL apprehen=TOTAL sex=T age=TOTAL unit=PER. Rounded to nearest 5 by Eurostat."
Italy,ITA,IT,380,1,1,2013,60311613,"World Bank, World Development Indicators (SP.POP.TOTL), sourced from UN World Population Prospects and national statistical offices",https://api.worldbank.org/v2/country/all/indicator/SP.POP.TOTL,60653868,0.005674777757975069,5220823,0.08656414146973651,1 January,Eurostat [migr_pop3ctb],https://ec.europa.eu/eurostat/api/dissemination/statistics/1.0/data/migr_pop3ctb?format=JSON&lang=EN&geo=IT&age=TOTAL&sex=T&unit=NR&c_birth=FOR&sinceTimePeriod=2010&untilTimePeriod=2022,stock at 1 Jan; c_birth=FOR (born in a foreign country),4610493,0.07644453150341046,1 January,Eurostat [migr_pop1ctz],https://ec.europa.eu/eurostat/api/dissemination/statistics/1.0/data/migr_pop1ctz?format=JSON&lang=EN&geo=IT&age=TOTAL&sex=T&unit=NR&citizen=FOR_STLS&sinceTimePeriod=2010&untilTimePeriod=2022,stock at 1 Jan; citizen=FOR_STLS (foreign citizens incl. stateless),,,,,,,,,,,,,23945,Full calendar year (flow),"Eurostat, Third country nationals found to be illegally present (migr_eipre)",https://ec.europa.eu/eurostat/databrowser/view/migr_eipre/default/table,"Eurostat enforcement statistic - annual flow of detections, NOT a stock. Dataset migr_eipre, dimensions freq=A citizen=TOTAL reason=TOTAL apprehen=TOTAL sex=T age=TOTAL unit=PER. Rounded to nearest 5 by Eurostat."
Italy,ITA,IT,380,1,1,2014,60320707,"World Bank, World Development Indicators (SP.POP.TOTL), sourced from UN World Population Prospects and national statistical offices",https://api.worldbank.org/v2/country/all/indicator/SP.POP.TOTL,60664171,0.005693965092285805,5355018,0.08877578308225068,1 January,Eurostat [migr_pop3ctb],https://ec.europa.eu/eurostat/api/dissemination/statistics/1.0/data/migr_pop3ctb?format=JSON&lang=EN&geo=IT&age=TOTAL&sex=T&unit=NR&c_birth=FOR&sinceTimePeriod=2010&untilTimePeriod=2022,stock at 1 Jan; c_birth=FOR (born in a foreign country),4787166,0.07936190137824478,1 January,Eurostat [migr_pop1ctz],https://ec.europa.eu/eurostat/api/dissemination/statistics/1.0/data/migr_pop1ctz?format=JSON&lang=EN&geo=IT&age=TOTAL&sex=T&unit=NR&citizen=FOR_STLS&sinceTimePeriod=2010&untilTimePeriod=2022,stock at 1 Jan; citizen=FOR_STLS (foreign citizens incl. stateless),400000,0.0066312220113733085,See note,"Pew Research Center (2019), Europe's Unauthorized Immigrant Population Peaks in 2016, Then Levels Off",https://www.pewresearch.org/global/2019/11/13/europes-unauthorized-immigrant-population-peaks-in-2016-then-levels-off/,"Pew residual method (population/labour-force data minus lawfully resident foreign-born), estimate INCLUDES asylum seekers awaiting a decision; published range 300000-500000, value is the midpoint of the published range. Pew reports only rounded 100k bounds.",1,,,,,,25300,Full calendar year (flow),"Eurostat, Third country nationals found to be illegally present (migr_eipre)",https://ec.europa.eu/eurostat/databrowser/view/migr_eipre/default/table,"Eurostat enforcement statistic - annual flow of detections, NOT a stock. Dataset migr_eipre, dimensions freq=A citizen=TOTAL reason=TOTAL apprehen=TOTAL sex=T age=TOTAL unit=PER. Rounded to nearest 5 by Eurostat."
Italy,ITA,IT,380,1,1,2015,60229605,"World Bank, World Development Indicators (SP.POP.TOTL), sourced from UN World Population Prospects and national statistical offices",https://api.worldbank.org/v2/country/all/indicator/SP.POP.TOTL,60575316,0.005739884895476236,5383252,0.08937883620521835,1 January,Eurostat [migr_pop3ctb],https://ec.europa.eu/eurostat/api/dissemination/statistics/1.0/data/migr_pop3ctb?format=JSON&lang=EN&geo=IT&age=TOTAL&sex=T&unit=NR&c_birth=FOR&sinceTimePeriod=2010&untilTimePeriod=2022,stock at 1 Jan; c_birth=FOR (born in a foreign country),4835245,0.08028020439450001,1 January,Eurostat [migr_pop1ctz],https://ec.europa.eu/eurostat/api/dissemination/statistics/1.0/data/migr_pop1ctz?format=JSON&lang=EN&geo=IT&age=TOTAL&sex=T&unit=NR&citizen=FOR_STLS&sinceTimePeriod=2010&untilTimePeriod=2022,stock at 1 Jan; citizen=FOR_STLS (foreign citizens incl. stateless),404000,0.006707664777147385,1 January,"Fondazione ISMU, XXII Rapporto sulle migrazioni 2016",https://www.antoniocasella.eu/nume/Ismu_1dic2016.pdf,"ISMU annual estimate of irregular presence at 1 January (stranieri irregolarmente presenti); derived from ISMU's reconstruction of total foreign presence (regular registered, regular unregistered, irregular) benchmarked on ISTAT resident population, residence permits and regularisation/amnesty administrative records. Point estimate, no published interval. NOTE: for 2015-2017 an alternative Pew estimate also exists in this file - do not sum.",2,,,,,,27305,Full calendar year (flow),"Eurostat, Third country nationals found to be illegally present (migr_eipre)",https://ec.europa.eu/eurostat/databrowser/view/migr_eipre/default/table,"Eurostat enforcement statistic - annual flow of detections, NOT a stock. Dataset migr_eipre, dimensions freq=A citizen=TOTAL reason=TOTAL apprehen=TOTAL sex=T age=TOTAL unit=PER. Rounded to nearest 5 by Eurostat."
Italy,ITA,IT,380,1,1,2016,60115223,"World Bank, World Development Indicators (SP.POP.TOTL), sourced from UN World Population Prospects and national statistical offices",https://api.worldbank.org/v2/country/all/indicator/SP.POP.TOTL,60478107,0.006036474321986629,5656510,0.09409446921622498,1 January,Eurostat [migr_pop3ctb],https://ec.europa.eu/eurostat/api/dissemination/statistics/1.0/data/migr_pop3ctb?format=JSON&lang=EN&geo=IT&age=TOTAL&sex=T&unit=NR&c_birth=FOR&sinceTimePeriod=2010&untilTimePeriod=2022,stock at 1 Jan; c_birth=FOR (born in a foreign country),4831042,0.08036303882628865,1 January,Eurostat [migr_pop1ctz],https://ec.europa.eu/eurostat/api/dissemination/statistics/1.0/data/migr_pop1ctz?format=JSON&lang=EN&geo=IT&age=TOTAL&sex=T&unit=NR&citizen=FOR_STLS&sinceTimePeriod=2010&untilTimePeriod=2022,stock at 1 Jan; citizen=FOR_STLS (foreign citizens incl. stateless),435000,0.007236103906659383,1 January,"Fondazione ISMU, XXII Rapporto sulle migrazioni 2016",https://www.antoniocasella.eu/nume/Ismu_1dic2016.pdf,"ISMU annual estimate of irregular presence at 1 January (stranieri irregolarmente presenti); derived from ISMU's reconstruction of total foreign presence (regular registered, regular unregistered, irregular) benchmarked on ISTAT resident population, residence permits and regularisation/amnesty administrative records. Point estimate, no published interval. NOTE: for 2015-2017 an alternative Pew estimate also exists in this file - do not sum.",2,,,,,,32365,Full calendar year (flow),"Eurostat, Third country nationals found to be illegally present (migr_eipre)",https://ec.europa.eu/eurostat/databrowser/view/migr_eipre/default/table,"Eurostat enforcement statistic - annual flow of detections, NOT a stock. Dataset migr_eipre, dimensions freq=A citizen=TOTAL reason=TOTAL apprehen=TOTAL sex=T age=TOTAL unit=PER. Rounded to nearest 5 by Eurostat."
Italy,ITA,IT,380,1,1,2017,60002252,"World Bank, World Development Indicators (SP.POP.TOTL), sourced from UN World Population Prospects and national statistical offices",https://api.worldbank.org/v2/country/all/indicator/SP.POP.TOTL,60390318,0.006467523918935576,5770263,0.09616744051539933,1 January,Eurostat [migr_pop3ctb],https://ec.europa.eu/eurostat/api/dissemination/statistics/1.0/data/migr_pop3ctb?format=JSON&lang=EN&geo=IT&age=TOTAL&sex=T&unit=NR&c_birth=FOR&sinceTimePeriod=2010&untilTimePeriod=2022,stock at 1 Jan; c_birth=FOR (born in a foreign country),4818633,0.08030753579048999,1 January,Eurostat [migr_pop1ctz],https://ec.europa.eu/eurostat/api/dissemination/statistics/1.0/data/migr_pop1ctz?format=JSON&lang=EN&geo=IT&age=TOTAL&sex=T&unit=NR&citizen=FOR_STLS&sinceTimePeriod=2010&untilTimePeriod=2022,stock at 1 Jan; citizen=FOR_STLS (foreign citizens incl. stateless),491000,0.008183026197083403,1 January,"Fondazione ISMU estimate, reported in Neodemos",https://www.neodemos.info/2018/07/27/irregolari-sanatorie-e-rimpatri/,"ISMU annual estimate of irregular presence at 1 January (stranieri irregolarmente presenti); derived from ISMU's reconstruction of total foreign presence (regular registered, regular unregistered, irregular) benchmarked on ISTAT resident population, residence permits and regularisation/amnesty administrative records. Point estimate, no published interval. NOTE: for 2015-2017 an alternative Pew estimate also exists in this file - do not sum.",2,,,,,,36230,Full calendar year (flow),"Eurostat, Third country nationals found to be illegally present (migr_eipre)",https://ec.europa.eu/eurostat/databrowser/view/migr_eipre/default/table,"Eurostat enforcement statistic - annual flow of detections, NOT a stock. Dataset migr_eipre, dimensions freq=A citizen=TOTAL reason=TOTAL apprehen=TOTAL sex=T age=TOTAL unit=PER. Rounded to nearest 5 by Eurostat."
Italy,ITA,IT,380,1,1,2018,59877221,"World Bank, World Development Indicators (SP.POP.TOTL), sourced from UN World Population Prospects and national statistical offices",https://api.worldbank.org/v2/country/all/indicator/SP.POP.TOTL,60277499,0.006684979585141401,5888837,0.09834853558083466,1 January,Eurostat [migr_pop3ctb],https://ec.europa.eu/eurostat/api/dissemination/statistics/1.0/data/migr_pop3ctb?format=JSON&lang=EN&geo=IT&age=TOTAL&sex=T&unit=NR&c_birth=FOR&sinceTimePeriod=2010&untilTimePeriod=2022,stock at 1 Jan; c_birth=FOR (born in a foreign country),4883451,0.08155774296873264,1 January,Eurostat [migr_pop1ctz],https://ec.europa.eu/eurostat/api/dissemination/statistics/1.0/data/migr_pop1ctz?format=JSON&lang=EN&geo=IT&age=TOTAL&sex=T&unit=NR&citizen=FOR_STLS&sinceTimePeriod=2010&untilTimePeriod=2022,stock at 1 Jan; citizen=FOR_STLS (foreign citizens incl. stateless),533000,0.008901548720839933,1 January,"Fondazione ISMU, XXIV Rapporto sulle migrazioni 2018",https://www.vita.it/rapporto-ismu-calano-gli-sbarcati-ma-sale-la-quota-degli-irregolari/,"ISMU annual estimate of irregular presence at 1 January (stranieri irregolarmente presenti); derived from ISMU's reconstruction of total foreign presence (regular registered, regular unregistered, irregular) benchmarked on ISTAT resident population, residence permits and regularisation/amnesty administrative records. Point estimate, no published interval. NOTE: for 2015-2017 an alternative Pew estimate also exists in this file - do not sum.",1,,,,,,26780,Full calendar year (flow),"Eurostat, Third country nationals found to be illegally present (migr_eipre)",https://ec.europa.eu/eurostat/databrowser/view/migr_eipre/default/table,"Eurostat enforcement statistic - annual flow of detections, NOT a stock. Dataset migr_eipre, dimensions freq=A citizen=TOTAL reason=TOTAL apprehen=TOTAL sex=T age=TOTAL unit=PER. Rounded to nearest 5 by Eurostat."
Italy,ITA,IT,380,1,1,2019,59729081,"World Bank, World Development Indicators (SP.POP.TOTL), sourced from UN World Population Prospects and national statistical offices",https://api.worldbank.org/v2/country/all/indicator/SP.POP.TOTL,60130136,0.006714568402617814,6069000,0.10160879588956007,1 January,Eurostat [migr_pop3ctb],https://ec.europa.eu/eurostat/api/dissemination/statistics/1.0/data/migr_pop3ctb?format=JSON&lang=EN&geo=IT&age=TOTAL&sex=T&unit=NR&c_birth=FOR&sinceTimePeriod=2010&untilTimePeriod=2022,stock at 1 Jan; c_birth=FOR (born in a foreign country),4996158,0.08364699266007458,1 January,Eurostat [migr_pop1ctz],https://ec.europa.eu/eurostat/api/dissemination/statistics/1.0/data/migr_pop1ctz?format=JSON&lang=EN&geo=IT&age=TOTAL&sex=T&unit=NR&citizen=FOR_STLS&sinceTimePeriod=2010&untilTimePeriod=2022,stock at 1 Jan; citizen=FOR_STLS (foreign citizens incl. stateless),562000,0.009409151967364105,1 January,"Fondazione ISMU, XXV Rapporto sulle migrazioni 2019",https://www.ismu.org/comunicato-stampa-xxv-rapporto-ismu/,"ISMU annual estimate of irregular presence at 1 January (stranieri irregolarmente presenti); derived from ISMU's reconstruction of total foreign presence (regular registered, regular unregistered, irregular) benchmarked on ISTAT resident population, residence permits and regularisation/amnesty administrative records. Point estimate, no published interval. NOTE: for 2015-2017 an alternative Pew estimate also exists in this file - do not sum.",1,,,,,,26885,Full calendar year (flow),"Eurostat, Third country nationals found to be illegally present (migr_eipre)",https://ec.europa.eu/eurostat/databrowser/view/migr_eipre/default/table,"Eurostat enforcement statistic - annual flow of detections, NOT a stock. Dataset migr_eipre, dimensions freq=A citizen=TOTAL reason=TOTAL apprehen=TOTAL sex=T age=TOTAL unit=PER. Rounded to nearest 5 by Eurostat."
Italy,ITA,IT,380,1,1,2020,59438851,"World Bank, World Development Indicators (SP.POP.TOTL), sourced from UN World Population Prospects and national statistical offices",https://api.worldbank.org/v2/country/all/indicator/SP.POP.TOTL,59912769,0.00797320257755319,6161391,0.10365932208211763,1 January,Eurostat [migr_pop3ctb],https://ec.europa.eu/eurostat/api/dissemination/statistics/1.0/data/migr_pop3ctb?format=JSON&lang=EN&geo=IT&age=TOTAL&sex=T&unit=NR&c_birth=FOR&sinceTimePeriod=2010&untilTimePeriod=2022,stock at 1 Jan; c_birth=FOR (born in a foreign country),5039637,0.08478691823972169,1 January,Eurostat [migr_pop1ctz],https://ec.europa.eu/eurostat/api/dissemination/statistics/1.0/data/migr_pop1ctz?format=JSON&lang=EN&geo=IT&age=TOTAL&sex=T&unit=NR&citizen=FOR_STLS&sinceTimePeriod=2010&untilTimePeriod=2022,stock at 1 Jan; citizen=FOR_STLS (foreign citizens incl. stateless),517000,0.008698014704220982,1 January,"Fondazione ISMU, XXVI Rapporto sulle migrazioni 2020",https://www.cinformi.it/Comunicazione/Notizie/I-dati-del-Rapporto-ISMU-sulle-migrazioni-2020,"ISMU annual estimate of irregular presence at 1 January (stranieri irregolarmente presenti); derived from ISMU's reconstruction of total foreign presence (regular registered, regular unregistered, irregular) benchmarked on ISTAT resident population, residence permits and regularisation/amnesty administrative records. Point estimate, no published interval. NOTE: for 2015-2017 an alternative Pew estimate also exists in this file - do not sum.",1,,,,,,22785,Full calendar year (flow),"Eurostat, Third country nationals found to be illegally present (migr_eipre)",https://ec.europa.eu/eurostat/databrowser/view/migr_eipre/default/table,"Eurostat enforcement statistic - annual flow of detections, NOT a stock. Dataset migr_eipre, dimensions freq=A citizen=TOTAL reason=TOTAL apprehen=TOTAL sex=T age=TOTAL unit=PER. Rounded to nearest 5 by Eurostat."
Italy,ITA,IT,380,1,1,2021,59133173,"World Bank, World Development Indicators (SP.POP.TOTL), sourced from UN World Population Prospects and national statistical offices",https://api.worldbank.org/v2/country/all/indicator/SP.POP.TOTL,59729350,0.010081938271771751,6262207,0.10590006729386904,1 January,Eurostat [migr_pop3ctb],https://ec.europa.eu/eurostat/api/dissemination/statistics/1.0/data/migr_pop3ctb?format=JSON&lang=EN&geo=IT&age=TOTAL&sex=T&unit=NR&c_birth=FOR&sinceTimePeriod=2010&untilTimePeriod=2022,stock at 1 Jan; c_birth=FOR (born in a foreign country),5171894,0.08746180422281753,1 January,Eurostat [migr_pop1ctz],https://ec.europa.eu/eurostat/api/dissemination/statistics/1.0/data/migr_pop1ctz?format=JSON&lang=EN&geo=IT&age=TOTAL&sex=T&unit=NR&citizen=FOR_STLS&sinceTimePeriod=2010&untilTimePeriod=2022,stock at 1 Jan; citizen=FOR_STLS (foreign citizens incl. stateless),519000,0.008776799445549793,1 January,"Fondazione ISMU, XXVII Rapporto sulle migrazioni 2021",https://www.ismu.org/xxvii-rapporto-sulle-migrazioni-2021-comunicato-stampa-11-2-2022/,"ISMU annual estimate of irregular presence at 1 January (stranieri irregolarmente presenti); derived from ISMU's reconstruction of total foreign presence (regular registered, regular unregistered, irregular) benchmarked on ISTAT resident population, residence permits and regularisation/amnesty administrative records. Point estimate, no published interval. NOTE: for 2015-2017 an alternative Pew estimate also exists in this file - do not sum.",1,,,,,,92070,Full calendar year (flow),"Eurostat, Third country nationals found to be illegally present (migr_eipre)",https://ec.europa.eu/eurostat/databrowser/view/migr_eipre/default/table,"Eurostat enforcement statistic - annual flow of detections, NOT a stock. Dataset migr_eipre, dimensions freq=A citizen=TOTAL reason=TOTAL apprehen=TOTAL sex=T age=TOTAL unit=PER. Rounded to nearest 5 by Eurostat."
Italy,ITA,IT,380,1,1,2022,59013667,"World Bank, World Development Indicators (SP.POP.TOTL), sourced from UN World Population Prospects and national statistical offices",https://api.worldbank.org/v2/country/all/indicator/SP.POP.TOTL,59619115,0.010259453966824329,6161003,0.1043995961138968,1 January,Eurostat [migr_pop3ctb],https://ec.europa.eu/eurostat/api/dissemination/statistics/1.0/data/migr_pop3ctb?format=JSON&lang=EN&geo=IT&age=TOTAL&sex=T&unit=NR&c_birth=FOR&sinceTimePeriod=2010&untilTimePeriod=2022,stock at 1 Jan; c_birth=FOR (born in a foreign country); apparent break in series (population census re-basing),5030716,0.08524662600614194,1 January,Eurostat [migr_pop1ctz],https://ec.europa.eu/eurostat/api/dissemination/statistics/1.0/data/migr_pop1ctz?format=JSON&lang=EN&geo=IT&age=TOTAL&sex=T&unit=NR&citizen=FOR_STLS&sinceTimePeriod=2010&untilTimePeriod=2022,stock at 1 Jan; citizen=FOR_STLS (foreign citizens incl. stateless); apparent break in series (population census re-basing),506000,0.00857428500418386,1 January,"Fondazione ISMU, XXVII Rapporto sulle migrazioni 2021",https://www.ismu.org/xxvii-rapporto-sulle-migrazioni-2021-comunicato-stampa-11-2-2022/,"ISMU annual estimate of irregular presence at 1 January (stranieri irregolarmente presenti); derived from ISMU's reconstruction of total foreign presence (regular registered, regular unregistered, irregular) benchmarked on ISTAT resident population, residence permits and regularisation/amnesty administrative records. Point estimate, no published interval. 2022 fall reflects completion of the 2020 regularisation (sanatoria). NOTE: for 2015-2017 an alternative Pew estimate also exists in this file - do not sum.",1,,,,,,138420,Full calendar year (flow),"Eurostat, Third country nationals found to be illegally present (migr_eipre)",https://ec.europa.eu/eurostat/databrowser/view/migr_eipre/default/table,"Eurostat enforcement statistic - annual flow of detections, NOT a stock. Dataset migr_eipre, dimensions freq=A citizen=TOTAL reason=TOTAL apprehen=TOTAL sex=T age=TOTAL unit=PER. Rounded to nearest 5 by Eurostat."
Japan,JPN,JP,392,1,1,2010,128070000,"World Bank, World Development Indicators (SP.POP.TOTL), sourced from UN World Population Prospects and national statistical offices",https://api.worldbank.org/v2/country/all/indicator/SP.POP.TOTL,128185275,0.0009000936987584914,,,,,,,2184724,0.017058827203872882,See note,"OECD International Migration Database (stocks of foreign population, measure B15)","https://sdmx.oecd.org/public/rest/data/OECD.ELS.IMD,DSD_MIG@DF_MIG,1.0/JPN.W.A.B15._T._Z._Z.PS?startPeriod=2010&endPeriod=2022&format=jsondata&dimensionAtObservation=AllDimensions","Registered foreign residents (在留外国人), OECD IMD series sourced from Japan's Immigration Services Agency. Excludes short stays under 90 days. IMPORTANT REFERENCE-DATE CAVEAT (verified): the OECD year label is offset one year later than Japan's ISA 31-December series. ISA reports end-2021 = 2760635 and end-2020 = 2887116 (https://www.moj.go.jp/isa/publications/press/13_00001.html), whereas OECD labels 2887116 as 2021 and 2760635 as 2022. Values are recorded here exactly as OECD publishes them; to align with the ISA national series subtract one from the year label.",,,,,,,,91778,1 January,"Japan Immigration Services Agency (2015), Immigration Control in Recent Years, Table 21 (changes in the estimated number of foreign nationals overstaying)",https://www.moj.go.jp/isa/content/930003133.pdf,"Overstayers (不法残留者) as of 1 January 2010. PROVENANCE: taken from an independently compiled comparison dataset citing ISA Table 21. The 2015 value in that same table was re-read directly from this PDF and matched exactly (60,007), but Table 21 itself could not be re-extracted, so 2010 is not independently re-verified.",,,,,
Japan,JPN,JP,392,1,1,2011,127833000,"World Bank, World Development Indicators (SP.POP.TOTL), sourced from UN World Population Prospects and national statistical offices",https://api.worldbank.org/v2/country/all/indicator/SP.POP.TOTL,128096432,0.0020607511362480736,,,,,,,2132913,0.016685151721386498,See note,"OECD International Migration Database (stocks of foreign population, measure B15)","https://sdmx.oecd.org/public/rest/data/OECD.ELS.IMD,DSD_MIG@DF_MIG,1.0/JPN.W.A.B15._T._Z._Z.PS?startPeriod=2010&endPeriod=2022&format=jsondata&dimensionAtObservation=AllDimensions","Registered foreign residents (在留外国人), OECD IMD series sourced from Japan's Immigration Services Agency. Excludes short stays under 90 days. IMPORTANT REFERENCE-DATE CAVEAT (verified): the OECD year label is offset one year later than Japan's ISA 31-December series. ISA reports end-2021 = 2760635 and end-2020 = 2887116 (https://www.moj.go.jp/isa/publications/press/13_00001.html), whereas OECD labels 2887116 as 2021 and 2760635 as 2022. Values are recorded here exactly as OECD publishes them; to align with the ISA national series subtract one from the year label.",,,,,,,,78488,1 January,"Global Detention Project, Japan Immigration Detention Profile (reproducing Ministry of Justice, 2011, p.34)",https://www.globaldetentionproject.org/countries/asia-pacific/japan,"overstayers (不法残留者) reported for 2011; the MOJ/ISA series is compiled as of 1 January. Source text: 'Immigration authorities estimate that in 2011 there were between 90,000 and 100,000 undocumented migrants in Japan, including 78,488 overstayers' (cited to MoJ, 2011, p.34). CAVEAT: the secondary source gives the year only and does not restate the 1 January reference date; the MOJ primary release for 1 January 2011 was no longer reachable (removed from moj.go.jp; nisshinkyo.org mirror returns 404 to the fetcher).",,,,,
Japan,JPN,JP,392,1,1,2012,127629000,"World Bank, World Development Indicators (SP.POP.TOTL), sourced from UN World Population Prospects and national statistical offices",https://api.worldbank.org/v2/country/all/indicator/SP.POP.TOTL,127928285,0.0023449607847746204,,,,,,,2078508,0.016285546388360012,See note,"OECD International Migration Database (stocks of foreign population, measure B15)","https://sdmx.oecd.org/public/rest/data/OECD.ELS.IMD,DSD_MIG@DF_MIG,1.0/JPN.W.A.B15._T._Z._Z.PS?startPeriod=2010&endPeriod=2022&format=jsondata&dimensionAtObservation=AllDimensions","Registered foreign residents (在留外国人), OECD IMD series sourced from Japan's Immigration Services Agency. Excludes short stays under 90 days. IMPORTANT REFERENCE-DATE CAVEAT (verified): the OECD year label is offset one year later than Japan's ISA 31-December series. ISA reports end-2021 = 2760635 and end-2020 = 2887116 (https://www.moj.go.jp/isa/publications/press/13_00001.html), whereas OECD labels 2887116 as 2021 and 2760635 as 2022. Values are recorded here exactly as OECD publishes them; to align with the ISA national series subtract one from the year label.",,,,,,,,67065,1 January,"Japan Immigration Services Agency (2015), Immigration Control in Recent Years, Table 21 (changes in the estimated number of foreign nationals overstaying)",https://www.moj.go.jp/isa/content/930003133.pdf,"Overstayers (不法残留者) as of 1 January 2012. PROVENANCE: taken from an independently compiled comparison dataset citing ISA Table 21; the 2015 value from the same table was re-read directly and matched exactly, but 2012 is not independently re-verified.",,,,,
Japan,JPN,JP,392,1,1,2013,127445000,"World Bank, World Development Indicators (SP.POP.TOTL), sourced from UN World Population Prospects and national statistical offices",https://api.worldbank.org/v2/country/all/indicator/SP.POP.TOTL,127723645,0.0021863941308015223,,,,,,,2033656,0.01595712660363294,See note,"OECD International Migration Database (stocks of foreign population, measure B15)","https://sdmx.oecd.org/public/rest/data/OECD.ELS.IMD,DSD_MIG@DF_MIG,1.0/JPN.W.A.B15._T._Z._Z.PS?startPeriod=2010&endPeriod=2022&format=jsondata&dimensionAtObservation=AllDimensions","Registered foreign residents (在留外国人), OECD IMD series sourced from Japan's Immigration Services Agency. Excludes short stays under 90 days. IMPORTANT REFERENCE-DATE CAVEAT (verified): the OECD year label is offset one year later than Japan's ISA 31-December series. ISA reports end-2021 = 2760635 and end-2020 = 2887116 (https://www.moj.go.jp/isa/publications/press/13_00001.html), whereas OECD labels 2887116 as 2021 and 2760635 as 2022. Values are recorded here exactly as OECD publishes them; to align with the ISA national series subtract one from the year label.",,,,,,,,62009,1 January,"Japan Immigration Services Agency (2015), Immigration Control in Recent Years, Table 21 (changes in the estimated number of foreign nationals overstaying)",https://www.moj.go.jp/isa/content/930003133.pdf,"Overstayers (不法残留者) as of 1 January 2013. PROVENANCE: taken from an independently compiled comparison dataset citing ISA Table 21; the 2015 value from the same table was re-read directly and matched exactly, but 2013 is not independently re-verified.",,,,,
Japan,JPN,JP,392,1,1,2014,127276000,"World Bank, World Development Indicators (SP.POP.TOTL), sourced from UN World Population Prospects and national statistical offices",https://api.worldbank.org/v2/country/all/indicator/SP.POP.TOTL,127486605,0.0016547110217165844,,,,,,,2066445,0.016235936075929477,See note,"OECD International Migration Database (stocks of foreign population, measure B15)","https://sdmx.oecd.org/public/rest/data/OECD.ELS.IMD,DSD_MIG@DF_MIG,1.0/JPN.W.A.B15._T._Z._Z.PS?startPeriod=2010&endPeriod=2022&format=jsondata&dimensionAtObservation=AllDimensions","Registered foreign residents (在留外国人), OECD IMD series sourced from Japan's Immigration Services Agency. Excludes short stays under 90 days. IMPORTANT REFERENCE-DATE CAVEAT (verified): the OECD year label is offset one year later than Japan's ISA 31-December series. ISA reports end-2021 = 2760635 and end-2020 = 2887116 (https://www.moj.go.jp/isa/publications/press/13_00001.html), whereas OECD labels 2887116 as 2021 and 2760635 as 2022. Values are recorded here exactly as OECD publishes them; to align with the ISA national series subtract one from the year label.",,,,,,,,59061,1 January,"出入国在留管理庁 本邦における不法残留者数について (Immigration Services Agency of Japan, Number of Overstayers in Japan)",https://www.moj.go.jp/isa/content/001459199.pdf,"As of 1 Jan 2014 (平成26年1月1日現在). RE-CONFIRMATION of a value already in the dataset. READ FROM A CHART: the labelled data point marked 過去最低 (all-time low) on 第1図 不法残留者数の推移 in the 令和7年 operations digest. Matches the already-confirmed 59,061.",,,,,
Japan,JPN,JP,392,1,1,2015,127141000,"World Bank, World Development Indicators (SP.POP.TOTL), sourced from UN World Population Prospects and national statistical offices",https://api.worldbank.org/v2/country/all/indicator/SP.POP.TOTL,127275872,0.0010608065061624495,,,,,,,2121831,0.016688802195987132,See note,"OECD International Migration Database (stocks of foreign population, measure B15)","https://sdmx.oecd.org/public/rest/data/OECD.ELS.IMD,DSD_MIG@DF_MIG,1.0/JPN.W.A.B15._T._Z._Z.PS?startPeriod=2010&endPeriod=2022&format=jsondata&dimensionAtObservation=AllDimensions","Registered foreign residents (在留外国人), OECD IMD series sourced from Japan's Immigration Services Agency. Excludes short stays under 90 days. IMPORTANT REFERENCE-DATE CAVEAT (verified): the OECD year label is offset one year later than Japan's ISA 31-December series. ISA reports end-2021 = 2760635 and end-2020 = 2887116 (https://www.moj.go.jp/isa/publications/press/13_00001.html), whereas OECD labels 2887116 as 2021 and 2760635 as 2022. Values are recorded here exactly as OECD publishes them; to align with the ISA national series subtract one from the year label.",,,,,,,,60007,1 January,"Japan Immigration Services Agency (2015), Immigration Control in Recent Years",https://www.moj.go.jp/isa/content/930003133.pdf,"Overstayers (不法残留者) as of 1 January 2015. VERIFIED DIRECTLY from this PDF: 'the estimated number of foreign nationals who overstayed was 60,007 as of January 1, 2015, an increase of 946 (1.6%) from 59,061 at January 1, 2014.'",,,,,
Japan,JPN,JP,392,1,1,2016,127076000,"World Bank, World Development Indicators (SP.POP.TOTL), sourced from UN World Population Prospects and national statistical offices",https://api.worldbank.org/v2/country/all/indicator/SP.POP.TOTL,127159951,0.0006606361547420441,,,,,,,2232189,0.017565779533507506,See note,"OECD International Migration Database (stocks of foreign population, measure B15)","https://sdmx.oecd.org/public/rest/data/OECD.ELS.IMD,DSD_MIG@DF_MIG,1.0/JPN.W.A.B15._T._Z._Z.PS?startPeriod=2010&endPeriod=2022&format=jsondata&dimensionAtObservation=AllDimensions","Registered foreign residents (在留外国人), OECD IMD series sourced from Japan's Immigration Services Agency. Excludes short stays under 90 days. IMPORTANT REFERENCE-DATE CAVEAT (verified): the OECD year label is offset one year later than Japan's ISA 31-December series. ISA reports end-2021 = 2760635 and end-2020 = 2887116 (https://www.moj.go.jp/isa/publications/press/13_00001.html), whereas OECD labels 2887116 as 2021 and 2760635 as 2022. Values are recorded here exactly as OECD publishes them; to align with the ISA national series subtract one from the year label.",,,,,,,,,,,,,,,,,
Japan,JPN,JP,392,1,1,2017,126972000,"World Bank, World Development Indicators (SP.POP.TOTL), sourced from UN World Population Prospects and national statistical offices",https://api.worldbank.org/v2/country/all/indicator/SP.POP.TOTL,127064690,0.0007300034653309392,,,,,,,2382822,0.01876651545222569,See note,"OECD International Migration Database (stocks of foreign population, measure B15)","https://sdmx.oecd.org/public/rest/data/OECD.ELS.IMD,DSD_MIG@DF_MIG,1.0/JPN.W.A.B15._T._Z._Z.PS?startPeriod=2010&endPeriod=2022&format=jsondata&dimensionAtObservation=AllDimensions","Registered foreign residents (在留外国人), OECD IMD series sourced from Japan's Immigration Services Agency. Excludes short stays under 90 days. IMPORTANT REFERENCE-DATE CAVEAT (verified): the OECD year label is offset one year later than Japan's ISA 31-December series. ISA reports end-2021 = 2760635 and end-2020 = 2887116 (https://www.moj.go.jp/isa/publications/press/13_00001.html), whereas OECD labels 2887116 as 2021 and 2760635 as 2022. Values are recorded here exactly as OECD publishes them; to align with the ISA national series subtract one from the year label.",,,,,,,,65270,1 January,"出入国在留管理庁 本邦における不法残留者数について (Immigration Services Agency of Japan, Number of Overstayers in Japan)",https://www.moj.go.jp/isa/content/001344148.pdf,"As of 1 Jan 2017 (平成29年1月1日現在). Read from 第1表 of the press release dated 31 Mar 2021 (本邦における不法残留者数について（令和3年1月1日現在）). Verified two ways within the table: 男 35,843 + 女 29,427 = 65,270; and the 11 nationality/region rows sum to 65,270. Landing page: https://www.moj.go.jp/isa/publications/press/13_00013.html",,,,,
Japan,JPN,JP,392,1,1,2018,126811000,"World Bank, World Development Indicators (SP.POP.TOTL), sourced from UN World Population Prospects and national statistical offices",https://api.worldbank.org/v2/country/all/indicator/SP.POP.TOTL,126913432,0.0008077532706153252,,,,,,,2561848,0.020202096032678554,See note,"OECD International Migration Database (stocks of foreign population, measure B15)","https://sdmx.oecd.org/public/rest/data/OECD.ELS.IMD,DSD_MIG@DF_MIG,1.0/JPN.W.A.B15._T._Z._Z.PS?startPeriod=2010&endPeriod=2022&format=jsondata&dimensionAtObservation=AllDimensions","Registered foreign residents (在留外国人), OECD IMD series sourced from Japan's Immigration Services Agency. Excludes short stays under 90 days. IMPORTANT REFERENCE-DATE CAVEAT (verified): the OECD year label is offset one year later than Japan's ISA 31-December series. ISA reports end-2021 = 2760635 and end-2020 = 2887116 (https://www.moj.go.jp/isa/publications/press/13_00001.html), whereas OECD labels 2887116 as 2021 and 2760635 as 2022. Values are recorded here exactly as OECD publishes them; to align with the ISA national series subtract one from the year label.",,,,,,,,66498,1 January,"出入国在留管理庁 本邦における不法残留者数について (Immigration Services Agency of Japan, Number of Overstayers in Japan)",https://www.moj.go.jp/isa/content/001344904.pdf,"As of 1 Jan 2018 (平成30年1月1日現在（2018年）- the source PDF prints the Western year itself). Read from 第1表 of the press release dated 29 Mar 2022 (本邦における不法残留者数について（令和4年1月1日現在）). Corroborated by an independent PDF, 第1表 of the 2021 release (https://www.moj.go.jp/isa/content/001344148.pdf), which gives the same 66,498; also 男 37,052 + 女 29,446 = 66,498 and nationality rows sum to 66,498.",,,,,
Japan,JPN,JP,392,1,1,2019,126633000,"World Bank, World Development Indicators (SP.POP.TOTL), sourced from UN World Population Prospects and national statistical offices",https://api.worldbank.org/v2/country/all/indicator/SP.POP.TOTL,126699424,0.0005245394170555858,,,,,,,2731093,0.021566992805982642,See note,"OECD International Migration Database (stocks of foreign population, measure B15)","https://sdmx.oecd.org/public/rest/data/OECD.ELS.IMD,DSD_MIG@DF_MIG,1.0/JPN.W.A.B15._T._Z._Z.PS?startPeriod=2010&endPeriod=2022&format=jsondata&dimensionAtObservation=AllDimensions","Registered foreign residents (在留外国人), OECD IMD series sourced from Japan's Immigration Services Agency. Excludes short stays under 90 days. IMPORTANT REFERENCE-DATE CAVEAT (verified): the OECD year label is offset one year later than Japan's ISA 31-December series. ISA reports end-2021 = 2760635 and end-2020 = 2887116 (https://www.moj.go.jp/isa/publications/press/13_00001.html), whereas OECD labels 2887116 as 2021 and 2760635 as 2022. Values are recorded here exactly as OECD publishes them; to align with the ISA national series subtract one from the year label.",,,,,,,,74167,1 January,"出入国在留管理庁 本邦における不法残留者数について (Immigration Services Agency of Japan, Number of Overstayers in Japan)",https://www.moj.go.jp/isa/content/001344904.pdf,"As of 1 Jan 2019 (平成31年1月1日現在（2019年）- the source PDF prints the Western year itself). Read from 第1表 of the press release dated 29 Mar 2022. Corroborated by an independent PDF, 第1表 of the 2021 release (https://www.moj.go.jp/isa/content/001344148.pdf), same 74,167; also 男 42,632 + 女 31,535 = 74,167 and nationality rows sum to 74,167.",,,,,
Japan,JPN,JP,392,1,1,2020,126261000,"World Bank, World Development Indicators (SP.POP.TOTL), sourced from UN World Population Prospects and national statistical offices",https://api.worldbank.org/v2/country/all/indicator/SP.POP.TOTL,126304543,0.000344865001861224,,,,,,,2933137,0.023230744251985964,See note,"OECD International Migration Database (stocks of foreign population, measure B15)","https://sdmx.oecd.org/public/rest/data/OECD.ELS.IMD,DSD_MIG@DF_MIG,1.0/JPN.W.A.B15._T._Z._Z.PS?startPeriod=2010&endPeriod=2022&format=jsondata&dimensionAtObservation=AllDimensions","Registered foreign residents (在留外国人), OECD IMD series sourced from Japan's Immigration Services Agency. Excludes short stays under 90 days. IMPORTANT REFERENCE-DATE CAVEAT (verified): the OECD year label is offset one year later than Japan's ISA 31-December series. ISA reports end-2021 = 2760635 and end-2020 = 2887116 (https://www.moj.go.jp/isa/publications/press/13_00001.html), whereas OECD labels 2887116 as 2021 and 2760635 as 2022. Values are recorded here exactly as OECD publishes them; to align with the ISA national series subtract one from the year label.",,,,,,,,82892,1 January,"出入国在留管理庁 本邦における不法残留者数について (Immigration Services Agency of Japan, Number of Overstayers in Japan)",https://www.moj.go.jp/isa/content/001344904.pdf,As of 1 Jan 2020 (令和2年1月1日現在（2020年）). RE-CONFIRMATION of a value already in the dataset. 第1表 of the 29 Mar 2022 release; identical figure in the 31 Mar 2021 release PDF.,,,,,
Japan,JPN,JP,392,1,1,2021,125681593,"World Bank, World Development Indicators (SP.POP.TOTL), sourced from UN World Population Prospects and national statistical offices",https://api.worldbank.org/v2/country/all/indicator/SP.POP.TOTL,125679338,-1.7942165962202594e-05,,,,,,,2887116,0.02297166936768537,See note,"OECD International Migration Database (stocks of foreign population, measure B15)","https://sdmx.oecd.org/public/rest/data/OECD.ELS.IMD,DSD_MIG@DF_MIG,1.0/JPN.W.A.B15._T._Z._Z.PS?startPeriod=2010&endPeriod=2022&format=jsondata&dimensionAtObservation=AllDimensions","Registered foreign residents (在留外国人), OECD IMD series sourced from Japan's Immigration Services Agency. Excludes short stays under 90 days. IMPORTANT REFERENCE-DATE CAVEAT (verified): the OECD year label is offset one year later than Japan's ISA 31-December series. ISA reports end-2021 = 2760635 and end-2020 = 2887116 (https://www.moj.go.jp/isa/publications/press/13_00001.html), whereas OECD labels 2887116 as 2021 and 2760635 as 2022. Values are recorded here exactly as OECD publishes them; to align with the ISA national series subtract one from the year label.",,,,,,,,82868,1 January,"出入国在留管理庁 本邦における不法残留者数について (Immigration Services Agency of Japan, Number of Overstayers in Japan)",https://www.moj.go.jp/isa/content/001344904.pdf,"As of 1 Jan 2021 (令和3年1月1日現在（2021年）). RE-CONFIRMATION of a value already in the dataset. 第1表 of the 29 Mar 2022 release; identical figure in the 31 Mar 2021 release PDF, whose text also states a decrease of 24 persons (-0.03%) vs 1 Jan 2020, consistent with 82,892 - 24 = 82,868.",,,,,
Japan,JPN,JP,392,1,1,2022,125124989,"World Bank, World Development Indicators (SP.POP.TOTL), sourced from UN World Population Prospects and national statistical offices",https://api.worldbank.org/v2/country/all/indicator/SP.POP.TOTL,124997578,-0.001018269819787956,,,,,,,2760635,0.02206301892262304,See note,"OECD International Migration Database (stocks of foreign population, measure B15)","https://sdmx.oecd.org/public/rest/data/OECD.ELS.IMD,DSD_MIG@DF_MIG,1.0/JPN.W.A.B15._T._Z._Z.PS?startPeriod=2010&endPeriod=2022&format=jsondata&dimensionAtObservation=AllDimensions","Registered foreign residents (在留外国人), OECD IMD series sourced from Japan's Immigration Services Agency. Excludes short stays under 90 days. IMPORTANT REFERENCE-DATE CAVEAT (verified): the OECD year label is offset one year later than Japan's ISA 31-December series. ISA reports end-2021 = 2760635 and end-2020 = 2887116 (https://www.moj.go.jp/isa/publications/press/13_00001.html), whereas OECD labels 2887116 as 2021 and 2760635 as 2022. Values are recorded here exactly as OECD publishes them; to align with the ISA national series subtract one from the year label.",,,,,,,,66759,1 January,"出入国在留管理庁 本邦における不法残留者数について (Immigration Services Agency of Japan, Number of Overstayers in Japan)",https://www.moj.go.jp/isa/content/001344904.pdf,"As of 1 Jan 2022 (令和4年1月1日現在（2022年）). RE-CONFIRMATION of a value already in the dataset. 第1表 of the 29 Mar 2022 release; the release text states a decrease of 16,109 (-19.4%) vs 1 Jan 2021, consistent with 82,868 - 16,109 = 66,759.",,,,,
Korea (South),KOR,KR,410,1,0,2010,49554112,"World Bank, World Development Indicators (SP.POP.TOTL), sourced from UN World Population Prospects and national statistical offices",https://api.worldbank.org/v2/country/all/indicator/SP.POP.TOTL,48769332,-0.015836829040544606,566098,0.011423835018978848,Mid-year / 30 June,UN DESA International Migrant Stock (retrieved via World Bank indicator SM.POP.TOTL),https://api.worldbank.org/v2/country/KOR/indicator/SM.POP.TOTL?format=json&date=2010:2022,"UN DESA International Migrant Stock, mid-year estimate. UN DESA publishes only 1990/1995/2000/2005/2010/2015/2020 - this is a 5-year-interval estimate, NOT an annual national figure. Korea does not publish an annual foreign-born stock; OECD IMD has no foreign-born series for Korea.",1010020,0.020382163240055637,31 December,"OECD International Migration Database (stocks of foreign population, measure B15)","https://sdmx.oecd.org/public/rest/data/OECD.ELS.IMD,DSD_MIG@DF_MIG,1.0/KOR.W.A.B15._T._Z._Z.PS?startPeriod=2010&endPeriod=2022&format=jsondata&dimensionAtObservation=AllDimensions",Foreign residents in Korea (Ministry of Justice / Korea Immigration Service) as compiled by OECD IMD. Reference date 31 December.,,,,,,,,168515,31 December,"Korean National Police University press, Cheryu oegugin beomjoe-e gwanhan gyeongchal-ui daeeung bangan (2015), Table 1, citing Ministry of Justice Korea Immigration Service statistical yearbook",https://press.police.ac.kr/pds/1476878914562.pdf,"illegal residents (불법체류자), calendar-year figure as tabulated in the MOJ Korea Immigration Service statistical yearbook (통계연보); the yearbook series is compiled as of 31 December. Predominantly visa overstayers. Source line: '출처: 법무부 출입국·외국인 정책본부, 통계연보 자료'. Korean government portals (data.go.kr, index.go.kr, kosis) block the fetcher, so this secondary academic tabulation of the MOJ series was used.",,,,,
Korea (South),KOR,KR,410,1,0,2011,49936638,"World Bank, World Development Indicators (SP.POP.TOTL), sourced from UN World Population Prospects and national statistical offices",https://api.worldbank.org/v2/country/all/indicator/SP.POP.TOTL,49127643,-0.01620042983270119,,,,,,,1088638,0.021800386321562136,31 December,"OECD International Migration Database (stocks of foreign population, measure B15)","https://sdmx.oecd.org/public/rest/data/OECD.ELS.IMD,DSD_MIG@DF_MIG,1.0/KOR.W.A.B15._T._Z._Z.PS?startPeriod=2010&endPeriod=2022&format=jsondata&dimensionAtObservation=AllDimensions",Foreign residents in Korea (Ministry of Justice / Korea Immigration Service) as compiled by OECD IMD. Reference date 31 December.,,,,,,,,167780,31 December,"Korean National Police University press, Cheryu oegugin beomjoe-e gwanhan gyeongchal-ui daeeung bangan (2015), Table 1, citing Ministry of Justice Korea Immigration Service statistical yearbook",https://press.police.ac.kr/pds/1476878914562.pdf,"illegal residents (불법체류자), calendar-year figure as tabulated in the MOJ Korea Immigration Service statistical yearbook (통계연보); the yearbook series is compiled as of 31 December. Predominantly visa overstayers. Source line: '출처: 법무부 출입국·외국인 정책본부, 통계연보 자료'. Korean government portals (data.go.kr, index.go.kr, kosis) block the fetcher, so this secondary academic tabulation of the MOJ series was used.",,,,,
Korea (South),KOR,KR,410,1,0,2012,50199853,"World Bank, World Development Indicators (SP.POP.TOTL), sourced from UN World Population Prospects and national statistical offices",https://api.worldbank.org/v2/country/all/indicator/SP.POP.TOTL,49599579,-0.011957684417920507,,,,,,,1200079,0.023906026179000964,31 December,"OECD International Migration Database (stocks of foreign population, measure B15)","https://sdmx.oecd.org/public/rest/data/OECD.ELS.IMD,DSD_MIG@DF_MIG,1.0/KOR.W.A.B15._T._Z._Z.PS?startPeriod=2010&endPeriod=2022&format=jsondata&dimensionAtObservation=AllDimensions",Foreign residents in Korea (Ministry of Justice / Korea Immigration Service) as compiled by OECD IMD. Reference date 31 December.,,,,,,,,177854,31 December,"Korean National Police University press, Cheryu oegugin beomjoe-e gwanhan gyeongchal-ui daeeung bangan (2015), Table 1, citing Ministry of Justice Korea Immigration Service statistical yearbook",https://press.police.ac.kr/pds/1476878914562.pdf,"illegal residents (불법체류자), calendar-year figure as tabulated in the MOJ Korea Immigration Service statistical yearbook (통계연보); the yearbook series is compiled as of 31 December. Predominantly visa overstayers. Source line: '출처: 법무부 출입국·외국인 정책본부, 통계연보 자료'. Korean government portals (data.go.kr, index.go.kr, kosis) block the fetcher, so this secondary academic tabulation of the MOJ series was used.",,,,,
Korea (South),KOR,KR,410,1,0,2013,50428893,"World Bank, World Development Indicators (SP.POP.TOTL), sourced from UN World Population Prospects and national statistical offices",https://api.worldbank.org/v2/country/all/indicator/SP.POP.TOTL,50071164,-0.007093730968871357,,,,,,,1202270,0.023840896130716174,31 December,"OECD International Migration Database (stocks of foreign population, measure B15)","https://sdmx.oecd.org/public/rest/data/OECD.ELS.IMD,DSD_MIG@DF_MIG,1.0/KOR.W.A.B15._T._Z._Z.PS?startPeriod=2010&endPeriod=2022&format=jsondata&dimensionAtObservation=AllDimensions",Foreign residents in Korea (Ministry of Justice / Korea Immigration Service) as compiled by OECD IMD. Reference date 31 December.,,,,,,,,183106,31 December,"Korean National Police University press, Cheryu oegugin beomjoe-e gwanhan gyeongchal-ui daeeung bangan (2015), Table 1, citing Ministry of Justice Korea Immigration Service statistical yearbook",https://press.police.ac.kr/pds/1476878914562.pdf,"illegal residents (불법체류자), calendar-year figure as tabulated in the MOJ Korea Immigration Service statistical yearbook (통계연보); the yearbook series is compiled as of 31 December. Predominantly visa overstayers. Source line: '출처: 법무부 출입국·외국인 정책본부, 통계연보 자료'. Korean government portals (data.go.kr, index.go.kr, kosis) block the fetcher, so this secondary academic tabulation of the MOJ series was used.",,,,,
Korea (South),KOR,KR,410,1,0,2014,50746659,"World Bank, World Development Indicators (SP.POP.TOTL), sourced from UN World Population Prospects and national statistical offices",https://api.worldbank.org/v2/country/all/indicator/SP.POP.TOTL,50539056,-0.004090968826144791,,,,,,,1303777,0.02569187855302947,31 December,"OECD International Migration Database (stocks of foreign population, measure B15)","https://sdmx.oecd.org/public/rest/data/OECD.ELS.IMD,DSD_MIG@DF_MIG,1.0/KOR.W.A.B15._T._Z._Z.PS?startPeriod=2010&endPeriod=2022&format=jsondata&dimensionAtObservation=AllDimensions",Foreign residents in Korea (Ministry of Justice / Korea Immigration Service) as compiled by OECD IMD. Reference date 31 December.,,,,,,,,208778,31 December,"Korean National Police University press, Cheryu oegugin beomjoe-e gwanhan gyeongchal-ui daeeung bangan (2015), Table 1, citing Ministry of Justice Korea Immigration Service statistical yearbook",https://press.police.ac.kr/pds/1476878914562.pdf,"illegal residents (불법체류자), calendar-year figure as tabulated in the MOJ Korea Immigration Service statistical yearbook (통계연보); the yearbook series is compiled as of 31 December. Predominantly visa overstayers. Source line: '출처: 법무부 출입국·외국인 정책본부, 통계연보 자료'. Korean government portals (data.go.kr, index.go.kr, kosis) block the fetcher, so this secondary academic tabulation of the MOJ series was used.",,,,,
Korea (South),KOR,KR,410,1,0,2015,51014947,"World Bank, World Development Indicators (SP.POP.TOTL), sourced from UN World Population Prospects and national statistical offices",https://api.worldbank.org/v2/country/all/indicator/SP.POP.TOTL,50983912,-0.0006083511171735609,1312172,0.025721324379696014,Mid-year / 30 June,UN DESA International Migrant Stock (retrieved via World Bank indicator SM.POP.TOTL),https://api.worldbank.org/v2/country/KOR/indicator/SM.POP.TOTL?format=json&date=2010:2022,"UN DESA International Migrant Stock, mid-year estimate. UN DESA publishes only 1990/1995/2000/2005/2010/2015/2020 - this is a 5-year-interval estimate, NOT an annual national figure. Korea does not publish an annual foreign-born stock; OECD IMD has no foreign-born series for Korea.",1488882,0.02918521114997924,31 December,"OECD International Migration Database (stocks of foreign population, measure B15)","https://sdmx.oecd.org/public/rest/data/OECD.ELS.IMD,DSD_MIG@DF_MIG,1.0/KOR.W.A.B15._T._Z._Z.PS?startPeriod=2010&endPeriod=2022&format=jsondata&dimensionAtObservation=AllDimensions",Foreign residents in Korea (Ministry of Justice / Korea Immigration Service) as compiled by OECD IMD. Reference date 31 December.,,,,,,,,212596,31 December,"Korean National Police University press, Cheryu oegugin beomjoe-e gwanhan gyeongchal-ui daeeung bangan (2015), Table 1, citing Ministry of Justice Korea Immigration Service statistical yearbook",https://press.police.ac.kr/pds/1476878914562.pdf,"illegal residents (불법체류자) as of 31 AUGUST 2015, NOT year-end - the source column is labelled '2015. 8. 기준' and the table footer reads '2015. 8. 31. 기준'. Not strictly comparable with the 31 December figures for other years; use with care or drop.",,,,,
Korea (South),KOR,KR,410,1,0,2016,51217803,"World Bank, World Development Indicators (SP.POP.TOTL), sourced from UN World Population Prospects and national statistical offices",https://api.worldbank.org/v2/country/all/indicator/SP.POP.TOTL,51297839,0.0015626597650039771,,,,,,,1594768,0.03113698570787974,31 December,"OECD International Migration Database (stocks of foreign population, measure B15)","https://sdmx.oecd.org/public/rest/data/OECD.ELS.IMD,DSD_MIG@DF_MIG,1.0/KOR.W.A.B15._T._Z._Z.PS?startPeriod=2010&endPeriod=2022&format=jsondata&dimensionAtObservation=AllDimensions",Foreign residents in Korea (Ministry of Justice / Korea Immigration Service) as compiled by OECD IMD. Reference date 31 December.,,,,,,,,,,,,,,,,,
Korea (South),KOR,KR,410,1,0,2017,51361911,"World Bank, World Development Indicators (SP.POP.TOTL), sourced from UN World Population Prospects and national statistical offices",https://api.worldbank.org/v2/country/all/indicator/SP.POP.TOTL,51486270,0.002421230004467708,,,,,,,1662759,0.032373386574343,31 December,"OECD International Migration Database (stocks of foreign population, measure B15)","https://sdmx.oecd.org/public/rest/data/OECD.ELS.IMD,DSD_MIG@DF_MIG,1.0/KOR.W.A.B15._T._Z._Z.PS?startPeriod=2010&endPeriod=2022&format=jsondata&dimensionAtObservation=AllDimensions",Foreign residents in Korea (Ministry of Justice / Korea Immigration Service) as compiled by OECD IMD. Reference date 31 December.,,,,,,,,,,,,,,,,,
Korea (South),KOR,KR,410,1,0,2018,51585058,"World Bank, World Development Indicators (SP.POP.TOTL), sourced from UN World Population Prospects and national statistical offices",https://api.worldbank.org/v2/country/all/indicator/SP.POP.TOTL,51640894,0.0010824064596379828,,,,,,,1749563,0.033916080893036896,31 December,"OECD International Migration Database (stocks of foreign population, measure B15)","https://sdmx.oecd.org/public/rest/data/OECD.ELS.IMD,DSD_MIG@DF_MIG,1.0/KOR.W.A.B15._T._Z._Z.PS?startPeriod=2010&endPeriod=2022&format=jsondata&dimensionAtObservation=AllDimensions",Foreign residents in Korea (Ministry of Justice / Korea Immigration Service) as compiled by OECD IMD. Reference date 31 December.,,,,,,,,355126,31 December,"Ministry of Justice of Korea, Immigration and Foreign Policy Statistics (불법체류외국인), reported via EKW",https://www.ekw.co.kr/news/articleView.html?idxno=11130,"Reference date 31 December 2018. Administrative register count of foreigners in illegal residence (불법체류자), predominantly overstayers. Figure taken from a secondary report citing the MOJ 2022 monthly statistics bulletin and 2021 statistical yearbook; the MOJ primary files were not directly reachable (robots.txt).",,,,,
Korea (South),KOR,KR,410,1,0,2019,51764822,"World Bank, World Development Indicators (SP.POP.TOTL), sourced from UN World Population Prospects and national statistical offices",https://api.worldbank.org/v2/country/all/indicator/SP.POP.TOTL,51767846,5.841805077587246e-05,,,,,,,1951097,0.03769156204188242,31 December,"OECD International Migration Database (stocks of foreign population, measure B15)","https://sdmx.oecd.org/public/rest/data/OECD.ELS.IMD,DSD_MIG@DF_MIG,1.0/KOR.W.A.B15._T._Z._Z.PS?startPeriod=2010&endPeriod=2022&format=jsondata&dimensionAtObservation=AllDimensions",Foreign residents in Korea (Ministry of Justice / Korea Immigration Service) as compiled by OECD IMD. Reference date 31 December.,,,,,,,,,,,,,,,,,
Korea (South),KOR,KR,410,1,0,2020,51836239,"World Bank, World Development Indicators (SP.POP.TOTL), sourced from UN World Population Prospects and national statistical offices",https://api.worldbank.org/v2/country/all/indicator/SP.POP.TOTL,51858482,0.00042910134741835725,1723389,0.033246798634445685,Mid-year / 30 June,UN DESA International Migrant Stock (retrieved via World Bank indicator SM.POP.TOTL),https://api.worldbank.org/v2/country/KOR/indicator/SM.POP.TOTL?format=json&date=2010:2022,"UN DESA International Migrant Stock, mid-year estimate. UN DESA publishes only 1990/1995/2000/2005/2010/2015/2020 - this is a 5-year-interval estimate, NOT an annual national figure. Korea does not publish an annual foreign-born stock; OECD IMD has no foreign-born series for Korea.",2024578,0.0390571931732933,31 December,"OECD International Migration Database (stocks of foreign population, measure B15)","https://sdmx.oecd.org/public/rest/data/OECD.ELS.IMD,DSD_MIG@DF_MIG,1.0/KOR.W.A.B15._T._Z._Z.PS?startPeriod=2010&endPeriod=2022&format=jsondata&dimensionAtObservation=AllDimensions",Foreign residents in Korea (Ministry of Justice / Korea Immigration Service) as compiled by OECD IMD. Reference date 31 December.,,,,,,,,392196,31 December,"Ministry of Justice of Korea, Immigration and Foreign Policy Statistics (불법체류외국인), reported via EKW",https://www.ekw.co.kr/news/articleView.html?idxno=11130,"Reference date 31 December 2020. Administrative register count of foreigners in illegal residence (불법체류자), predominantly overstayers. Figure taken from a secondary report citing the MOJ 2022 monthly statistics bulletin and 2021 statistical yearbook; the MOJ primary files were not directly reachable (robots.txt).",,,,,
Korea (South),KOR,KR,410,1,0,2021,51769539,"World Bank, World Development Indicators (SP.POP.TOTL), sourced from UN World Population Prospects and national statistical offices",https://api.worldbank.org/v2/country/all/indicator/SP.POP.TOTL,51848397,0.0015232509603765256,,,,,,,1889454,0.036497408253915495,31 December,"OECD International Migration Database (stocks of foreign population, measure B15)","https://sdmx.oecd.org/public/rest/data/OECD.ELS.IMD,DSD_MIG@DF_MIG,1.0/KOR.W.A.B15._T._Z._Z.PS?startPeriod=2010&endPeriod=2022&format=jsondata&dimensionAtObservation=AllDimensions",Foreign residents in Korea (Ministry of Justice / Korea Immigration Service) as compiled by OECD IMD. Reference date 31 December.,,,,,,,,388700,31 December,"Ministry of Justice of Korea, Immigration and Foreign Policy Statistics (불법체류외국인), reported via EKW",https://www.ekw.co.kr/news/articleView.html?idxno=11130,"Reference date 31 December 2021. Administrative register count of foreigners in illegal residence (불법체류자), predominantly overstayers. Figure taken from a secondary report citing the MOJ 2022 monthly statistics bulletin and 2021 statistical yearbook; the MOJ primary files were not directly reachable (robots.txt). Value ends in '00' and may have been rounded by the secondary source.",,,,,
Korea (South),KOR,KR,410,1,0,2022,51672569,"World Bank, World Development Indicators (SP.POP.TOTL), sourced from UN World Population Prospects and national statistical offices",https://api.worldbank.org/v2/country/all/indicator/SP.POP.TOTL,51782512,0.0021276859681584634,,,,,,,1829774,0.035410935345598936,31 December,"OECD International Migration Database (stocks of foreign population, measure B15)","https://sdmx.oecd.org/public/rest/data/OECD.ELS.IMD,DSD_MIG@DF_MIG,1.0/KOR.W.A.B15._T._Z._Z.PS?startPeriod=2010&endPeriod=2022&format=jsondata&dimensionAtObservation=AllDimensions",Foreign residents in Korea (Ministry of Justice / Korea Immigration Service) as compiled by OECD IMD. Reference date 31 December.,,,,,,,,411270,31 December,"Ministry of Justice of Korea, Immigration and Foreign Policy Statistics (불법체류외국인), reported via EKW",https://www.ekw.co.kr/news/articleView.html?idxno=11130,"Reference date 31 December 2022. Administrative register count of foreigners in illegal residence (불법체류자), predominantly overstayers. Figure taken from a secondary report citing the MOJ 2022 monthly statistics bulletin and 2021 statistical yearbook; the MOJ primary files were not directly reachable (robots.txt).",,,,,
Lithuania,LTU,LT,440,1,0,2010,3097282,"World Bank, World Development Indicators (SP.POP.TOTL), sourced from UN World Population Prospects and national statistical offices",https://api.worldbank.org/v2/country/all/indicator/SP.POP.TOTL,3097720,0.00014141431099912763,160772,0.051907446593497136,1 January,Eurostat [migr_pop3ctb],https://ec.europa.eu/eurostat/api/dissemination/statistics/1.0/data/migr_pop3ctb?format=JSON&lang=EN&geo=LT&age=TOTAL&sex=T&unit=NR&c_birth=FOR&sinceTimePeriod=2010&untilTimePeriod=2022,stock at 1 Jan; c_birth=FOR (born in a foreign country),27318,0.008819991205192165,1 January,Eurostat [migr_pop1ctz],https://ec.europa.eu/eurostat/api/dissemination/statistics/1.0/data/migr_pop1ctz?format=JSON&lang=EN&geo=LT&age=TOTAL&sex=T&unit=NR&citizen=FOR_STLS&sinceTimePeriod=2010&untilTimePeriod=2022,stock at 1 Jan; citizen=FOR_STLS (foreign citizens incl. stateless),,,,,,,,,,,,,1345,Full calendar year (flow),"Eurostat, Third country nationals found to be illegally present (migr_eipre)",https://ec.europa.eu/eurostat/databrowser/view/migr_eipre/default/table,"Eurostat enforcement statistic - annual flow of detections, NOT a stock. Dataset migr_eipre, dimensions freq=A citizen=TOTAL reason=TOTAL apprehen=TOTAL sex=T age=TOTAL unit=PER. Rounded to nearest 5 by Eurostat."
Lithuania,LTU,LT,440,1,0,2011,3028115,"World Bank, World Development Indicators (SP.POP.TOTL), sourced from UN World Population Prospects and national statistical offices",https://api.worldbank.org/v2/country/all/indicator/SP.POP.TOTL,3028642,0.00017403566245007208,149544,0.04938517856818516,1 January,Eurostat [migr_pop3ctb],https://ec.europa.eu/eurostat/api/dissemination/statistics/1.0/data/migr_pop3ctb?format=JSON&lang=EN&geo=LT&age=TOTAL&sex=T&unit=NR&c_birth=FOR&sinceTimePeriod=2010&untilTimePeriod=2022,stock at 1 Jan; c_birth=FOR (born in a foreign country),24031,0.007935960160033553,1 January,Eurostat [migr_pop1ctz],https://ec.europa.eu/eurostat/api/dissemination/statistics/1.0/data/migr_pop1ctz?format=JSON&lang=EN&geo=LT&age=TOTAL&sex=T&unit=NR&citizen=FOR_STLS&sinceTimePeriod=2010&untilTimePeriod=2022,stock at 1 Jan; citizen=FOR_STLS (foreign citizens incl. stateless),,,,,,,,,,,,,1895,Full calendar year (flow),"Eurostat, Third country nationals found to be illegally present (migr_eipre)",https://ec.europa.eu/eurostat/databrowser/view/migr_eipre/default/table,"Eurostat enforcement statistic - annual flow of detections, NOT a stock. Dataset migr_eipre, dimensions freq=A citizen=TOTAL reason=TOTAL apprehen=TOTAL sex=T age=TOTAL unit=PER. Rounded to nearest 5 by Eurostat."
Lithuania,LTU,LT,440,1,0,2012,2989139,"World Bank, World Development Indicators (SP.POP.TOTL), sourced from UN World Population Prospects and national statistical offices",https://api.worldbank.org/v2/country/all/indicator/SP.POP.TOTL,2988329,-0.0002709810416979605,143675,0.04806568045179565,1 January,Eurostat [migr_pop3ctb],https://ec.europa.eu/eurostat/api/dissemination/statistics/1.0/data/migr_pop3ctb?format=JSON&lang=EN&geo=LT&age=TOTAL&sex=T&unit=NR&c_birth=FOR&sinceTimePeriod=2010&untilTimePeriod=2022,stock at 1 Jan; c_birth=FOR (born in a foreign country),22865,0.007649359899288725,1 January,Eurostat [migr_pop1ctz],https://ec.europa.eu/eurostat/api/dissemination/statistics/1.0/data/migr_pop1ctz?format=JSON&lang=EN&geo=LT&age=TOTAL&sex=T&unit=NR&citizen=FOR_STLS&sinceTimePeriod=2010&untilTimePeriod=2022,stock at 1 Jan; citizen=FOR_STLS (foreign citizens incl. stateless),,,,,,,,,,,,,2080,Full calendar year (flow),"Eurostat, Third country nationals found to be illegally present (migr_eipre)",https://ec.europa.eu/eurostat/databrowser/view/migr_eipre/default/table,"Eurostat enforcement statistic - annual flow of detections, NOT a stock. Dataset migr_eipre, dimensions freq=A citizen=TOTAL reason=TOTAL apprehen=TOTAL sex=T age=TOTAL unit=PER. Rounded to nearest 5 by Eurostat."
Lithuania,LTU,LT,440,1,0,2013,2961250,"World Bank, World Development Indicators (SP.POP.TOTL), sourced from UN World Population Prospects and national statistical offices",https://api.worldbank.org/v2/country/all/indicator/SP.POP.TOTL,2958360,-0.0009759392148585901,138297,0.04670223723089911,1 January,Eurostat [migr_pop3ctb],https://ec.europa.eu/eurostat/api/dissemination/statistics/1.0/data/migr_pop3ctb?format=JSON&lang=EN&geo=LT&age=TOTAL&sex=T&unit=NR&c_birth=FOR&sinceTimePeriod=2010&untilTimePeriod=2022,stock at 1 Jan; c_birth=FOR (born in a foreign country),21498,0.007259772055719713,1 January,Eurostat [migr_pop1ctz],https://ec.europa.eu/eurostat/api/dissemination/statistics/1.0/data/migr_pop1ctz?format=JSON&lang=EN&geo=LT&age=TOTAL&sex=T&unit=NR&citizen=FOR_STLS&sinceTimePeriod=2010&untilTimePeriod=2022,stock at 1 Jan; citizen=FOR_STLS (foreign citizens incl. stateless),,,,,,,,,,,,,1910,Full calendar year (flow),"Eurostat, Third country nationals found to be illegally present (migr_eipre)",https://ec.europa.eu/eurostat/databrowser/view/migr_eipre/default/table,"Eurostat enforcement statistic - annual flow of detections, NOT a stock. Dataset migr_eipre, dimensions freq=A citizen=TOTAL reason=TOTAL apprehen=TOTAL sex=T age=TOTAL unit=PER. Rounded to nearest 5 by Eurostat."
Lithuania,LTU,LT,440,1,0,2014,2937253,"World Bank, World Development Indicators (SP.POP.TOTL), sourced from UN World Population Prospects and national statistical offices",https://api.worldbank.org/v2/country/all/indicator/SP.POP.TOTL,2933168,-0.001390755239674621,133746,0.045534381954840115,1 January,Eurostat [migr_pop3ctb],https://ec.europa.eu/eurostat/api/dissemination/statistics/1.0/data/migr_pop3ctb?format=JSON&lang=EN&geo=LT&age=TOTAL&sex=T&unit=NR&c_birth=FOR&sinceTimePeriod=2010&untilTimePeriod=2022,stock at 1 Jan; c_birth=FOR (born in a foreign country),20410,0.00694866938598752,1 January,Eurostat [migr_pop1ctz],https://ec.europa.eu/eurostat/api/dissemination/statistics/1.0/data/migr_pop1ctz?format=JSON&lang=EN&geo=LT&age=TOTAL&sex=T&unit=NR&citizen=FOR_STLS&sinceTimePeriod=2010&untilTimePeriod=2022,stock at 1 Jan; citizen=FOR_STLS (foreign citizens incl. stateless),,,,,,,,,,,,,2465,Full calendar year (flow),"Eurostat, Third country nationals found to be illegally present (migr_eipre)",https://ec.europa.eu/eurostat/databrowser/view/migr_eipre/default/table,"Eurostat enforcement statistic - annual flow of detections, NOT a stock. Dataset migr_eipre, dimensions freq=A citizen=TOTAL reason=TOTAL apprehen=TOTAL sex=T age=TOTAL unit=PER. Rounded to nearest 5 by Eurostat."
Lithuania,LTU,LT,440,1,0,2015,2911109,"World Bank, World Development Indicators (SP.POP.TOTL), sourced from UN World Population Prospects and national statistical offices",https://api.worldbank.org/v2/country/all/indicator/SP.POP.TOTL,2905764,-0.0018360700337912458,131929,0.04531915500244065,1 January,Eurostat [migr_pop3ctb],https://ec.europa.eu/eurostat/api/dissemination/statistics/1.0/data/migr_pop3ctb?format=JSON&lang=EN&geo=LT&age=TOTAL&sex=T&unit=NR&c_birth=FOR&sinceTimePeriod=2010&untilTimePeriod=2022,stock at 1 Jan; c_birth=FOR (born in a foreign country),20254,0.006957485961535621,1 January,Eurostat [migr_pop1ctz],https://ec.europa.eu/eurostat/api/dissemination/statistics/1.0/data/migr_pop1ctz?format=JSON&lang=EN&geo=LT&age=TOTAL&sex=T&unit=NR&citizen=FOR_STLS&sinceTimePeriod=2010&untilTimePeriod=2022,stock at 1 Jan; citizen=FOR_STLS (foreign citizens incl. stateless),,,,,,,,,,,,,2040,Full calendar year (flow),"Eurostat, Third country nationals found to be illegally present (migr_eipre)",https://ec.europa.eu/eurostat/databrowser/view/migr_eipre/default/table,"Eurostat enforcement statistic - annual flow of detections, NOT a stock. Dataset migr_eipre, dimensions freq=A citizen=TOTAL reason=TOTAL apprehen=TOTAL sex=T age=TOTAL unit=PER. Rounded to nearest 5 by Eurostat."
Lithuania,LTU,LT,440,1,0,2016,2877325,"World Bank, World Development Indicators (SP.POP.TOTL), sourced from UN World Population Prospects and national statistical offices",https://api.worldbank.org/v2/country/all/indicator/SP.POP.TOTL,2869110,-0.002855082411614955,126264,0.043882425516756016,1 January,Eurostat [migr_pop3ctb],https://ec.europa.eu/eurostat/api/dissemination/statistics/1.0/data/migr_pop3ctb?format=JSON&lang=EN&geo=LT&age=TOTAL&sex=T&unit=NR&c_birth=FOR&sinceTimePeriod=2010&untilTimePeriod=2022,stock at 1 Jan; c_birth=FOR (born in a foreign country),19123,0.006646103585795835,1 January,Eurostat [migr_pop1ctz],https://ec.europa.eu/eurostat/api/dissemination/statistics/1.0/data/migr_pop1ctz?format=JSON&lang=EN&geo=LT&age=TOTAL&sex=T&unit=NR&citizen=FOR_STLS&sinceTimePeriod=2010&untilTimePeriod=2022,stock at 1 Jan; citizen=FOR_STLS (foreign citizens incl. stateless),,,,,,,,,,,,,1920,Full calendar year (flow),"Eurostat, Third country nationals found to be illegally present (migr_eipre)",https://ec.europa.eu/eurostat/databrowser/view/migr_eipre/default/table,"Eurostat enforcement statistic - annual flow of detections, NOT a stock. Dataset migr_eipre, dimensions freq=A citizen=TOTAL reason=TOTAL apprehen=TOTAL sex=T age=TOTAL unit=PER. Rounded to nearest 5 by Eurostat."
Lithuania,LTU,LT,440,1,0,2017,2842639,"World Bank, World Development Indicators (SP.POP.TOTL), sourced from UN World Population Prospects and national statistical offices",https://api.worldbank.org/v2/country/all/indicator/SP.POP.TOTL,2829313,-0.004687897408007137,124964,0.04396055918461683,1 January,Eurostat [migr_pop3ctb],https://ec.europa.eu/eurostat/api/dissemination/statistics/1.0/data/migr_pop3ctb?format=JSON&lang=EN&geo=LT&age=TOTAL&sex=T&unit=NR&c_birth=FOR&sinceTimePeriod=2010&untilTimePeriod=2022,stock at 1 Jan; c_birth=FOR (born in a foreign country),18665,0.006566081728984933,1 January,Eurostat [migr_pop1ctz],https://ec.europa.eu/eurostat/api/dissemination/statistics/1.0/data/migr_pop1ctz?format=JSON&lang=EN&geo=LT&age=TOTAL&sex=T&unit=NR&citizen=FOR_STLS&sinceTimePeriod=2010&untilTimePeriod=2022,stock at 1 Jan; citizen=FOR_STLS (foreign citizens incl. stateless),,,,,,,,,,,,,2210,Full calendar year (flow),"Eurostat, Third country nationals found to be illegally present (migr_eipre)",https://ec.europa.eu/eurostat/databrowser/view/migr_eipre/default/table,"Eurostat enforcement statistic - annual flow of detections, NOT a stock. Dataset migr_eipre, dimensions freq=A citizen=TOTAL reason=TOTAL apprehen=TOTAL sex=T age=TOTAL unit=PER. Rounded to nearest 5 by Eurostat."
Lithuania,LTU,LT,440,1,0,2018,2819200,"World Bank, World Development Indicators (SP.POP.TOTL), sourced from UN World Population Prospects and national statistical offices",https://api.worldbank.org/v2/country/all/indicator/SP.POP.TOTL,2802478,-0.005931469920544836,132127,0.04686684165720772,1 January,Eurostat [migr_pop3ctb],https://ec.europa.eu/eurostat/api/dissemination/statistics/1.0/data/migr_pop3ctb?format=JSON&lang=EN&geo=LT&age=TOTAL&sex=T&unit=NR&c_birth=FOR&sinceTimePeriod=2010&untilTimePeriod=2022,stock at 1 Jan; c_birth=FOR (born in a foreign country),18923,0.006712187854710556,1 January,Eurostat [migr_pop1ctz],https://ec.europa.eu/eurostat/api/dissemination/statistics/1.0/data/migr_pop1ctz?format=JSON&lang=EN&geo=LT&age=TOTAL&sex=T&unit=NR&citizen=FOR_STLS&sinceTimePeriod=2010&untilTimePeriod=2022,stock at 1 Jan; citizen=FOR_STLS (foreign citizens incl. stateless),,,,,,,,,,,,,2660,Full calendar year (flow),"Eurostat, Third country nationals found to be illegally present (migr_eipre)",https://ec.europa.eu/eurostat/databrowser/view/migr_eipre/default/table,"Eurostat enforcement statistic - annual flow of detections, NOT a stock. Dataset migr_eipre, dimensions freq=A citizen=TOTAL reason=TOTAL apprehen=TOTAL sex=T age=TOTAL unit=PER. Rounded to nearest 5 by Eurostat."
Lithuania,LTU,LT,440,1,0,2019,2811089,"World Bank, World Development Indicators (SP.POP.TOTL), sourced from UN World Population Prospects and national statistical offices",https://api.worldbank.org/v2/country/all/indicator/SP.POP.TOTL,2795058,-0.0057027721285238565,148679,0.052890178859509605,1 January,Eurostat [migr_pop3ctb],https://ec.europa.eu/eurostat/api/dissemination/statistics/1.0/data/migr_pop3ctb?format=JSON&lang=EN&geo=LT&age=TOTAL&sex=T&unit=NR&c_birth=FOR&sinceTimePeriod=2010&untilTimePeriod=2022,stock at 1 Jan; c_birth=FOR (born in a foreign country),20202,0.007186538739968745,1 January,Eurostat [migr_pop1ctz],https://ec.europa.eu/eurostat/api/dissemination/statistics/1.0/data/migr_pop1ctz?format=JSON&lang=EN&geo=LT&age=TOTAL&sex=T&unit=NR&citizen=FOR_STLS&sinceTimePeriod=2010&untilTimePeriod=2022,stock at 1 Jan; citizen=FOR_STLS (foreign citizens incl. stateless),,,,,,,,,,,,,2440,Full calendar year (flow),"Eurostat, Third country nationals found to be illegally present (migr_eipre)",https://ec.europa.eu/eurostat/databrowser/view/migr_eipre/default/table,"Eurostat enforcement statistic - annual flow of detections, NOT a stock. Dataset migr_eipre, dimensions freq=A citizen=TOTAL reason=TOTAL apprehen=TOTAL sex=T age=TOTAL unit=PER. Rounded to nearest 5 by Eurostat."
Lithuania,LTU,LT,440,1,0,2020,2810369,"World Bank, World Development Indicators (SP.POP.TOTL), sourced from UN World Population Prospects and national statistical offices",https://api.worldbank.org/v2/country/all/indicator/SP.POP.TOTL,2795765,-0.00519647064139976,153697,0.05468925966661317,1 January,Eurostat [migr_pop3ctb],https://ec.europa.eu/eurostat/api/dissemination/statistics/1.0/data/migr_pop3ctb?format=JSON&lang=EN&geo=LT&age=TOTAL&sex=T&unit=NR&c_birth=FOR&sinceTimePeriod=2010&untilTimePeriod=2022,stock at 1 Jan; c_birth=FOR (born in a foreign country),20680,0.007358464315540059,1 January,Eurostat [migr_pop1ctz],https://ec.europa.eu/eurostat/api/dissemination/statistics/1.0/data/migr_pop1ctz?format=JSON&lang=EN&geo=LT&age=TOTAL&sex=T&unit=NR&citizen=FOR_STLS&sinceTimePeriod=2010&untilTimePeriod=2022,stock at 1 Jan; citizen=FOR_STLS (foreign citizens incl. stateless),,,,,,,,,,,,,1960,Full calendar year (flow),"Eurostat, Third country nationals found to be illegally present (migr_eipre)",https://ec.europa.eu/eurostat/databrowser/view/migr_eipre/default/table,"Eurostat enforcement statistic - annual flow of detections, NOT a stock. Dataset migr_eipre, dimensions freq=A citizen=TOTAL reason=TOTAL apprehen=TOTAL sex=T age=TOTAL unit=PER. Rounded to nearest 5 by Eurostat."
Lithuania,LTU,LT,440,1,0,2021,2808380,"World Bank, World Development Indicators (SP.POP.TOTL), sourced from UN World Population Prospects and national statistical offices",https://api.worldbank.org/v2/country/all/indicator/SP.POP.TOTL,2794488,-0.004946624032360293,155586,0.05540062242289149,1 January,Eurostat [migr_pop3ctb],https://ec.europa.eu/eurostat/api/dissemination/statistics/1.0/data/migr_pop3ctb?format=JSON&lang=EN&geo=LT&age=TOTAL&sex=T&unit=NR&c_birth=FOR&sinceTimePeriod=2010&untilTimePeriod=2022,stock at 1 Jan; c_birth=FOR (born in a foreign country),20001,0.007121899458050549,1 January,Eurostat [migr_pop1ctz],https://ec.europa.eu/eurostat/api/dissemination/statistics/1.0/data/migr_pop1ctz?format=JSON&lang=EN&geo=LT&age=TOTAL&sex=T&unit=NR&citizen=FOR_STLS&sinceTimePeriod=2010&untilTimePeriod=2022,stock at 1 Jan; citizen=FOR_STLS (foreign citizens incl. stateless),,,,,,,,,,,,,5025,Full calendar year (flow),"Eurostat, Third country nationals found to be illegally present (migr_eipre)",https://ec.europa.eu/eurostat/databrowser/view/migr_eipre/default/table,"Eurostat enforcement statistic - annual flow of detections, NOT a stock. Dataset migr_eipre, dimensions freq=A citizen=TOTAL reason=TOTAL apprehen=TOTAL sex=T age=TOTAL unit=PER. Rounded to nearest 5 by Eurostat."
Lithuania,LTU,LT,440,1,0,2022,2831639,"World Bank, World Development Indicators (SP.POP.TOTL), sourced from UN World Population Prospects and national statistical offices",https://api.worldbank.org/v2/country/all/indicator/SP.POP.TOTL,2816919,-0.005198402762499033,168787,0.059607527654478555,1 January,Eurostat [migr_pop3ctb],https://ec.europa.eu/eurostat/api/dissemination/statistics/1.0/data/migr_pop3ctb?format=JSON&lang=EN&geo=LT&age=TOTAL&sex=T&unit=NR&c_birth=FOR&sinceTimePeriod=2010&untilTimePeriod=2022,stock at 1 Jan; c_birth=FOR (born in a foreign country),34310,0.012116657525906375,1 January,Eurostat [migr_pop1ctz],https://ec.europa.eu/eurostat/api/dissemination/statistics/1.0/data/migr_pop1ctz?format=JSON&lang=EN&geo=LT&age=TOTAL&sex=T&unit=NR&citizen=FOR_STLS&sinceTimePeriod=2010&untilTimePeriod=2022,stock at 1 Jan; citizen=FOR_STLS (foreign citizens incl. stateless); apparent break in series (population census re-basing),,,,,,,,,,,,,3450,Full calendar year (flow),"Eurostat, Third country nationals found to be illegally present (migr_eipre)",https://ec.europa.eu/eurostat/databrowser/view/migr_eipre/default/table,"Eurostat enforcement statistic - annual flow of detections, NOT a stock. Dataset migr_eipre, dimensions freq=A citizen=TOTAL reason=TOTAL apprehen=TOTAL sex=T age=TOTAL unit=PER. Rounded to nearest 5 by Eurostat."
Mexico,MEX,MX,484,0,1,2010,113623895,"World Bank, World Development Indicators (SP.POP.TOTL), sourced from UN World Population Prospects and national statistical offices",https://api.worldbank.org/v2/country/all/indicator/SP.POP.TOTL,113623895,0,961121,0.008458792932595736,See note,"OECD International Migration Database (stocks of foreign-born population, measure B14)","https://sdmx.oecd.org/public/rest/data/OECD.ELS.IMD,DSD_MIG_F@DF_MIG_POPF,1.0/MEX.W.A.B14._T._Z._Z.PS?startPeriod=2010&endPeriod=2022&format=jsondata&dimensionAtObservation=AllDimensions","Population born abroad; OECD IMD series sourced from INEGI. 2010 value (961121) corresponds to the Censo de Población y Vivienda 2010. Years 2016, 2017, 2019, 2021 and 2022 are not published.",262672,0.002311767256350436,Census reference date,"OECD International Migration Database (stocks of foreign population, measure B15)","https://sdmx.oecd.org/public/rest/data/OECD.ELS.IMD,DSD_MIG@DF_MIG,1.0/MEX.W.A.B15._T._Z._Z.PS?startPeriod=2010&endPeriod=2022&format=jsondata&dimensionAtObservation=AllDimensions",Foreign nationals resident in Mexico; OECD IMD series sourced from INEGI (Census/ENADID/ENOE). Reference date varies by source year.,,,,,,,,,,,,,,,,,
Mexico,MEX,MX,484,0,1,2011,115243504,"World Bank, World Development Indicators (SP.POP.TOTL), sourced from UN World Population Prospects and national statistical offices",https://api.worldbank.org/v2/country/all/indicator/SP.POP.TOTL,115243504,0,966778,0.008389002125447348,See note,"OECD International Migration Database (stocks of foreign-born population, measure B14)","https://sdmx.oecd.org/public/rest/data/OECD.ELS.IMD,DSD_MIG_F@DF_MIG_POPF,1.0/MEX.W.A.B14._T._Z._Z.PS?startPeriod=2010&endPeriod=2022&format=jsondata&dimensionAtObservation=AllDimensions","Population born abroad; OECD IMD series sourced from INEGI. 2010 value (961121) corresponds to the Censo de Población y Vivienda 2010. Years 2016, 2017, 2019, 2021 and 2022 are not published.",281053,0.002438775204197193,Census reference date,"OECD International Migration Database (stocks of foreign population, measure B15)","https://sdmx.oecd.org/public/rest/data/OECD.ELS.IMD,DSD_MIG@DF_MIG,1.0/MEX.W.A.B15._T._Z._Z.PS?startPeriod=2010&endPeriod=2022&format=jsondata&dimensionAtObservation=AllDimensions",Foreign nationals resident in Mexico; OECD IMD series sourced from INEGI (Census/ENADID/ENOE). Reference date varies by source year.,,,,,,,,,,,,,,,,,
Mexico,MEX,MX,484,0,1,2012,116818208,"World Bank, World Development Indicators (SP.POP.TOTL), sourced from UN World Population Prospects and national statistical offices",https://api.worldbank.org/v2/country/all/indicator/SP.POP.TOTL,116818208,0,973650,0.008334745213691345,See note,"OECD International Migration Database (stocks of foreign-born population, measure B14)","https://sdmx.oecd.org/public/rest/data/OECD.ELS.IMD,DSD_MIG_F@DF_MIG_POPF,1.0/MEX.W.A.B14._T._Z._Z.PS?startPeriod=2010&endPeriod=2022&format=jsondata&dimensionAtObservation=AllDimensions","Population born abroad; OECD IMD series sourced from INEGI. 2010 value (961121) corresponds to the Censo de Población y Vivienda 2010. Years 2016, 2017, 2019, 2021 and 2022 are not published.",303936,0.002601786187303952,Census reference date,"OECD International Migration Database (stocks of foreign population, measure B15)","https://sdmx.oecd.org/public/rest/data/OECD.ELS.IMD,DSD_MIG@DF_MIG,1.0/MEX.W.A.B15._T._Z._Z.PS?startPeriod=2010&endPeriod=2022&format=jsondata&dimensionAtObservation=AllDimensions",Foreign nationals resident in Mexico; OECD IMD series sourced from INEGI (Census/ENADID/ENOE). Reference date varies by source year.,,,,,,,,,,,,,,,,,
Mexico,MEX,MX,484,0,1,2013,118343573,"World Bank, World Development Indicators (SP.POP.TOTL), sourced from UN World Population Prospects and national statistical offices",https://api.worldbank.org/v2/country/all/indicator/SP.POP.TOTL,118343573,0,991160,0.008375275267377637,See note,"OECD International Migration Database (stocks of foreign-born population, measure B14)","https://sdmx.oecd.org/public/rest/data/OECD.ELS.IMD,DSD_MIG_F@DF_MIG_POPF,1.0/MEX.W.A.B14._T._Z._Z.PS?startPeriod=2010&endPeriod=2022&format=jsondata&dimensionAtObservation=AllDimensions","Population born abroad; OECD IMD series sourced from INEGI. 2010 value (961121) corresponds to the Censo de Población y Vivienda 2010. Years 2016, 2017, 2019, 2021 and 2022 are not published.",296447,0.002504969154514204,Census reference date,"OECD International Migration Database (stocks of foreign population, measure B15)","https://sdmx.oecd.org/public/rest/data/OECD.ELS.IMD,DSD_MIG@DF_MIG,1.0/MEX.W.A.B15._T._Z._Z.PS?startPeriod=2010&endPeriod=2022&format=jsondata&dimensionAtObservation=AllDimensions",Foreign nationals resident in Mexico; OECD IMD series sourced from INEGI (Census/ENADID/ENOE). Reference date varies by source year.,,,,,,,,,,,,,,,,,
Mexico,MEX,MX,484,0,1,2014,119784261,"World Bank, World Development Indicators (SP.POP.TOTL), sourced from UN World Population Prospects and national statistical offices",https://api.worldbank.org/v2/country/all/indicator/SP.POP.TOTL,119784261,0,939905,0.007846648567627762,See note,"OECD International Migration Database (stocks of foreign-born population, measure B14)","https://sdmx.oecd.org/public/rest/data/OECD.ELS.IMD,DSD_MIG_F@DF_MIG_POPF,1.0/MEX.W.A.B14._T._Z._Z.PS?startPeriod=2010&endPeriod=2022&format=jsondata&dimensionAtObservation=AllDimensions","Population born abroad; OECD IMD series sourced from INEGI. 2010 value (961121) corresponds to the Censo de Población y Vivienda 2010. Years 2016, 2017, 2019, 2021 and 2022 are not published.",,,,,,,,,,,,,,,,,,,,,,,
Mexico,MEX,MX,484,0,1,2015,121072306,"World Bank, World Development Indicators (SP.POP.TOTL), sourced from UN World Population Prospects and national statistical offices",https://api.worldbank.org/v2/country/all/indicator/SP.POP.TOTL,121072306,0,1007063,0.008317864202569991,See note,"OECD International Migration Database (stocks of foreign-born population, measure B14)","https://sdmx.oecd.org/public/rest/data/OECD.ELS.IMD,DSD_MIG_F@DF_MIG_POPF,1.0/MEX.W.A.B14._T._Z._Z.PS?startPeriod=2010&endPeriod=2022&format=jsondata&dimensionAtObservation=AllDimensions","Population born abroad; OECD IMD series sourced from INEGI. 2010 value (961121) corresponds to the Censo de Población y Vivienda 2010. Years 2016, 2017, 2019, 2021 and 2022 are not published.",325979,0.0026924324048143594,Census reference date,"OECD International Migration Database (stocks of foreign population, measure B15)","https://sdmx.oecd.org/public/rest/data/OECD.ELS.IMD,DSD_MIG@DF_MIG,1.0/MEX.W.A.B15._T._Z._Z.PS?startPeriod=2010&endPeriod=2022&format=jsondata&dimensionAtObservation=AllDimensions",Foreign nationals resident in Mexico; OECD IMD series sourced from INEGI (Census/ENADID/ENOE). Reference date varies by source year.,,,,,,,,,,,,,,,,,
Mexico,MEX,MX,484,0,1,2016,122251351,"World Bank, World Development Indicators (SP.POP.TOTL), sourced from UN World Population Prospects and national statistical offices",https://api.worldbank.org/v2/country/all/indicator/SP.POP.TOTL,122251351,0,,,,,,,355206,0.0029055384426794595,Census reference date,"OECD International Migration Database (stocks of foreign population, measure B15)","https://sdmx.oecd.org/public/rest/data/OECD.ELS.IMD,DSD_MIG@DF_MIG,1.0/MEX.W.A.B15._T._Z._Z.PS?startPeriod=2010&endPeriod=2022&format=jsondata&dimensionAtObservation=AllDimensions",Foreign nationals resident in Mexico; OECD IMD series sourced from INEGI (Census/ENADID/ENOE). Reference date varies by source year.,,,,,,,,,,,,,,,,,
Mexico,MEX,MX,484,0,1,2017,123400057,"World Bank, World Development Indicators (SP.POP.TOTL), sourced from UN World Population Prospects and national statistical offices",https://api.worldbank.org/v2/country/all/indicator/SP.POP.TOTL,123400057,0,,,,,,,381770,0.0030937587006138905,Census reference date,"OECD International Migration Database (stocks of foreign population, measure B15)","https://sdmx.oecd.org/public/rest/data/OECD.ELS.IMD,DSD_MIG@DF_MIG,1.0/MEX.W.A.B15._T._Z._Z.PS?startPeriod=2010&endPeriod=2022&format=jsondata&dimensionAtObservation=AllDimensions",Foreign nationals resident in Mexico; OECD IMD series sourced from INEGI (Census/ENADID/ENOE). Reference date varies by source year.,,,,,,,,,,,,,93846,See note,"Unidad de Politica Migratoria, Registro e Identidad de Personas (UPMRIP), SEGOB, Boletin de Estadisticas Migratorias, as compiled in IOM Mexico, Estadisticas migratorias 2023",https://mexico.iom.int/sites/g/files/tmzbdl1686/files/documents/2024-03/estadisticas-migratorias-2023.pdf,"ENFORCEMENT/TRANSIT FLOW, not a stock. EVENTS, not persons: 'eventos de personas en situacion migratoria irregular' presented to the Mexican migration authority during calendar year 2017. One person may be recorded multiple times. Largely transit migrants heading to the United States. Administrative count."
Mexico,MEX,MX,484,0,1,2018,124573711,"World Bank, World Development Indicators (SP.POP.TOTL), sourced from UN World Population Prospects and national statistical offices",https://api.worldbank.org/v2/country/all/indicator/SP.POP.TOTL,124573711,0,1074752,0.008627438256214428,See note,"OECD International Migration Database (stocks of foreign-born population, measure B14)","https://sdmx.oecd.org/public/rest/data/OECD.ELS.IMD,DSD_MIG_F@DF_MIG_POPF,1.0/MEX.W.A.B14._T._Z._Z.PS?startPeriod=2010&endPeriod=2022&format=jsondata&dimensionAtObservation=AllDimensions","Population born abroad; OECD IMD series sourced from INEGI. 2010 value (961121) corresponds to the Censo de Población y Vivienda 2010. Years 2016, 2017, 2019, 2021 and 2022 are not published.",423864,0.0034025156399169966,Census reference date,"OECD International Migration Database (stocks of foreign population, measure B15)","https://sdmx.oecd.org/public/rest/data/OECD.ELS.IMD,DSD_MIG@DF_MIG,1.0/MEX.W.A.B15._T._Z._Z.PS?startPeriod=2010&endPeriod=2022&format=jsondata&dimensionAtObservation=AllDimensions",Foreign nationals resident in Mexico; OECD IMD series sourced from INEGI (Census/ENADID/ENOE). Reference date varies by source year.,,,,,,,,,,,,,131445,See note,"Unidad de Politica Migratoria, Registro e Identidad de Personas (UPMRIP), SEGOB, Boletin de Estadisticas Migratorias, as compiled in IOM Mexico, Estadisticas migratorias 2023",https://mexico.iom.int/sites/g/files/tmzbdl1686/files/documents/2024-03/estadisticas-migratorias-2023.pdf,"ENFORCEMENT/TRANSIT FLOW, not a stock. EVENTS, not persons: 'eventos de personas en situacion migratoria irregular' presented to the Mexican migration authority during calendar year 2018. One person may be recorded multiple times. Largely transit migrants. Administrative count."
Mexico,MEX,MX,484,0,1,2019,125762982,"World Bank, World Development Indicators (SP.POP.TOTL), sourced from UN World Population Prospects and national statistical offices",https://api.worldbank.org/v2/country/all/indicator/SP.POP.TOTL,125762982,0,,,,,,,461988,0.0036734815973113615,Census reference date,"OECD International Migration Database (stocks of foreign population, measure B15)","https://sdmx.oecd.org/public/rest/data/OECD.ELS.IMD,DSD_MIG@DF_MIG,1.0/MEX.W.A.B15._T._Z._Z.PS?startPeriod=2010&endPeriod=2022&format=jsondata&dimensionAtObservation=AllDimensions",Foreign nationals resident in Mexico; OECD IMD series sourced from INEGI (Census/ENADID/ENOE). Reference date varies by source year.,,,,,,,,,,,,,182940,See note,"Unidad de Politica Migratoria, Registro e Identidad de Personas (UPMRIP), SEGOB, Boletin de Estadisticas Migratorias, as compiled in IOM Mexico, Estadisticas migratorias 2023",https://mexico.iom.int/sites/g/files/tmzbdl1686/files/documents/2024-03/estadisticas-migratorias-2023.pdf,"ENFORCEMENT/TRANSIT FLOW, not a stock. EVENTS, not persons: 'eventos de personas en situacion migratoria irregular' during calendar year 2019. Largely transit migrants. Administrative count. Independently corroborated at 182,940 in Papeles de Poblacion 29(118), SciELO Mexico, citing UPM."
Mexico,MEX,MX,484,0,1,2020,126799054,"World Bank, World Development Indicators (SP.POP.TOTL), sourced from UN World Population Prospects and national statistical offices",https://api.worldbank.org/v2/country/all/indicator/SP.POP.TOTL,126799054,0,1169883,0.009226275457859489,See note,"OECD International Migration Database (stocks of foreign-born population, measure B14)","https://sdmx.oecd.org/public/rest/data/OECD.ELS.IMD,DSD_MIG_F@DF_MIG_POPF,1.0/MEX.W.A.B14._T._Z._Z.PS?startPeriod=2010&endPeriod=2022&format=jsondata&dimensionAtObservation=AllDimensions","Population born abroad; OECD IMD series sourced from INEGI. 2010 value (961121) corresponds to the Censo de Población y Vivienda 2010. Years 2016, 2017, 2019, 2021 and 2022 are not published.",480328,0.0037881039711857786,Census reference date,"OECD International Migration Database (stocks of foreign population, measure B15)","https://sdmx.oecd.org/public/rest/data/OECD.ELS.IMD,DSD_MIG@DF_MIG,1.0/MEX.W.A.B15._T._Z._Z.PS?startPeriod=2010&endPeriod=2022&format=jsondata&dimensionAtObservation=AllDimensions",Foreign nationals resident in Mexico; OECD IMD series sourced from INEGI (Census/ENADID/ENOE). Reference date varies by source year.,,,,,,,,,,,,,82379,See note,"Unidad de Politica Migratoria, Registro e Identidad de Personas (UPMRIP), SEGOB, Boletin de Estadisticas Migratorias, as compiled in IOM Mexico, Estadisticas migratorias 2023",https://mexico.iom.int/sites/g/files/tmzbdl1686/files/documents/2024-03/estadisticas-migratorias-2023.pdf,"ENFORCEMENT/TRANSIT FLOW, not a stock. EVENTS, not persons: 'eventos de personas en situacion migratoria irregular' during calendar year 2020 (COVID-19 year). Largely transit migrants. Administrative count. Independently corroborated at 82,379 in Papeles de Poblacion 29(118), SciELO Mexico."
Mexico,MEX,MX,484,0,1,2021,127648148,"World Bank, World Development Indicators (SP.POP.TOTL), sourced from UN World Population Prospects and national statistical offices",https://api.worldbank.org/v2/country/all/indicator/SP.POP.TOTL,127648148,0,,,,,,,579843,0.0045425100879646135,Census reference date,"OECD International Migration Database (stocks of foreign population, measure B15)","https://sdmx.oecd.org/public/rest/data/OECD.ELS.IMD,DSD_MIG@DF_MIG,1.0/MEX.W.A.B15._T._Z._Z.PS?startPeriod=2010&endPeriod=2022&format=jsondata&dimensionAtObservation=AllDimensions",Foreign nationals resident in Mexico; OECD IMD series sourced from INEGI (Census/ENADID/ENOE). Reference date varies by source year.,,,,,,,,,,,,,309692,See note,"Unidad de Politica Migratoria, Registro e Identidad de Personas (UPMRIP), SEGOB, Boletin de Estadisticas Migratorias, as compiled in IOM Mexico, Estadisticas migratorias 2023",https://mexico.iom.int/sites/g/files/tmzbdl1686/files/documents/2024-03/estadisticas-migratorias-2023.pdf,"ENFORCEMENT/TRANSIT FLOW, not a stock. EVENTS, not persons: 'eventos de personas en situacion migratoria irregular' during calendar year 2021. Largely transit migrants. Administrative count. Independently corroborated at 309,692 in Papeles de Poblacion 29(118), SciELO Mexico, and in the IOM Mexico Q2-2023 bulletin."
Mexico,MEX,MX,484,0,1,2022,128613117,"World Bank, World Development Indicators (SP.POP.TOTL), sourced from UN World Population Prospects and national statistical offices",https://api.worldbank.org/v2/country/all/indicator/SP.POP.TOTL,128613117,0,,,,,,,720371,0.005601069446128111,Census reference date,"OECD International Migration Database (stocks of foreign population, measure B15)","https://sdmx.oecd.org/public/rest/data/OECD.ELS.IMD,DSD_MIG@DF_MIG,1.0/MEX.W.A.B15._T._Z._Z.PS?startPeriod=2010&endPeriod=2022&format=jsondata&dimensionAtObservation=AllDimensions",Foreign nationals resident in Mexico; OECD IMD series sourced from INEGI (Census/ENADID/ENOE). Reference date varies by source year.,,,,,,,,,,,,,441409,See note,"Unidad de Politica Migratoria, Registro e Identidad de Personas (UPMRIP), SEGOB, Boletin de Estadisticas Migratorias, as compiled in IOM Mexico, Estadisticas migratorias 2023",https://mexico.iom.int/sites/g/files/tmzbdl1686/files/documents/2024-03/estadisticas-migratorias-2023.pdf,"ENFORCEMENT/TRANSIT FLOW, not a stock. EVENTS, not persons: 'eventos de personas en situacion migratoria irregular' during calendar year 2022. Largely transit migrants. Administrative count. Vintage caveat: a later UPM vintage cited in Papeles de Poblacion 29(118) gives 444,439 for 2022; the value here is the IOM/UPMRIP bulletin figure used consistently across 2017-2022."
Netherlands,NLD,NL,528,1,1,2010,16615394,"World Bank, World Development Indicators (SP.POP.TOTL), sourced from UN World Population Prospects and national statistical offices",https://api.worldbank.org/v2/country/all/indicator/SP.POP.TOTL,16771235,0.009379314146868862,1832510,0.11028989141033911,1 January,Eurostat [migr_pop3ctb],https://ec.europa.eu/eurostat/api/dissemination/statistics/1.0/data/migr_pop3ctb?format=JSON&lang=EN&geo=NL&age=TOTAL&sex=T&unit=NR&c_birth=FOR&sinceTimePeriod=2010&untilTimePeriod=2022,stock at 1 Jan; c_birth=FOR (born in a foreign country),652188,0.039252033385425586,1 January,Eurostat [migr_pop1ctz],https://ec.europa.eu/eurostat/api/dissemination/statistics/1.0/data/migr_pop1ctz?format=JSON&lang=EN&geo=NL&age=TOTAL&sex=T&unit=NR&citizen=FOR_STLS&sinceTimePeriod=2010&untilTimePeriod=2022,stock at 1 Jan; citizen=FOR_STLS (foreign citizens incl. stateless),,,,,,,,,,,,,7580,Full calendar year (flow),"Eurostat, Third country nationals found to be illegally present (migr_eipre)",https://ec.europa.eu/eurostat/databrowser/view/migr_eipre/default/table,"Eurostat enforcement statistic - annual flow of detections, NOT a stock. Dataset migr_eipre, dimensions freq=A citizen=TOTAL reason=TOTAL apprehen=TOTAL sex=T age=TOTAL unit=PER. Rounded to nearest 5 by Eurostat."
Netherlands,NLD,NL,528,1,1,2011,16693074,"World Bank, World Development Indicators (SP.POP.TOTL), sourced from UN World Population Prospects and national statistical offices",https://api.worldbank.org/v2/country/all/indicator/SP.POP.TOTL,16851057,0.009463984883790726,1868655,0.11194193472095074,1 January,Eurostat [migr_pop3ctb],https://ec.europa.eu/eurostat/api/dissemination/statistics/1.0/data/migr_pop3ctb?format=JSON&lang=EN&geo=NL&age=TOTAL&sex=T&unit=NR&c_birth=FOR&sinceTimePeriod=2010&untilTimePeriod=2022,stock at 1 Jan; c_birth=FOR (born in a foreign country),673235,0.04033019921914921,1 January,Eurostat [migr_pop1ctz],https://ec.europa.eu/eurostat/api/dissemination/statistics/1.0/data/migr_pop1ctz?format=JSON&lang=EN&geo=NL&age=TOTAL&sex=T&unit=NR&citizen=FOR_STLS&sinceTimePeriod=2010&untilTimePeriod=2022,stock at 1 Jan; citizen=FOR_STLS (foreign citizens incl. stateless),,,,,,,,,,,,,6145,Full calendar year (flow),"Eurostat, Third country nationals found to be illegally present (migr_eipre)",https://ec.europa.eu/eurostat/databrowser/view/migr_eipre/default/table,"Eurostat enforcement statistic - annual flow of detections, NOT a stock. Dataset migr_eipre, dimensions freq=A citizen=TOTAL reason=TOTAL apprehen=TOTAL sex=T age=TOTAL unit=PER. Rounded to nearest 5 by Eurostat."
Netherlands,NLD,NL,528,1,1,2012,16754962,"World Bank, World Development Indicators (SP.POP.TOTL), sourced from UN World Population Prospects and national statistical offices",https://api.worldbank.org/v2/country/all/indicator/SP.POP.TOTL,16915194,0.009563256544538866,1906295,0.11377495216044059,1 January,Eurostat [migr_pop3ctb],https://ec.europa.eu/eurostat/api/dissemination/statistics/1.0/data/migr_pop3ctb?format=JSON&lang=EN&geo=NL&age=TOTAL&sex=T&unit=NR&c_birth=FOR&sinceTimePeriod=2010&untilTimePeriod=2022,stock at 1 Jan; c_birth=FOR (born in a foreign country),697741,0.04164384258227503,1 January,Eurostat [migr_pop1ctz],https://ec.europa.eu/eurostat/api/dissemination/statistics/1.0/data/migr_pop1ctz?format=JSON&lang=EN&geo=NL&age=TOTAL&sex=T&unit=NR&citizen=FOR_STLS&sinceTimePeriod=2010&untilTimePeriod=2022,stock at 1 Jan; citizen=FOR_STLS (foreign citizens incl. stateless),,,,,,,,,,,,,4005,Full calendar year (flow),"Eurostat, Third country nationals found to be illegally present (migr_eipre)",https://ec.europa.eu/eurostat/databrowser/view/migr_eipre/default/table,"Eurostat enforcement statistic - annual flow of detections, NOT a stock. Dataset migr_eipre, dimensions freq=A citizen=TOTAL reason=TOTAL apprehen=TOTAL sex=T age=TOTAL unit=PER. Rounded to nearest 5 by Eurostat."
Netherlands,NLD,NL,528,1,1,2013,16804432,"World Bank, World Development Indicators (SP.POP.TOTL), sourced from UN World Population Prospects and national statistical offices",https://api.worldbank.org/v2/country/all/indicator/SP.POP.TOTL,16967063,0.009677863554090968,1927728,0.11471545125714454,1 January,Eurostat [migr_pop3ctb],https://ec.europa.eu/eurostat/api/dissemination/statistics/1.0/data/migr_pop3ctb?format=JSON&lang=EN&geo=NL&age=TOTAL&sex=T&unit=NR&c_birth=FOR&sinceTimePeriod=2010&untilTimePeriod=2022,stock at 1 Jan; c_birth=FOR (born in a foreign country),714552,0.042521639529381296,1 January,Eurostat [migr_pop1ctz],https://ec.europa.eu/eurostat/api/dissemination/statistics/1.0/data/migr_pop1ctz?format=JSON&lang=EN&geo=NL&age=TOTAL&sex=T&unit=NR&citizen=FOR_STLS&sinceTimePeriod=2010&untilTimePeriod=2022,stock at 1 Jan; citizen=FOR_STLS (foreign citizens incl. stateless),,,,,,,,,,,,,2715,Full calendar year (flow),"Eurostat, Third country nationals found to be illegally present (migr_eipre)",https://ec.europa.eu/eurostat/databrowser/view/migr_eipre/default/table,"Eurostat enforcement statistic - annual flow of detections, NOT a stock. Dataset migr_eipre, dimensions freq=A citizen=TOTAL reason=TOTAL apprehen=TOTAL sex=T age=TOTAL unit=PER. Rounded to nearest 5 by Eurostat."
Netherlands,NLD,NL,528,1,1,2014,16865008,"World Bank, World Development Indicators (SP.POP.TOTL), sourced from UN World Population Prospects and national statistical offices",https://api.worldbank.org/v2/country/all/indicator/SP.POP.TOTL,17030089,0.009788373655085133,1953436,0.11582775412854829,1 January,Eurostat [migr_pop3ctb],https://ec.europa.eu/eurostat/api/dissemination/statistics/1.0/data/migr_pop3ctb?format=JSON&lang=EN&geo=NL&age=TOTAL&sex=T&unit=NR&c_birth=FOR&sinceTimePeriod=2010&untilTimePeriod=2022,stock at 1 Jan; c_birth=FOR (born in a foreign country),735354,0.043602351092866365,1 January,Eurostat [migr_pop1ctz],https://ec.europa.eu/eurostat/api/dissemination/statistics/1.0/data/migr_pop1ctz?format=JSON&lang=EN&geo=NL&age=TOTAL&sex=T&unit=NR&citizen=FOR_STLS&sinceTimePeriod=2010&untilTimePeriod=2022,stock at 1 Jan; citizen=FOR_STLS (foreign citizens incl. stateless),,,,,,,,,,,,,2645,Full calendar year (flow),"Eurostat, Third country nationals found to be illegally present (migr_eipre)",https://ec.europa.eu/eurostat/databrowser/view/migr_eipre/default/table,"Eurostat enforcement statistic - annual flow of detections, NOT a stock. Dataset migr_eipre, dimensions freq=A citizen=TOTAL reason=TOTAL apprehen=TOTAL sex=T age=TOTAL unit=PER. Rounded to nearest 5 by Eurostat."
Netherlands,NLD,NL,528,1,1,2015,16939923,"World Bank, World Development Indicators (SP.POP.TOTL), sourced from UN World Population Prospects and national statistical offices",https://api.worldbank.org/v2/country/all/indicator/SP.POP.TOTL,17107433,0.009888474699678388,1996318,0.11784693472337507,1 January,Eurostat [migr_pop3ctb],https://ec.europa.eu/eurostat/api/dissemination/statistics/1.0/data/migr_pop3ctb?format=JSON&lang=EN&geo=NL&age=TOTAL&sex=T&unit=NR&c_birth=FOR&sinceTimePeriod=2010&untilTimePeriod=2022,stock at 1 Jan; c_birth=FOR (born in a foreign country),773288,0.04564884976159573,1 January,Eurostat [migr_pop1ctz],https://ec.europa.eu/eurostat/api/dissemination/statistics/1.0/data/migr_pop1ctz?format=JSON&lang=EN&geo=NL&age=TOTAL&sex=T&unit=NR&citizen=FOR_STLS&sinceTimePeriod=2010&untilTimePeriod=2022,stock at 1 Jan; citizen=FOR_STLS (foreign citizens incl. stateless),,,,,,,,,,,,,3150,Full calendar year (flow),"Eurostat, Third country nationals found to be illegally present (migr_eipre)",https://ec.europa.eu/eurostat/databrowser/view/migr_eipre/default/table,"Eurostat enforcement statistic - annual flow of detections, NOT a stock. Dataset migr_eipre, dimensions freq=A citizen=TOTAL reason=TOTAL apprehen=TOTAL sex=T age=TOTAL unit=PER. Rounded to nearest 5 by Eurostat."
Netherlands,NLD,NL,528,1,1,2016,17030314,"World Bank, World Development Indicators (SP.POP.TOTL), sourced from UN World Population Prospects and national statistical offices",https://api.worldbank.org/v2/country/all/indicator/SP.POP.TOTL,17204693,0.010239329703492256,2056520,0.12075643467290151,1 January,Eurostat [migr_pop3ctb],https://ec.europa.eu/eurostat/api/dissemination/statistics/1.0/data/migr_pop3ctb?format=JSON&lang=EN&geo=NL&age=TOTAL&sex=T&unit=NR&c_birth=FOR&sinceTimePeriod=2010&untilTimePeriod=2022,stock at 1 Jan; c_birth=FOR (born in a foreign country),834786,0.04901765170037382,1 January,Eurostat [migr_pop1ctz],https://ec.europa.eu/eurostat/api/dissemination/statistics/1.0/data/migr_pop1ctz?format=JSON&lang=EN&geo=NL&age=TOTAL&sex=T&unit=NR&citizen=FOR_STLS&sinceTimePeriod=2010&untilTimePeriod=2022,stock at 1 Jan; citizen=FOR_STLS (foreign citizens incl. stateless),,,,,,,,,,,,,2760,Full calendar year (flow),"Eurostat, Third country nationals found to be illegally present (migr_eipre)",https://ec.europa.eu/eurostat/databrowser/view/migr_eipre/default/table,"Eurostat enforcement statistic - annual flow of detections, NOT a stock. Dataset migr_eipre, dimensions freq=A citizen=TOTAL reason=TOTAL apprehen=TOTAL sex=T age=TOTAL unit=PER. Rounded to nearest 5 by Eurostat."
Netherlands,NLD,NL,528,1,1,2017,17131296,"World Bank, World Development Indicators (SP.POP.TOTL), sourced from UN World Population Prospects and national statistical offices",https://api.worldbank.org/v2/country/all/indicator/SP.POP.TOTL,17315370,0.010744896358103904,2137234,0.12475611885989245,1 January,Eurostat [migr_pop3ctb],https://ec.europa.eu/eurostat/api/dissemination/statistics/1.0/data/migr_pop3ctb?format=JSON&lang=EN&geo=NL&age=TOTAL&sex=T&unit=NR&c_birth=FOR&sinceTimePeriod=2010&untilTimePeriod=2022,stock at 1 Jan; c_birth=FOR (born in a foreign country),914997,0.05341084527405282,1 January,Eurostat [migr_pop1ctz],https://ec.europa.eu/eurostat/api/dissemination/statistics/1.0/data/migr_pop1ctz?format=JSON&lang=EN&geo=NL&age=TOTAL&sex=T&unit=NR&citizen=FOR_STLS&sinceTimePeriod=2010&untilTimePeriod=2022,stock at 1 Jan; citizen=FOR_STLS (foreign citizens incl. stateless),40500,0.0023640943452264205,See note,"Van der Heijden, Cruyff, Van Gils (WODC), Schattingen onrechtmatig in Nederland verblijvende vreemdelingen 2017-2018",https://www.wodc.nl/actueel/nieuws/2020/12/16/nieuwe-schatting-voor-de-periode-medio-2017---medio-2018,"Capture-recapture; this round used Dual Systems Estimation alongside the truncated Poisson model. Published range approximately 23000-58000 for mid-2017 to mid-2018; value is the midpoint of that range, no point estimate was published. Not strictly comparable with the later 2018-2023 series.",1,,,,,,2120,Full calendar year (flow),"Eurostat, Third country nationals found to be illegally present (migr_eipre)",https://ec.europa.eu/eurostat/databrowser/view/migr_eipre/default/table,"Eurostat enforcement statistic - annual flow of detections, NOT a stock. Dataset migr_eipre, dimensions freq=A citizen=TOTAL reason=TOTAL apprehen=TOTAL sex=T age=TOTAL unit=PER. Rounded to nearest 5 by Eurostat."
Netherlands,NLD,NL,528,1,1,2018,17231624,"World Bank, World Development Indicators (SP.POP.TOTL), sourced from UN World Population Prospects and national statistical offices",https://api.worldbank.org/v2/country/all/indicator/SP.POP.TOTL,17421280,0.011006275438693416,2215849,0.12859200038255245,1 January,Eurostat [migr_pop3ctb],https://ec.europa.eu/eurostat/api/dissemination/statistics/1.0/data/migr_pop3ctb?format=JSON&lang=EN&geo=NL&age=TOTAL&sex=T&unit=NR&c_birth=FOR&sinceTimePeriod=2010&untilTimePeriod=2022,stock at 1 Jan; c_birth=FOR (born in a foreign country),991440,0.057536074371167804,1 January,Eurostat [migr_pop1ctz],https://ec.europa.eu/eurostat/api/dissemination/statistics/1.0/data/migr_pop1ctz?format=JSON&lang=EN&geo=NL&age=TOTAL&sex=T&unit=NR&citizen=FOR_STLS&sinceTimePeriod=2010&untilTimePeriod=2022,stock at 1 Jan; citizen=FOR_STLS (foreign citizens incl. stateless),34952,0.0020283636643882203,See note,"Van der Heijden, Cruyff, Lugtig, Engbersen, Van Gils (WODC/Utrecht University/Erasmus University Rotterdam), Schattingen onrechtmatig in Nederland verblijvende vreemdelingen medio 2018-2019 tot medio 2022-2023",https://www.wodc.nl/actueel/nieuws/2026/03/31/nieuwe-schattingen-beschikbaar-over-het-aantal-vreemdelingen-zonder-verblijfsvergunning,"Capture-recapture (truncated Poisson regression) on police apprehension/detention records; reference period is mid-2018 to mid-2019, coded to the starting year. Point estimate with 95% CI 21056-48848. Overlapping CIs mean the 2018-2023 changes are not statistically significant.",1,,,,,,2790,Full calendar year (flow),"Eurostat, Third country nationals found to be illegally present (migr_eipre)",https://ec.europa.eu/eurostat/databrowser/view/migr_eipre/default/table,"Eurostat enforcement statistic - annual flow of detections, NOT a stock. Dataset migr_eipre, dimensions freq=A citizen=TOTAL reason=TOTAL apprehen=TOTAL sex=T age=TOTAL unit=PER. Rounded to nearest 5 by Eurostat."
Netherlands,NLD,NL,528,1,1,2019,17344874,"World Bank, World Development Indicators (SP.POP.TOTL), sourced from UN World Population Prospects and national statistical offices",https://api.worldbank.org/v2/country/all/indicator/SP.POP.TOTL,17537507,0.011106047815625528,2298705,0.13252935708844008,1 January,Eurostat [migr_pop3ctb],https://ec.europa.eu/eurostat/api/dissemination/statistics/1.0/data/migr_pop3ctb?format=JSON&lang=EN&geo=NL&age=TOTAL&sex=T&unit=NR&c_birth=FOR&sinceTimePeriod=2010&untilTimePeriod=2022,stock at 1 Jan; c_birth=FOR (born in a foreign country),1068107,0.061580556883837845,1 January,Eurostat [migr_pop1ctz],https://ec.europa.eu/eurostat/api/dissemination/statistics/1.0/data/migr_pop1ctz?format=JSON&lang=EN&geo=NL&age=TOTAL&sex=T&unit=NR&citizen=FOR_STLS&sinceTimePeriod=2010&untilTimePeriod=2022,stock at 1 Jan; citizen=FOR_STLS (foreign citizens incl. stateless),24124,0.001390843196670094,See note,"Van der Heijden, Cruyff, Lugtig, Engbersen, Van Gils (WODC/Utrecht University/Erasmus University Rotterdam), Schattingen onrechtmatig in Nederland verblijvende vreemdelingen medio 2018-2019 tot medio 2022-2023",https://www.wodc.nl/actueel/nieuws/2026/03/31/nieuwe-schattingen-beschikbaar-over-het-aantal-vreemdelingen-zonder-verblijfsvergunning,"Capture-recapture (truncated Poisson regression) on police apprehension/detention records; reference period is mid-2019 to mid-2020, coded to the starting year. Point estimate with 95% CI 18511-29737. Overlapping CIs mean the 2018-2023 changes are not statistically significant.",1,,,,,,3565,Full calendar year (flow),"Eurostat, Third country nationals found to be illegally present (migr_eipre)",https://ec.europa.eu/eurostat/databrowser/view/migr_eipre/default/table,"Eurostat enforcement statistic - annual flow of detections, NOT a stock. Dataset migr_eipre, dimensions freq=A citizen=TOTAL reason=TOTAL apprehen=TOTAL sex=T age=TOTAL unit=PER. Rounded to nearest 5 by Eurostat."
Netherlands,NLD,NL,528,1,1,2020,17441500,"World Bank, World Development Indicators (SP.POP.TOTL), sourced from UN World Population Prospects and national statistical offices",https://api.worldbank.org/v2/country/all/indicator/SP.POP.TOTL,17636731,0.011193475331823525,2399804,0.1375916062265287,1 January,Eurostat [migr_pop3ctb],https://ec.europa.eu/eurostat/api/dissemination/statistics/1.0/data/migr_pop3ctb?format=JSON&lang=EN&geo=NL&age=TOTAL&sex=T&unit=NR&c_birth=FOR&sinceTimePeriod=2010&untilTimePeriod=2022,stock at 1 Jan; c_birth=FOR (born in a foreign country),1154830,0.0662116217068486,1 January,Eurostat [migr_pop1ctz],https://ec.europa.eu/eurostat/api/dissemination/statistics/1.0/data/migr_pop1ctz?format=JSON&lang=EN&geo=NL&age=TOTAL&sex=T&unit=NR&citizen=FOR_STLS&sinceTimePeriod=2010&untilTimePeriod=2022,stock at 1 Jan; citizen=FOR_STLS (foreign citizens incl. stateless),24283,0.0013922541065848695,See note,"Van der Heijden, Cruyff, Lugtig, Engbersen, Van Gils (WODC/Utrecht University/Erasmus University Rotterdam), Schattingen onrechtmatig in Nederland verblijvende vreemdelingen medio 2018-2019 tot medio 2022-2023",https://www.wodc.nl/actueel/nieuws/2026/03/31/nieuwe-schattingen-beschikbaar-over-het-aantal-vreemdelingen-zonder-verblijfsvergunning,"Capture-recapture (truncated Poisson regression) on police apprehension/detention records; reference period is mid-2020 to mid-2021, coded to the starting year. Point estimate with 95% CI 19202-29364. Overlapping CIs mean the 2018-2023 changes are not statistically significant.",1,,,,,,3640,Full calendar year (flow),"Eurostat, Third country nationals found to be illegally present (migr_eipre)",https://ec.europa.eu/eurostat/databrowser/view/migr_eipre/default/table,"Eurostat enforcement statistic - annual flow of detections, NOT a stock. Dataset migr_eipre, dimensions freq=A citizen=TOTAL reason=TOTAL apprehen=TOTAL sex=T age=TOTAL unit=PER. Rounded to nearest 5 by Eurostat."
Netherlands,NLD,NL,528,1,1,2021,17533044,"World Bank, World Development Indicators (SP.POP.TOTL), sourced from UN World Population Prospects and national statistical offices",https://api.worldbank.org/v2/country/all/indicator/SP.POP.TOTL,17730564,0.01126558514311605,2451157,0.13980213589836427,1 January,Eurostat [migr_pop3ctb],https://ec.europa.eu/eurostat/api/dissemination/statistics/1.0/data/migr_pop3ctb?format=JSON&lang=EN&geo=NL&age=TOTAL&sex=T&unit=NR&c_birth=FOR&sinceTimePeriod=2010&untilTimePeriod=2022,stock at 1 Jan; c_birth=FOR (born in a foreign country),1171380,0.06680984773665086,1 January,Eurostat [migr_pop1ctz],https://ec.europa.eu/eurostat/api/dissemination/statistics/1.0/data/migr_pop1ctz?format=JSON&lang=EN&geo=NL&age=TOTAL&sex=T&unit=NR&citizen=FOR_STLS&sinceTimePeriod=2010&untilTimePeriod=2022,stock at 1 Jan; citizen=FOR_STLS (foreign citizens incl. stateless),20197,0.0011519391612774142,See note,"Van der Heijden, Cruyff, Lugtig, Engbersen, Van Gils (WODC/Utrecht University/Erasmus University Rotterdam), Schattingen onrechtmatig in Nederland verblijvende vreemdelingen medio 2018-2019 tot medio 2022-2023",https://www.wodc.nl/actueel/nieuws/2026/03/31/nieuwe-schattingen-beschikbaar-over-het-aantal-vreemdelingen-zonder-verblijfsvergunning,"Capture-recapture (truncated Poisson regression) on police apprehension/detention records; reference period is mid-2021 to mid-2022, coded to the starting year. Point estimate with 95% CI 15923-24471. Overlapping CIs mean the 2018-2023 changes are not statistically significant.",1,,,,,,5010,Full calendar year (flow),"Eurostat, Third country nationals found to be illegally present (migr_eipre)",https://ec.europa.eu/eurostat/databrowser/view/migr_eipre/default/table,"Eurostat enforcement statistic - annual flow of detections, NOT a stock. Dataset migr_eipre, dimensions freq=A citizen=TOTAL reason=TOTAL apprehen=TOTAL sex=T age=TOTAL unit=PER. Rounded to nearest 5 by Eurostat."
Netherlands,NLD,NL,528,1,1,2022,17700982,"World Bank, World Development Indicators (SP.POP.TOTL), sourced from UN World Population Prospects and national statistical offices",https://api.worldbank.org/v2/country/all/indicator/SP.POP.TOTL,17904421,0.011493091174263665,2550837,0.14410708965186225,1 January,Eurostat [migr_pop3ctb],https://ec.europa.eu/eurostat/api/dissemination/statistics/1.0/data/migr_pop3ctb?format=JSON&lang=EN&geo=NL&age=TOTAL&sex=T&unit=NR&c_birth=FOR&sinceTimePeriod=2010&untilTimePeriod=2022,stock at 1 Jan; c_birth=FOR (born in a foreign country),1230012,0.06948834816057098,1 January,Eurostat [migr_pop1ctz],https://ec.europa.eu/eurostat/api/dissemination/statistics/1.0/data/migr_pop1ctz?format=JSON&lang=EN&geo=NL&age=TOTAL&sex=T&unit=NR&citizen=FOR_STLS&sinceTimePeriod=2010&untilTimePeriod=2022,stock at 1 Jan; citizen=FOR_STLS (foreign citizens incl. stateless),20065,0.0011335529294363442,See note,"Van der Heijden, Cruyff, Lugtig, Engbersen, Van Gils (WODC/Utrecht University/Erasmus University Rotterdam), Schattingen onrechtmatig in Nederland verblijvende vreemdelingen medio 2018-2019 tot medio 2022-2023",https://www.wodc.nl/actueel/nieuws/2026/03/31/nieuwe-schattingen-beschikbaar-over-het-aantal-vreemdelingen-zonder-verblijfsvergunning,"Capture-recapture (truncated Poisson regression) on police apprehension/detention records; reference period is mid-2022 to mid-2023, coded to the starting year. Point estimate with 95% CI 16955-23175. Overlapping CIs mean the 2018-2023 changes are not statistically significant.",1,,,,,,5475,Full calendar year (flow),"Eurostat, Third country nationals found to be illegally present (migr_eipre)",https://ec.europa.eu/eurostat/databrowser/view/migr_eipre/default/table,"Eurostat enforcement statistic - annual flow of detections, NOT a stock. Dataset migr_eipre, dimensions freq=A citizen=TOTAL reason=TOTAL apprehen=TOTAL sex=T age=TOTAL unit=PER. Rounded to nearest 5 by Eurostat."
New Zealand,NZL,NZ,554,0,1,2010,4350700,"World Bank, World Development Indicators (SP.POP.TOTL), sourced from UN World Population Prospects and national statistical offices",https://api.worldbank.org/v2/country/all/indicator/SP.POP.TOTL,4347770,-0.000673454846346565,956982,0.21996046613188683,Mid-year / 30 June,UN DESA International Migrant Stock (retrieved via World Bank indicator SM.POP.TOTL),https://api.worldbank.org/v2/country/NZL/indicator/SM.POP.TOTL?format=json&date=2010:2022,"UN DESA International Migrant Stock, mid-year estimate. UN DESA publishes only 1990/1995/2000/2005/2010/2015/2020 - 5-year-interval estimate, NOT an annual national figure. Stats NZ publishes overseas-born counts only in census years (2013, 2018, 2023).",,,,,,,,,,,,,,15614,See note,"Immigration New Zealand (MBIE), 'OVERSTAYERS' factsheet, October 2018, released under the Official Information Act and published on FYI.org.nz",https://fyi.org.nz/request/29926/response/118942/attach/4/Appendix%20A%20Immigration%20New%20Zealand%20Overstayers%20Factsheet%202017.pdf,"estimated overstayer population (people unlawfully in New Zealand), reference date October 2010. Register-derived estimate from the INZ overstayer estimate series; INZ notes the methodology was revised for the December 2017 estimate, so figures up to October 2014 / January 2016 are on the older basis. The same table also reports 15,760 for April 2010; the later 2010 estimate is used here.",,,,,
New Zealand,NZL,NZ,554,0,1,2011,4384000,"World Bank, World Development Indicators (SP.POP.TOTL), sourced from UN World Population Prospects and national statistical offices",https://api.worldbank.org/v2/country/all/indicator/SP.POP.TOTL,4382700,-0.00029653284671532845,,,,,,,,,,,,,,,,,,,,15030,See note,"Immigration New Zealand (MBIE), 'OVERSTAYERS' factsheet, October 2018, released under the Official Information Act and published on FYI.org.nz",https://fyi.org.nz/request/29926/response/118942/attach/4/Appendix%20A%20Immigration%20New%20Zealand%20Overstayers%20Factsheet%202017.pdf,"estimated overstayer population (people unlawfully in New Zealand), reference date May 2011. Register-derived estimate from the INZ overstayer estimate series; INZ notes the methodology was revised for the December 2017 estimate, so figures up to October 2014 / January 2016 are on the older basis.",,,,,
New Zealand,NZL,NZ,554,0,1,2012,4408100,"World Bank, World Development Indicators (SP.POP.TOTL), sourced from UN World Population Prospects and national statistical offices",https://api.worldbank.org/v2/country/all/indicator/SP.POP.TOTL,4411676,0.0008112338649304689,,,,,,,,,,,,,,,,,,,,14044,See note,"Immigration New Zealand (MBIE), 'OVERSTAYERS' factsheet, October 2018, released under the Official Information Act and published on FYI.org.nz",https://fyi.org.nz/request/29926/response/118942/attach/4/Appendix%20A%20Immigration%20New%20Zealand%20Overstayers%20Factsheet%202017.pdf,"estimated overstayer population (people unlawfully in New Zealand), reference date August 2012. Register-derived estimate from the INZ overstayer estimate series; INZ notes the methodology was revised for the December 2017 estimate, so figures up to October 2014 / January 2016 are on the older basis.",,,,,
New Zealand,NZL,NZ,554,0,1,2013,4442100,"World Bank, World Development Indicators (SP.POP.TOTL), sourced from UN World Population Prospects and national statistical offices",https://api.worldbank.org/v2/country/all/indicator/SP.POP.TOTL,4453851,0.0026453704329033566,1001772,0.22551766056594855,Census reference date,"OECD International Migration Database (stocks of foreign-born population, measure B14)","https://sdmx.oecd.org/public/rest/data/OECD.ELS.IMD,DSD_MIG_F@DF_MIG_POPF,1.0/NZL.W.A.B14._T._Z._Z.PS?startPeriod=2010&endPeriod=2022&format=jsondata&dimensionAtObservation=AllDimensions","Overseas-born usually resident population from the New Zealand Census of Population and Dwellings (census years only), as compiled by OECD IMD.",,,,,,,,,,,,,,13151,See note,"Immigration New Zealand (MBIE), 'OVERSTAYERS' factsheet, October 2018, released under the Official Information Act and published on FYI.org.nz",https://fyi.org.nz/request/29926/response/118942/attach/4/Appendix%20A%20Immigration%20New%20Zealand%20Overstayers%20Factsheet%202017.pdf,"estimated overstayer population (people unlawfully in New Zealand), reference date September 2013. Register-derived estimate from the INZ overstayer estimate series; INZ notes the methodology was revised for the December 2017 estimate, so figures up to October 2014 / January 2016 are on the older basis.",,,,,
New Zealand,NZL,NZ,554,0,1,2014,4516500,"World Bank, World Development Indicators (SP.POP.TOTL), sourced from UN World Population Prospects and national statistical offices",https://api.worldbank.org/v2/country/all/indicator/SP.POP.TOTL,4522983,0.001435403520425108,,,,,,,,,,,,,,,,,,,,12162,See note,"Immigration New Zealand (MBIE), 'OVERSTAYERS' factsheet, October 2018, released under the Official Information Act and published on FYI.org.nz",https://fyi.org.nz/request/29926/response/118942/attach/4/Appendix%20A%20Immigration%20New%20Zealand%20Overstayers%20Factsheet%202017.pdf,"estimated overstayer population (people unlawfully in New Zealand), reference date October 2014. Register-derived estimate from the INZ overstayer estimate series; INZ notes the methodology was revised for the December 2017 estimate, so figures up to October 2014 / January 2016 are on the older basis.",,,,,
New Zealand,NZL,NZ,554,0,1,2015,4609400,"World Bank, World Development Indicators (SP.POP.TOTL), sourced from UN World Population Prospects and national statistical offices",https://api.worldbank.org/v2/country/all/indicator/SP.POP.TOTL,4614029,0.0010042521803271575,1132201,0.24562871523408686,Mid-year / 30 June,UN DESA International Migrant Stock (retrieved via World Bank indicator SM.POP.TOTL),https://api.worldbank.org/v2/country/NZL/indicator/SM.POP.TOTL?format=json&date=2010:2022,"UN DESA International Migrant Stock, mid-year estimate. UN DESA publishes only 1990/1995/2000/2005/2010/2015/2020 - 5-year-interval estimate, NOT an annual national figure. Stats NZ publishes overseas-born counts only in census years (2013, 2018, 2023).",,,,,,,,,,,,,,,,,,,,,,,
New Zealand,NZL,NZ,554,0,1,2016,4714100,"World Bank, World Development Indicators (SP.POP.TOTL), sourced from UN World Population Prospects and national statistical offices",https://api.worldbank.org/v2/country/all/indicator/SP.POP.TOTL,4714770,0.00014212681105619311,,,,,,,,,,,,,,,,,,,,10894,See note,"Immigration New Zealand (MBIE), 'OVERSTAYERS' factsheet, October 2018, released under the Official Information Act and published on FYI.org.nz",https://fyi.org.nz/request/29926/response/118942/attach/4/Appendix%20A%20Immigration%20New%20Zealand%20Overstayers%20Factsheet%202017.pdf,"estimated overstayer population (people unlawfully in New Zealand), reference date December 2016. Register-derived estimate from the INZ overstayer estimate series; INZ notes the methodology was revised for the December 2017 estimate, so figures up to October 2014 / January 2016 are on the older basis. The same table also reports 10,848 for January 2016; the December 2016 estimate is used here.",,,,,
New Zealand,NZL,NZ,554,0,1,2017,4813600,"World Bank, World Development Indicators (SP.POP.TOTL), sourced from UN World Population Prospects and national statistical offices",https://api.worldbank.org/v2/country/all/indicator/SP.POP.TOTL,4812752,-0.00017616752534485624,,,,,,,,,,,,,,,,,,,,14000,See note,"Immigration New Zealand, New estimate of people who have overstayed their visa (5 September 2025)",https://immigration.govt.nz/assets/inz/documents/visa-paks/5-September-2025-New-estimate-of-people-who-have-overstayed-their-visa.pdf,"Reference year 2017. Register-derived estimate of the overstayer population, published as 'approximately 14,000'; INZ states it is not directly comparable with its later (2025) estimate because the methodology changed.",,,,,
New Zealand,NZL,NZ,554,0,1,2018,4900600,"World Bank, World Development Indicators (SP.POP.TOTL), sourced from UN World Population Prospects and national statistical offices",https://api.worldbank.org/v2/country/all/indicator/SP.POP.TOTL,4900847,5.040199159286618e-05,1329633,0.27132045055707465,Census reference date,"OECD International Migration Database (stocks of foreign-born population, measure B14)","https://sdmx.oecd.org/public/rest/data/OECD.ELS.IMD,DSD_MIG_F@DF_MIG_POPF,1.0/NZL.W.A.B14._T._Z._Z.PS?startPeriod=2010&endPeriod=2022&format=jsondata&dimensionAtObservation=AllDimensions","Overseas-born usually resident population from the New Zealand Census of Population and Dwellings (census years only), as compiled by OECD IMD.",,,,,,,,,,,,,,,,,,,,,,,
New Zealand,NZL,NZ,554,0,1,2019,4970300,"World Bank, World Development Indicators (SP.POP.TOTL), sourced from UN World Population Prospects and national statistical offices",https://api.worldbank.org/v2/country/all/indicator/SP.POP.TOTL,4989403,0.003843429974045832,,,,,,,,,,,,,,,,,,,,,,,,,,,,,
New Zealand,NZL,NZ,554,0,1,2020,5072400,"World Bank, World Development Indicators (SP.POP.TOTL), sourced from UN World Population Prospects and national statistical offices",https://api.worldbank.org/v2/country/all/indicator/SP.POP.TOTL,5069895,-0.0004938490655311095,1343900,0.2649436164340352,Mid-year / 30 June,UN DESA International Migrant Stock (retrieved via World Bank indicator SM.POP.TOTL),https://api.worldbank.org/v2/country/NZL/indicator/SM.POP.TOTL?format=json&date=2010:2022,"UN DESA International Migrant Stock, mid-year estimate. UN DESA publishes only 1990/1995/2000/2005/2010/2015/2020 - 5-year-interval estimate, NOT an annual national figure. Stats NZ publishes overseas-born counts only in census years (2013, 2018, 2023).",,,,,,,,,,,,,,,,,,,,,,,
New Zealand,NZL,NZ,554,0,1,2021,5084600,"World Bank, World Development Indicators (SP.POP.TOTL), sourced from UN World Population Prospects and national statistical offices",https://api.worldbank.org/v2/country/all/indicator/SP.POP.TOTL,5107697,0.004542540219486292,,,,,,,,,,,,,,,,,,,,,,,,,,,,,
New Zealand,NZL,NZ,554,0,1,2022,5081700,"World Bank, World Development Indicators (SP.POP.TOTL), sourced from UN World Population Prospects and national statistical offices",https://api.worldbank.org/v2/country/all/indicator/SP.POP.TOTL,5131734,0.009845917704705118,,,,,,,,,,,,,,,,,,,,,,,,,,,,,
Norway,NOR,NO,578,1,1,2010,4889252,"World Bank, World Development Indicators (SP.POP.TOTL), sourced from UN World Population Prospects and national statistical offices",https://api.worldbank.org/v2/country/all/indicator/SP.POP.TOTL,4889162,-1.8407723717247547e-05,529532,0.10830531950490586,1 January,Eurostat [migr_pop3ctb],https://ec.europa.eu/eurostat/api/dissemination/statistics/1.0/data/migr_pop3ctb?format=JSON&lang=EN&geo=NO&age=TOTAL&sex=T&unit=NR&c_birth=FOR&sinceTimePeriod=2010&untilTimePeriod=2022,stock at 1 Jan; c_birth=FOR (born in a foreign country),333791,0.06827036119226418,1 January,Eurostat [migr_pop1ctz],https://ec.europa.eu/eurostat/api/dissemination/statistics/1.0/data/migr_pop1ctz?format=JSON&lang=EN&geo=NO&age=TOTAL&sex=T&unit=NR&citizen=FOR_STLS&sinceTimePeriod=2010&untilTimePeriod=2022,stock at 1 Jan; citizen=FOR_STLS (foreign citizens incl. stateless),,,,,,,,,,,,,2410,Full calendar year (flow),"Eurostat, Third country nationals found to be illegally present (migr_eipre)",https://ec.europa.eu/eurostat/databrowser/view/migr_eipre/default/table,"Eurostat enforcement statistic - annual flow of detections, NOT a stock. Dataset migr_eipre, dimensions freq=A citizen=TOTAL reason=TOTAL apprehen=TOTAL sex=T age=TOTAL unit=PER. Rounded to nearest 5 by Eurostat."
Norway,NOR,NO,578,1,1,2011,4953088,"World Bank, World Development Indicators (SP.POP.TOTL), sourced from UN World Population Prospects and national statistical offices",https://api.worldbank.org/v2/country/all/indicator/SP.POP.TOTL,4952968,-2.4227310316311764e-05,572231,0.11553015008011164,1 January,Eurostat [migr_pop3ctb],https://ec.europa.eu/eurostat/api/dissemination/statistics/1.0/data/migr_pop3ctb?format=JSON&lang=EN&geo=NO&age=TOTAL&sex=T&unit=NR&c_birth=FOR&sinceTimePeriod=2010&untilTimePeriod=2022,stock at 1 Jan; c_birth=FOR (born in a foreign country),369132,0.07452562926400662,1 January,Eurostat [migr_pop1ctz],https://ec.europa.eu/eurostat/api/dissemination/statistics/1.0/data/migr_pop1ctz?format=JSON&lang=EN&geo=NO&age=TOTAL&sex=T&unit=NR&citizen=FOR_STLS&sinceTimePeriod=2010&untilTimePeriod=2022,stock at 1 Jan; citizen=FOR_STLS (foreign citizens incl. stateless),,,,,,,,,,,,,1925,Full calendar year (flow),"Eurostat, Third country nationals found to be illegally present (migr_eipre)",https://ec.europa.eu/eurostat/databrowser/view/migr_eipre/default/table,"Eurostat enforcement statistic - annual flow of detections, NOT a stock. Dataset migr_eipre, dimensions freq=A citizen=TOTAL reason=TOTAL apprehen=TOTAL sex=T age=TOTAL unit=PER. Rounded to nearest 5 by Eurostat."
Norway,NOR,NO,578,1,1,2012,5018573,"World Bank, World Development Indicators (SP.POP.TOTL), sourced from UN World Population Prospects and national statistical offices",https://api.worldbank.org/v2/country/all/indicator/SP.POP.TOTL,5018458,-2.2914880385320687e-05,619978,0.12353671053504652,1 January,Eurostat [migr_pop3ctb],https://ec.europa.eu/eurostat/api/dissemination/statistics/1.0/data/migr_pop3ctb?format=JSON&lang=EN&geo=NO&age=TOTAL&sex=T&unit=NR&c_birth=FOR&sinceTimePeriod=2010&untilTimePeriod=2022,stock at 1 Jan; c_birth=FOR (born in a foreign country),407171,0.0811328240119253,1 January,Eurostat [migr_pop1ctz],https://ec.europa.eu/eurostat/api/dissemination/statistics/1.0/data/migr_pop1ctz?format=JSON&lang=EN&geo=NO&age=TOTAL&sex=T&unit=NR&citizen=FOR_STLS&sinceTimePeriod=2010&untilTimePeriod=2022,stock at 1 Jan; citizen=FOR_STLS (foreign citizens incl. stateless),,,,,,,,,,,,,2760,Full calendar year (flow),"Eurostat, Third country nationals found to be illegally present (migr_eipre)",https://ec.europa.eu/eurostat/databrowser/view/migr_eipre/default/table,"Eurostat enforcement statistic - annual flow of detections, NOT a stock. Dataset migr_eipre, dimensions freq=A citizen=TOTAL reason=TOTAL apprehen=TOTAL sex=T age=TOTAL unit=PER. Rounded to nearest 5 by Eurostat."
Norway,NOR,NO,578,1,1,2013,5079623,"World Bank, World Development Indicators (SP.POP.TOTL), sourced from UN World Population Prospects and national statistical offices",https://api.worldbank.org/v2/country/all/indicator/SP.POP.TOTL,5080124,9.862936678568469e-05,668178,0.13154086435154735,1 January,Eurostat [migr_pop3ctb],https://ec.europa.eu/eurostat/api/dissemination/statistics/1.0/data/migr_pop3ctb?format=JSON&lang=EN&geo=NO&age=TOTAL&sex=T&unit=NR&c_birth=FOR&sinceTimePeriod=2010&untilTimePeriod=2022,stock at 1 Jan; c_birth=FOR (born in a foreign country),448665,0.08832643682415015,1 January,Eurostat [migr_pop1ctz],https://ec.europa.eu/eurostat/api/dissemination/statistics/1.0/data/migr_pop1ctz?format=JSON&lang=EN&geo=NO&age=TOTAL&sex=T&unit=NR&citizen=FOR_STLS&sinceTimePeriod=2010&untilTimePeriod=2022,stock at 1 Jan; citizen=FOR_STLS (foreign citizens incl. stateless),,,,,,,,,,,,,3180,Full calendar year (flow),"Eurostat, Third country nationals found to be illegally present (migr_eipre)",https://ec.europa.eu/eurostat/databrowser/view/migr_eipre/default/table,"Eurostat enforcement statistic - annual flow of detections, NOT a stock. Dataset migr_eipre, dimensions freq=A citizen=TOTAL reason=TOTAL apprehen=TOTAL sex=T age=TOTAL unit=PER. Rounded to nearest 5 by Eurostat."
Norway,NOR,NO,578,1,1,2014,5137232,"World Bank, World Development Indicators (SP.POP.TOTL), sourced from UN World Population Prospects and national statistical offices",https://api.worldbank.org/v2/country/all/indicator/SP.POP.TOTL,5137395,3.172914908261881e-05,709566,0.13812224170526075,1 January,Eurostat [migr_pop3ctb],https://ec.europa.eu/eurostat/api/dissemination/statistics/1.0/data/migr_pop3ctb?format=JSON&lang=EN&geo=NO&age=TOTAL&sex=T&unit=NR&c_birth=FOR&sinceTimePeriod=2010&untilTimePeriod=2022,stock at 1 Jan; c_birth=FOR (born in a foreign country),483057,0.09403059857915702,1 January,Eurostat [migr_pop1ctz],https://ec.europa.eu/eurostat/api/dissemination/statistics/1.0/data/migr_pop1ctz?format=JSON&lang=EN&geo=NO&age=TOTAL&sex=T&unit=NR&citizen=FOR_STLS&sinceTimePeriod=2010&untilTimePeriod=2022,stock at 1 Jan; citizen=FOR_STLS (foreign citizens incl. stateless),,,,,,,,,,,,,3720,Full calendar year (flow),"Eurostat, Third country nationals found to be illegally present (migr_eipre)",https://ec.europa.eu/eurostat/databrowser/view/migr_eipre/default/table,"Eurostat enforcement statistic - annual flow of detections, NOT a stock. Dataset migr_eipre, dimensions freq=A citizen=TOTAL reason=TOTAL apprehen=TOTAL sex=T age=TOTAL unit=PER. Rounded to nearest 5 by Eurostat."
Norway,NOR,NO,578,1,1,2015,5188607,"World Bank, World Development Indicators (SP.POP.TOTL), sourced from UN World Population Prospects and national statistical offices",https://api.worldbank.org/v2/country/all/indicator/SP.POP.TOTL,5189771,0.00022433766905067198,747423,0.14405080207462234,1 January,Eurostat [migr_pop3ctb],https://ec.europa.eu/eurostat/api/dissemination/statistics/1.0/data/migr_pop3ctb?format=JSON&lang=EN&geo=NO&age=TOTAL&sex=T&unit=NR&c_birth=FOR&sinceTimePeriod=2010&untilTimePeriod=2022,stock at 1 Jan; c_birth=FOR (born in a foreign country),512024,0.09868236310824852,1 January,Eurostat [migr_pop1ctz],https://ec.europa.eu/eurostat/api/dissemination/statistics/1.0/data/migr_pop1ctz?format=JSON&lang=EN&geo=NO&age=TOTAL&sex=T&unit=NR&citizen=FOR_STLS&sinceTimePeriod=2010&untilTimePeriod=2022,stock at 1 Jan; citizen=FOR_STLS (foreign citizens incl. stateless),,,,,,,,,,,,,5455,Full calendar year (flow),"Eurostat, Third country nationals found to be illegally present (migr_eipre)",https://ec.europa.eu/eurostat/databrowser/view/migr_eipre/default/table,"Eurostat enforcement statistic - annual flow of detections, NOT a stock. Dataset migr_eipre, dimensions freq=A citizen=TOTAL reason=TOTAL apprehen=TOTAL sex=T age=TOTAL unit=PER. Rounded to nearest 5 by Eurostat."
Norway,NOR,NO,578,1,1,2016,5234519,"World Bank, World Development Indicators (SP.POP.TOTL), sourced from UN World Population Prospects and national statistical offices",https://api.worldbank.org/v2/country/all/indicator/SP.POP.TOTL,5235983,0.0002796818580656599,778764,0.14877470117120598,1 January,Eurostat [migr_pop3ctb],https://ec.europa.eu/eurostat/api/dissemination/statistics/1.0/data/migr_pop3ctb?format=JSON&lang=EN&geo=NO&age=TOTAL&sex=T&unit=NR&c_birth=FOR&sinceTimePeriod=2010&untilTimePeriod=2022,stock at 1 Jan; c_birth=FOR (born in a foreign country),538087,0.10279588248700597,1 January,Eurostat [migr_pop1ctz],https://ec.europa.eu/eurostat/api/dissemination/statistics/1.0/data/migr_pop1ctz?format=JSON&lang=EN&geo=NO&age=TOTAL&sex=T&unit=NR&citizen=FOR_STLS&sinceTimePeriod=2010&untilTimePeriod=2022,stock at 1 Jan; citizen=FOR_STLS (foreign citizens incl. stateless),,,,,,,,,,,,,5330,Full calendar year (flow),"Eurostat, Third country nationals found to be illegally present (migr_eipre)",https://ec.europa.eu/eurostat/databrowser/view/migr_eipre/default/table,"Eurostat enforcement statistic - annual flow of detections, NOT a stock. Dataset migr_eipre, dimensions freq=A citizen=TOTAL reason=TOTAL apprehen=TOTAL sex=T age=TOTAL unit=PER. Rounded to nearest 5 by Eurostat."
Norway,NOR,NO,578,1,1,2017,5276968,"World Bank, World Development Indicators (SP.POP.TOTL), sourced from UN World Population Prospects and national statistical offices",https://api.worldbank.org/v2/country/all/indicator/SP.POP.TOTL,5276802,-3.1457458146420446e-05,806618,0.15285633719969496,1 January,Eurostat [migr_pop3ctb],https://ec.europa.eu/eurostat/api/dissemination/statistics/1.0/data/migr_pop3ctb?format=JSON&lang=EN&geo=NO&age=TOTAL&sex=T&unit=NR&c_birth=FOR&sinceTimePeriod=2010&untilTimePeriod=2022,stock at 1 Jan; c_birth=FOR (born in a foreign country),559059,0.10594322345710643,1 January,Eurostat [migr_pop1ctz],https://ec.europa.eu/eurostat/api/dissemination/statistics/1.0/data/migr_pop1ctz?format=JSON&lang=EN&geo=NO&age=TOTAL&sex=T&unit=NR&citizen=FOR_STLS&sinceTimePeriod=2010&untilTimePeriod=2022,stock at 1 Jan; citizen=FOR_STLS (foreign citizens incl. stateless),,,,,,,,,,,,,3850,Full calendar year (flow),"Eurostat, Third country nationals found to be illegally present (migr_eipre)",https://ec.europa.eu/eurostat/databrowser/view/migr_eipre/default/table,"Eurostat enforcement statistic - annual flow of detections, NOT a stock. Dataset migr_eipre, dimensions freq=A citizen=TOTAL reason=TOTAL apprehen=TOTAL sex=T age=TOTAL unit=PER. Rounded to nearest 5 by Eurostat."
Norway,NOR,NO,578,1,1,2018,5311916,"World Bank, World Development Indicators (SP.POP.TOTL), sourced from UN World Population Prospects and national statistical offices",https://api.worldbank.org/v2/country/all/indicator/SP.POP.TOTL,5311752,-3.0873982193995536e-05,829705,0.15619693534310408,1 January,Eurostat [migr_pop3ctb],https://ec.europa.eu/eurostat/api/dissemination/statistics/1.0/data/migr_pop3ctb?format=JSON&lang=EN&geo=NO&age=TOTAL&sex=T&unit=NR&c_birth=FOR&sinceTimePeriod=2010&untilTimePeriod=2022,stock at 1 Jan; c_birth=FOR (born in a foreign country),567594,0.10685296981352868,1 January,Eurostat [migr_pop1ctz],https://ec.europa.eu/eurostat/api/dissemination/statistics/1.0/data/migr_pop1ctz?format=JSON&lang=EN&geo=NO&age=TOTAL&sex=T&unit=NR&citizen=FOR_STLS&sinceTimePeriod=2010&untilTimePeriod=2022,stock at 1 Jan; citizen=FOR_STLS (foreign citizens incl. stateless),,,,,,,,,,,,,3230,Full calendar year (flow),"Eurostat, Third country nationals found to be illegally present (migr_eipre)",https://ec.europa.eu/eurostat/databrowser/view/migr_eipre/default/table,"Eurostat enforcement statistic - annual flow of detections, NOT a stock. Dataset migr_eipre, dimensions freq=A citizen=TOTAL reason=TOTAL apprehen=TOTAL sex=T age=TOTAL unit=PER. Rounded to nearest 5 by Eurostat."
Norway,NOR,NO,578,1,1,2019,5347896,"World Bank, World Development Indicators (SP.POP.TOTL), sourced from UN World Population Prospects and national statistical offices",https://api.worldbank.org/v2/country/all/indicator/SP.POP.TOTL,5347730,-3.10402446120867e-05,849354,0.1588202163991222,1 January,Eurostat [migr_pop3ctb],https://ec.europa.eu/eurostat/api/dissemination/statistics/1.0/data/migr_pop3ctb?format=JSON&lang=EN&geo=NO&age=TOTAL&sex=T&unit=NR&c_birth=FOR&sinceTimePeriod=2010&untilTimePeriod=2022,stock at 1 Jan; c_birth=FOR (born in a foreign country),584062,0.10921341776279868,1 January,Eurostat [migr_pop1ctz],https://ec.europa.eu/eurostat/api/dissemination/statistics/1.0/data/migr_pop1ctz?format=JSON&lang=EN&geo=NO&age=TOTAL&sex=T&unit=NR&citizen=FOR_STLS&sinceTimePeriod=2010&untilTimePeriod=2022,stock at 1 Jan; citizen=FOR_STLS (foreign citizens incl. stateless),,,,,,,,,,,,,2915,Full calendar year (flow),"Eurostat, Third country nationals found to be illegally present (migr_eipre)",https://ec.europa.eu/eurostat/databrowser/view/migr_eipre/default/table,"Eurostat enforcement statistic - annual flow of detections, NOT a stock. Dataset migr_eipre, dimensions freq=A citizen=TOTAL reason=TOTAL apprehen=TOTAL sex=T age=TOTAL unit=PER. Rounded to nearest 5 by Eurostat."
Norway,NOR,NO,578,1,1,2020,5379475,"World Bank, World Development Indicators (SP.POP.TOTL), sourced from UN World Population Prospects and national statistical offices",https://api.worldbank.org/v2/country/all/indicator/SP.POP.TOTL,5379274,-3.7364240934291916e-05,875977,0.16283689393481707,1 January,Eurostat [migr_pop3ctb],https://ec.europa.eu/eurostat/api/dissemination/statistics/1.0/data/migr_pop3ctb?format=JSON&lang=EN&geo=NO&age=TOTAL&sex=T&unit=NR&c_birth=FOR&sinceTimePeriod=2010&untilTimePeriod=2022,stock at 1 Jan; c_birth=FOR (born in a foreign country),604362,0.11234590736084842,1 January,Eurostat [migr_pop1ctz],https://ec.europa.eu/eurostat/api/dissemination/statistics/1.0/data/migr_pop1ctz?format=JSON&lang=EN&geo=NO&age=TOTAL&sex=T&unit=NR&citizen=FOR_STLS&sinceTimePeriod=2010&untilTimePeriod=2022,stock at 1 Jan; citizen=FOR_STLS (foreign citizens incl. stateless),,,,,,,,,,,,,1900,Full calendar year (flow),"Eurostat, Third country nationals found to be illegally present (migr_eipre)",https://ec.europa.eu/eurostat/databrowser/view/migr_eipre/default/table,"Eurostat enforcement statistic - annual flow of detections, NOT a stock. Dataset migr_eipre, dimensions freq=A citizen=TOTAL reason=TOTAL apprehen=TOTAL sex=T age=TOTAL unit=PER. Rounded to nearest 5 by Eurostat."
Norway,NOR,NO,578,1,1,2021,5408320,"World Bank, World Development Indicators (SP.POP.TOTL), sourced from UN World Population Prospects and national statistical offices",https://api.worldbank.org/v2/country/all/indicator/SP.POP.TOTL,5408091,-4.2342169102419976e-05,878153,0.16237075468907164,1 January,Eurostat [migr_pop3ctb],https://ec.europa.eu/eurostat/api/dissemination/statistics/1.0/data/migr_pop3ctb?format=JSON&lang=EN&geo=NO&age=TOTAL&sex=T&unit=NR&c_birth=FOR&sinceTimePeriod=2010&untilTimePeriod=2022,stock at 1 Jan; c_birth=FOR (born in a foreign country),601525,0.11122215401455535,1 January,Eurostat [migr_pop1ctz],https://ec.europa.eu/eurostat/api/dissemination/statistics/1.0/data/migr_pop1ctz?format=JSON&lang=EN&geo=NO&age=TOTAL&sex=T&unit=NR&citizen=FOR_STLS&sinceTimePeriod=2010&untilTimePeriod=2022,stock at 1 Jan; citizen=FOR_STLS (foreign citizens incl. stateless),,,,,,,,,,,,,1430,Full calendar year (flow),"Eurostat, Third country nationals found to be illegally present (migr_eipre)",https://ec.europa.eu/eurostat/databrowser/view/migr_eipre/default/table,"Eurostat enforcement statistic - annual flow of detections, NOT a stock. Dataset migr_eipre, dimensions freq=A citizen=TOTAL reason=TOTAL apprehen=TOTAL sex=T age=TOTAL unit=PER. Rounded to nearest 5 by Eurostat."
Norway,NOR,NO,578,1,1,2022,5457127,"World Bank, World Development Indicators (SP.POP.TOTL), sourced from UN World Population Prospects and national statistical offices",https://api.worldbank.org/v2/country/all/indicator/SP.POP.TOTL,5456801,-5.9738393480672154e-05,906843,0.16617590171531652,1 January,Eurostat [migr_pop3ctb],https://ec.europa.eu/eurostat/api/dissemination/statistics/1.0/data/migr_pop3ctb?format=JSON&lang=EN&geo=NO&age=TOTAL&sex=T&unit=NR&c_birth=FOR&sinceTimePeriod=2010&untilTimePeriod=2022,stock at 1 Jan; c_birth=FOR (born in a foreign country),585964,0.10737591410278706,1 January,Eurostat [migr_pop1ctz],https://ec.europa.eu/eurostat/api/dissemination/statistics/1.0/data/migr_pop1ctz?format=JSON&lang=EN&geo=NO&age=TOTAL&sex=T&unit=NR&citizen=FOR_STLS&sinceTimePeriod=2010&untilTimePeriod=2022,stock at 1 Jan; citizen=FOR_STLS (foreign citizens incl. stateless),,,,,,,,,,,,,2305,Full calendar year (flow),"Eurostat, Third country nationals found to be illegally present (migr_eipre)",https://ec.europa.eu/eurostat/databrowser/view/migr_eipre/default/table,"Eurostat enforcement statistic - annual flow of detections, NOT a stock. Dataset migr_eipre, dimensions freq=A citizen=TOTAL reason=TOTAL apprehen=TOTAL sex=T age=TOTAL unit=PER. Rounded to nearest 5 by Eurostat."
Philippines,PHL,PH,608,1,1,2010,96337125,"World Bank, World Development Indicators (SP.POP.TOTL), sourced from UN World Population Prospects and national statistical offices",https://api.worldbank.org/v2/country/all/indicator/SP.POP.TOTL,96337125,0,178147,0.0018492040321942346,Mid-year / 30 June,UN DESA International Migrant Stock (World Bank indicator SM.POP.TOTL),https://api.worldbank.org/v2/country/CHN;IND;PHL;RUS;ZAF;SUR;THA/indicator/SM.POP.TOTL?format=json&date=2010:2022&per_page=200,"UN estimate (not annual); mid-year benchmark year only; retrieved from World Bank mirror of UN DESA International Migrant Stock, accessed 2026-08",177368,0.0018411178452751211,Census reference date,National Statistics Office (Philippines) - 2010 Census of Population and Housing (reported by SunStar),https://www.sunstar.com.ph/bacolod/nearly-200000-foreigners-living-in-philippines-census,"Census count, reference date 1 May 2010; foreign citizens in the household population; top nationalities USA 29959, China 28750, Japan 11583, India 8963; figure reported from an NSO news release, the original PSA/NSO web page was not reachable",,,,,,,,,,,,,,,,,
Philippines,PHL,PH,608,1,1,2011,98248614,"World Bank, World Development Indicators (SP.POP.TOTL), sourced from UN World Population Prospects and national statistical offices",https://api.worldbank.org/v2/country/all/indicator/SP.POP.TOTL,98248614,0,,,,,,,,,,,,,,,,,,,,,,,,,,,,,
Philippines,PHL,PH,608,1,1,2012,100175512,"World Bank, World Development Indicators (SP.POP.TOTL), sourced from UN World Population Prospects and national statistical offices",https://api.worldbank.org/v2/country/all/indicator/SP.POP.TOTL,100175512,0,,,,,,,,,,,,,,,,,,,,,,,,,,,,,
Philippines,PHL,PH,608,1,1,2013,102076336,"World Bank, World Development Indicators (SP.POP.TOTL), sourced from UN World Population Prospects and national statistical offices",https://api.worldbank.org/v2/country/all/indicator/SP.POP.TOTL,102076336,0,,,,,,,,,,,,,,,,,,,,,,,,,,,,,
Philippines,PHL,PH,608,1,1,2014,103767130,"World Bank, World Development Indicators (SP.POP.TOTL), sourced from UN World Population Prospects and national statistical offices",https://api.worldbank.org/v2/country/all/indicator/SP.POP.TOTL,103767130,0,,,,,,,,,,,,,,,,,,,,,,,,,,,,,
Philippines,PHL,PH,608,1,1,2015,105312992,"World Bank, World Development Indicators (SP.POP.TOTL), sourced from UN World Population Prospects and national statistical offices",https://api.worldbank.org/v2/country/all/indicator/SP.POP.TOTL,105312992,0,131897,0.001252428570256555,Mid-year / 30 June,UN DESA International Migrant Stock (World Bank indicator SM.POP.TOTL),https://api.worldbank.org/v2/country/CHN;IND;PHL;RUS;ZAF;SUR;THA/indicator/SM.POP.TOTL?format=json&date=2010:2022&per_page=200,"UN estimate (not annual); mid-year benchmark year only; retrieved from World Bank mirror of UN DESA International Migrant Stock, accessed 2026-08",,,,,,,,,,,,,,,,,,,,,,,
Philippines,PHL,PH,608,1,1,2016,106735719,"World Bank, World Development Indicators (SP.POP.TOTL), sourced from UN World Population Prospects and national statistical offices",https://api.worldbank.org/v2/country/all/indicator/SP.POP.TOTL,106735719,0,,,,,,,,,,,,,,,,,,,,,,,,,,,,,
Philippines,PHL,PH,608,1,1,2017,108119693,"World Bank, World Development Indicators (SP.POP.TOTL), sourced from UN World Population Prospects and national statistical offices",https://api.worldbank.org/v2/country/all/indicator/SP.POP.TOTL,108119693,0,,,,,,,,,,,,,,,,,,,,,,,,,,,,,
Philippines,PHL,PH,608,1,1,2018,109465287,"World Bank, World Development Indicators (SP.POP.TOTL), sourced from UN World Population Prospects and national statistical offices",https://api.worldbank.org/v2/country/all/indicator/SP.POP.TOTL,109465287,0,,,,,,,,,,,,,,,,,,,,,,,,,,,,,
Philippines,PHL,PH,608,1,1,2019,110804683,"World Bank, World Development Indicators (SP.POP.TOTL), sourced from UN World Population Prospects and national statistical offices",https://api.worldbank.org/v2/country/all/indicator/SP.POP.TOTL,110804683,0,,,,,,,,,,,,,,,,,,,,,,,,,,,,,
Philippines,PHL,PH,608,1,1,2020,112081264,"World Bank, World Development Indicators (SP.POP.TOTL), sourced from UN World Population Prospects and national statistical offices",https://api.worldbank.org/v2/country/all/indicator/SP.POP.TOTL,112081264,0,87212,0.0007781139941462473,Mid-year / 30 June,UN DESA International Migrant Stock (World Bank indicator SM.POP.TOTL),https://api.worldbank.org/v2/country/CHN;IND;PHL;RUS;ZAF;SUR;THA/indicator/SM.POP.TOTL?format=json&date=2010:2022&per_page=200,"UN estimate (not annual); mid-year benchmark year only; retrieved from World Bank mirror of UN DESA International Migrant Stock, accessed 2026-08",78396,0.0006994567798592992,Census reference date,Philippine Statistics Authority - Foreign Citizens in the Country (2020 Census of Population and Housing),https://psa.gov.ph/content/foreign-citizens-country-2020-census-population-and-housing,"Census count, reference date 1 May 2020; foreign citizens in the household population of 108667043 (0.1 per cent); top nationalities China 22494, India 18959, USA 6306; the Philippines is primarily a sending country",,,,,,,,,,,,,,,,,
Philippines,PHL,PH,608,1,1,2021,113100950,"World Bank, World Development Indicators (SP.POP.TOTL), sourced from UN World Population Prospects and national statistical offices",https://api.worldbank.org/v2/country/all/indicator/SP.POP.TOTL,113100950,0,,,,,,,,,,,,,,,,,,,,,,,,,,,,,
Philippines,PHL,PH,608,1,1,2022,113964338,"World Bank, World Development Indicators (SP.POP.TOTL), sourced from UN World Population Prospects and national statistical offices",https://api.worldbank.org/v2/country/all/indicator/SP.POP.TOTL,113964338,0,,,,,,,,,,,,,,,,,,,,,,,,,,,,,
Poland,POL,PL,616,1,1,2010,38042794,"World Bank, World Development Indicators (SP.POP.TOTL), sourced from UN World Population Prospects and national statistical offices",https://api.worldbank.org/v2/country/all/indicator/SP.POP.TOTL,38095351,0.001381523134184098,642417,0.016886693443178752,1 January,Eurostat [migr_pop3ctb],https://ec.europa.eu/eurostat/api/dissemination/statistics/1.0/data/migr_pop3ctb?format=JSON&lang=EN&geo=PL&age=TOTAL&sex=T&unit=NR&c_birth=FOR&sinceTimePeriod=2010&untilTimePeriod=2022,stock at 1 Jan; c_birth=FOR (born in a foreign country),75210,0.0019769841300299866,1 January,Eurostat [migr_pop1ctz],https://ec.europa.eu/eurostat/api/dissemination/statistics/1.0/data/migr_pop1ctz?format=JSON&lang=EN&geo=PL&age=TOTAL&sex=T&unit=NR&citizen=FOR_STLS&sinceTimePeriod=2010&untilTimePeriod=2022,stock at 1 Jan; citizen=FOR_STLS (foreign citizens incl. stateless),,,,,,,,,,,,,4005,Full calendar year (flow),"Eurostat, Third country nationals found to be illegally present (migr_eipre)",https://ec.europa.eu/eurostat/databrowser/view/migr_eipre/default/table,"Eurostat enforcement statistic - annual flow of detections, NOT a stock. Dataset migr_eipre, dimensions freq=A citizen=TOTAL reason=TOTAL apprehen=TOTAL sex=T age=TOTAL unit=PER. Rounded to nearest 5 by Eurostat."
Poland,POL,PL,616,1,1,2011,38063255,"World Bank, World Development Indicators (SP.POP.TOTL), sourced from UN World Population Prospects and national statistical offices",https://api.worldbank.org/v2/country/all/indicator/SP.POP.TOTL,38208643,0.003819641804149435,637408,0.016746019225103055,1 January,Eurostat [migr_pop3ctb],https://ec.europa.eu/eurostat/api/dissemination/statistics/1.0/data/migr_pop3ctb?format=JSON&lang=EN&geo=PL&age=TOTAL&sex=T&unit=NR&c_birth=FOR&sinceTimePeriod=2010&untilTimePeriod=2022,stock at 1 Jan; c_birth=FOR (born in a foreign country),79338,0.0020843724479159757,1 January,Eurostat [migr_pop1ctz],https://ec.europa.eu/eurostat/api/dissemination/statistics/1.0/data/migr_pop1ctz?format=JSON&lang=EN&geo=PL&age=TOTAL&sex=T&unit=NR&citizen=FOR_STLS&sinceTimePeriod=2010&untilTimePeriod=2022,stock at 1 Jan; citizen=FOR_STLS (foreign citizens incl. stateless),,,,,,,,,,,,,6875,Full calendar year (flow),"Eurostat, Third country nationals found to be illegally present (migr_eipre)",https://ec.europa.eu/eurostat/databrowser/view/migr_eipre/default/table,"Eurostat enforcement statistic - annual flow of detections, NOT a stock. Dataset migr_eipre, dimensions freq=A citizen=TOTAL reason=TOTAL apprehen=TOTAL sex=T age=TOTAL unit=PER. Rounded to nearest 5 by Eurostat."
Poland,POL,PL,616,1,1,2012,38063164,"World Bank, World Development Indicators (SP.POP.TOTL), sourced from UN World Population Prospects and national statistical offices",https://api.worldbank.org/v2/country/all/indicator/SP.POP.TOTL,38247868,0.004852565593338483,630478,0.016563993471483348,1 January,Eurostat [migr_pop3ctb],https://ec.europa.eu/eurostat/api/dissemination/statistics/1.0/data/migr_pop3ctb?format=JSON&lang=EN&geo=PL&age=TOTAL&sex=T&unit=NR&c_birth=FOR&sinceTimePeriod=2010&untilTimePeriod=2022,stock at 1 Jan; c_birth=FOR (born in a foreign country),85829,0.0022549097599978813,1 January,Eurostat [migr_pop1ctz],https://ec.europa.eu/eurostat/api/dissemination/statistics/1.0/data/migr_pop1ctz?format=JSON&lang=EN&geo=PL&age=TOTAL&sex=T&unit=NR&citizen=FOR_STLS&sinceTimePeriod=2010&untilTimePeriod=2022,stock at 1 Jan; citizen=FOR_STLS (foreign citizens incl. stateless),,,,,,,,,,,,,8140,Full calendar year (flow),"Eurostat, Third country nationals found to be illegally present (migr_eipre)",https://ec.europa.eu/eurostat/databrowser/view/migr_eipre/default/table,"Eurostat enforcement statistic - annual flow of detections, NOT a stock. Dataset migr_eipre, dimensions freq=A citizen=TOTAL reason=TOTAL apprehen=TOTAL sex=T age=TOTAL unit=PER. Rounded to nearest 5 by Eurostat."
Poland,POL,PL,616,1,1,2013,38040196,"World Bank, World Development Indicators (SP.POP.TOTL), sourced from UN World Population Prospects and national statistical offices",https://api.worldbank.org/v2/country/all/indicator/SP.POP.TOTL,38259262,0.005758803135504349,625363,0.01643953148926993,1 January,Eurostat [migr_pop3ctb],https://ec.europa.eu/eurostat/api/dissemination/statistics/1.0/data/migr_pop3ctb?format=JSON&lang=EN&geo=PL&age=TOTAL&sex=T&unit=NR&c_birth=FOR&sinceTimePeriod=2010&untilTimePeriod=2022,stock at 1 Jan; c_birth=FOR (born in a foreign country),93265,0.0024517486713265093,1 January,Eurostat [migr_pop1ctz],https://ec.europa.eu/eurostat/api/dissemination/statistics/1.0/data/migr_pop1ctz?format=JSON&lang=EN&geo=PL&age=TOTAL&sex=T&unit=NR&citizen=FOR_STLS&sinceTimePeriod=2010&untilTimePeriod=2022,stock at 1 Jan; citizen=FOR_STLS (foreign citizens incl. stateless),,,,,,,,,,,,,9280,Full calendar year (flow),"Eurostat, Third country nationals found to be illegally present (migr_eipre)",https://ec.europa.eu/eurostat/databrowser/view/migr_eipre/default/table,"Eurostat enforcement statistic - annual flow of detections, NOT a stock. Dataset migr_eipre, dimensions freq=A citizen=TOTAL reason=TOTAL apprehen=TOTAL sex=T age=TOTAL unit=PER. Rounded to nearest 5 by Eurostat."
Poland,POL,PL,616,1,1,2014,38011735,"World Bank, World Development Indicators (SP.POP.TOTL), sourced from UN World Population Prospects and national statistical offices",https://api.worldbank.org/v2/country/all/indicator/SP.POP.TOTL,38265113,0.006665783606036399,620308,0.01631885521668506,1 January,Eurostat [migr_pop3ctb],https://ec.europa.eu/eurostat/api/dissemination/statistics/1.0/data/migr_pop3ctb?format=JSON&lang=EN&geo=PL&age=TOTAL&sex=T&unit=NR&c_birth=FOR&sinceTimePeriod=2010&untilTimePeriod=2022,stock at 1 Jan; c_birth=FOR (born in a foreign country),101204,0.0026624409540895724,1 January,Eurostat [migr_pop1ctz],https://ec.europa.eu/eurostat/api/dissemination/statistics/1.0/data/migr_pop1ctz?format=JSON&lang=EN&geo=PL&age=TOTAL&sex=T&unit=NR&citizen=FOR_STLS&sinceTimePeriod=2010&untilTimePeriod=2022,stock at 1 Jan; citizen=FOR_STLS (foreign citizens incl. stateless),,,,,,,,,,,,,12050,Full calendar year (flow),"Eurostat, Third country nationals found to be illegally present (migr_eipre)",https://ec.europa.eu/eurostat/databrowser/view/migr_eipre/default/table,"Eurostat enforcement statistic - annual flow of detections, NOT a stock. Dataset migr_eipre, dimensions freq=A citizen=TOTAL reason=TOTAL apprehen=TOTAL sex=T age=TOTAL unit=PER. Rounded to nearest 5 by Eurostat."
Poland,POL,PL,616,1,1,2015,37986412,"World Bank, World Development Indicators (SP.POP.TOTL), sourced from UN World Population Prospects and national statistical offices",https://api.worldbank.org/v2/country/all/indicator/SP.POP.TOTL,38266314,0.00736847691748302,611855,0.01610720696653319,1 January,Eurostat [migr_pop3ctb],https://ec.europa.eu/eurostat/api/dissemination/statistics/1.0/data/migr_pop3ctb?format=JSON&lang=EN&geo=PL&age=TOTAL&sex=T&unit=NR&c_birth=FOR&sinceTimePeriod=2010&untilTimePeriod=2022,stock at 1 Jan; c_birth=FOR (born in a foreign country),108279,0.0028504666352800047,1 January,Eurostat [migr_pop1ctz],https://ec.europa.eu/eurostat/api/dissemination/statistics/1.0/data/migr_pop1ctz?format=JSON&lang=EN&geo=PL&age=TOTAL&sex=T&unit=NR&citizen=FOR_STLS&sinceTimePeriod=2010&untilTimePeriod=2022,stock at 1 Jan; citizen=FOR_STLS (foreign citizens incl. stateless),,,,,,,,,,,,,16835,Full calendar year (flow),"Eurostat, Third country nationals found to be illegally present (migr_eipre)",https://ec.europa.eu/eurostat/databrowser/view/migr_eipre/default/table,"Eurostat enforcement statistic - annual flow of detections, NOT a stock. Dataset migr_eipre, dimensions freq=A citizen=TOTAL reason=TOTAL apprehen=TOTAL sex=T age=TOTAL unit=PER. Rounded to nearest 5 by Eurostat."
Poland,POL,PL,616,1,1,2016,37970087,"World Bank, World Development Indicators (SP.POP.TOTL), sourced from UN World Population Prospects and national statistical offices",https://api.worldbank.org/v2/country/all/indicator/SP.POP.TOTL,38263265,0.007721288602788821,626396,0.016497091513116627,1 January,Eurostat [migr_pop3ctb],https://ec.europa.eu/eurostat/api/dissemination/statistics/1.0/data/migr_pop3ctb?format=JSON&lang=EN&geo=PL&age=TOTAL&sex=T&unit=NR&c_birth=FOR&sinceTimePeriod=2010&untilTimePeriod=2022,stock at 1 Jan; c_birth=FOR (born in a foreign country),149586,0.003939574855332831,1 January,Eurostat [migr_pop1ctz],https://ec.europa.eu/eurostat/api/dissemination/statistics/1.0/data/migr_pop1ctz?format=JSON&lang=EN&geo=PL&age=TOTAL&sex=T&unit=NR&citizen=FOR_STLS&sinceTimePeriod=2010&untilTimePeriod=2022,stock at 1 Jan; citizen=FOR_STLS (foreign citizens incl. stateless),,,,,,,,,,,,,23375,Full calendar year (flow),"Eurostat, Third country nationals found to be illegally present (migr_eipre)",https://ec.europa.eu/eurostat/databrowser/view/migr_eipre/default/table,"Eurostat enforcement statistic - annual flow of detections, NOT a stock. Dataset migr_eipre, dimensions freq=A citizen=TOTAL reason=TOTAL apprehen=TOTAL sex=T age=TOTAL unit=PER. Rounded to nearest 5 by Eurostat."
Poland,POL,PL,616,1,1,2017,37974826,"World Bank, World Development Indicators (SP.POP.TOTL), sourced from UN World Population Prospects and national statistical offices",https://api.worldbank.org/v2/country/all/indicator/SP.POP.TOTL,38254959,0.007376807993800946,651845,0.017165187274327472,1 January,Eurostat [migr_pop3ctb],https://ec.europa.eu/eurostat/api/dissemination/statistics/1.0/data/migr_pop3ctb?format=JSON&lang=EN&geo=PL&age=TOTAL&sex=T&unit=NR&c_birth=FOR&sinceTimePeriod=2010&untilTimePeriod=2022,stock at 1 Jan; c_birth=FOR (born in a foreign country),210328,0.005538616556136426,1 January,Eurostat [migr_pop1ctz],https://ec.europa.eu/eurostat/api/dissemination/statistics/1.0/data/migr_pop1ctz?format=JSON&lang=EN&geo=PL&age=TOTAL&sex=T&unit=NR&citizen=FOR_STLS&sinceTimePeriod=2010&untilTimePeriod=2022,stock at 1 Jan; citizen=FOR_STLS (foreign citizens incl. stateless),,,,,,,,,,,,,28470,Full calendar year (flow),"Eurostat, Third country nationals found to be illegally present (migr_eipre)",https://ec.europa.eu/eurostat/databrowser/view/migr_eipre/default/table,"Eurostat enforcement statistic - annual flow of detections, NOT a stock. Dataset migr_eipre, dimensions freq=A citizen=TOTAL reason=TOTAL apprehen=TOTAL sex=T age=TOTAL unit=PER. Rounded to nearest 5 by Eurostat."
Poland,POL,PL,616,1,1,2018,37974750,"World Bank, World Development Indicators (SP.POP.TOTL), sourced from UN World Population Prospects and national statistical offices",https://api.worldbank.org/v2/country/all/indicator/SP.POP.TOTL,38241071,0.007013107393728728,695850,0.018324017932968617,1 January,Eurostat [migr_pop3ctb],https://ec.europa.eu/eurostat/api/dissemination/statistics/1.0/data/migr_pop3ctb?format=JSON&lang=EN&geo=PL&age=TOTAL&sex=T&unit=NR&c_birth=FOR&sinceTimePeriod=2010&untilTimePeriod=2022,stock at 1 Jan; c_birth=FOR (born in a foreign country),239230,0.006299712308836793,1 January,Eurostat [migr_pop1ctz],https://ec.europa.eu/eurostat/api/dissemination/statistics/1.0/data/migr_pop1ctz?format=JSON&lang=EN&geo=PL&age=TOTAL&sex=T&unit=NR&citizen=FOR_STLS&sinceTimePeriod=2010&untilTimePeriod=2022,stock at 1 Jan; citizen=FOR_STLS (foreign citizens incl. stateless),,,,,,,,,,,,,31245,Full calendar year (flow),"Eurostat, Third country nationals found to be illegally present (migr_eipre)",https://ec.europa.eu/eurostat/databrowser/view/migr_eipre/default/table,"Eurostat enforcement statistic - annual flow of detections, NOT a stock. Dataset migr_eipre, dimensions freq=A citizen=TOTAL reason=TOTAL apprehen=TOTAL sex=T age=TOTAL unit=PER. Rounded to nearest 5 by Eurostat."
Poland,POL,PL,616,1,1,2019,37965475,"World Bank, World Development Indicators (SP.POP.TOTL), sourced from UN World Population Prospects and national statistical offices",https://api.worldbank.org/v2/country/all/indicator/SP.POP.TOTL,38225885,0.0068591266143779315,760849,0.02004054999970368,1 January,Eurostat [migr_pop3ctb],https://ec.europa.eu/eurostat/api/dissemination/statistics/1.0/data/migr_pop3ctb?format=JSON&lang=EN&geo=PL&age=TOTAL&sex=T&unit=NR&c_birth=FOR&sinceTimePeriod=2010&untilTimePeriod=2022,stock at 1 Jan; c_birth=FOR (born in a foreign country),289751,0.007631960353452709,1 January,Eurostat [migr_pop1ctz],https://ec.europa.eu/eurostat/api/dissemination/statistics/1.0/data/migr_pop1ctz?format=JSON&lang=EN&geo=PL&age=TOTAL&sex=T&unit=NR&citizen=FOR_STLS&sinceTimePeriod=2010&untilTimePeriod=2022,stock at 1 Jan; citizen=FOR_STLS (foreign citizens incl. stateless),,,,,,,,,,,,,30900,Full calendar year (flow),"Eurostat, Third country nationals found to be illegally present (migr_eipre)",https://ec.europa.eu/eurostat/databrowser/view/migr_eipre/default/table,"Eurostat enforcement statistic - annual flow of detections, NOT a stock. Dataset migr_eipre, dimensions freq=A citizen=TOTAL reason=TOTAL apprehen=TOTAL sex=T age=TOTAL unit=PER. Rounded to nearest 5 by Eurostat."
Poland,POL,PL,616,1,1,2020,37515748,"World Bank, World Development Indicators (SP.POP.TOTL), sourced from UN World Population Prospects and national statistical offices",https://api.worldbank.org/v2/country/all/indicator/SP.POP.TOTL,38171012,0.017466371722083218,849320,0.02263902614976516,1 January,Eurostat [migr_pop3ctb],https://ec.europa.eu/eurostat/api/dissemination/statistics/1.0/data/migr_pop3ctb?format=JSON&lang=EN&geo=PL&age=TOTAL&sex=T&unit=NR&c_birth=FOR&sinceTimePeriod=2010&untilTimePeriod=2022,stock at 1 Jan; c_birth=FOR (born in a foreign country),358239,0.009549029916716575,1 January,Eurostat [migr_pop1ctz],https://ec.europa.eu/eurostat/api/dissemination/statistics/1.0/data/migr_pop1ctz?format=JSON&lang=EN&geo=PL&age=TOTAL&sex=T&unit=NR&citizen=FOR_STLS&sinceTimePeriod=2010&untilTimePeriod=2022,stock at 1 Jan; citizen=FOR_STLS (foreign citizens incl. stateless),,,,,,,,,,,,,12170,Full calendar year (flow),"Eurostat, Third country nationals found to be illegally present (migr_eipre)",https://ec.europa.eu/eurostat/databrowser/view/migr_eipre/default/table,"Eurostat enforcement statistic - annual flow of detections, NOT a stock. Dataset migr_eipre, dimensions freq=A citizen=TOTAL reason=TOTAL apprehen=TOTAL sex=T age=TOTAL unit=PER. Rounded to nearest 5 by Eurostat."
Poland,POL,PL,616,1,1,2021,36981559,"World Bank, World Development Indicators (SP.POP.TOTL), sourced from UN World Population Prospects and national statistical offices",https://api.worldbank.org/v2/country/all/indicator/SP.POP.TOTL,38040302,0.028628944496363714,935740,0.02530288136311398,1 January,Eurostat [migr_pop3ctb],https://ec.europa.eu/eurostat/api/dissemination/statistics/1.0/data/migr_pop3ctb?format=JSON&lang=EN&geo=PL&age=TOTAL&sex=T&unit=NR&c_birth=FOR&sinceTimePeriod=2010&untilTimePeriod=2022,stock at 1 Jan; c_birth=FOR (born in a foreign country),447442,0.012099057262567,1 January,Eurostat [migr_pop1ctz],https://ec.europa.eu/eurostat/api/dissemination/statistics/1.0/data/migr_pop1ctz?format=JSON&lang=EN&geo=PL&age=TOTAL&sex=T&unit=NR&citizen=FOR_STLS&sinceTimePeriod=2010&untilTimePeriod=2022,stock at 1 Jan; citizen=FOR_STLS (foreign citizens incl. stateless),,,,,,,,,,,,,12795,Full calendar year (flow),"Eurostat, Third country nationals found to be illegally present (migr_eipre)",https://ec.europa.eu/eurostat/databrowser/view/migr_eipre/default/table,"Eurostat enforcement statistic - annual flow of detections, NOT a stock. Dataset migr_eipre, dimensions freq=A citizen=TOTAL reason=TOTAL apprehen=TOTAL sex=T age=TOTAL unit=PER. Rounded to nearest 5 by Eurostat."
Poland,POL,PL,616,1,1,2022,36821749,"World Bank, World Development Indicators (SP.POP.TOTL), sourced from UN World Population Prospects and national statistical offices",https://api.worldbank.org/v2/country/all/indicator/SP.POP.TOTL,38385739,0.04247462552634314,931158,0.025288261022038905,1 January,Eurostat [migr_pop3ctb],https://ec.europa.eu/eurostat/api/dissemination/statistics/1.0/data/migr_pop3ctb?format=JSON&lang=EN&geo=PL&age=TOTAL&sex=T&unit=NR&c_birth=FOR&sinceTimePeriod=2010&untilTimePeriod=2022,stock at 1 Jan; c_birth=FOR (born in a foreign country),441661,0.011994568753374533,1 January,Eurostat [migr_pop1ctz],https://ec.europa.eu/eurostat/api/dissemination/statistics/1.0/data/migr_pop1ctz?format=JSON&lang=EN&geo=PL&age=TOTAL&sex=T&unit=NR&citizen=FOR_STLS&sinceTimePeriod=2010&untilTimePeriod=2022,stock at 1 Jan; citizen=FOR_STLS (foreign citizens incl. stateless),,,,,,,,,,,,,10510,Full calendar year (flow),"Eurostat, Third country nationals found to be illegally present (migr_eipre)",https://ec.europa.eu/eurostat/databrowser/view/migr_eipre/default/table,"Eurostat enforcement statistic - annual flow of detections, NOT a stock. Dataset migr_eipre, dimensions freq=A citizen=TOTAL reason=TOTAL apprehen=TOTAL sex=T age=TOTAL unit=PER. Rounded to nearest 5 by Eurostat."
Portugal,PRT,PT,620,1,0,2010,10573100,"World Bank, World Development Indicators (SP.POP.TOTL), sourced from UN World Population Prospects and national statistical offices",https://api.worldbank.org/v2/country/all/indicator/SP.POP.TOTL,10578660,0.0005258628027730751,762825,0.0721477144829804,1 January,Eurostat [migr_pop3ctb],https://ec.europa.eu/eurostat/api/dissemination/statistics/1.0/data/migr_pop3ctb?format=JSON&lang=EN&geo=PT&age=TOTAL&sex=T&unit=NR&c_birth=FOR&sinceTimePeriod=2010&untilTimePeriod=2022,stock at 1 Jan; c_birth=FOR (born in a foreign country),454191,0.04295722162847226,1 January,Eurostat [migr_pop1ctz],https://ec.europa.eu/eurostat/api/dissemination/statistics/1.0/data/migr_pop1ctz?format=JSON&lang=EN&geo=PT&age=TOTAL&sex=T&unit=NR&citizen=FOR_STLS&sinceTimePeriod=2010&untilTimePeriod=2022,stock at 1 Jan; citizen=FOR_STLS (foreign citizens incl. stateless),,,,,,,,,,,,,10085,Full calendar year (flow),"Eurostat, Third country nationals found to be illegally present (migr_eipre)",https://ec.europa.eu/eurostat/databrowser/view/migr_eipre/default/table,"Eurostat enforcement statistic - annual flow of detections, NOT a stock. Dataset migr_eipre, dimensions freq=A citizen=TOTAL reason=TOTAL apprehen=TOTAL sex=T age=TOTAL unit=PER. Rounded to nearest 5 by Eurostat. CORRECTED: an earlier extraction of this country shifted the series one year forward; re-read directly from the Eurostat API and cross-checked against an independent compilation."
Portugal,PRT,PT,620,1,0,2011,10557560,"World Bank, World Development Indicators (SP.POP.TOTL), sourced from UN World Population Prospects and national statistical offices",https://api.worldbank.org/v2/country/all/indicator/SP.POP.TOTL,10557052,-4.811717859050766e-05,755484,0.07155857982336827,1 January,Eurostat [migr_pop3ctb],https://ec.europa.eu/eurostat/api/dissemination/statistics/1.0/data/migr_pop3ctb?format=JSON&lang=EN&geo=PT&age=TOTAL&sex=T&unit=NR&c_birth=FOR&sinceTimePeriod=2010&untilTimePeriod=2022,stock at 1 Jan; c_birth=FOR (born in a foreign country),445262,0.04217470703457996,1 January,Eurostat [migr_pop1ctz],https://ec.europa.eu/eurostat/api/dissemination/statistics/1.0/data/migr_pop1ctz?format=JSON&lang=EN&geo=PT&age=TOTAL&sex=T&unit=NR&citizen=FOR_STLS&sinceTimePeriod=2010&untilTimePeriod=2022,stock at 1 Jan; citizen=FOR_STLS (foreign citizens incl. stateless),,,,,,,,,,,,,9230,Full calendar year (flow),"Eurostat, Third country nationals found to be illegally present (migr_eipre)",https://ec.europa.eu/eurostat/databrowser/view/migr_eipre/default/table,"Eurostat enforcement statistic - annual flow of detections, NOT a stock. Dataset migr_eipre, dimensions freq=A citizen=TOTAL reason=TOTAL apprehen=TOTAL sex=T age=TOTAL unit=PER. Rounded to nearest 5 by Eurostat. CORRECTED: an earlier extraction of this country shifted the series one year forward; re-read directly from the Eurostat API and cross-checked against an independent compilation."
Portugal,PRT,PT,620,1,0,2012,10514844,"World Bank, World Development Indicators (SP.POP.TOTL), sourced from UN World Population Prospects and national statistical offices",https://api.worldbank.org/v2/country/all/indicator/SP.POP.TOTL,10513150,-0.00016110557607892234,1221227,0.11614314011696227,1 January,Eurostat [migr_pop3ctb],https://ec.europa.eu/eurostat/api/dissemination/statistics/1.0/data/migr_pop3ctb?format=JSON&lang=EN&geo=PT&age=TOTAL&sex=T&unit=NR&c_birth=FOR&sinceTimePeriod=2010&untilTimePeriod=2022,stock at 1 Jan; c_birth=FOR (born in a foreign country); apparent break in series (population census re-basing),413011,0.03927885187835407,1 January,Eurostat [migr_pop1ctz],https://ec.europa.eu/eurostat/api/dissemination/statistics/1.0/data/migr_pop1ctz?format=JSON&lang=EN&geo=PT&age=TOTAL&sex=T&unit=NR&citizen=FOR_STLS&sinceTimePeriod=2010&untilTimePeriod=2022,stock at 1 Jan; citizen=FOR_STLS (foreign citizens incl. stateless),,,,,,,,,,,,,9110,Full calendar year (flow),"Eurostat, Third country nationals found to be illegally present (migr_eipre)",https://ec.europa.eu/eurostat/databrowser/view/migr_eipre/default/table,"Eurostat enforcement statistic - annual flow of detections, NOT a stock. Dataset migr_eipre, dimensions freq=A citizen=TOTAL reason=TOTAL apprehen=TOTAL sex=T age=TOTAL unit=PER. Rounded to nearest 5 by Eurostat. CORRECTED: an earlier extraction of this country shifted the series one year forward; re-read directly from the Eurostat API and cross-checked against an independent compilation."
Portugal,PRT,PT,620,1,0,2013,10457295,"World Bank, World Development Indicators (SP.POP.TOTL), sourced from UN World Population Prospects and national statistical offices",https://api.worldbank.org/v2/country/all/indicator/SP.POP.TOTL,10458298,9.591390507774717e-05,1197532,0.11451642131162983,1 January,Eurostat [migr_pop3ctb],https://ec.europa.eu/eurostat/api/dissemination/statistics/1.0/data/migr_pop3ctb?format=JSON&lang=EN&geo=PT&age=TOTAL&sex=T&unit=NR&c_birth=FOR&sinceTimePeriod=2010&untilTimePeriod=2022,stock at 1 Jan; c_birth=FOR (born in a foreign country),393908,0.03766824977204908,1 January,Eurostat [migr_pop1ctz],https://ec.europa.eu/eurostat/api/dissemination/statistics/1.0/data/migr_pop1ctz?format=JSON&lang=EN&geo=PT&age=TOTAL&sex=T&unit=NR&citizen=FOR_STLS&sinceTimePeriod=2010&untilTimePeriod=2022,stock at 1 Jan; citizen=FOR_STLS (foreign citizens incl. stateless),,,,,,,,,,,,,5155,Full calendar year (flow),"Eurostat, Third country nationals found to be illegally present (migr_eipre)",https://ec.europa.eu/eurostat/databrowser/view/migr_eipre/default/table,"Eurostat enforcement statistic - annual flow of detections, NOT a stock. Dataset migr_eipre, dimensions freq=A citizen=TOTAL reason=TOTAL apprehen=TOTAL sex=T age=TOTAL unit=PER. Rounded to nearest 5 by Eurostat. CORRECTED: an earlier extraction of this country shifted the series one year forward; re-read directly from the Eurostat API and cross-checked against an independent compilation."
Portugal,PRT,PT,620,1,0,2014,10401062,"World Bank, World Development Indicators (SP.POP.TOTL), sourced from UN World Population Prospects and national statistical offices",https://api.worldbank.org/v2/country/all/indicator/SP.POP.TOTL,10406199,0.000493891873733663,1176104,0.11307537634137745,1 January,Eurostat [migr_pop3ctb],https://ec.europa.eu/eurostat/api/dissemination/statistics/1.0/data/migr_pop3ctb?format=JSON&lang=EN&geo=PT&age=TOTAL&sex=T&unit=NR&c_birth=FOR&sinceTimePeriod=2010&untilTimePeriod=2022,stock at 1 Jan; c_birth=FOR (born in a foreign country),377436,0.03628821749163691,1 January,Eurostat [migr_pop1ctz],https://ec.europa.eu/eurostat/api/dissemination/statistics/1.0/data/migr_pop1ctz?format=JSON&lang=EN&geo=PT&age=TOTAL&sex=T&unit=NR&citizen=FOR_STLS&sinceTimePeriod=2010&untilTimePeriod=2022,stock at 1 Jan; citizen=FOR_STLS (foreign citizens incl. stateless),,,,,,,,,,,,,4530,Full calendar year (flow),"Eurostat, Third country nationals found to be illegally present (migr_eipre)",https://ec.europa.eu/eurostat/databrowser/view/migr_eipre/default/table,"Eurostat enforcement statistic - annual flow of detections, NOT a stock. Dataset migr_eipre, dimensions freq=A citizen=TOTAL reason=TOTAL apprehen=TOTAL sex=T age=TOTAL unit=PER. Rounded to nearest 5 by Eurostat. CORRECTED: an earlier extraction of this country shifted the series one year forward; re-read directly from the Eurostat API and cross-checked against an independent compilation."
Portugal,PRT,PT,620,1,0,2015,10358076,"World Bank, World Development Indicators (SP.POP.TOTL), sourced from UN World Population Prospects and national statistical offices",https://api.worldbank.org/v2/country/all/indicator/SP.POP.TOTL,10370267,0.0011769560292857477,1160656,0.11205324232029192,1 January,Eurostat [migr_pop3ctb],https://ec.europa.eu/eurostat/api/dissemination/statistics/1.0/data/migr_pop3ctb?format=JSON&lang=EN&geo=PT&age=TOTAL&sex=T&unit=NR&c_birth=FOR&sinceTimePeriod=2010&untilTimePeriod=2022,stock at 1 Jan; c_birth=FOR (born in a foreign country),366869,0.03541864338512287,1 January,Eurostat [migr_pop1ctz],https://ec.europa.eu/eurostat/api/dissemination/statistics/1.0/data/migr_pop1ctz?format=JSON&lang=EN&geo=PT&age=TOTAL&sex=T&unit=NR&citizen=FOR_STLS&sinceTimePeriod=2010&untilTimePeriod=2022,stock at 1 Jan; citizen=FOR_STLS (foreign citizens incl. stateless),,,,,,,,,,,,,5145,Full calendar year (flow),"Eurostat, Third country nationals found to be illegally present (migr_eipre)",https://ec.europa.eu/eurostat/databrowser/view/migr_eipre/default/table,"Eurostat enforcement statistic - annual flow of detections, NOT a stock. Dataset migr_eipre, dimensions freq=A citizen=TOTAL reason=TOTAL apprehen=TOTAL sex=T age=TOTAL unit=PER. Rounded to nearest 5 by Eurostat. CORRECTED: an earlier extraction of this country shifted the series one year forward; re-read directly from the Eurostat API and cross-checked against an independent compilation."
Portugal,PRT,PT,620,1,0,2016,10325452,"World Bank, World Development Indicators (SP.POP.TOTL), sourced from UN World Population Prospects and national statistical offices",https://api.worldbank.org/v2/country/all/indicator/SP.POP.TOTL,10346372,0.002026061425688677,1170320,0.11334322216596426,1 January,Eurostat [migr_pop3ctb],https://ec.europa.eu/eurostat/api/dissemination/statistics/1.0/data/migr_pop3ctb?format=JSON&lang=EN&geo=PT&age=TOTAL&sex=T&unit=NR&c_birth=FOR&sinceTimePeriod=2010&untilTimePeriod=2022,stock at 1 Jan; c_birth=FOR (born in a foreign country),360961,0.0349583727666353,1 January,Eurostat [migr_pop1ctz],https://ec.europa.eu/eurostat/api/dissemination/statistics/1.0/data/migr_pop1ctz?format=JSON&lang=EN&geo=PT&age=TOTAL&sex=T&unit=NR&citizen=FOR_STLS&sinceTimePeriod=2010&untilTimePeriod=2022,stock at 1 Jan; citizen=FOR_STLS (foreign citizens incl. stateless),,,,,,,,,,,,,6500,Full calendar year (flow),"Eurostat, Third country nationals found to be illegally present (migr_eipre)",https://ec.europa.eu/eurostat/databrowser/view/migr_eipre/default/table,"Eurostat enforcement statistic - annual flow of detections, NOT a stock. Dataset migr_eipre, dimensions freq=A citizen=TOTAL reason=TOTAL apprehen=TOTAL sex=T age=TOTAL unit=PER. Rounded to nearest 5 by Eurostat. CORRECTED: an earlier extraction of this country shifted the series one year forward; re-read directly from the Eurostat API and cross-checked against an independent compilation."
Portugal,PRT,PT,620,1,0,2017,10300300,"World Bank, World Development Indicators (SP.POP.TOTL), sourced from UN World Population Prospects and national statistical offices",https://api.worldbank.org/v2/country/all/indicator/SP.POP.TOTL,10330844,0.002965350523771152,1200249,0.11652563517567449,1 January,Eurostat [migr_pop3ctb],https://ec.europa.eu/eurostat/api/dissemination/statistics/1.0/data/migr_pop3ctb?format=JSON&lang=EN&geo=PT&age=TOTAL&sex=T&unit=NR&c_birth=FOR&sinceTimePeriod=2010&untilTimePeriod=2022,stock at 1 Jan; c_birth=FOR (born in a foreign country),370080,0.0359290506101764,1 January,Eurostat [migr_pop1ctz],https://ec.europa.eu/eurostat/api/dissemination/statistics/1.0/data/migr_pop1ctz?format=JSON&lang=EN&geo=PT&age=TOTAL&sex=T&unit=NR&citizen=FOR_STLS&sinceTimePeriod=2010&untilTimePeriod=2022,stock at 1 Jan; citizen=FOR_STLS (foreign citizens incl. stateless),,,,,,,,,,,,,6005,Full calendar year (flow),"Eurostat, Third country nationals found to be illegally present (migr_eipre)",https://ec.europa.eu/eurostat/databrowser/view/migr_eipre/default/table,"Eurostat enforcement statistic - annual flow of detections, NOT a stock. Dataset migr_eipre, dimensions freq=A citizen=TOTAL reason=TOTAL apprehen=TOTAL sex=T age=TOTAL unit=PER. Rounded to nearest 5 by Eurostat. CORRECTED: an earlier extraction of this country shifted the series one year forward; re-read directly from the Eurostat API and cross-checked against an independent compilation."
Portugal,PRT,PT,620,1,0,2018,10283822,"World Bank, World Development Indicators (SP.POP.TOTL), sourced from UN World Population Prospects and national statistical offices",https://api.worldbank.org/v2/country/all/indicator/SP.POP.TOTL,10325353,0.004038479079081688,1236888,0.12027512728244422,1 January,Eurostat [migr_pop3ctb],https://ec.europa.eu/eurostat/api/dissemination/statistics/1.0/data/migr_pop3ctb?format=JSON&lang=EN&geo=PT&age=TOTAL&sex=T&unit=NR&c_birth=FOR&sinceTimePeriod=2010&untilTimePeriod=2022,stock at 1 Jan; c_birth=FOR (born in a foreign country),387943,0.03772362065387752,1 January,Eurostat [migr_pop1ctz],https://ec.europa.eu/eurostat/api/dissemination/statistics/1.0/data/migr_pop1ctz?format=JSON&lang=EN&geo=PT&age=TOTAL&sex=T&unit=NR&citizen=FOR_STLS&sinceTimePeriod=2010&untilTimePeriod=2022,stock at 1 Jan; citizen=FOR_STLS (foreign citizens incl. stateless),,,,,,,,,,,,,4760,Full calendar year (flow),"Eurostat, Third country nationals found to be illegally present (migr_eipre)",https://ec.europa.eu/eurostat/databrowser/view/migr_eipre/default/table,"Eurostat enforcement statistic - annual flow of detections, NOT a stock. Dataset migr_eipre, dimensions freq=A citizen=TOTAL reason=TOTAL apprehen=TOTAL sex=T age=TOTAL unit=PER. Rounded to nearest 5 by Eurostat. CORRECTED: an earlier extraction of this country shifted the series one year forward; re-read directly from the Eurostat API and cross-checked against an independent compilation."
Portugal,PRT,PT,620,1,0,2019,10286263,"World Bank, World Development Indicators (SP.POP.TOTL), sourced from UN World Population Prospects and national statistical offices",https://api.worldbank.org/v2/country/all/indicator/SP.POP.TOTL,10343213,0.005536510198115681,1307266,0.12708852573573123,1 January,Eurostat [migr_pop3ctb],https://ec.europa.eu/eurostat/api/dissemination/statistics/1.0/data/migr_pop3ctb?format=JSON&lang=EN&geo=PT&age=TOTAL&sex=T&unit=NR&c_birth=FOR&sinceTimePeriod=2010&untilTimePeriod=2022,stock at 1 Jan; c_birth=FOR (born in a foreign country),441863,0.04295661116189621,1 January,Eurostat [migr_pop1ctz],https://ec.europa.eu/eurostat/api/dissemination/statistics/1.0/data/migr_pop1ctz?format=JSON&lang=EN&geo=PT&age=TOTAL&sex=T&unit=NR&citizen=FOR_STLS&sinceTimePeriod=2010&untilTimePeriod=2022,stock at 1 Jan; citizen=FOR_STLS (foreign citizens incl. stateless),,,,,,,,,,,,,5890,Full calendar year (flow),"Eurostat, Third country nationals found to be illegally present (migr_eipre)",https://ec.europa.eu/eurostat/databrowser/view/migr_eipre/default/table,"Eurostat enforcement statistic - annual flow of detections, NOT a stock. Dataset migr_eipre, dimensions freq=A citizen=TOTAL reason=TOTAL apprehen=TOTAL sex=T age=TOTAL unit=PER. Rounded to nearest 5 by Eurostat. CORRECTED: an earlier extraction of this country shifted the series one year forward; re-read directly from the Eurostat API and cross-checked against an independent compilation."
Portugal,PRT,PT,620,1,0,2020,10297081,"World Bank, World Development Indicators (SP.POP.TOTL), sourced from UN World Population Prospects and national statistical offices",https://api.worldbank.org/v2/country/all/indicator/SP.POP.TOTL,10370519,0.007131924086058952,1416498,0.13756306277478053,1 January,Eurostat [migr_pop3ctb],https://ec.europa.eu/eurostat/api/dissemination/statistics/1.0/data/migr_pop3ctb?format=JSON&lang=EN&geo=PT&age=TOTAL&sex=T&unit=NR&c_birth=FOR&sinceTimePeriod=2010&untilTimePeriod=2022,stock at 1 Jan; c_birth=FOR (born in a foreign country),520487,0.05054704338054639,1 January,Eurostat [migr_pop1ctz],https://ec.europa.eu/eurostat/api/dissemination/statistics/1.0/data/migr_pop1ctz?format=JSON&lang=EN&geo=PT&age=TOTAL&sex=T&unit=NR&citizen=FOR_STLS&sinceTimePeriod=2010&untilTimePeriod=2022,stock at 1 Jan; citizen=FOR_STLS (foreign citizens incl. stateless),,,,,,,,,,,,,3145,Full calendar year (flow),"Eurostat, Third country nationals found to be illegally present (migr_eipre)",https://ec.europa.eu/eurostat/databrowser/view/migr_eipre/default/table,"Eurostat enforcement statistic - annual flow of detections, NOT a stock. Dataset migr_eipre, dimensions freq=A citizen=TOTAL reason=TOTAL apprehen=TOTAL sex=T age=TOTAL unit=PER. Rounded to nearest 5 by Eurostat. CORRECTED: an earlier extraction of this country shifted the series one year forward; re-read directly from the Eurostat API and cross-checked against an independent compilation."
Portugal,PRT,PT,620,1,0,2021,10361831,"World Bank, World Development Indicators (SP.POP.TOTL), sourced from UN World Population Prospects and national statistical offices",https://api.worldbank.org/v2/country/all/indicator/SP.POP.TOTL,10390956,0.0028107966632538207,1495524,0.14433008992329638,1 January,Eurostat [migr_pop3ctb],https://ec.europa.eu/eurostat/api/dissemination/statistics/1.0/data/migr_pop3ctb?format=JSON&lang=EN&geo=PT&age=TOTAL&sex=T&unit=NR&c_birth=FOR&sinceTimePeriod=2010&untilTimePeriod=2022,stock at 1 Jan; c_birth=FOR (born in a foreign country),595794,0.05749891114803938,1 January,Eurostat [migr_pop1ctz],https://ec.europa.eu/eurostat/api/dissemination/statistics/1.0/data/migr_pop1ctz?format=JSON&lang=EN&geo=PT&age=TOTAL&sex=T&unit=NR&citizen=FOR_STLS&sinceTimePeriod=2010&untilTimePeriod=2022,stock at 1 Jan; citizen=FOR_STLS (foreign citizens incl. stateless),,,,,,,,,,,,,1855,Full calendar year (flow),"Eurostat, Third country nationals found to be illegally present (migr_eipre)",https://ec.europa.eu/eurostat/databrowser/view/migr_eipre/default/table,"Eurostat enforcement statistic - annual flow of detections, NOT a stock. Dataset migr_eipre, dimensions freq=A citizen=TOTAL reason=TOTAL apprehen=TOTAL sex=T age=TOTAL unit=PER. Rounded to nearest 5 by Eurostat. CORRECTED: an earlier extraction of this country shifted the series one year forward; re-read directly from the Eurostat API and cross-checked against an independent compilation."
Portugal,PRT,PT,620,1,0,2022,10434332,"World Bank, World Development Indicators (SP.POP.TOTL), sourced from UN World Population Prospects and national statistical offices",https://api.worldbank.org/v2/country/all/indicator/SP.POP.TOTL,10417073,-0.0016540589277780312,1568066,0.15027948123559803,1 January,Eurostat [migr_pop3ctb],https://ec.europa.eu/eurostat/api/dissemination/statistics/1.0/data/migr_pop3ctb?format=JSON&lang=EN&geo=PT&age=TOTAL&sex=T&unit=NR&c_birth=FOR&sinceTimePeriod=2010&untilTimePeriod=2022,stock at 1 Jan; c_birth=FOR (born in a foreign country),643347,0.0616567500439894,1 January,Eurostat [migr_pop1ctz],https://ec.europa.eu/eurostat/api/dissemination/statistics/1.0/data/migr_pop1ctz?format=JSON&lang=EN&geo=PT&age=TOTAL&sex=T&unit=NR&citizen=FOR_STLS&sinceTimePeriod=2010&untilTimePeriod=2022,stock at 1 Jan; citizen=FOR_STLS (foreign citizens incl. stateless),,,,,,,,,,,,,2170,Full calendar year (flow),"Eurostat, Third country nationals found to be illegally present (migr_eipre)",https://ec.europa.eu/eurostat/databrowser/view/migr_eipre/default/table,"Eurostat enforcement statistic - annual flow of detections, NOT a stock. Dataset migr_eipre, dimensions freq=A citizen=TOTAL reason=TOTAL apprehen=TOTAL sex=T age=TOTAL unit=PER. Rounded to nearest 5 by Eurostat. CORRECTED: an earlier extraction of this country shifted the series one year forward; re-read directly from the Eurostat API and cross-checked against an independent compilation."
Russia,RUS,RU,643,1,1,2010,142849468,"World Bank, World Development Indicators (SP.POP.TOTL), sourced from UN World Population Prospects and national statistical offices",https://api.worldbank.org/v2/country/all/indicator/SP.POP.TOTL,143934465,0.00759538705457412,11199727,0.0784023010852235,Mid-year / 30 June,UN DESA International Migrant Stock (World Bank indicator SM.POP.TOTL),https://api.worldbank.org/v2/country/CHN;IND;PHL;RUS;ZAF;SUR;THA/indicator/SM.POP.TOTL?format=json&date=2010:2022&per_page=200,"UN estimate (not annual); mid-year benchmark year only; largely reflects persons born in other former-USSR republics; retrieved from World Bank mirror of UN DESA International Migrant Stock, accessed 2026-08",,,,,,,,,,,,,,,,,,,,,,,
Russia,RUS,RU,643,1,1,2011,143018195,"World Bank, World Development Indicators (SP.POP.TOTL), sourced from UN World Population Prospects and national statistical offices",https://api.worldbank.org/v2/country/all/indicator/SP.POP.TOTL,144043748,0.00717078690581992,,,,,,,,,,,,,,,,,,,,,,,,,,,,,
Russia,RUS,RU,643,1,1,2012,143378447,"World Bank, World Development Indicators (SP.POP.TOTL), sourced from UN World Population Prospects and national statistical offices",https://api.worldbank.org/v2/country/all/indicator/SP.POP.TOTL,144291029,0.00636484784913314,,,,,,,,,,,,,,,,,,,,,,,,,,,,,
Russia,RUS,RU,643,1,1,2013,143805638,"World Bank, World Development Indicators (SP.POP.TOTL), sourced from UN World Population Prospects and national statistical offices",https://api.worldbank.org/v2/country/all/indicator/SP.POP.TOTL,144604098,0.0055523553255957874,,,,,,,,,,,,,,,,,,,,,,,,,,,,,
Russia,RUS,RU,643,1,1,2014,144237223,"World Bank, World Development Indicators (SP.POP.TOTL), sourced from UN World Population Prospects and national statistical offices",https://api.worldbank.org/v2/country/all/indicator/SP.POP.TOTL,144925638,0.004772797102451147,,,,,,,,,,,,,,,,,,,,,,,,,,,,,
Russia,RUS,RU,643,1,1,2015,144640716,"World Bank, World Development Indicators (SP.POP.TOTL), sourced from UN World Population Prospects and national statistical offices",https://api.worldbank.org/v2/country/all/indicator/SP.POP.TOTL,145307616,0.0046107349192049075,9098229,0.06290226743623144,Mid-year / 30 June,UN DESA International Migrant Stock (World Bank indicator SM.POP.TOTL),https://api.worldbank.org/v2/country/CHN;IND;PHL;RUS;ZAF;SUR;THA/indicator/SM.POP.TOTL?format=json&date=2010:2022&per_page=200,"UN estimate (not annual); mid-year benchmark year only; largely reflects persons born in other former-USSR republics; retrieved from World Bank mirror of UN DESA International Migrant Stock, accessed 2026-08",,,,,,,,,,,,,,,,,,,,,,,
Russia,RUS,RU,643,1,1,2016,145015460,"World Bank, World Development Indicators (SP.POP.TOTL), sourced from UN World Population Prospects and national statistical offices",https://api.worldbank.org/v2/country/all/indicator/SP.POP.TOTL,145778677,0.00526300437208557,,,,,,,,,,,,,,,,,,,,,,,,,,,,,
Russia,RUS,RU,643,1,1,2017,145293260,"World Bank, World Development Indicators (SP.POP.TOTL), sourced from UN World Population Prospects and national statistical offices",https://api.worldbank.org/v2/country/all/indicator/SP.POP.TOTL,146186799,0.006149899864591104,,,,,,,,,,,,,,,,,,,,,,,,,,,,,
Russia,RUS,RU,643,1,1,2018,145398106,"World Bank, World Development Indicators (SP.POP.TOTL), sourced from UN World Population Prospects and national statistical offices",https://api.worldbank.org/v2/country/all/indicator/SP.POP.TOTL,146430146,0.00709802918615735,,,,,,,,,,,,,,,,,,,,,,,,,,,,,
Russia,RUS,RU,643,1,1,2019,145453291,"World Bank, World Development Indicators (SP.POP.TOTL), sourced from UN World Population Prospects and national statistical offices",https://api.worldbank.org/v2/country/all/indicator/SP.POP.TOTL,146533067,0.007423524023254998,,,,,,,,,,,,,,,,,,,,,,,,,,,,,
Russia,RUS,RU,643,1,1,2020,145245148,"World Bank, World Development Indicators (SP.POP.TOTL), sourced from UN World Population Prospects and national statistical offices",https://api.worldbank.org/v2/country/all/indicator/SP.POP.TOTL,146371299,0.0077534500498426286,7297611,0.050243406409692944,Mid-year / 30 June,UN DESA International Migrant Stock (World Bank indicator SM.POP.TOTL),https://api.worldbank.org/v2/country/CHN;IND;PHL;RUS;ZAF;SUR;THA/indicator/SM.POP.TOTL?format=json&date=2010:2022&per_page=200,"UN estimate (not annual); mid-year benchmark year only; largely reflects persons born in other former-USSR republics; excludes most temporary labour migrants; retrieved from World Bank mirror of UN DESA International Migrant Stock, accessed 2026-08",,,,,,,1200000,0.008261893884400186,See note,"Russian Ministry of Internal Affairs (MVD) data, reported by The Moscow Times, 16 April 2021",https://www.themoscowtimes.com/2021/04/16/russia-tells-illegal-migrants-from-post-soviet-countries-to-leave-by-june-15-a73623,"ADMINISTRATIVE COUNT, not a modelled stock and not an enforcement flow: MVD register of nationals of post-Soviet/CIS states residing in Russia without valid documentation, as at late 2020. LOWER BOUND: source states 'more than 1.2 million'; recorded here as 1,200,000. Covers CIS nationals only (Uzbekistan 332,000; Tajikistan 247,000; Ukraine 152,000; Azerbaijan 120,000; Kyrgyzstan 115,000; Armenia 61,000; Moldova 56,000; Kazakhstan 49,000) and therefore excludes non-CIS irregular migrants. No published method statement accompanies the figure.",1,,,,,,,,,,
Russia,RUS,RU,643,1,1,2021,144746762,"World Bank, World Development Indicators (SP.POP.TOTL), sourced from UN World Population Prospects and national statistical offices",https://api.worldbank.org/v2/country/all/indicator/SP.POP.TOTL,145836175,0.0075263376185230315,,,,,,,,,,,,,,,,,,,,,,,,,,,,,
Russia,RUS,RU,643,1,1,2022,144236933,"World Bank, World Development Indicators (SP.POP.TOTL), sourced from UN World Population Prospects and national statistical offices",https://api.worldbank.org/v2/country/all/indicator/SP.POP.TOTL,145579899,0.009310833030538718,,,,,,,,,,,,,,,,,,,,,,,,,,,,,
Slovak Republic,SVK,SK,703,1,1,2010,5391428,"World Bank, World Development Indicators (SP.POP.TOTL), sourced from UN World Population Prospects and national statistical offices",https://api.worldbank.org/v2/country/all/indicator/SP.POP.TOTL,5391851,7.845787794996057e-05,64422,0.011948967880123782,1 January,Eurostat [migr_pop3ctb],https://ec.europa.eu/eurostat/api/dissemination/statistics/1.0/data/migr_pop3ctb?format=JSON&lang=EN&geo=SK&age=TOTAL&sex=T&unit=NR&c_birth=FOR&sinceTimePeriod=2010&untilTimePeriod=2022,stock at 1 Jan; c_birth=FOR (born in a foreign country),65894,0.012221993876204968,1 January,Eurostat [migr_pop1ctz],https://ec.europa.eu/eurostat/api/dissemination/statistics/1.0/data/migr_pop1ctz?format=JSON&lang=EN&geo=SK&age=TOTAL&sex=T&unit=NR&citizen=FOR_STLS&sinceTimePeriod=2010&untilTimePeriod=2022,stock at 1 Jan; citizen=FOR_STLS (foreign citizens incl. stateless),,,,,,,,,,,,,1440,Full calendar year (flow),"Eurostat, Third country nationals found to be illegally present (migr_eipre)",https://ec.europa.eu/eurostat/databrowser/view/migr_eipre/default/table,"Eurostat enforcement statistic - annual flow of detections, NOT a stock. Dataset migr_eipre, dimensions freq=A citizen=TOTAL reason=TOTAL apprehen=TOTAL sex=T age=TOTAL unit=PER. Rounded to nearest 5 by Eurostat."
Slovak Republic,SVK,SK,703,1,1,2011,5398384,"World Bank, World Development Indicators (SP.POP.TOTL), sourced from UN World Population Prospects and national statistical offices",https://api.worldbank.org/v2/country/all/indicator/SP.POP.TOTL,5398109,-5.094117054288839e-05,68135,0.012621369654326184,1 January,Eurostat [migr_pop3ctb],https://ec.europa.eu/eurostat/api/dissemination/statistics/1.0/data/migr_pop3ctb?format=JSON&lang=EN&geo=SK&age=TOTAL&sex=T&unit=NR&c_birth=FOR&sinceTimePeriod=2010&untilTimePeriod=2022,stock at 1 Jan; c_birth=FOR (born in a foreign country),69607,0.012894043847195754,1 January,Eurostat [migr_pop1ctz],https://ec.europa.eu/eurostat/api/dissemination/statistics/1.0/data/migr_pop1ctz?format=JSON&lang=EN&geo=SK&age=TOTAL&sex=T&unit=NR&citizen=FOR_STLS&sinceTimePeriod=2010&untilTimePeriod=2022,stock at 1 Jan; citizen=FOR_STLS (foreign citizens incl. stateless),,,,,,,,,,,,,1145,Full calendar year (flow),"Eurostat, Third country nationals found to be illegally present (migr_eipre)",https://ec.europa.eu/eurostat/databrowser/view/migr_eipre/default/table,"Eurostat enforcement statistic - annual flow of detections, NOT a stock. Dataset migr_eipre, dimensions freq=A citizen=TOTAL reason=TOTAL apprehen=TOTAL sex=T age=TOTAL unit=PER. Rounded to nearest 5 by Eurostat."
Slovak Republic,SVK,SK,703,1,1,2012,5407579,"World Bank, World Development Indicators (SP.POP.TOTL), sourced from UN World Population Prospects and national statistical offices",https://api.worldbank.org/v2/country/all/indicator/SP.POP.TOTL,5404871,-0.0005007786294014382,156883,0.029011688964691962,1 January,Eurostat [migr_pop3ctb],https://ec.europa.eu/eurostat/api/dissemination/statistics/1.0/data/migr_pop3ctb?format=JSON&lang=EN&geo=SK&age=TOTAL&sex=T&unit=NR&c_birth=FOR&sinceTimePeriod=2010&untilTimePeriod=2022,stock at 1 Jan; c_birth=FOR (born in a foreign country); apparent break in series (population census re-basing),70727,0.01307923564315935,1 January,Eurostat [migr_pop1ctz],https://ec.europa.eu/eurostat/api/dissemination/statistics/1.0/data/migr_pop1ctz?format=JSON&lang=EN&geo=SK&age=TOTAL&sex=T&unit=NR&citizen=FOR_STLS&sinceTimePeriod=2010&untilTimePeriod=2022,stock at 1 Jan; citizen=FOR_STLS (foreign citizens incl. stateless),,,,,,,,,,,,,1395,Full calendar year (flow),"Eurostat, Third country nationals found to be illegally present (migr_eipre)",https://ec.europa.eu/eurostat/databrowser/view/migr_eipre/default/table,"Eurostat enforcement statistic - annual flow of detections, NOT a stock. Dataset migr_eipre, dimensions freq=A citizen=TOTAL reason=TOTAL apprehen=TOTAL sex=T age=TOTAL unit=PER. Rounded to nearest 5 by Eurostat."
Slovak Republic,SVK,SK,703,1,1,2013,5413393,"World Bank, World Development Indicators (SP.POP.TOTL), sourced from UN World Population Prospects and national statistical offices",https://api.worldbank.org/v2/country/all/indicator/SP.POP.TOTL,5410422,-0.0005488240000310342,158164,0.029217165648235774,1 January,Eurostat [migr_pop3ctb],https://ec.europa.eu/eurostat/api/dissemination/statistics/1.0/data/migr_pop3ctb?format=JSON&lang=EN&geo=SK&age=TOTAL&sex=T&unit=NR&c_birth=FOR&sinceTimePeriod=2010&untilTimePeriod=2022,stock at 1 Jan; c_birth=FOR (born in a foreign country),72925,0.013471218513047178,1 January,Eurostat [migr_pop1ctz],https://ec.europa.eu/eurostat/api/dissemination/statistics/1.0/data/migr_pop1ctz?format=JSON&lang=EN&geo=SK&age=TOTAL&sex=T&unit=NR&citizen=FOR_STLS&sinceTimePeriod=2010&untilTimePeriod=2022,stock at 1 Jan; citizen=FOR_STLS (foreign citizens incl. stateless),,,,,,,,,,,,,1025,Full calendar year (flow),"Eurostat, Third country nationals found to be illegally present (migr_eipre)",https://ec.europa.eu/eurostat/databrowser/view/migr_eipre/default/table,"Eurostat enforcement statistic - annual flow of detections, NOT a stock. Dataset migr_eipre, dimensions freq=A citizen=TOTAL reason=TOTAL apprehen=TOTAL sex=T age=TOTAL unit=PER. Rounded to nearest 5 by Eurostat."
Slovak Republic,SVK,SK,703,1,1,2014,5418649,"World Bank, World Development Indicators (SP.POP.TOTL), sourced from UN World Population Prospects and national statistical offices",https://api.worldbank.org/v2/country/all/indicator/SP.POP.TOTL,5415230,-0.0006309690847294224,174908,0.03227889461007716,1 January,Eurostat [migr_pop3ctb],https://ec.europa.eu/eurostat/api/dissemination/statistics/1.0/data/migr_pop3ctb?format=JSON&lang=EN&geo=SK&age=TOTAL&sex=T&unit=NR&c_birth=FOR&sinceTimePeriod=2010&untilTimePeriod=2022,stock at 1 Jan; c_birth=FOR (born in a foreign country),59151,0.010916189625864306,1 January,Eurostat [migr_pop1ctz],https://ec.europa.eu/eurostat/api/dissemination/statistics/1.0/data/migr_pop1ctz?format=JSON&lang=EN&geo=SK&age=TOTAL&sex=T&unit=NR&citizen=FOR_STLS&sinceTimePeriod=2010&untilTimePeriod=2022,stock at 1 Jan; citizen=FOR_STLS (foreign citizens incl. stateless),,,,,,,,,,,,,1155,Full calendar year (flow),"Eurostat, Third country nationals found to be illegally present (migr_eipre)",https://ec.europa.eu/eurostat/databrowser/view/migr_eipre/default/table,"Eurostat enforcement statistic - annual flow of detections, NOT a stock. Dataset migr_eipre, dimensions freq=A citizen=TOTAL reason=TOTAL apprehen=TOTAL sex=T age=TOTAL unit=PER. Rounded to nearest 5 by Eurostat."
Slovak Republic,SVK,SK,703,1,1,2015,5423801,"World Bank, World Development Indicators (SP.POP.TOTL), sourced from UN World Population Prospects and national statistical offices",https://api.worldbank.org/v2/country/all/indicator/SP.POP.TOTL,5420278,-0.0006495444799689369,177624,0.03274898913142278,1 January,Eurostat [migr_pop3ctb],https://ec.europa.eu/eurostat/api/dissemination/statistics/1.0/data/migr_pop3ctb?format=JSON&lang=EN&geo=SK&age=TOTAL&sex=T&unit=NR&c_birth=FOR&sinceTimePeriod=2010&untilTimePeriod=2022,stock at 1 Jan; c_birth=FOR (born in a foreign country),61766,0.011387954683440634,1 January,Eurostat [migr_pop1ctz],https://ec.europa.eu/eurostat/api/dissemination/statistics/1.0/data/migr_pop1ctz?format=JSON&lang=EN&geo=SK&age=TOTAL&sex=T&unit=NR&citizen=FOR_STLS&sinceTimePeriod=2010&untilTimePeriod=2022,stock at 1 Jan; citizen=FOR_STLS (foreign citizens incl. stateless),,,,,,,,,,,,,1985,Full calendar year (flow),"Eurostat, Third country nationals found to be illegally present (migr_eipre)",https://ec.europa.eu/eurostat/databrowser/view/migr_eipre/default/table,"Eurostat enforcement statistic - annual flow of detections, NOT a stock. Dataset migr_eipre, dimensions freq=A citizen=TOTAL reason=TOTAL apprehen=TOTAL sex=T age=TOTAL unit=PER. Rounded to nearest 5 by Eurostat."
Slovak Republic,SVK,SK,703,1,1,2016,5430798,"World Bank, World Development Indicators (SP.POP.TOTL), sourced from UN World Population Prospects and national statistical offices",https://api.worldbank.org/v2/country/all/indicator/SP.POP.TOTL,5427259,-0.0006516537716924842,181642,0.033446650013497094,1 January,Eurostat [migr_pop3ctb],https://ec.europa.eu/eurostat/api/dissemination/statistics/1.0/data/migr_pop3ctb?format=JSON&lang=EN&geo=SK&age=TOTAL&sex=T&unit=NR&c_birth=FOR&sinceTimePeriod=2010&untilTimePeriod=2022,stock at 1 Jan; c_birth=FOR (born in a foreign country),65840,0.012123448524507816,1 January,Eurostat [migr_pop1ctz],https://ec.europa.eu/eurostat/api/dissemination/statistics/1.0/data/migr_pop1ctz?format=JSON&lang=EN&geo=SK&age=TOTAL&sex=T&unit=NR&citizen=FOR_STLS&sinceTimePeriod=2010&untilTimePeriod=2022,stock at 1 Jan; citizen=FOR_STLS (foreign citizens incl. stateless),,,,,,,,,,,,,2035,Full calendar year (flow),"Eurostat, Third country nationals found to be illegally present (migr_eipre)",https://ec.europa.eu/eurostat/databrowser/view/migr_eipre/default/table,"Eurostat enforcement statistic - annual flow of detections, NOT a stock. Dataset migr_eipre, dimensions freq=A citizen=TOTAL reason=TOTAL apprehen=TOTAL sex=T age=TOTAL unit=PER. Rounded to nearest 5 by Eurostat."
Slovak Republic,SVK,SK,703,1,1,2017,5439232,"World Bank, World Development Indicators (SP.POP.TOTL), sourced from UN World Population Prospects and national statistical offices",https://api.worldbank.org/v2/country/all/indicator/SP.POP.TOTL,5435700,-0.0006493563797241963,186217,0.03423589947992658,1 January,Eurostat [migr_pop3ctb],https://ec.europa.eu/eurostat/api/dissemination/statistics/1.0/data/migr_pop3ctb?format=JSON&lang=EN&geo=SK&age=TOTAL&sex=T&unit=NR&c_birth=FOR&sinceTimePeriod=2010&untilTimePeriod=2022,stock at 1 Jan; c_birth=FOR (born in a foreign country),69695,0.012813389831505624,1 January,Eurostat [migr_pop1ctz],https://ec.europa.eu/eurostat/api/dissemination/statistics/1.0/data/migr_pop1ctz?format=JSON&lang=EN&geo=SK&age=TOTAL&sex=T&unit=NR&citizen=FOR_STLS&sinceTimePeriod=2010&untilTimePeriod=2022,stock at 1 Jan; citizen=FOR_STLS (foreign citizens incl. stateless),,,,,,,,,,,,,2590,Full calendar year (flow),"Eurostat, Third country nationals found to be illegally present (migr_eipre)",https://ec.europa.eu/eurostat/databrowser/view/migr_eipre/default/table,"Eurostat enforcement statistic - annual flow of detections, NOT a stock. Dataset migr_eipre, dimensions freq=A citizen=TOTAL reason=TOTAL apprehen=TOTAL sex=T age=TOTAL unit=PER. Rounded to nearest 5 by Eurostat."
Slovak Republic,SVK,SK,703,1,1,2018,5446771,"World Bank, World Development Indicators (SP.POP.TOTL), sourced from UN World Population Prospects and national statistical offices",https://api.worldbank.org/v2/country/all/indicator/SP.POP.TOTL,5443232,-0.0006497427558456194,190308,0.0349395999941984,1 January,Eurostat [migr_pop3ctb],https://ec.europa.eu/eurostat/api/dissemination/statistics/1.0/data/migr_pop3ctb?format=JSON&lang=EN&geo=SK&age=TOTAL&sex=T&unit=NR&c_birth=FOR&sinceTimePeriod=2010&untilTimePeriod=2022,stock at 1 Jan; c_birth=FOR (born in a foreign country),72883,0.013380955432126668,1 January,Eurostat [migr_pop1ctz],https://ec.europa.eu/eurostat/api/dissemination/statistics/1.0/data/migr_pop1ctz?format=JSON&lang=EN&geo=SK&age=TOTAL&sex=T&unit=NR&citizen=FOR_STLS&sinceTimePeriod=2010&untilTimePeriod=2022,stock at 1 Jan; citizen=FOR_STLS (foreign citizens incl. stateless),,,,,,,,,,,,,2635,Full calendar year (flow),"Eurostat, Third country nationals found to be illegally present (migr_eipre)",https://ec.europa.eu/eurostat/databrowser/view/migr_eipre/default/table,"Eurostat enforcement statistic - annual flow of detections, NOT a stock. Dataset migr_eipre, dimensions freq=A citizen=TOTAL reason=TOTAL apprehen=TOTAL sex=T age=TOTAL unit=PER. Rounded to nearest 5 by Eurostat."
Slovak Republic,SVK,SK,703,1,1,2019,5454147,"World Bank, World Development Indicators (SP.POP.TOTL), sourced from UN World Population Prospects and national statistical offices",https://api.worldbank.org/v2/country/all/indicator/SP.POP.TOTL,5450626,-0.0006455638251040906,194389,0.03564058687820479,1 January,Eurostat [migr_pop3ctb],https://ec.europa.eu/eurostat/api/dissemination/statistics/1.0/data/migr_pop3ctb?format=JSON&lang=EN&geo=SK&age=TOTAL&sex=T&unit=NR&c_birth=FOR&sinceTimePeriod=2010&untilTimePeriod=2022,stock at 1 Jan; c_birth=FOR (born in a foreign country),76116,0.013955619458001407,1 January,Eurostat [migr_pop1ctz],https://ec.europa.eu/eurostat/api/dissemination/statistics/1.0/data/migr_pop1ctz?format=JSON&lang=EN&geo=SK&age=TOTAL&sex=T&unit=NR&citizen=FOR_STLS&sinceTimePeriod=2010&untilTimePeriod=2022,stock at 1 Jan; citizen=FOR_STLS (foreign citizens incl. stateless),,,,,,,,,,,,,2005,Full calendar year (flow),"Eurostat, Third country nationals found to be illegally present (migr_eipre)",https://ec.europa.eu/eurostat/databrowser/view/migr_eipre/default/table,"Eurostat enforcement statistic - annual flow of detections, NOT a stock. Dataset migr_eipre, dimensions freq=A citizen=TOTAL reason=TOTAL apprehen=TOTAL sex=T age=TOTAL unit=PER. Rounded to nearest 5 by Eurostat."
Slovak Republic,SVK,SK,703,1,1,2020,5458827,"World Bank, World Development Indicators (SP.POP.TOTL), sourced from UN World Population Prospects and national statistical offices",https://api.worldbank.org/v2/country/all/indicator/SP.POP.TOTL,5455024,-0.000696669815694837,198429,0.03635011697567994,1 January,Eurostat [migr_pop3ctb],https://ec.europa.eu/eurostat/api/dissemination/statistics/1.0/data/migr_pop3ctb?format=JSON&lang=EN&geo=SK&age=TOTAL&sex=T&unit=NR&c_birth=FOR&sinceTimePeriod=2010&untilTimePeriod=2022,stock at 1 Jan; c_birth=FOR (born in a foreign country),78936,0.014460249427212109,1 January,Eurostat [migr_pop1ctz],https://ec.europa.eu/eurostat/api/dissemination/statistics/1.0/data/migr_pop1ctz?format=JSON&lang=EN&geo=SK&age=TOTAL&sex=T&unit=NR&citizen=FOR_STLS&sinceTimePeriod=2010&untilTimePeriod=2022,stock at 1 Jan; citizen=FOR_STLS (foreign citizens incl. stateless),,,,,,,,,,,,,1215,Full calendar year (flow),"Eurostat, Third country nationals found to be illegally present (migr_eipre)",https://ec.europa.eu/eurostat/databrowser/view/migr_eipre/default/table,"Eurostat enforcement statistic - annual flow of detections, NOT a stock. Dataset migr_eipre, dimensions freq=A citizen=TOTAL reason=TOTAL apprehen=TOTAL sex=T age=TOTAL unit=PER. Rounded to nearest 5 by Eurostat."
Slovak Republic,SVK,SK,703,1,1,2021,5447247,"World Bank, World Development Indicators (SP.POP.TOTL), sourced from UN World Population Prospects and national statistical offices",https://api.worldbank.org/v2/country/all/indicator/SP.POP.TOTL,5442759,-0.0008239024226366089,201941,0.03707212101819506,1 January,Eurostat [migr_pop3ctb],https://ec.europa.eu/eurostat/api/dissemination/statistics/1.0/data/migr_pop3ctb?format=JSON&lang=EN&geo=SK&age=TOTAL&sex=T&unit=NR&c_birth=FOR&sinceTimePeriod=2010&untilTimePeriod=2022,stock at 1 Jan; c_birth=FOR (born in a foreign country),82075,0.01506724405924681,1 January,Eurostat [migr_pop1ctz],https://ec.europa.eu/eurostat/api/dissemination/statistics/1.0/data/migr_pop1ctz?format=JSON&lang=EN&geo=SK&age=TOTAL&sex=T&unit=NR&citizen=FOR_STLS&sinceTimePeriod=2010&untilTimePeriod=2022,stock at 1 Jan; citizen=FOR_STLS (foreign citizens incl. stateless),,,,,,,,,,,,,1715,Full calendar year (flow),"Eurostat, Third country nationals found to be illegally present (migr_eipre)",https://ec.europa.eu/eurostat/databrowser/view/migr_eipre/default/table,"Eurostat enforcement statistic - annual flow of detections, NOT a stock. Dataset migr_eipre, dimensions freq=A citizen=TOTAL reason=TOTAL apprehen=TOTAL sex=T age=TOTAL unit=PER. Rounded to nearest 5 by Eurostat."
Slovak Republic,SVK,SK,703,1,1,2022,5431752,"World Bank, World Development Indicators (SP.POP.TOTL), sourced from UN World Population Prospects and national statistical offices",https://api.worldbank.org/v2/country/all/indicator/SP.POP.TOTL,5473197,0.007630134807332883,213171,0.03924534846215365,1 January,Eurostat [migr_pop3ctb],https://ec.europa.eu/eurostat/api/dissemination/statistics/1.0/data/migr_pop3ctb?format=JSON&lang=EN&geo=SK&age=TOTAL&sex=T&unit=NR&c_birth=FOR&sinceTimePeriod=2010&untilTimePeriod=2022,stock at 1 Jan; c_birth=FOR (born in a foreign country),60142,0.011072302270059458,1 January,Eurostat [migr_pop1ctz],https://ec.europa.eu/eurostat/api/dissemination/statistics/1.0/data/migr_pop1ctz?format=JSON&lang=EN&geo=SK&age=TOTAL&sex=T&unit=NR&citizen=FOR_STLS&sinceTimePeriod=2010&untilTimePeriod=2022,stock at 1 Jan; citizen=FOR_STLS (foreign citizens incl. stateless); apparent break in series (population census re-basing),,,,,,,,,,,,,11705,Full calendar year (flow),"Eurostat, Third country nationals found to be illegally present (migr_eipre)",https://ec.europa.eu/eurostat/databrowser/view/migr_eipre/default/table,"Eurostat enforcement statistic - annual flow of detections, NOT a stock. Dataset migr_eipre, dimensions freq=A citizen=TOTAL reason=TOTAL apprehen=TOTAL sex=T age=TOTAL unit=PER. Rounded to nearest 5 by Eurostat."
Slovenia,SVN,SI,705,1,1,2010,2048583,"World Bank, World Development Indicators (SP.POP.TOTL), sourced from UN World Population Prospects and national statistical offices",https://api.worldbank.org/v2/country/all/indicator/SP.POP.TOTL,2044612,-0.001938413039647405,253786,0.12388367959706782,1 January,Eurostat [migr_pop3ctb],https://ec.europa.eu/eurostat/api/dissemination/statistics/1.0/data/migr_pop3ctb?format=JSON&lang=EN&geo=SI&age=TOTAL&sex=T&unit=NR&c_birth=FOR&sinceTimePeriod=2010&untilTimePeriod=2022,stock at 1 Jan; c_birth=FOR (born in a foreign country),82176,0.04011358094839213,1 January,Eurostat [migr_pop1ctz],https://ec.europa.eu/eurostat/api/dissemination/statistics/1.0/data/migr_pop1ctz?format=JSON&lang=EN&geo=SI&age=TOTAL&sex=T&unit=NR&citizen=FOR_STLS&sinceTimePeriod=2010&untilTimePeriod=2022,stock at 1 Jan; citizen=FOR_STLS (foreign citizens incl. stateless),,,,,,,,,,,,,3415,Full calendar year (flow),"Eurostat, Third country nationals found to be illegally present (migr_eipre)",https://ec.europa.eu/eurostat/databrowser/view/migr_eipre/default/table,"Eurostat enforcement statistic - annual flow of detections, NOT a stock. Dataset migr_eipre, dimensions freq=A citizen=TOTAL reason=TOTAL apprehen=TOTAL sex=T age=TOTAL unit=PER. Rounded to nearest 5 by Eurostat."
Slovenia,SVN,SI,705,1,1,2011,2052843,"World Bank, World Development Indicators (SP.POP.TOTL), sourced from UN World Population Prospects and national statistical offices",https://api.worldbank.org/v2/country/all/indicator/SP.POP.TOTL,2048804,-0.0019675152946426007,228588,0.1113519153681017,1 January,Eurostat [migr_pop3ctb],https://ec.europa.eu/eurostat/api/dissemination/statistics/1.0/data/migr_pop3ctb?format=JSON&lang=EN&geo=SI&age=TOTAL&sex=T&unit=NR&c_birth=FOR&sinceTimePeriod=2010&untilTimePeriod=2022,stock at 1 Jan; c_birth=FOR (born in a foreign country); apparent break in series (population census re-basing),82746,0.040308002121935284,1 January,Eurostat [migr_pop1ctz],https://ec.europa.eu/eurostat/api/dissemination/statistics/1.0/data/migr_pop1ctz?format=JSON&lang=EN&geo=SI&age=TOTAL&sex=T&unit=NR&citizen=FOR_STLS&sinceTimePeriod=2010&untilTimePeriod=2022,stock at 1 Jan; citizen=FOR_STLS (foreign citizens incl. stateless),,,,,,,,,,,,,4350,Full calendar year (flow),"Eurostat, Third country nationals found to be illegally present (migr_eipre)",https://ec.europa.eu/eurostat/databrowser/view/migr_eipre/default/table,"Eurostat enforcement statistic - annual flow of detections, NOT a stock. Dataset migr_eipre, dimensions freq=A citizen=TOTAL reason=TOTAL apprehen=TOTAL sex=T age=TOTAL unit=PER. Rounded to nearest 5 by Eurostat."
Slovenia,SVN,SI,705,1,1,2012,2057159,"World Bank, World Development Indicators (SP.POP.TOTL), sourced from UN World Population Prospects and national statistical offices",https://api.worldbank.org/v2/country/all/indicator/SP.POP.TOTL,2053321,-0.0018656798040404265,230109,0.11185766389472082,1 January,Eurostat [migr_pop3ctb],https://ec.europa.eu/eurostat/api/dissemination/statistics/1.0/data/migr_pop3ctb?format=JSON&lang=EN&geo=SI&age=TOTAL&sex=T&unit=NR&c_birth=FOR&sinceTimePeriod=2010&untilTimePeriod=2022,stock at 1 Jan; c_birth=FOR (born in a foreign country),85555,0.041588909753694295,1 January,Eurostat [migr_pop1ctz],https://ec.europa.eu/eurostat/api/dissemination/statistics/1.0/data/migr_pop1ctz?format=JSON&lang=EN&geo=SI&age=TOTAL&sex=T&unit=NR&citizen=FOR_STLS&sinceTimePeriod=2010&untilTimePeriod=2022,stock at 1 Jan; citizen=FOR_STLS (foreign citizens incl. stateless),,,,,,,,,,,,,1555,Full calendar year (flow),"Eurostat, Third country nationals found to be illegally present (migr_eipre)",https://ec.europa.eu/eurostat/databrowser/view/migr_eipre/default/table,"Eurostat enforcement statistic - annual flow of detections, NOT a stock. Dataset migr_eipre, dimensions freq=A citizen=TOTAL reason=TOTAL apprehen=TOTAL sex=T age=TOTAL unit=PER. Rounded to nearest 5 by Eurostat."
Slovenia,SVN,SI,705,1,1,2013,2059953,"World Bank, World Development Indicators (SP.POP.TOTL), sourced from UN World Population Prospects and national statistical offices",https://api.worldbank.org/v2/country/all/indicator/SP.POP.TOTL,2056441,-0.0017048932669823048,232703,0.11296519872055333,1 January,Eurostat [migr_pop3ctb],https://ec.europa.eu/eurostat/api/dissemination/statistics/1.0/data/migr_pop3ctb?format=JSON&lang=EN&geo=SI&age=TOTAL&sex=T&unit=NR&c_birth=FOR&sinceTimePeriod=2010&untilTimePeriod=2022,stock at 1 Jan; c_birth=FOR (born in a foreign country),91385,0.0443626626432739,1 January,Eurostat [migr_pop1ctz],https://ec.europa.eu/eurostat/api/dissemination/statistics/1.0/data/migr_pop1ctz?format=JSON&lang=EN&geo=SI&age=TOTAL&sex=T&unit=NR&citizen=FOR_STLS&sinceTimePeriod=2010&untilTimePeriod=2022,stock at 1 Jan; citizen=FOR_STLS (foreign citizens incl. stateless),,,,,,,,,,,,,1040,Full calendar year (flow),"Eurostat, Third country nationals found to be illegally present (migr_eipre)",https://ec.europa.eu/eurostat/databrowser/view/migr_eipre/default/table,"Eurostat enforcement statistic - annual flow of detections, NOT a stock. Dataset migr_eipre, dimensions freq=A citizen=TOTAL reason=TOTAL apprehen=TOTAL sex=T age=TOTAL unit=PER. Rounded to nearest 5 by Eurostat."
Slovenia,SVN,SI,705,1,1,2014,2061980,"World Bank, World Development Indicators (SP.POP.TOTL), sourced from UN World Population Prospects and national statistical offices",https://api.worldbank.org/v2/country/all/indicator/SP.POP.TOTL,2058401,-0.001735710336666699,235310,0.11411846865634002,1 January,Eurostat [migr_pop3ctb],https://ec.europa.eu/eurostat/api/dissemination/statistics/1.0/data/migr_pop3ctb?format=JSON&lang=EN&geo=SI&age=TOTAL&sex=T&unit=NR&c_birth=FOR&sinceTimePeriod=2010&untilTimePeriod=2022,stock at 1 Jan; c_birth=FOR (born in a foreign country),96608,0.04685205482109429,1 January,Eurostat [migr_pop1ctz],https://ec.europa.eu/eurostat/api/dissemination/statistics/1.0/data/migr_pop1ctz?format=JSON&lang=EN&geo=SI&age=TOTAL&sex=T&unit=NR&citizen=FOR_STLS&sinceTimePeriod=2010&untilTimePeriod=2022,stock at 1 Jan; citizen=FOR_STLS (foreign citizens incl. stateless),,,,,,,,,,,,,1025,Full calendar year (flow),"Eurostat, Third country nationals found to be illegally present (migr_eipre)",https://ec.europa.eu/eurostat/databrowser/view/migr_eipre/default/table,"Eurostat enforcement statistic - annual flow of detections, NOT a stock. Dataset migr_eipre, dimensions freq=A citizen=TOTAL reason=TOTAL apprehen=TOTAL sex=T age=TOTAL unit=PER. Rounded to nearest 5 by Eurostat."
Slovenia,SVN,SI,705,1,1,2015,2063531,"World Bank, World Development Indicators (SP.POP.TOTL), sourced from UN World Population Prospects and national statistical offices",https://api.worldbank.org/v2/country/all/indicator/SP.POP.TOTL,2059947,-0.0017368287658387491,237616,0.11515019643513957,1 January,Eurostat [migr_pop3ctb],https://ec.europa.eu/eurostat/api/dissemination/statistics/1.0/data/migr_pop3ctb?format=JSON&lang=EN&geo=SI&age=TOTAL&sex=T&unit=NR&c_birth=FOR&sinceTimePeriod=2010&untilTimePeriod=2022,stock at 1 Jan; c_birth=FOR (born in a foreign country),101532,0.04920304080723769,1 January,Eurostat [migr_pop1ctz],https://ec.europa.eu/eurostat/api/dissemination/statistics/1.0/data/migr_pop1ctz?format=JSON&lang=EN&geo=SI&age=TOTAL&sex=T&unit=NR&citizen=FOR_STLS&sinceTimePeriod=2010&untilTimePeriod=2022,stock at 1 Jan; citizen=FOR_STLS (foreign citizens incl. stateless),,,,,,,,,,,,,1025,Full calendar year (flow),"Eurostat, Third country nationals found to be illegally present (migr_eipre)",https://ec.europa.eu/eurostat/databrowser/view/migr_eipre/default/table,"Eurostat enforcement statistic - annual flow of detections, NOT a stock. Dataset migr_eipre, dimensions freq=A citizen=TOTAL reason=TOTAL apprehen=TOTAL sex=T age=TOTAL unit=PER. Rounded to nearest 5 by Eurostat."
Slovenia,SVN,SI,705,1,1,2016,2065042,"World Bank, World Development Indicators (SP.POP.TOTL), sourced from UN World Population Prospects and national statistical offices",https://api.worldbank.org/v2/country/all/indicator/SP.POP.TOTL,2061373,-0.0017767193112779305,241203,0.1168029512232681,1 January,Eurostat [migr_pop3ctb],https://ec.europa.eu/eurostat/api/dissemination/statistics/1.0/data/migr_pop3ctb?format=JSON&lang=EN&geo=SI&age=TOTAL&sex=T&unit=NR&c_birth=FOR&sinceTimePeriod=2010&untilTimePeriod=2022,stock at 1 Jan; c_birth=FOR (born in a foreign country),107766,0.05218586353207344,1 January,Eurostat [migr_pop1ctz],https://ec.europa.eu/eurostat/api/dissemination/statistics/1.0/data/migr_pop1ctz?format=JSON&lang=EN&geo=SI&age=TOTAL&sex=T&unit=NR&citizen=FOR_STLS&sinceTimePeriod=2010&untilTimePeriod=2022,stock at 1 Jan; citizen=FOR_STLS (foreign citizens incl. stateless),,,,,,,,,,,,,2475,Full calendar year (flow),"Eurostat, Third country nationals found to be illegally present (migr_eipre)",https://ec.europa.eu/eurostat/databrowser/view/migr_eipre/default/table,"Eurostat enforcement statistic - annual flow of detections, NOT a stock. Dataset migr_eipre, dimensions freq=A citizen=TOTAL reason=TOTAL apprehen=TOTAL sex=T age=TOTAL unit=PER. Rounded to nearest 5 by Eurostat."
Slovenia,SVN,SI,705,1,1,2017,2066388,"World Bank, World Development Indicators (SP.POP.TOTL), sourced from UN World Population Prospects and national statistical offices",https://api.worldbank.org/v2/country/all/indicator/SP.POP.TOTL,2062410,-0.001925098287446501,245369,0.1187429466295778,1 January,Eurostat [migr_pop3ctb],https://ec.europa.eu/eurostat/api/dissemination/statistics/1.0/data/migr_pop3ctb?format=JSON&lang=EN&geo=SI&age=TOTAL&sex=T&unit=NR&c_birth=FOR&sinceTimePeriod=2010&untilTimePeriod=2022,stock at 1 Jan; c_birth=FOR (born in a foreign country),114438,0.055380693267672865,1 January,Eurostat [migr_pop1ctz],https://ec.europa.eu/eurostat/api/dissemination/statistics/1.0/data/migr_pop1ctz?format=JSON&lang=EN&geo=SI&age=TOTAL&sex=T&unit=NR&citizen=FOR_STLS&sinceTimePeriod=2010&untilTimePeriod=2022,stock at 1 Jan; citizen=FOR_STLS (foreign citizens incl. stateless),,,,,,,,,,,,,4180,Full calendar year (flow),"Eurostat, Third country nationals found to be illegally present (migr_eipre)",https://ec.europa.eu/eurostat/databrowser/view/migr_eipre/default/table,"Eurostat enforcement statistic - annual flow of detections, NOT a stock. Dataset migr_eipre, dimensions freq=A citizen=TOTAL reason=TOTAL apprehen=TOTAL sex=T age=TOTAL unit=PER. Rounded to nearest 5 by Eurostat."
Slovenia,SVN,SI,705,1,1,2018,2073894,"World Bank, World Development Indicators (SP.POP.TOTL), sourced from UN World Population Prospects and national statistical offices",https://api.worldbank.org/v2/country/all/indicator/SP.POP.TOTL,2069481,-0.0021278811742548075,250226,0.12065515402426547,1 January,Eurostat [migr_pop3ctb],https://ec.europa.eu/eurostat/api/dissemination/statistics/1.0/data/migr_pop3ctb?format=JSON&lang=EN&geo=SI&age=TOTAL&sex=T&unit=NR&c_birth=FOR&sinceTimePeriod=2010&untilTimePeriod=2022,stock at 1 Jan; c_birth=FOR (born in a foreign country),121875,0.05876626288518121,1 January,Eurostat [migr_pop1ctz],https://ec.europa.eu/eurostat/api/dissemination/statistics/1.0/data/migr_pop1ctz?format=JSON&lang=EN&geo=SI&age=TOTAL&sex=T&unit=NR&citizen=FOR_STLS&sinceTimePeriod=2010&untilTimePeriod=2022,stock at 1 Jan; citizen=FOR_STLS (foreign citizens incl. stateless),,,,,,,,,,,,,4345,Full calendar year (flow),"Eurostat, Third country nationals found to be illegally present (migr_eipre)",https://ec.europa.eu/eurostat/databrowser/view/migr_eipre/default/table,"Eurostat enforcement statistic - annual flow of detections, NOT a stock. Dataset migr_eipre, dimensions freq=A citizen=TOTAL reason=TOTAL apprehen=TOTAL sex=T age=TOTAL unit=PER. Rounded to nearest 5 by Eurostat."
Slovenia,SVN,SI,705,1,1,2019,2088385,"World Bank, World Development Indicators (SP.POP.TOTL), sourced from UN World Population Prospects and national statistical offices",https://api.worldbank.org/v2/country/all/indicator/SP.POP.TOTL,2083439,-0.0023683372558220826,265072,0.12692678792464032,1 January,Eurostat [migr_pop3ctb],https://ec.europa.eu/eurostat/api/dissemination/statistics/1.0/data/migr_pop3ctb?format=JSON&lang=EN&geo=SI&age=TOTAL&sex=T&unit=NR&c_birth=FOR&sinceTimePeriod=2010&untilTimePeriod=2022,stock at 1 Jan; c_birth=FOR (born in a foreign country),138193,0.06617218568415306,1 January,Eurostat [migr_pop1ctz],https://ec.europa.eu/eurostat/api/dissemination/statistics/1.0/data/migr_pop1ctz?format=JSON&lang=EN&geo=SI&age=TOTAL&sex=T&unit=NR&citizen=FOR_STLS&sinceTimePeriod=2010&untilTimePeriod=2022,stock at 1 Jan; citizen=FOR_STLS (foreign citizens incl. stateless),,,,,,,,,,,,,5765,Full calendar year (flow),"Eurostat, Third country nationals found to be illegally present (migr_eipre)",https://ec.europa.eu/eurostat/databrowser/view/migr_eipre/default/table,"Eurostat enforcement statistic - annual flow of detections, NOT a stock. Dataset migr_eipre, dimensions freq=A citizen=TOTAL reason=TOTAL apprehen=TOTAL sex=T age=TOTAL unit=PER. Rounded to nearest 5 by Eurostat."
Slovenia,SVN,SI,705,1,1,2020,2102419,"World Bank, World Development Indicators (SP.POP.TOTL), sourced from UN World Population Prospects and national statistical offices",https://api.worldbank.org/v2/country/all/indicator/SP.POP.TOTL,2102419,0,281621,0.13395093937031582,1 January,Eurostat [migr_pop3ctb],https://ec.europa.eu/eurostat/api/dissemination/statistics/1.0/data/migr_pop3ctb?format=JSON&lang=EN&geo=SI&age=TOTAL&sex=T&unit=NR&c_birth=FOR&sinceTimePeriod=2010&untilTimePeriod=2022,stock at 1 Jan; c_birth=FOR (born in a foreign country),156351,0.07436719321885885,1 January,Eurostat [migr_pop1ctz],https://ec.europa.eu/eurostat/api/dissemination/statistics/1.0/data/migr_pop1ctz?format=JSON&lang=EN&geo=SI&age=TOTAL&sex=T&unit=NR&citizen=FOR_STLS&sinceTimePeriod=2010&untilTimePeriod=2022,stock at 1 Jan; citizen=FOR_STLS (foreign citizens incl. stateless),,,,,,,,,,,,,4605,Full calendar year (flow),"Eurostat, Third country nationals found to be illegally present (migr_eipre)",https://ec.europa.eu/eurostat/databrowser/view/migr_eipre/default/table,"Eurostat enforcement statistic - annual flow of detections, NOT a stock. Dataset migr_eipre, dimensions freq=A citizen=TOTAL reason=TOTAL apprehen=TOTAL sex=T age=TOTAL unit=PER. Rounded to nearest 5 by Eurostat."
Slovenia,SVN,SI,705,1,1,2021,2108079,"World Bank, World Development Indicators (SP.POP.TOTL), sourced from UN World Population Prospects and national statistical offices",https://api.worldbank.org/v2/country/all/indicator/SP.POP.TOTL,2113494,0.0025686893138255253,292824,0.13890561027361878,1 January,Eurostat [migr_pop3ctb],https://ec.europa.eu/eurostat/api/dissemination/statistics/1.0/data/migr_pop3ctb?format=JSON&lang=EN&geo=SI&age=TOTAL&sex=T&unit=NR&c_birth=FOR&sinceTimePeriod=2010&untilTimePeriod=2022,stock at 1 Jan; c_birth=FOR (born in a foreign country),168651,0.0800022200306535,1 January,Eurostat [migr_pop1ctz],https://ec.europa.eu/eurostat/api/dissemination/statistics/1.0/data/migr_pop1ctz?format=JSON&lang=EN&geo=SI&age=TOTAL&sex=T&unit=NR&citizen=FOR_STLS&sinceTimePeriod=2010&untilTimePeriod=2022,stock at 1 Jan; citizen=FOR_STLS (foreign citizens incl. stateless),,,,,,,,,,,,,14430,Full calendar year (flow),"Eurostat, Third country nationals found to be illegally present (migr_eipre)",https://ec.europa.eu/eurostat/databrowser/view/migr_eipre/default/table,"Eurostat enforcement statistic - annual flow of detections, NOT a stock. Dataset migr_eipre, dimensions freq=A citizen=TOTAL reason=TOTAL apprehen=TOTAL sex=T age=TOTAL unit=PER. Rounded to nearest 5 by Eurostat."
Slovenia,SVN,SI,705,1,1,2022,2112076,"World Bank, World Development Indicators (SP.POP.TOTL), sourced from UN World Population Prospects and national statistical offices",https://api.worldbank.org/v2/country/all/indicator/SP.POP.TOTL,2115228,0.0014923705396964883,294533,0.13945189472348532,1 January,Eurostat [migr_pop3ctb],https://ec.europa.eu/eurostat/api/dissemination/statistics/1.0/data/migr_pop3ctb?format=JSON&lang=EN&geo=SI&age=TOTAL&sex=T&unit=NR&c_birth=FOR&sinceTimePeriod=2010&untilTimePeriod=2022,stock at 1 Jan; c_birth=FOR (born in a foreign country),172442,0.08164573623297647,1 January,Eurostat [migr_pop1ctz],https://ec.europa.eu/eurostat/api/dissemination/statistics/1.0/data/migr_pop1ctz?format=JSON&lang=EN&geo=SI&age=TOTAL&sex=T&unit=NR&citizen=FOR_STLS&sinceTimePeriod=2010&untilTimePeriod=2022,stock at 1 Jan; citizen=FOR_STLS (foreign citizens incl. stateless),,,,,,,,,,,,,35215,Full calendar year (flow),"Eurostat, Third country nationals found to be illegally present (migr_eipre)",https://ec.europa.eu/eurostat/databrowser/view/migr_eipre/default/table,"Eurostat enforcement statistic - annual flow of detections, NOT a stock. Dataset migr_eipre, dimensions freq=A citizen=TOTAL reason=TOTAL apprehen=TOTAL sex=T age=TOTAL unit=PER. Rounded to nearest 5 by Eurostat."
South Africa,ZAF,ZA,710,1,1,2010,52344051,"World Bank, World Development Indicators (SP.POP.TOTL), sourced from UN World Population Prospects and national statistical offices",https://api.worldbank.org/v2/country/all/indicator/SP.POP.TOTL,52344051,0,2274466,0.04345223490631247,Mid-year / 30 June,UN DESA International Migrant Stock (World Bank indicator SM.POP.TOTL),https://api.worldbank.org/v2/country/CHN;IND;PHL;RUS;ZAF;SUR;THA/indicator/SM.POP.TOTL?format=json&date=2010:2022&per_page=200,"UN estimate (not annual); mid-year benchmark year only; retrieved from World Bank mirror of UN DESA International Migrant Stock, accessed 2026-08",,,,,,,,,,,,,,,,,,,,,,,
South Africa,ZAF,ZA,710,1,1,2011,52995205,"World Bank, World Development Indicators (SP.POP.TOTL), sourced from UN World Population Prospects and national statistical offices",https://api.worldbank.org/v2/country/all/indicator/SP.POP.TOTL,52995205,0,2184408,0.041218974433630366,1 October (census),Statistics South Africa - Census 2011 (as tabulated in the Census 2022 Statistical Release P0301.4),https://census.statssa.gov.za/assets/documents/2022/P03014_Census_2022_Statistical_Release.pdf,"Census count, reference date 9-31 Oct 2011; persons born outside South Africa; comparable series in the same table: Census 1996 = 835216, Census 2001 = 1025076",,,,,,,,,,,,,,,,,,,,,,,
South Africa,ZAF,ZA,710,1,1,2012,53782567,"World Bank, World Development Indicators (SP.POP.TOTL), sourced from UN World Population Prospects and national statistical offices",https://api.worldbank.org/v2/country/all/indicator/SP.POP.TOTL,53782567,0,,,,,,,,,,,,,,,,,,,,,,,,,,,,,
South Africa,ZAF,ZA,710,1,1,2013,54678791,"World Bank, World Development Indicators (SP.POP.TOTL), sourced from UN World Population Prospects and national statistical offices",https://api.worldbank.org/v2/country/all/indicator/SP.POP.TOTL,54678791,0,,,,,,,,,,,,,,,,,,,,,,,,,,,,,
South Africa,ZAF,ZA,710,1,1,2014,55594838,"World Bank, World Development Indicators (SP.POP.TOTL), sourced from UN World Population Prospects and national statistical offices",https://api.worldbank.org/v2/country/all/indicator/SP.POP.TOTL,55594838,0,,,,,,,,,,,,,,,,,,,,,,,,,,,,,
South Africa,ZAF,ZA,710,1,1,2015,56723537,"World Bank, World Development Indicators (SP.POP.TOTL), sourced from UN World Population Prospects and national statistical offices",https://api.worldbank.org/v2/country/all/indicator/SP.POP.TOTL,56723537,0,3162564,0.055753998556190176,Mid-year / 30 June,UN DESA International Migrant Stock (World Bank indicator SM.POP.TOTL),https://api.worldbank.org/v2/country/CHN;IND;PHL;RUS;ZAF;SUR;THA/indicator/SM.POP.TOTL?format=json&date=2010:2022&per_page=200,"UN estimate (not annual); mid-year benchmark year only; markedly higher than the Stats SA census counts for adjacent years; retrieved from World Bank mirror of UN DESA International Migrant Stock, accessed 2026-08",,,,,,,,,,,,,,,,,,,,,,,
South Africa,ZAF,ZA,710,1,1,2016,57259551,"World Bank, World Development Indicators (SP.POP.TOTL), sourced from UN World Population Prospects and national statistical offices",https://api.worldbank.org/v2/country/all/indicator/SP.POP.TOTL,57259551,0,1578541,0.027568169369682972,Census reference date,Statistics South Africa - Community Survey 2016 (presented to the UN Expert Forum on International Migration Statistics 2023),https://unstats.un.org/unsd/demographic-social/migrationstat-forum-2023/presentations/E.3/4.Itani-StatsSA.pdf,"Large-scale household survey (not a census); persons born outside South Africa; Stats SA itself flags the 2011-2016 decline as anomalous, so treat with caution",,,,,,,,,,,,,,,,,,,,,,,
South Africa,ZAF,ZA,710,1,1,2017,57635162,"World Bank, World Development Indicators (SP.POP.TOTL), sourced from UN World Population Prospects and national statistical offices",https://api.worldbank.org/v2/country/all/indicator/SP.POP.TOTL,57635162,0,,,,,,,,,,,,,,,,,,,,,,,,,,,,,
South Africa,ZAF,ZA,710,1,1,2018,58613001,"World Bank, World Development Indicators (SP.POP.TOTL), sourced from UN World Population Prospects and national statistical offices",https://api.worldbank.org/v2/country/all/indicator/SP.POP.TOTL,58613001,0,,,,,,,,,,,,,,,,,,,,,,,,,,,,,
South Africa,ZAF,ZA,710,1,1,2019,59587885,"World Bank, World Development Indicators (SP.POP.TOTL), sourced from UN World Population Prospects and national statistical offices",https://api.worldbank.org/v2/country/all/indicator/SP.POP.TOTL,59587885,0,,,,,,,,,,,,,,,,,,,,,,,,,,,,,
South Africa,ZAF,ZA,710,1,1,2020,60562381,"World Bank, World Development Indicators (SP.POP.TOTL), sourced from UN World Population Prospects and national statistical offices",https://api.worldbank.org/v2/country/all/indicator/SP.POP.TOTL,60562381,0,2639076,0.04357615992673736,Mid-year / 30 June,UN DESA International Migrant Stock (World Bank indicator SM.POP.TOTL),https://api.worldbank.org/v2/country/CHN;IND;PHL;RUS;ZAF;SUR;THA/indicator/SM.POP.TOTL?format=json&date=2010:2022&per_page=200,"UN estimate (not annual); mid-year benchmark year only; retrieved from World Bank mirror of UN DESA International Migrant Stock, accessed 2026-08",,,,,,,,,,,,,,,,,,,,,,,
South Africa,ZAF,ZA,710,1,1,2021,61502603,"World Bank, World Development Indicators (SP.POP.TOTL), sourced from UN World Population Prospects and national statistical offices",https://api.worldbank.org/v2/country/all/indicator/SP.POP.TOTL,61502603,0,,,,,,,,,,,,,,,,,,,,,,,,,,,,,
South Africa,ZAF,ZA,710,1,1,2022,62378410,"World Bank, World Development Indicators (SP.POP.TOTL), sourced from UN World Population Prospects and national statistical offices",https://api.worldbank.org/v2/country/all/indicator/SP.POP.TOTL,62378410,0,2418197,0.038766570036010854,Census reference date,Statistics South Africa - Census 2022 Statistical Release P0301.4,https://census.statssa.gov.za/assets/documents/2022/P03014_Census_2022_Statistical_Release.pdf,"Census count, reference night 2-3 Feb 2022 (nearest census to 2021); persons born outside South Africa, just above 3 per cent of the total population; a separate Stats SA Income and Expenditure Survey 2022/23 put the foreign-born population higher at about 3.1 million",,,,,,,,,,,,,,,,,,,,,,,
Spain,ESP,ES,724,1,0,2010,46576897,"World Bank, World Development Indicators (SP.POP.TOTL), sourced from UN World Population Prospects and national statistical offices",https://api.worldbank.org/v2/country/all/indicator/SP.POP.TOTL,46840471,0.0056588999477573615,6280062,0.1348321250340056,1 January,Eurostat [migr_pop3ctb],https://ec.europa.eu/eurostat/api/dissemination/statistics/1.0/data/migr_pop3ctb?format=JSON&lang=EN&geo=ES&age=TOTAL&sex=T&unit=NR&c_birth=FOR&sinceTimePeriod=2010&untilTimePeriod=2022,stock at 1 Jan; c_birth=FOR (born in a foreign country),5402575,0.11599259177785072,1 January,Eurostat [migr_pop1ctz],https://ec.europa.eu/eurostat/api/dissemination/statistics/1.0/data/migr_pop1ctz?format=JSON&lang=EN&geo=ES&age=TOTAL&sex=T&unit=NR&citizen=FOR_STLS&sinceTimePeriod=2010&untilTimePeriod=2022,stock at 1 Jan; citizen=FOR_STLS (foreign citizens incl. stateless),,,,,,,,,,,,,70315,Full calendar year (flow),"Eurostat, Third country nationals found to be illegally present (migr_eipre)",https://ec.europa.eu/eurostat/databrowser/view/migr_eipre/default/table,"Eurostat enforcement statistic - annual flow of detections, NOT a stock. Dataset migr_eipre, dimensions freq=A citizen=TOTAL reason=TOTAL apprehen=TOTAL sex=T age=TOTAL unit=PER. Rounded to nearest 5 by Eurostat."
Spain,ESP,ES,724,1,0,2011,46742697,"World Bank, World Development Indicators (SP.POP.TOTL), sourced from UN World Population Prospects and national statistical offices",https://api.worldbank.org/v2/country/all/indicator/SP.POP.TOTL,46998043,0.005462799889360256,6282205,0.1343997116811638,1 January,Eurostat [migr_pop3ctb],https://ec.europa.eu/eurostat/api/dissemination/statistics/1.0/data/migr_pop3ctb?format=JSON&lang=EN&geo=ES&age=TOTAL&sex=T&unit=NR&c_birth=FOR&sinceTimePeriod=2010&untilTimePeriod=2022,stock at 1 Jan; c_birth=FOR (born in a foreign country),5312439,0.11365281297311534,1 January,Eurostat [migr_pop1ctz],https://ec.europa.eu/eurostat/api/dissemination/statistics/1.0/data/migr_pop1ctz?format=JSON&lang=EN&geo=ES&age=TOTAL&sex=T&unit=NR&citizen=FOR_STLS&sinceTimePeriod=2010&untilTimePeriod=2022,stock at 1 Jan; citizen=FOR_STLS (foreign citizens incl. stateless),,,,,,,,,,,,,68825,Full calendar year (flow),"Eurostat, Third country nationals found to be illegally present (migr_eipre)",https://ec.europa.eu/eurostat/databrowser/view/migr_eipre/default/table,"Eurostat enforcement statistic - annual flow of detections, NOT a stock. Dataset migr_eipre, dimensions freq=A citizen=TOTAL reason=TOTAL apprehen=TOTAL sex=T age=TOTAL unit=PER. Rounded to nearest 5 by Eurostat."
Spain,ESP,ES,724,1,0,2012,46773055,"World Bank, World Development Indicators (SP.POP.TOTL), sourced from UN World Population Prospects and national statistical offices",https://api.worldbank.org/v2/country/all/indicator/SP.POP.TOTL,47018323,0.005243788330695953,6294954,0.13458505115819352,1 January,Eurostat [migr_pop3ctb],https://ec.europa.eu/eurostat/api/dissemination/statistics/1.0/data/migr_pop3ctb?format=JSON&lang=EN&geo=ES&age=TOTAL&sex=T&unit=NR&c_birth=FOR&sinceTimePeriod=2010&untilTimePeriod=2022,stock at 1 Jan; c_birth=FOR (born in a foreign country),5236030,0.1119454352511291,1 January,Eurostat [migr_pop1ctz],https://ec.europa.eu/eurostat/api/dissemination/statistics/1.0/data/migr_pop1ctz?format=JSON&lang=EN&geo=ES&age=TOTAL&sex=T&unit=NR&citizen=FOR_STLS&sinceTimePeriod=2010&untilTimePeriod=2022,stock at 1 Jan; citizen=FOR_STLS (foreign citizens incl. stateless),,,,,,,,,,,,,52485,Full calendar year (flow),"Eurostat, Third country nationals found to be illegally present (migr_eipre)",https://ec.europa.eu/eurostat/databrowser/view/migr_eipre/default/table,"Eurostat enforcement statistic - annual flow of detections, NOT a stock. Dataset migr_eipre, dimensions freq=A citizen=TOTAL reason=TOTAL apprehen=TOTAL sex=T age=TOTAL unit=PER. Rounded to nearest 5 by Eurostat."
Spain,ESP,ES,724,1,0,2013,46604197,"World Bank, World Development Indicators (SP.POP.TOTL), sourced from UN World Population Prospects and national statistical offices",https://api.worldbank.org/v2/country/all/indicator/SP.POP.TOTL,46860389,0.005497187302680057,6165635,0.13229784862509272,1 January,Eurostat [migr_pop3ctb],https://ec.europa.eu/eurostat/api/dissemination/statistics/1.0/data/migr_pop3ctb?format=JSON&lang=EN&geo=ES&age=TOTAL&sex=T&unit=NR&c_birth=FOR&sinceTimePeriod=2010&untilTimePeriod=2022,stock at 1 Jan; c_birth=FOR (born in a foreign country),5064584,0.1086722725852352,1 January,Eurostat [migr_pop1ctz],https://ec.europa.eu/eurostat/api/dissemination/statistics/1.0/data/migr_pop1ctz?format=JSON&lang=EN&geo=ES&age=TOTAL&sex=T&unit=NR&citizen=FOR_STLS&sinceTimePeriod=2010&untilTimePeriod=2022,stock at 1 Jan; citizen=FOR_STLS (foreign citizens incl. stateless),,,,,,,,,,,,,46195,Full calendar year (flow),"Eurostat, Third country nationals found to be illegally present (migr_eipre)",https://ec.europa.eu/eurostat/databrowser/view/migr_eipre/default/table,"Eurostat enforcement statistic - annual flow of detections, NOT a stock. Dataset migr_eipre, dimensions freq=A citizen=TOTAL reason=TOTAL apprehen=TOTAL sex=T age=TOTAL unit=PER. Rounded to nearest 5 by Eurostat."
Spain,ESP,ES,724,1,0,2014,46460733,"World Bank, World Development Indicators (SP.POP.TOTL), sourced from UN World Population Prospects and national statistical offices",https://api.worldbank.org/v2/country/all/indicator/SP.POP.TOTL,46720188,0.005584393169173633,5952770,0.12812475429520237,1 January,Eurostat [migr_pop3ctb],https://ec.europa.eu/eurostat/api/dissemination/statistics/1.0/data/migr_pop3ctb?format=JSON&lang=EN&geo=ES&age=TOTAL&sex=T&unit=NR&c_birth=FOR&sinceTimePeriod=2010&untilTimePeriod=2022,stock at 1 Jan; c_birth=FOR (born in a foreign country),4676352,0.10065170517219348,1 January,Eurostat [migr_pop1ctz],https://ec.europa.eu/eurostat/api/dissemination/statistics/1.0/data/migr_pop1ctz?format=JSON&lang=EN&geo=ES&age=TOTAL&sex=T&unit=NR&citizen=FOR_STLS&sinceTimePeriod=2010&untilTimePeriod=2022,stock at 1 Jan; citizen=FOR_STLS (foreign citizens incl. stateless),,,,,,,,,,,,,47885,Full calendar year (flow),"Eurostat, Third country nationals found to be illegally present (migr_eipre)",https://ec.europa.eu/eurostat/databrowser/view/migr_eipre/default/table,"Eurostat enforcement statistic - annual flow of detections, NOT a stock. Dataset migr_eipre, dimensions freq=A citizen=TOTAL reason=TOTAL apprehen=TOTAL sex=T age=TOTAL unit=PER. Rounded to nearest 5 by Eurostat."
Spain,ESP,ES,724,1,0,2015,46422303,"World Bank, World Development Indicators (SP.POP.TOTL), sourced from UN World Population Prospects and national statistical offices",https://api.worldbank.org/v2/country/all/indicator/SP.POP.TOTL,46683686,0.005630547885571296,5883891,0.12674707241473995,1 January,Eurostat [migr_pop3ctb],https://ec.europa.eu/eurostat/api/dissemination/statistics/1.0/data/migr_pop3ctb?format=JSON&lang=EN&geo=ES&age=TOTAL&sex=T&unit=NR&c_birth=FOR&sinceTimePeriod=2010&untilTimePeriod=2022,stock at 1 Jan; c_birth=FOR (born in a foreign country),4453985,0.09594493836292439,1 January,Eurostat [migr_pop1ctz],https://ec.europa.eu/eurostat/api/dissemination/statistics/1.0/data/migr_pop1ctz?format=JSON&lang=EN&geo=ES&age=TOTAL&sex=T&unit=NR&citizen=FOR_STLS&sinceTimePeriod=2010&untilTimePeriod=2022,stock at 1 Jan; citizen=FOR_STLS (foreign citizens incl. stateless),,,,,,,,,,,,,42605,Full calendar year (flow),"Eurostat, Third country nationals found to be illegally present (migr_eipre)",https://ec.europa.eu/eurostat/databrowser/view/migr_eipre/default/table,"Eurostat enforcement statistic - annual flow of detections, NOT a stock. Dataset migr_eipre, dimensions freq=A citizen=TOTAL reason=TOTAL apprehen=TOTAL sex=T age=TOTAL unit=PER. Rounded to nearest 5 by Eurostat."
Spain,ESP,ES,724,1,0,2016,46458139,"World Bank, World Development Indicators (SP.POP.TOTL), sourced from UN World Population Prospects and national statistical offices",https://api.worldbank.org/v2/country/all/indicator/SP.POP.TOTL,46732771,0.005911386162067318,5913165,0.12727942029705494,1 January,Eurostat [migr_pop3ctb],https://ec.europa.eu/eurostat/api/dissemination/statistics/1.0/data/migr_pop3ctb?format=JSON&lang=EN&geo=ES&age=TOTAL&sex=T&unit=NR&c_birth=FOR&sinceTimePeriod=2010&untilTimePeriod=2022,stock at 1 Jan; c_birth=FOR (born in a foreign country),4419334,0.09512507593125932,1 January,Eurostat [migr_pop1ctz],https://ec.europa.eu/eurostat/api/dissemination/statistics/1.0/data/migr_pop1ctz?format=JSON&lang=EN&geo=ES&age=TOTAL&sex=T&unit=NR&citizen=FOR_STLS&sinceTimePeriod=2010&untilTimePeriod=2022,stock at 1 Jan; citizen=FOR_STLS (foreign citizens incl. stateless),,,,,,,,,,,,,37295,Full calendar year (flow),"Eurostat, Third country nationals found to be illegally present (migr_eipre)",https://ec.europa.eu/eurostat/databrowser/view/migr_eipre/default/table,"Eurostat enforcement statistic - annual flow of detections, NOT a stock. Dataset migr_eipre, dimensions freq=A citizen=TOTAL reason=TOTAL apprehen=TOTAL sex=T age=TOTAL unit=PER. Rounded to nearest 5 by Eurostat."
Spain,ESP,ES,724,1,0,2017,46571232,"World Bank, World Development Indicators (SP.POP.TOTL), sourced from UN World Population Prospects and national statistical offices",https://api.worldbank.org/v2/country/all/indicator/SP.POP.TOTL,46868596,0.006385143515206984,6014708,0.12915071690609345,1 January,Eurostat [migr_pop3ctb],https://ec.europa.eu/eurostat/api/dissemination/statistics/1.0/data/migr_pop3ctb?format=JSON&lang=EN&geo=ES&age=TOTAL&sex=T&unit=NR&c_birth=FOR&sinceTimePeriod=2010&untilTimePeriod=2022,stock at 1 Jan; c_birth=FOR (born in a foreign country),4417653,0.09485798013675052,1 January,Eurostat [migr_pop1ctz],https://ec.europa.eu/eurostat/api/dissemination/statistics/1.0/data/migr_pop1ctz?format=JSON&lang=EN&geo=ES&age=TOTAL&sex=T&unit=NR&citizen=FOR_STLS&sinceTimePeriod=2010&untilTimePeriod=2022,stock at 1 Jan; citizen=FOR_STLS (foreign citizens incl. stateless),127066,0.002728422559231416,1 January,"Funcas (2024), Estimacion de la poblacion en situacion irregular en Espana, Cuadro 1, Estimacion 2",https://www.funcas.es/wp-content/uploads/2024/05/2405-NCS.pdf,"Modelled resident stock: padron-residual estimate, non-EU/non-EFTA/non-UK nationals. Reference date 1 January 2017. Estimacion 2 counts only nationality groups with positive padron-minus-permits differences; Funcas presents it as the more precise variant. Estimacion 1 for 2017 is negative (-41,391) and is therefore not recorded as a stock. Printed value in Cuadro 1.",2,,,,,,44625,Full calendar year (flow),"Eurostat, Third country nationals found to be illegally present (migr_eipre)",https://ec.europa.eu/eurostat/databrowser/view/migr_eipre/default/table,"Eurostat enforcement statistic - annual flow of detections, NOT a stock. Dataset migr_eipre, dimensions freq=A citizen=TOTAL reason=TOTAL apprehen=TOTAL sex=T age=TOTAL unit=PER. Rounded to nearest 5 by Eurostat."
Spain,ESP,ES,724,1,0,2018,46782011,"World Bank, World Development Indicators (SP.POP.TOTL), sourced from UN World Population Prospects and national statistical offices",https://api.worldbank.org/v2/country/all/indicator/SP.POP.TOTL,47092821,0.006643793059686981,6207509,0.13269008465668566,1 January,Eurostat [migr_pop3ctb],https://ec.europa.eu/eurostat/api/dissemination/statistics/1.0/data/migr_pop3ctb?format=JSON&lang=EN&geo=ES&age=TOTAL&sex=T&unit=NR&c_birth=FOR&sinceTimePeriod=2010&untilTimePeriod=2022,stock at 1 Jan; c_birth=FOR (born in a foreign country),4577322,0.09784363481082504,1 January,Eurostat [migr_pop1ctz],https://ec.europa.eu/eurostat/api/dissemination/statistics/1.0/data/migr_pop1ctz?format=JSON&lang=EN&geo=ES&age=TOTAL&sex=T&unit=NR&citizen=FOR_STLS&sinceTimePeriod=2010&untilTimePeriod=2022,stock at 1 Jan; citizen=FOR_STLS (foreign citizens incl. stateless),183384,0.003919968297215783,1 January,"Funcas (2024), Estimacion de la poblacion en situacion irregular en Espana, Cuadro 1, Estimacion 2",https://www.funcas.es/wp-content/uploads/2024/05/2405-NCS.pdf,"Modelled resident stock: padron-residual estimate, non-EU/non-EFTA/non-UK nationals. Reference date 1 January 2018. Estimacion 2 counts only nationality groups with positive differences. Printed value in Cuadro 1.",2,,,,,,78280,Full calendar year (flow),"Eurostat, Third country nationals found to be illegally present (migr_eipre)",https://ec.europa.eu/eurostat/databrowser/view/migr_eipre/default/table,"Eurostat enforcement statistic - annual flow of detections, NOT a stock. Dataset migr_eipre, dimensions freq=A citizen=TOTAL reason=TOTAL apprehen=TOTAL sex=T age=TOTAL unit=PER. Rounded to nearest 5 by Eurostat."
Spain,ESP,ES,724,1,0,2019,47118501,"World Bank, World Development Indicators (SP.POP.TOTL), sourced from UN World Population Prospects and national statistical offices",https://api.worldbank.org/v2/country/all/indicator/SP.POP.TOTL,47435119,0.006719611050444919,6549309,0.1389965482985123,1 January,Eurostat [migr_pop3ctb],https://ec.europa.eu/eurostat/api/dissemination/statistics/1.0/data/migr_pop3ctb?format=JSON&lang=EN&geo=ES&age=TOTAL&sex=T&unit=NR&c_birth=FOR&sinceTimePeriod=2010&untilTimePeriod=2022,stock at 1 Jan; c_birth=FOR (born in a foreign country),4850762,0.10294813920332482,1 January,Eurostat [migr_pop1ctz],https://ec.europa.eu/eurostat/api/dissemination/statistics/1.0/data/migr_pop1ctz?format=JSON&lang=EN&geo=ES&age=TOTAL&sex=T&unit=NR&citizen=FOR_STLS&sinceTimePeriod=2010&untilTimePeriod=2022,stock at 1 Jan; citizen=FOR_STLS (foreign citizens incl. stateless),259140,0.005499750512012256,1 January,"Funcas (2024), Estimacion de la poblacion en situacion irregular en Espana, Cuadro 1, Estimacion 2",https://www.funcas.es/wp-content/uploads/2024/05/2405-NCS.pdf,"Modelled resident stock: padron-residual estimate, non-EU/non-EFTA/non-UK nationals. Reference date 1 January 2019. Estimacion 2 counts only nationality groups with positive differences. Printed value in Cuadro 1.",3,,,,,,62865,Full calendar year (flow),"Eurostat, Third country nationals found to be illegally present (migr_eipre)",https://ec.europa.eu/eurostat/databrowser/view/migr_eipre/default/table,"Eurostat enforcement statistic - annual flow of detections, NOT a stock. Dataset migr_eipre, dimensions freq=A citizen=TOTAL reason=TOTAL apprehen=TOTAL sex=T age=TOTAL unit=PER. Rounded to nearest 5 by Eurostat."
Spain,ESP,ES,724,1,0,2020,47359424,"World Bank, World Development Indicators (SP.POP.TOTL), sourced from UN World Population Prospects and national statistical offices",https://api.worldbank.org/v2/country/all/indicator/SP.POP.TOTL,47679489,0.006758211417436158,7014753,0.14811736308279425,1 January,Eurostat [migr_pop3ctb],https://ec.europa.eu/eurostat/api/dissemination/statistics/1.0/data/migr_pop3ctb?format=JSON&lang=EN&geo=ES&age=TOTAL&sex=T&unit=NR&c_birth=FOR&sinceTimePeriod=2010&untilTimePeriod=2022,stock at 1 Jan; c_birth=FOR (born in a foreign country),5241278,0.11067022267838393,1 January,Eurostat [migr_pop1ctz],https://ec.europa.eu/eurostat/api/dissemination/statistics/1.0/data/migr_pop1ctz?format=JSON&lang=EN&geo=ES&age=TOTAL&sex=T&unit=NR&citizen=FOR_STLS&sinceTimePeriod=2010&untilTimePeriod=2022,stock at 1 Jan; citizen=FOR_STLS (foreign citizens incl. stateless),370052,0.007813693004374378,1 January,"Funcas (2024), Estimacion de la poblacion en situacion irregular en Espana, Cuadro 1, Estimacion 2",https://www.funcas.es/wp-content/uploads/2024/05/2405-NCS.pdf,"Modelled resident stock: padron-residual estimate, non-EU/non-EFTA/non-UK nationals. Reference date 1 January 2020. Estimacion 2 counts only nationality groups with positive differences. Printed value in Cuadro 1.",2,,,,,,72265,Full calendar year (flow),"Eurostat, Third country nationals found to be illegally present (migr_eipre)",https://ec.europa.eu/eurostat/databrowser/view/migr_eipre/default/table,"Eurostat enforcement statistic - annual flow of detections, NOT a stock. Dataset migr_eipre, dimensions freq=A citizen=TOTAL reason=TOTAL apprehen=TOTAL sex=T age=TOTAL unit=PER. Rounded to nearest 5 by Eurostat."
Spain,ESP,ES,724,1,0,2021,47443821,"World Bank, World Development Indicators (SP.POP.TOTL), sourced from UN World Population Prospects and national statistical offices",https://api.worldbank.org/v2/country/all/indicator/SP.POP.TOTL,47735664,0.0061513384429976664,7254797,0.1529134215391294,1 January,Eurostat [migr_pop3ctb],https://ec.europa.eu/eurostat/api/dissemination/statistics/1.0/data/migr_pop3ctb?format=JSON&lang=EN&geo=ES&age=TOTAL&sex=T&unit=NR&c_birth=FOR&sinceTimePeriod=2010&untilTimePeriod=2022,stock at 1 Jan; c_birth=FOR (born in a foreign country),5402702,0.11387577741683158,1 January,Eurostat [migr_pop1ctz],https://ec.europa.eu/eurostat/api/dissemination/statistics/1.0/data/migr_pop1ctz?format=JSON&lang=EN&geo=ES&age=TOTAL&sex=T&unit=NR&citizen=FOR_STLS&sinceTimePeriod=2010&untilTimePeriod=2022,stock at 1 Jan; citizen=FOR_STLS (foreign citizens incl. stateless),517149,0.010900239253495203,1 January,"Funcas (2024), Estimacion de la poblacion en situacion irregular en Espana, Cuadro 1, Estimacion 2",https://www.funcas.es/wp-content/uploads/2024/05/2405-NCS.pdf,"Modelled resident stock: padron-residual estimate, non-EU/non-EFTA/non-UK nationals. Reference date 1 January 2021. Estimacion 2 counts only nationality groups with positive differences; Funcas presents it as the more precise variant. Estimacion 1 for the same date is 446,557. Printed value in Cuadro 1.",2,,,,,,30615,Full calendar year (flow),"Eurostat, Third country nationals found to be illegally present (migr_eipre)",https://ec.europa.eu/eurostat/databrowser/view/migr_eipre/default/table,"Eurostat enforcement statistic - annual flow of detections, NOT a stock. Dataset migr_eipre, dimensions freq=A citizen=TOTAL reason=TOTAL apprehen=TOTAL sex=T age=TOTAL unit=PER. Rounded to nearest 5 by Eurostat."
Spain,ESP,ES,724,1,0,2022,47786102,"World Bank, World Development Indicators (SP.POP.TOTL), sourced from UN World Population Prospects and national statistical offices",https://api.worldbank.org/v2/country/all/indicator/SP.POP.TOTL,47828382,0.0008847760798736,7468144,0.15628276187917567,1 January,Eurostat [migr_pop3ctb],https://ec.europa.eu/eurostat/api/dissemination/statistics/1.0/data/migr_pop3ctb?format=JSON&lang=EN&geo=ES&age=TOTAL&sex=T&unit=NR&c_birth=FOR&sinceTimePeriod=2010&untilTimePeriod=2022,stock at 1 Jan; c_birth=FOR (born in a foreign country),5509134,0.11528736953685823,1 January,Eurostat [migr_pop1ctz],https://ec.europa.eu/eurostat/api/dissemination/statistics/1.0/data/migr_pop1ctz?format=JSON&lang=EN&geo=ES&age=TOTAL&sex=T&unit=NR&citizen=FOR_STLS&sinceTimePeriod=2010&untilTimePeriod=2022,stock at 1 Jan; citizen=FOR_STLS (foreign citizens incl. stateless),482139,0.010089523518783767,1 January,"Funcas (2024), Estimacion de la poblacion en situacion irregular en Espana, Cuadro 1, Estimacion 2",https://www.funcas.es/wp-content/uploads/2024/05/2405-NCS.pdf,"Modelled resident stock: padron-residual estimate, non-EU/non-EFTA/non-UK nationals. Reference date 1 January 2022. Estimacion 2 counts only nationality groups with positive differences. This is the value the Funcas text describes as 'unas 480.000 personas a finales de 2021'. Printed value in Cuadro 1.",2,,,,,,68100,Full calendar year (flow),"Eurostat, Third country nationals found to be illegally present (migr_eipre)",https://ec.europa.eu/eurostat/databrowser/view/migr_eipre/default/table,"Eurostat enforcement statistic - annual flow of detections, NOT a stock. Dataset migr_eipre, dimensions freq=A citizen=TOTAL reason=TOTAL apprehen=TOTAL sex=T age=TOTAL unit=PER. Rounded to nearest 5 by Eurostat."
Suriname,SUR,SR,740,0,1,2010,549923,"World Bank, World Development Indicators (SP.POP.TOTL), sourced from UN World Population Prospects and national statistical offices",https://api.worldbank.org/v2/country/all/indicator/SP.POP.TOTL,549923,0,39713,0.07221556472451597,Mid-year / 30 June,UN DESA International Migrant Stock (World Bank indicator SM.POP.TOTL),https://api.worldbank.org/v2/country/CHN;IND;PHL;RUS;ZAF;SUR;THA/indicator/SM.POP.TOTL?format=json&date=2010:2022&per_page=200,"UN estimate (not annual); mid-year benchmark year only; retrieved from World Bank mirror of UN DESA International Migrant Stock, accessed 2026-08",,,,,,,,,,,,,,,,,,,,,,,
Suriname,SUR,SR,740,0,1,2011,556269,"World Bank, World Development Indicators (SP.POP.TOTL), sourced from UN World Population Prospects and national statistical offices",https://api.worldbank.org/v2/country/all/indicator/SP.POP.TOTL,556269,0,,,,,,,,,,,,,,,,,,,,,,,,,,,,,
Suriname,SUR,SR,740,0,1,2012,562633,"World Bank, World Development Indicators (SP.POP.TOTL), sourced from UN World Population Prospects and national statistical offices",https://api.worldbank.org/v2/country/all/indicator/SP.POP.TOTL,562633,0,35040,0.06227860790248706,Census reference date,General Bureau of Statistics Suriname (ABS) - Census 8 (2012) Volume 1 Demographic and Social Characteristics and Migration,https://statistics-suriname.org/wp-content/uploads/2019/05/Publicatie-Census-8-Volume-1-Demografische-en-Sociale-Karakteristieken-en-Migratie.pdf,"Census count, reference date 13 Aug 2012 (de jure population 541638); persons born abroad = 6.5 per cent of the population (Table I); the 2012 census is the most recent published Suriname census, no 2022/2023 census results are available",36393,0.0646833726425574,Census reference date,General Bureau of Statistics Suriname (ABS) - Census 8 (2012) Volume 1 Demographic and Social Characteristics and Migration,https://statistics-suriname.org/wp-content/uploads/2019/05/Publicatie-Census-8-Volume-1-Demografische-en-Sociale-Karakteristieken-en-Migratie.pdf,"Census count, reference date 13 Aug 2012; persons with a non-Surinamese nationality (Table H2): Dutch 10248, Guyanese 8278, Brazilian 5027, Chinese 3758, French 3575, other 2167, nationality unknown 3340 - the published total therefore includes 3340 persons of unknown nationality",,,,,,,,,,,,,,,,,
Suriname,SUR,SR,740,0,1,2013,569020,"World Bank, World Development Indicators (SP.POP.TOTL), sourced from UN World Population Prospects and national statistical offices",https://api.worldbank.org/v2/country/all/indicator/SP.POP.TOTL,569020,0,,,,,,,,,,,,,,,,,,,,,,,,,,,,,
Suriname,SUR,SR,740,0,1,2014,575373,"World Bank, World Development Indicators (SP.POP.TOTL), sourced from UN World Population Prospects and national statistical offices",https://api.worldbank.org/v2/country/all/indicator/SP.POP.TOTL,575373,0,,,,,,,,,,,,,,,,,,,,,,,,,,,,,
Suriname,SUR,SR,740,0,1,2015,581627,"World Bank, World Development Indicators (SP.POP.TOTL), sourced from UN World Population Prospects and national statistical offices",https://api.worldbank.org/v2/country/all/indicator/SP.POP.TOTL,581627,0,43127,0.07414889611383241,Mid-year / 30 June,UN DESA International Migrant Stock (World Bank indicator SM.POP.TOTL),https://api.worldbank.org/v2/country/CHN;IND;PHL;RUS;ZAF;SUR;THA/indicator/SM.POP.TOTL?format=json&date=2010:2022&per_page=200,"UN estimate (not annual); mid-year benchmark year only; retrieved from World Bank mirror of UN DESA International Migrant Stock, accessed 2026-08",,,,,,,,,,,,,,,,,,,,,,,
Suriname,SUR,SR,740,0,1,2016,587757,"World Bank, World Development Indicators (SP.POP.TOTL), sourced from UN World Population Prospects and national statistical offices",https://api.worldbank.org/v2/country/all/indicator/SP.POP.TOTL,587757,0,,,,,,,,,,,,,,,,,,,,,,,,,,,,,
Suriname,SUR,SR,740,0,1,2017,593713,"World Bank, World Development Indicators (SP.POP.TOTL), sourced from UN World Population Prospects and national statistical offices",https://api.worldbank.org/v2/country/all/indicator/SP.POP.TOTL,593713,0,,,,,,,,,,,,,,,,,,,,,,,,,,,,,
Suriname,SUR,SR,740,0,1,2018,599513,"World Bank, World Development Indicators (SP.POP.TOTL), sourced from UN World Population Prospects and national statistical offices",https://api.worldbank.org/v2/country/all/indicator/SP.POP.TOTL,599513,0,,,,,,,,,,,,,,,,,,,,,,,,,,,,,
Suriname,SUR,SR,740,0,1,2019,605768,"World Bank, World Development Indicators (SP.POP.TOTL), sourced from UN World Population Prospects and national statistical offices",https://api.worldbank.org/v2/country/all/indicator/SP.POP.TOTL,605768,0,,,,,,,,,,,,,,,,,,,,,,,,,,,,,
Suriname,SUR,SR,740,0,1,2020,612317,"World Bank, World Development Indicators (SP.POP.TOTL), sourced from UN World Population Prospects and national statistical offices",https://api.worldbank.org/v2/country/all/indicator/SP.POP.TOTL,612317,0,47801,0.07806577312078547,Mid-year / 30 June,UN DESA International Migrant Stock (World Bank indicator SM.POP.TOTL),https://api.worldbank.org/v2/country/CHN;IND;PHL;RUS;ZAF;SUR;THA/indicator/SM.POP.TOTL?format=json&date=2010:2022&per_page=200,"UN estimate (not annual); mid-year benchmark year only; retrieved from World Bank mirror of UN DESA International Migrant Stock, accessed 2026-08",,,,,,,,,,,,,,,,,,,,,,,
Suriname,SUR,SR,740,0,1,2021,617896,"World Bank, World Development Indicators (SP.POP.TOTL), sourced from UN World Population Prospects and national statistical offices",https://api.worldbank.org/v2/country/all/indicator/SP.POP.TOTL,617896,0,,,,,,,,,,,,,,,,,,,,,,,,,,,,,
Suriname,SUR,SR,740,0,1,2022,623164,"World Bank, World Development Indicators (SP.POP.TOTL), sourced from UN World Population Prospects and national statistical offices",https://api.worldbank.org/v2/country/all/indicator/SP.POP.TOTL,623164,0,,,,,,,,,,,,,,,,,,,,,,,,,,,,,
Sweden,SWE,SE,752,1,0,2010,9378126,"World Bank, World Development Indicators (SP.POP.TOTL), sourced from UN World Population Prospects and national statistical offices",https://api.worldbank.org/v2/country/all/indicator/SP.POP.TOTL,9378232,1.130289782841476e-05,1337214,0.14258861525213032,1 January,Eurostat [migr_pop3ctb],https://ec.europa.eu/eurostat/api/dissemination/statistics/1.0/data/migr_pop3ctb?format=JSON&lang=EN&geo=SE&age=TOTAL&sex=T&unit=NR&c_birth=FOR&sinceTimePeriod=2010&untilTimePeriod=2022,stock at 1 Jan; c_birth=FOR (born in a foreign country),590475,0.0629630056154076,1 January,Eurostat [migr_pop1ctz],https://ec.europa.eu/eurostat/api/dissemination/statistics/1.0/data/migr_pop1ctz?format=JSON&lang=EN&geo=SE&age=TOTAL&sex=T&unit=NR&citizen=FOR_STLS&sinceTimePeriod=2010&untilTimePeriod=2022,stock at 1 Jan; citizen=FOR_STLS (foreign citizens incl. stateless),,,,,,,,,,,,,27460,Full calendar year (flow),"Eurostat, Third country nationals found to be illegally present (migr_eipre)",https://ec.europa.eu/eurostat/databrowser/view/migr_eipre/default/table,"Eurostat enforcement statistic - annual flow of detections, NOT a stock. Dataset migr_eipre, dimensions freq=A citizen=TOTAL reason=TOTAL apprehen=TOTAL sex=T age=TOTAL unit=PER. Rounded to nearest 5 by Eurostat. CORRECTED: an earlier extraction of this country shifted the series one year forward; re-read directly from the Eurostat API and cross-checked against an independent compilation. Break in series: Sweden's 2014 figure (72835) and earlier years are not comparable with 2014 onwards owing to a change in national reporting practice."
Sweden,SWE,SE,752,1,0,2011,9449213,"World Bank, World Development Indicators (SP.POP.TOTL), sourced from UN World Population Prospects and national statistical offices",https://api.worldbank.org/v2/country/all/indicator/SP.POP.TOTL,9449259,4.86813028767581e-06,1384111,0.14647897131750548,1 January,Eurostat [migr_pop3ctb],https://ec.europa.eu/eurostat/api/dissemination/statistics/1.0/data/migr_pop3ctb?format=JSON&lang=EN&geo=SE&age=TOTAL&sex=T&unit=NR&c_birth=FOR&sinceTimePeriod=2010&untilTimePeriod=2022,stock at 1 Jan; c_birth=FOR (born in a foreign country),622275,0.06585469075572749,1 January,Eurostat [migr_pop1ctz],https://ec.europa.eu/eurostat/api/dissemination/statistics/1.0/data/migr_pop1ctz?format=JSON&lang=EN&geo=SE&age=TOTAL&sex=T&unit=NR&citizen=FOR_STLS&sinceTimePeriod=2010&untilTimePeriod=2022,stock at 1 Jan; citizen=FOR_STLS (foreign citizens incl. stateless),,,,,,,,,,,,,20765,Full calendar year (flow),"Eurostat, Third country nationals found to be illegally present (migr_eipre)",https://ec.europa.eu/eurostat/databrowser/view/migr_eipre/default/table,"Eurostat enforcement statistic - annual flow of detections, NOT a stock. Dataset migr_eipre, dimensions freq=A citizen=TOTAL reason=TOTAL apprehen=TOTAL sex=T age=TOTAL unit=PER. Rounded to nearest 5 by Eurostat. CORRECTED: an earlier extraction of this country shifted the series one year forward; re-read directly from the Eurostat API and cross-checked against an independent compilation. Break in series: Sweden's 2014 figure (72835) and earlier years are not comparable with 2014 onwards owing to a change in national reporting practice."
Sweden,SWE,SE,752,1,0,2012,9519374,"World Bank, World Development Indicators (SP.POP.TOTL), sourced from UN World Population Prospects and national statistical offices",https://api.worldbank.org/v2/country/all/indicator/SP.POP.TOTL,9519487,1.1870528461220244e-05,1426402,0.14984199591275646,1 January,Eurostat [migr_pop3ctb],https://ec.europa.eu/eurostat/api/dissemination/statistics/1.0/data/migr_pop3ctb?format=JSON&lang=EN&geo=SE&age=TOTAL&sex=T&unit=NR&c_birth=FOR&sinceTimePeriod=2010&untilTimePeriod=2022,stock at 1 Jan; c_birth=FOR (born in a foreign country),646095,0.06787158483320437,1 January,Eurostat [migr_pop1ctz],https://ec.europa.eu/eurostat/api/dissemination/statistics/1.0/data/migr_pop1ctz?format=JSON&lang=EN&geo=SE&age=TOTAL&sex=T&unit=NR&citizen=FOR_STLS&sinceTimePeriod=2010&untilTimePeriod=2022,stock at 1 Jan; citizen=FOR_STLS (foreign citizens incl. stateless),,,,,,,,,,,,,23205,Full calendar year (flow),"Eurostat, Third country nationals found to be illegally present (migr_eipre)",https://ec.europa.eu/eurostat/databrowser/view/migr_eipre/default/table,"Eurostat enforcement statistic - annual flow of detections, NOT a stock. Dataset migr_eipre, dimensions freq=A citizen=TOTAL reason=TOTAL apprehen=TOTAL sex=T age=TOTAL unit=PER. Rounded to nearest 5 by Eurostat. CORRECTED: an earlier extraction of this country shifted the series one year forward; re-read directly from the Eurostat API and cross-checked against an independent compilation. Break in series: Sweden's 2014 figure (72835) and earlier years are not comparable with 2014 onwards owing to a change in national reporting practice."
Sweden,SWE,SE,752,1,0,2013,9600379,"World Bank, World Development Indicators (SP.POP.TOTL), sourced from UN World Population Prospects and national statistical offices",https://api.worldbank.org/v2/country/all/indicator/SP.POP.TOTL,9600620,2.510317561421273e-05,1472353,0.1533640494817965,1 January,Eurostat [migr_pop3ctb],https://ec.europa.eu/eurostat/api/dissemination/statistics/1.0/data/migr_pop3ctb?format=JSON&lang=EN&geo=SE&age=TOTAL&sex=T&unit=NR&c_birth=FOR&sinceTimePeriod=2010&untilTimePeriod=2022,stock at 1 Jan; c_birth=FOR (born in a foreign country),659374,0.0686820801553772,1 January,Eurostat [migr_pop1ctz],https://ec.europa.eu/eurostat/api/dissemination/statistics/1.0/data/migr_pop1ctz?format=JSON&lang=EN&geo=SE&age=TOTAL&sex=T&unit=NR&citizen=FOR_STLS&sinceTimePeriod=2010&untilTimePeriod=2022,stock at 1 Jan; citizen=FOR_STLS (foreign citizens incl. stateless),,,,,,,,,,,,,24400,Full calendar year (flow),"Eurostat, Third country nationals found to be illegally present (migr_eipre)",https://ec.europa.eu/eurostat/databrowser/view/migr_eipre/default/table,"Eurostat enforcement statistic - annual flow of detections, NOT a stock. Dataset migr_eipre, dimensions freq=A citizen=TOTAL reason=TOTAL apprehen=TOTAL sex=T age=TOTAL unit=PER. Rounded to nearest 5 by Eurostat. CORRECTED: an earlier extraction of this country shifted the series one year forward; re-read directly from the Eurostat API and cross-checked against an independent compilation. Break in series: Sweden's 2014 figure (72835) and earlier years are not comparable with 2014 onwards owing to a change in national reporting practice."
Sweden,SWE,SE,752,1,0,2014,9696110,"World Bank, World Development Indicators (SP.POP.TOTL), sourced from UN World Population Prospects and national statistical offices",https://api.worldbank.org/v2/country/all/indicator/SP.POP.TOTL,9696433,3.3312328346109934e-05,1532563,0.15805957234396062,1 January,Eurostat [migr_pop3ctb],https://ec.europa.eu/eurostat/api/dissemination/statistics/1.0/data/migr_pop3ctb?format=JSON&lang=EN&geo=SE&age=TOTAL&sex=T&unit=NR&c_birth=FOR&sinceTimePeriod=2010&untilTimePeriod=2022,stock at 1 Jan; c_birth=FOR (born in a foreign country),687192,0.07087295833071201,1 January,Eurostat [migr_pop1ctz],https://ec.europa.eu/eurostat/api/dissemination/statistics/1.0/data/migr_pop1ctz?format=JSON&lang=EN&geo=SE&age=TOTAL&sex=T&unit=NR&citizen=FOR_STLS&sinceTimePeriod=2010&untilTimePeriod=2022,stock at 1 Jan; citizen=FOR_STLS (foreign citizens incl. stateless),,,,,,,,,,,,,72835,Full calendar year (flow),"Eurostat, Third country nationals found to be illegally present (migr_eipre)",https://ec.europa.eu/eurostat/databrowser/view/migr_eipre/default/table,"Eurostat enforcement statistic - annual flow of detections, NOT a stock. Dataset migr_eipre, dimensions freq=A citizen=TOTAL reason=TOTAL apprehen=TOTAL sex=T age=TOTAL unit=PER. Rounded to nearest 5 by Eurostat. CORRECTED: an earlier extraction of this country shifted the series one year forward; re-read directly from the Eurostat API and cross-checked against an independent compilation. Break in series: Sweden's 2014 figure (72835) and earlier years are not comparable with 2014 onwards owing to a change in national reporting practice."
Sweden,SWE,SE,752,1,0,2015,9799186,"World Bank, World Development Indicators (SP.POP.TOTL), sourced from UN World Population Prospects and national statistical offices",https://api.worldbank.org/v2/country/all/indicator/SP.POP.TOTL,9799481,3.0104541336392635e-05,1602522,0.16353623658128338,1 January,Eurostat [migr_pop3ctb],https://ec.europa.eu/eurostat/api/dissemination/statistics/1.0/data/migr_pop3ctb?format=JSON&lang=EN&geo=SE&age=TOTAL&sex=T&unit=NR&c_birth=FOR&sinceTimePeriod=2010&untilTimePeriod=2022,stock at 1 Jan; c_birth=FOR (born in a foreign country),731215,0.07461997353657743,1 January,Eurostat [migr_pop1ctz],https://ec.europa.eu/eurostat/api/dissemination/statistics/1.0/data/migr_pop1ctz?format=JSON&lang=EN&geo=SE&age=TOTAL&sex=T&unit=NR&citizen=FOR_STLS&sinceTimePeriod=2010&untilTimePeriod=2022,stock at 1 Jan; citizen=FOR_STLS (foreign citizens incl. stateless),,,,,,,,,,,,,1445,Full calendar year (flow),"Eurostat, Third country nationals found to be illegally present (migr_eipre)",https://ec.europa.eu/eurostat/databrowser/view/migr_eipre/default/table,"Eurostat enforcement statistic - annual flow of detections, NOT a stock. Dataset migr_eipre, dimensions freq=A citizen=TOTAL reason=TOTAL apprehen=TOTAL sex=T age=TOTAL unit=PER. Rounded to nearest 5 by Eurostat. CORRECTED: an earlier extraction of this country shifted the series one year forward; re-read directly from the Eurostat API and cross-checked against an independent compilation. Break in series: Sweden's 2014 figure (72835) and earlier years are not comparable with 2014 onwards owing to a change in national reporting practice."
Sweden,SWE,SE,752,1,0,2016,9923085,"World Bank, World Development Indicators (SP.POP.TOTL), sourced from UN World Population Prospects and national statistical offices",https://api.worldbank.org/v2/country/all/indicator/SP.POP.TOTL,9923280,1.965114679557819e-05,1675116,0.1688100021313936,1 January,Eurostat [migr_pop3ctb],https://ec.europa.eu/eurostat/api/dissemination/statistics/1.0/data/migr_pop3ctb?format=JSON&lang=EN&geo=SE&age=TOTAL&sex=T&unit=NR&c_birth=FOR&sinceTimePeriod=2010&untilTimePeriod=2022,stock at 1 Jan; c_birth=FOR (born in a foreign country),773232,0.07792254122583854,1 January,Eurostat [migr_pop1ctz],https://ec.europa.eu/eurostat/api/dissemination/statistics/1.0/data/migr_pop1ctz?format=JSON&lang=EN&geo=SE&age=TOTAL&sex=T&unit=NR&citizen=FOR_STLS&sinceTimePeriod=2010&untilTimePeriod=2022,stock at 1 Jan; citizen=FOR_STLS (foreign citizens incl. stateless),,,,,,,,,,,,,1210,Full calendar year (flow),"Eurostat, Third country nationals found to be illegally present (migr_eipre)",https://ec.europa.eu/eurostat/databrowser/view/migr_eipre/default/table,"Eurostat enforcement statistic - annual flow of detections, NOT a stock. Dataset migr_eipre, dimensions freq=A citizen=TOTAL reason=TOTAL apprehen=TOTAL sex=T age=TOTAL unit=PER. Rounded to nearest 5 by Eurostat. CORRECTED: an earlier extraction of this country shifted the series one year forward; re-read directly from the Eurostat API and cross-checked against an independent compilation. Break in series: Sweden's 2014 figure (72835) and earlier years are not comparable with 2014 onwards owing to a change in national reporting practice."
Sweden,SWE,SE,752,1,0,2017,10057698,"World Bank, World Development Indicators (SP.POP.TOTL), sourced from UN World Population Prospects and national statistical offices",https://api.worldbank.org/v2/country/all/indicator/SP.POP.TOTL,10057862,1.630591811366776e-05,1783179,0.17729494363421927,1 January,Eurostat [migr_pop3ctb],https://ec.europa.eu/eurostat/api/dissemination/statistics/1.0/data/migr_pop3ctb?format=JSON&lang=EN&geo=SE&age=TOTAL&sex=T&unit=NR&c_birth=FOR&sinceTimePeriod=2010&untilTimePeriod=2022,stock at 1 Jan; c_birth=FOR (born in a foreign country),841165,0.08363394884197159,1 January,Eurostat [migr_pop1ctz],https://ec.europa.eu/eurostat/api/dissemination/statistics/1.0/data/migr_pop1ctz?format=JSON&lang=EN&geo=SE&age=TOTAL&sex=T&unit=NR&citizen=FOR_STLS&sinceTimePeriod=2010&untilTimePeriod=2022,stock at 1 Jan; citizen=FOR_STLS (foreign citizens incl. stateless),,,,,,,,,,,,,2145,Full calendar year (flow),"Eurostat, Third country nationals found to be illegally present (migr_eipre)",https://ec.europa.eu/eurostat/databrowser/view/migr_eipre/default/table,"Eurostat enforcement statistic - annual flow of detections, NOT a stock. Dataset migr_eipre, dimensions freq=A citizen=TOTAL reason=TOTAL apprehen=TOTAL sex=T age=TOTAL unit=PER. Rounded to nearest 5 by Eurostat. CORRECTED: an earlier extraction of this country shifted the series one year forward; re-read directly from the Eurostat API and cross-checked against an independent compilation. Break in series: Sweden's 2014 figure (72835) and earlier years are not comparable with 2014 onwards owing to a change in national reporting practice."
Sweden,SWE,SE,752,1,0,2018,10175214,"World Bank, World Development Indicators (SP.POP.TOTL), sourced from UN World Population Prospects and national statistical offices",https://api.worldbank.org/v2/country/all/indicator/SP.POP.TOTL,10175405,1.8771103978746786e-05,1875637,0.18433391179782557,1 January,Eurostat [migr_pop3ctb],https://ec.europa.eu/eurostat/api/dissemination/statistics/1.0/data/migr_pop3ctb?format=JSON&lang=EN&geo=SE&age=TOTAL&sex=T&unit=NR&c_birth=FOR&sinceTimePeriod=2010&untilTimePeriod=2022,stock at 1 Jan; c_birth=FOR (born in a foreign country),885839,0.08705851297083285,1 January,Eurostat [migr_pop1ctz],https://ec.europa.eu/eurostat/api/dissemination/statistics/1.0/data/migr_pop1ctz?format=JSON&lang=EN&geo=SE&age=TOTAL&sex=T&unit=NR&citizen=FOR_STLS&sinceTimePeriod=2010&untilTimePeriod=2022,stock at 1 Jan; citizen=FOR_STLS (foreign citizens incl. stateless),,,,,,,,,,,,,1720,Full calendar year (flow),"Eurostat, Third country nationals found to be illegally present (migr_eipre)",https://ec.europa.eu/eurostat/databrowser/view/migr_eipre/default/table,"Eurostat enforcement statistic - annual flow of detections, NOT a stock. Dataset migr_eipre, dimensions freq=A citizen=TOTAL reason=TOTAL apprehen=TOTAL sex=T age=TOTAL unit=PER. Rounded to nearest 5 by Eurostat. CORRECTED: an earlier extraction of this country shifted the series one year forward; re-read directly from the Eurostat API and cross-checked against an independent compilation. Break in series: Sweden's 2014 figure (72835) and earlier years are not comparable with 2014 onwards owing to a change in national reporting practice."
Sweden,SWE,SE,752,1,0,2019,10278887,"World Bank, World Development Indicators (SP.POP.TOTL), sourced from UN World Population Prospects and national statistical offices",https://api.worldbank.org/v2/country/all/indicator/SP.POP.TOTL,10279125,2.315425784912316e-05,1954065,0.19010472631910438,1 January,Eurostat [migr_pop3ctb],https://ec.europa.eu/eurostat/api/dissemination/statistics/1.0/data/migr_pop3ctb?format=JSON&lang=EN&geo=SE&age=TOTAL&sex=T&unit=NR&c_birth=FOR&sinceTimePeriod=2010&untilTimePeriod=2022,stock at 1 Jan; c_birth=FOR (born in a foreign country),920144,0.08951786316942681,1 January,Eurostat [migr_pop1ctz],https://ec.europa.eu/eurostat/api/dissemination/statistics/1.0/data/migr_pop1ctz?format=JSON&lang=EN&geo=SE&age=TOTAL&sex=T&unit=NR&citizen=FOR_STLS&sinceTimePeriod=2010&untilTimePeriod=2022,stock at 1 Jan; citizen=FOR_STLS (foreign citizens incl. stateless),,,,,,,,,,,,,2170,Full calendar year (flow),"Eurostat, Third country nationals found to be illegally present (migr_eipre)",https://ec.europa.eu/eurostat/databrowser/view/migr_eipre/default/table,"Eurostat enforcement statistic - annual flow of detections, NOT a stock. Dataset migr_eipre, dimensions freq=A citizen=TOTAL reason=TOTAL apprehen=TOTAL sex=T age=TOTAL unit=PER. Rounded to nearest 5 by Eurostat. CORRECTED: an earlier extraction of this country shifted the series one year forward; re-read directly from the Eurostat API and cross-checked against an independent compilation. Break in series: Sweden's 2014 figure (72835) and earlier years are not comparable with 2014 onwards owing to a change in national reporting practice."
Sweden,SWE,SE,752,1,0,2020,10353442,"World Bank, World Development Indicators (SP.POP.TOTL), sourced from UN World Population Prospects and national statistical offices",https://api.worldbank.org/v2/country/all/indicator/SP.POP.TOTL,10353686,2.3567041762536554e-05,2018191,0.19492947369580088,1 January,Eurostat [migr_pop3ctb],https://ec.europa.eu/eurostat/api/dissemination/statistics/1.0/data/migr_pop3ctb?format=JSON&lang=EN&geo=SE&age=TOTAL&sex=T&unit=NR&c_birth=FOR&sinceTimePeriod=2010&untilTimePeriod=2022,stock at 1 Jan; c_birth=FOR (born in a foreign country),927774,0.08961019919752292,1 January,Eurostat [migr_pop1ctz],https://ec.europa.eu/eurostat/api/dissemination/statistics/1.0/data/migr_pop1ctz?format=JSON&lang=EN&geo=SE&age=TOTAL&sex=T&unit=NR&citizen=FOR_STLS&sinceTimePeriod=2010&untilTimePeriod=2022,stock at 1 Jan; citizen=FOR_STLS (foreign citizens incl. stateless),,,,,,,,,,,,,2615,Full calendar year (flow),"Eurostat, Third country nationals found to be illegally present (migr_eipre)",https://ec.europa.eu/eurostat/databrowser/view/migr_eipre/default/table,"Eurostat enforcement statistic - annual flow of detections, NOT a stock. Dataset migr_eipre, dimensions freq=A citizen=TOTAL reason=TOTAL apprehen=TOTAL sex=T age=TOTAL unit=PER. Rounded to nearest 5 by Eurostat. CORRECTED: an earlier extraction of this country shifted the series one year forward; re-read directly from the Eurostat API and cross-checked against an independent compilation. Break in series: Sweden's 2014 figure (72835) and earlier years are not comparable with 2014 onwards owing to a change in national reporting practice."
Sweden,SWE,SE,752,1,0,2021,10415811,"World Bank, World Development Indicators (SP.POP.TOTL), sourced from UN World Population Prospects and national statistical offices",https://api.worldbank.org/v2/country/all/indicator/SP.POP.TOTL,10416131,3.072252367098443e-05,2045234,0.19635859368031927,1 January,Eurostat [migr_pop3ctb],https://ec.europa.eu/eurostat/api/dissemination/statistics/1.0/data/migr_pop3ctb?format=JSON&lang=EN&geo=SE&age=TOTAL&sex=T&unit=NR&c_birth=FOR&sinceTimePeriod=2010&untilTimePeriod=2022,stock at 1 Jan; c_birth=FOR (born in a foreign country),892254,0.08566342073603295,1 January,Eurostat [migr_pop1ctz],https://ec.europa.eu/eurostat/api/dissemination/statistics/1.0/data/migr_pop1ctz?format=JSON&lang=EN&geo=SE&age=TOTAL&sex=T&unit=NR&citizen=FOR_STLS&sinceTimePeriod=2010&untilTimePeriod=2022,stock at 1 Jan; citizen=FOR_STLS (foreign citizens incl. stateless),,,,,,,,,,,,,2635,Full calendar year (flow),"Eurostat, Third country nationals found to be illegally present (migr_eipre)",https://ec.europa.eu/eurostat/databrowser/view/migr_eipre/default/table,"Eurostat enforcement statistic - annual flow of detections, NOT a stock. Dataset migr_eipre, dimensions freq=A citizen=TOTAL reason=TOTAL apprehen=TOTAL sex=T age=TOTAL unit=PER. Rounded to nearest 5 by Eurostat. CORRECTED: an earlier extraction of this country shifted the series one year forward; re-read directly from the Eurostat API and cross-checked against an independent compilation. Break in series: Sweden's 2014 figure (72835) and earlier years are not comparable with 2014 onwards owing to a change in national reporting practice."
Sweden,SWE,SE,752,1,0,2022,10486941,"World Bank, World Development Indicators (SP.POP.TOTL), sourced from UN World Population Prospects and national statistical offices",https://api.worldbank.org/v2/country/all/indicator/SP.POP.TOTL,10487338,3.785660661197579e-05,2089008,0.1992008918520663,1 January,Eurostat [migr_pop3ctb],https://ec.europa.eu/eurostat/api/dissemination/statistics/1.0/data/migr_pop3ctb?format=JSON&lang=EN&geo=SE&age=TOTAL&sex=T&unit=NR&c_birth=FOR&sinceTimePeriod=2010&untilTimePeriod=2022,stock at 1 Jan; c_birth=FOR (born in a foreign country),868193,0.08278801225257203,1 January,Eurostat [migr_pop1ctz],https://ec.europa.eu/eurostat/api/dissemination/statistics/1.0/data/migr_pop1ctz?format=JSON&lang=EN&geo=SE&age=TOTAL&sex=T&unit=NR&citizen=FOR_STLS&sinceTimePeriod=2010&untilTimePeriod=2022,stock at 1 Jan; citizen=FOR_STLS (foreign citizens incl. stateless),,,,,,,,,,,,,2455,Full calendar year (flow),"Eurostat, Third country nationals found to be illegally present (migr_eipre)",https://ec.europa.eu/eurostat/databrowser/view/migr_eipre/default/table,"Eurostat enforcement statistic - annual flow of detections, NOT a stock. Dataset migr_eipre, dimensions freq=A citizen=TOTAL reason=TOTAL apprehen=TOTAL sex=T age=TOTAL unit=PER. Rounded to nearest 5 by Eurostat. CORRECTED: an earlier extraction of this country shifted the series one year forward; re-read directly from the Eurostat API and cross-checked against an independent compilation. Break in series: Sweden's 2014 figure (72835) and earlier years are not comparable with 2014 onwards owing to a change in national reporting practice."
Switzerland,CHE,CH,756,1,1,2010,7824909,"World Bank, World Development Indicators (SP.POP.TOTL), sourced from UN World Population Prospects and national statistical offices",https://api.worldbank.org/v2/country/all/indicator/SP.POP.TOTL,7825753,0.00010786067927435322,,,,,,,1714004,0.21904459208407406,1 January,Eurostat [migr_pop1ctz],https://ec.europa.eu/eurostat/api/dissemination/statistics/1.0/data/migr_pop1ctz?format=JSON&lang=EN&geo=CH&age=TOTAL&sex=T&unit=NR&citizen=FOR_STLS&sinceTimePeriod=2010&untilTimePeriod=2022,stock at 1 Jan; citizen=FOR_STLS (foreign citizens incl. stateless),,,,,,,,,,,,,12020,Full calendar year (flow),"Eurostat, Third country nationals found to be illegally present (migr_eipre)",https://ec.europa.eu/eurostat/databrowser/view/migr_eipre/default/table,"Eurostat enforcement statistic - annual flow of detections, NOT a stock. Dataset migr_eipre, dimensions freq=A citizen=TOTAL reason=TOTAL apprehen=TOTAL sex=T age=TOTAL unit=PER. Rounded to nearest 5 by Eurostat. CORRECTED: an earlier extraction of this country shifted the series one year forward; re-read directly from the Eurostat API and cross-checked against an independent compilation."
Switzerland,CHE,CH,756,1,1,2011,7912398,"World Bank, World Development Indicators (SP.POP.TOTL), sourced from UN World Population Prospects and national statistical offices",https://api.worldbank.org/v2/country/all/indicator/SP.POP.TOTL,7914372,0.00024948188905563143,1940349,0.24522894323566635,1 January,Eurostat [migr_pop3ctb],https://ec.europa.eu/eurostat/api/dissemination/statistics/1.0/data/migr_pop3ctb?format=JSON&lang=EN&geo=CH&age=TOTAL&sex=T&unit=NR&c_birth=FOR&sinceTimePeriod=2010&untilTimePeriod=2022,stock at 1 Jan; c_birth=FOR (born in a foreign country); Eurostat series for Switzerland starts in 2011,1765750,0.22316243444781214,1 January,Eurostat [migr_pop1ctz],https://ec.europa.eu/eurostat/api/dissemination/statistics/1.0/data/migr_pop1ctz?format=JSON&lang=EN&geo=CH&age=TOTAL&sex=T&unit=NR&citizen=FOR_STLS&sinceTimePeriod=2010&untilTimePeriod=2022,stock at 1 Jan; citizen=FOR_STLS (foreign citizens incl. stateless),,,,,,,,,,,,,12630,Full calendar year (flow),"Eurostat, Third country nationals found to be illegally present (migr_eipre)",https://ec.europa.eu/eurostat/databrowser/view/migr_eipre/default/table,"Eurostat enforcement statistic - annual flow of detections, NOT a stock. Dataset migr_eipre, dimensions freq=A citizen=TOTAL reason=TOTAL apprehen=TOTAL sex=T age=TOTAL unit=PER. Rounded to nearest 5 by Eurostat. CORRECTED: an earlier extraction of this country shifted the series one year forward; re-read directly from the Eurostat API and cross-checked against an independent compilation."
Switzerland,CHE,CH,756,1,1,2012,7996861,"World Bank, World Development Indicators (SP.POP.TOTL), sourced from UN World Population Prospects and national statistical offices",https://api.worldbank.org/v2/country/all/indicator/SP.POP.TOTL,7998926,0.00025822632155291935,2033702,0.2543125358812664,1 January,Eurostat [migr_pop3ctb],https://ec.europa.eu/eurostat/api/dissemination/statistics/1.0/data/migr_pop3ctb?format=JSON&lang=EN&geo=CH&age=TOTAL&sex=T&unit=NR&c_birth=FOR&sinceTimePeriod=2010&untilTimePeriod=2022,stock at 1 Jan; c_birth=FOR (born in a foreign country); Eurostat series for Switzerland starts in 2011,1815063,0.22697193311225491,1 January,Eurostat [migr_pop1ctz],https://ec.europa.eu/eurostat/api/dissemination/statistics/1.0/data/migr_pop1ctz?format=JSON&lang=EN&geo=CH&age=TOTAL&sex=T&unit=NR&citizen=FOR_STLS&sinceTimePeriod=2010&untilTimePeriod=2022,stock at 1 Jan; citizen=FOR_STLS (foreign citizens incl. stateless),,,,,,,,,,,,,14170,Full calendar year (flow),"Eurostat, Third country nationals found to be illegally present (migr_eipre)",https://ec.europa.eu/eurostat/databrowser/view/migr_eipre/default/table,"Eurostat enforcement statistic - annual flow of detections, NOT a stock. Dataset migr_eipre, dimensions freq=A citizen=TOTAL reason=TOTAL apprehen=TOTAL sex=T age=TOTAL unit=PER. Rounded to nearest 5 by Eurostat. CORRECTED: an earlier extraction of this country shifted the series one year forward; re-read directly from the Eurostat API and cross-checked against an independent compilation."
Switzerland,CHE,CH,756,1,1,2013,8089346,"World Bank, World Development Indicators (SP.POP.TOTL), sourced from UN World Population Prospects and national statistical offices",https://api.worldbank.org/v2/country/all/indicator/SP.POP.TOTL,8091202,0.00022943758370577795,2102964,0.259967122187628,1 January,Eurostat [migr_pop3ctb],https://ec.europa.eu/eurostat/api/dissemination/statistics/1.0/data/migr_pop3ctb?format=JSON&lang=EN&geo=CH&age=TOTAL&sex=T&unit=NR&c_birth=FOR&sinceTimePeriod=2010&untilTimePeriod=2022,stock at 1 Jan; c_birth=FOR (born in a foreign country); Eurostat series for Switzerland starts in 2011,1869070,0.23105328910396464,1 January,Eurostat [migr_pop1ctz],https://ec.europa.eu/eurostat/api/dissemination/statistics/1.0/data/migr_pop1ctz?format=JSON&lang=EN&geo=CH&age=TOTAL&sex=T&unit=NR&citizen=FOR_STLS&sinceTimePeriod=2010&untilTimePeriod=2022,stock at 1 Jan; citizen=FOR_STLS (foreign citizens incl. stateless),,,,,,,,,,,,,15045,Full calendar year (flow),"Eurostat, Third country nationals found to be illegally present (migr_eipre)",https://ec.europa.eu/eurostat/databrowser/view/migr_eipre/default/table,"Eurostat enforcement statistic - annual flow of detections, NOT a stock. Dataset migr_eipre, dimensions freq=A citizen=TOTAL reason=TOTAL apprehen=TOTAL sex=T age=TOTAL unit=PER. Rounded to nearest 5 by Eurostat. CORRECTED: an earlier extraction of this country shifted the series one year forward; re-read directly from the Eurostat API and cross-checked against an independent compilation."
Switzerland,CHE,CH,756,1,1,2014,8188649,"World Bank, World Development Indicators (SP.POP.TOTL), sourced from UN World Population Prospects and national statistical offices",https://api.worldbank.org/v2/country/all/indicator/SP.POP.TOTL,8190235,0.0001936827430263527,2183206,0.2666136990363123,1 January,Eurostat [migr_pop3ctb],https://ec.europa.eu/eurostat/api/dissemination/statistics/1.0/data/migr_pop3ctb?format=JSON&lang=EN&geo=CH&age=TOTAL&sex=T&unit=NR&c_birth=FOR&sinceTimePeriod=2010&untilTimePeriod=2022,stock at 1 Jan; c_birth=FOR (born in a foreign country); Eurostat series for Switzerland starts in 2011,1936412,0.23647514993010446,1 January,Eurostat [migr_pop1ctz],https://ec.europa.eu/eurostat/api/dissemination/statistics/1.0/data/migr_pop1ctz?format=JSON&lang=EN&geo=CH&age=TOTAL&sex=T&unit=NR&citizen=FOR_STLS&sinceTimePeriod=2010&untilTimePeriod=2022,stock at 1 Jan; citizen=FOR_STLS (foreign citizens incl. stateless),,,,,,,,,,,,,13800,Full calendar year (flow),"Eurostat, Third country nationals found to be illegally present (migr_eipre)",https://ec.europa.eu/eurostat/databrowser/view/migr_eipre/default/table,"Eurostat enforcement statistic - annual flow of detections, NOT a stock. Dataset migr_eipre, dimensions freq=A citizen=TOTAL reason=TOTAL apprehen=TOTAL sex=T age=TOTAL unit=PER. Rounded to nearest 5 by Eurostat. CORRECTED: an earlier extraction of this country shifted the series one year forward; re-read directly from the Eurostat API and cross-checked against an independent compilation."
Switzerland,CHE,CH,756,1,1,2015,8282396,"World Bank, World Development Indicators (SP.POP.TOTL), sourced from UN World Population Prospects and national statistical offices",https://api.worldbank.org/v2/country/all/indicator/SP.POP.TOTL,8283934,0.00018569505732399176,2258196,0.27265008821118913,1 January,Eurostat [migr_pop3ctb],https://ec.europa.eu/eurostat/api/dissemination/statistics/1.0/data/migr_pop3ctb?format=JSON&lang=EN&geo=CH&age=TOTAL&sex=T&unit=NR&c_birth=FOR&sinceTimePeriod=2010&untilTimePeriod=2022,stock at 1 Jan; c_birth=FOR (born in a foreign country); Eurostat series for Switzerland starts in 2011,1997179,0.24113541540394834,1 January,Eurostat [migr_pop1ctz],https://ec.europa.eu/eurostat/api/dissemination/statistics/1.0/data/migr_pop1ctz?format=JSON&lang=EN&geo=CH&age=TOTAL&sex=T&unit=NR&citizen=FOR_STLS&sinceTimePeriod=2010&untilTimePeriod=2022,stock at 1 Jan; citizen=FOR_STLS (foreign citizens incl. stateless),76000,0.009176088658402713,See note,"Morlok, Oswald, Meier, Efionayi-Mader, Ruedin, Bader, Wanner (2015), Sans-Papiers in der Schweiz 2015, State Secretariat for Migration (SEM)",https://www.sem.admin.ch/dam/sem/de/data/internationales/illegale-migration/sans_papiers/ber-sanspapiers-2015-d.pdf,"Expert-interview / Delphi estimate for 12 cantons extrapolated by regression to the remaining 15 cantons, cross-checked against ZEMIS, AHV and vital-statistics data; point estimate 76000, plausible range 50000-99000. Covers third-country (non-EU/EFTA) nationals only.",1,,,,,,15555,Full calendar year (flow),"Eurostat, Third country nationals found to be illegally present (migr_eipre)",https://ec.europa.eu/eurostat/databrowser/view/migr_eipre/default/table,"Eurostat enforcement statistic - annual flow of detections, NOT a stock. Dataset migr_eipre, dimensions freq=A citizen=TOTAL reason=TOTAL apprehen=TOTAL sex=T age=TOTAL unit=PER. Rounded to nearest 5 by Eurostat. CORRECTED: an earlier extraction of this country shifted the series one year forward; re-read directly from the Eurostat API and cross-checked against an independent compilation."
Switzerland,CHE,CH,756,1,1,2016,8373338,"World Bank, World Development Indicators (SP.POP.TOTL), sourced from UN World Population Prospects and national statistical offices",https://api.worldbank.org/v2/country/all/indicator/SP.POP.TOTL,8374901,0.0001866639087064203,2324461,0.2776026717182562,1 January,Eurostat [migr_pop3ctb],https://ec.europa.eu/eurostat/api/dissemination/statistics/1.0/data/migr_pop3ctb?format=JSON&lang=EN&geo=CH&age=TOTAL&sex=T&unit=NR&c_birth=FOR&sinceTimePeriod=2010&untilTimePeriod=2022,stock at 1 Jan; c_birth=FOR (born in a foreign country); Eurostat series for Switzerland starts in 2011,2047200,0.24449030959934975,1 January,Eurostat [migr_pop1ctz],https://ec.europa.eu/eurostat/api/dissemination/statistics/1.0/data/migr_pop1ctz?format=JSON&lang=EN&geo=CH&age=TOTAL&sex=T&unit=NR&citizen=FOR_STLS&sinceTimePeriod=2010&untilTimePeriod=2022,stock at 1 Jan; citizen=FOR_STLS (foreign citizens incl. stateless),,,,,,,,,,,,,15765,Full calendar year (flow),"Eurostat, Third country nationals found to be illegally present (migr_eipre)",https://ec.europa.eu/eurostat/databrowser/view/migr_eipre/default/table,"Eurostat enforcement statistic - annual flow of detections, NOT a stock. Dataset migr_eipre, dimensions freq=A citizen=TOTAL reason=TOTAL apprehen=TOTAL sex=T age=TOTAL unit=PER. Rounded to nearest 5 by Eurostat. CORRECTED: an earlier extraction of this country shifted the series one year forward; re-read directly from the Eurostat API and cross-checked against an independent compilation."
Switzerland,CHE,CH,756,1,1,2017,8451840,"World Bank, World Development Indicators (SP.POP.TOTL), sourced from UN World Population Prospects and national statistical offices",https://api.worldbank.org/v2/country/all/indicator/SP.POP.TOTL,8453628,0.0002115515674693321,2391480,0.2829537710131758,1 January,Eurostat [migr_pop3ctb],https://ec.europa.eu/eurostat/api/dissemination/statistics/1.0/data/migr_pop3ctb?format=JSON&lang=EN&geo=CH&age=TOTAL&sex=T&unit=NR&c_birth=FOR&sinceTimePeriod=2010&untilTimePeriod=2022,stock at 1 Jan; c_birth=FOR (born in a foreign country); Eurostat series for Switzerland starts in 2011,2099319,0.24838603191731032,1 January,Eurostat [migr_pop1ctz],https://ec.europa.eu/eurostat/api/dissemination/statistics/1.0/data/migr_pop1ctz?format=JSON&lang=EN&geo=CH&age=TOTAL&sex=T&unit=NR&citizen=FOR_STLS&sinceTimePeriod=2010&untilTimePeriod=2022,stock at 1 Jan; citizen=FOR_STLS (foreign citizens incl. stateless),150000,0.017747614720581555,See note,"Pew Research Center (2019), Europe's Unauthorized Immigrant Population Peaks in 2016, Then Levels Off",https://www.pewresearch.org/global/2019/11/13/europes-unauthorized-immigrant-population-peaks-in-2016-then-levels-off/,"Pew residual method (population/labour-force data minus lawfully resident foreign-born), estimate INCLUDES asylum seekers awaiting a decision; published range 100000-200000, value is the midpoint of the published range. Pew reports only rounded 100k bounds.",1,,,,,,13940,Full calendar year (flow),"Eurostat, Third country nationals found to be illegally present (migr_eipre)",https://ec.europa.eu/eurostat/databrowser/view/migr_eipre/default/table,"Eurostat enforcement statistic - annual flow of detections, NOT a stock. Dataset migr_eipre, dimensions freq=A citizen=TOTAL reason=TOTAL apprehen=TOTAL sex=T age=TOTAL unit=PER. Rounded to nearest 5 by Eurostat. CORRECTED: an earlier extraction of this country shifted the series one year forward; re-read directly from the Eurostat API and cross-checked against an independent compilation."
Switzerland,CHE,CH,756,1,1,2018,8514329,"World Bank, World Development Indicators (SP.POP.TOTL), sourced from UN World Population Prospects and national statistical offices",https://api.worldbank.org/v2/country/all/indicator/SP.POP.TOTL,8516344,0.000236659870672134,2432519,0.2856970878151408,1 January,Eurostat [migr_pop3ctb],https://ec.europa.eu/eurostat/api/dissemination/statistics/1.0/data/migr_pop3ctb?format=JSON&lang=EN&geo=CH&age=TOTAL&sex=T&unit=NR&c_birth=FOR&sinceTimePeriod=2010&untilTimePeriod=2022,stock at 1 Jan; c_birth=FOR (born in a foreign country); Eurostat series for Switzerland starts in 2011,2124540,0.24952524150758093,1 January,Eurostat [migr_pop1ctz],https://ec.europa.eu/eurostat/api/dissemination/statistics/1.0/data/migr_pop1ctz?format=JSON&lang=EN&geo=CH&age=TOTAL&sex=T&unit=NR&citizen=FOR_STLS&sinceTimePeriod=2010&untilTimePeriod=2022,stock at 1 Jan; citizen=FOR_STLS (foreign citizens incl. stateless),,,,,,,,,,,,,14420,Full calendar year (flow),"Eurostat, Third country nationals found to be illegally present (migr_eipre)",https://ec.europa.eu/eurostat/databrowser/view/migr_eipre/default/table,"Eurostat enforcement statistic - annual flow of detections, NOT a stock. Dataset migr_eipre, dimensions freq=A citizen=TOTAL reason=TOTAL apprehen=TOTAL sex=T age=TOTAL unit=PER. Rounded to nearest 5 by Eurostat. CORRECTED: an earlier extraction of this country shifted the series one year forward; re-read directly from the Eurostat API and cross-checked against an independent compilation."
Switzerland,CHE,CH,756,1,1,2019,8575280,"World Bank, World Development Indicators (SP.POP.TOTL), sourced from UN World Population Prospects and national statistical offices",https://api.worldbank.org/v2/country/all/indicator/SP.POP.TOTL,8577524,0.0002616824173671297,2469381,0.2879650577007398,1 January,Eurostat [migr_pop3ctb],https://ec.europa.eu/eurostat/api/dissemination/statistics/1.0/data/migr_pop3ctb?format=JSON&lang=EN&geo=CH&age=TOTAL&sex=T&unit=NR&c_birth=FOR&sinceTimePeriod=2010&untilTimePeriod=2022,stock at 1 Jan; c_birth=FOR (born in a foreign country); Eurostat series for Switzerland starts in 2011,2146381,0.25029864914031963,1 January,Eurostat [migr_pop1ctz],https://ec.europa.eu/eurostat/api/dissemination/statistics/1.0/data/migr_pop1ctz?format=JSON&lang=EN&geo=CH&age=TOTAL&sex=T&unit=NR&citizen=FOR_STLS&sinceTimePeriod=2010&untilTimePeriod=2022,stock at 1 Jan; citizen=FOR_STLS (foreign citizens incl. stateless),,,,,,,,,,,,,13885,Full calendar year (flow),"Eurostat, Third country nationals found to be illegally present (migr_eipre)",https://ec.europa.eu/eurostat/databrowser/view/migr_eipre/default/table,"Eurostat enforcement statistic - annual flow of detections, NOT a stock. Dataset migr_eipre, dimensions freq=A citizen=TOTAL reason=TOTAL apprehen=TOTAL sex=T age=TOTAL unit=PER. Rounded to nearest 5 by Eurostat. CORRECTED: an earlier extraction of this country shifted the series one year forward; re-read directly from the Eurostat API and cross-checked against an independent compilation."
Switzerland,CHE,CH,756,1,1,2020,8638167,"World Bank, World Development Indicators (SP.POP.TOTL), sourced from UN World Population Prospects and national statistical offices",https://api.worldbank.org/v2/country/all/indicator/SP.POP.TOTL,8640582,0.00027957320112009874,2509692,0.29053524897122274,1 January,Eurostat [migr_pop3ctb],https://ec.europa.eu/eurostat/api/dissemination/statistics/1.0/data/migr_pop3ctb?format=JSON&lang=EN&geo=CH&age=TOTAL&sex=T&unit=NR&c_birth=FOR&sinceTimePeriod=2010&untilTimePeriod=2022,stock at 1 Jan; c_birth=FOR (born in a foreign country); Eurostat series for Switzerland starts in 2011,2173429,0.25160766167174126,1 January,Eurostat [migr_pop1ctz],https://ec.europa.eu/eurostat/api/dissemination/statistics/1.0/data/migr_pop1ctz?format=JSON&lang=EN&geo=CH&age=TOTAL&sex=T&unit=NR&citizen=FOR_STLS&sinceTimePeriod=2010&untilTimePeriod=2022,stock at 1 Jan; citizen=FOR_STLS (foreign citizens incl. stateless),,,,,,,,,,,,,11020,Full calendar year (flow),"Eurostat, Third country nationals found to be illegally present (migr_eipre)",https://ec.europa.eu/eurostat/databrowser/view/migr_eipre/default/table,"Eurostat enforcement statistic - annual flow of detections, NOT a stock. Dataset migr_eipre, dimensions freq=A citizen=TOTAL reason=TOTAL apprehen=TOTAL sex=T age=TOTAL unit=PER. Rounded to nearest 5 by Eurostat. CORRECTED: an earlier extraction of this country shifted the series one year forward; re-read directly from the Eurostat API and cross-checked against an independent compilation."
Switzerland,CHE,CH,756,1,1,2021,8704546,"World Bank, World Development Indicators (SP.POP.TOTL), sourced from UN World Population Prospects and national statistical offices",https://api.worldbank.org/v2/country/all/indicator/SP.POP.TOTL,8707023,0.0002845639508367237,2553225,0.2933208693480395,1 January,Eurostat [migr_pop3ctb],https://ec.europa.eu/eurostat/api/dissemination/statistics/1.0/data/migr_pop3ctb?format=JSON&lang=EN&geo=CH&age=TOTAL&sex=T&unit=NR&c_birth=FOR&sinceTimePeriod=2010&untilTimePeriod=2022,stock at 1 Jan; c_birth=FOR (born in a foreign country); Eurostat series for Switzerland starts in 2011,2208864,0.25375981699677386,1 January,Eurostat [migr_pop1ctz],https://ec.europa.eu/eurostat/api/dissemination/statistics/1.0/data/migr_pop1ctz?format=JSON&lang=EN&geo=CH&age=TOTAL&sex=T&unit=NR&citizen=FOR_STLS&sinceTimePeriod=2010&untilTimePeriod=2022,stock at 1 Jan; citizen=FOR_STLS (foreign citizens incl. stateless),,,,,,,,,,,,,12175,Full calendar year (flow),"Eurostat, Third country nationals found to be illegally present (migr_eipre)",https://ec.europa.eu/eurostat/databrowser/view/migr_eipre/default/table,"Eurostat enforcement statistic - annual flow of detections, NOT a stock. Dataset migr_eipre, dimensions freq=A citizen=TOTAL reason=TOTAL apprehen=TOTAL sex=T age=TOTAL unit=PER. Rounded to nearest 5 by Eurostat. CORRECTED: an earlier extraction of this country shifted the series one year forward; re-read directly from the Eurostat API and cross-checked against an independent compilation."
Switzerland,CHE,CH,756,1,1,2022,8777088,"World Bank, World Development Indicators (SP.POP.TOTL), sourced from UN World Population Prospects and national statistical offices",https://api.worldbank.org/v2/country/all/indicator/SP.POP.TOTL,8792182,0.0017197047585714078,2598146,0.2960145779556956,1 January,Eurostat [migr_pop3ctb],https://ec.europa.eu/eurostat/api/dissemination/statistics/1.0/data/migr_pop3ctb?format=JSON&lang=EN&geo=CH&age=TOTAL&sex=T&unit=NR&c_birth=FOR&sinceTimePeriod=2010&untilTimePeriod=2022,stock at 1 Jan; c_birth=FOR (born in a foreign country); Eurostat series for Switzerland starts in 2011,2242343,0.2554768734231672,1 January,Eurostat [migr_pop1ctz],https://ec.europa.eu/eurostat/api/dissemination/statistics/1.0/data/migr_pop1ctz?format=JSON&lang=EN&geo=CH&age=TOTAL&sex=T&unit=NR&citizen=FOR_STLS&sinceTimePeriod=2010&untilTimePeriod=2022,stock at 1 Jan; citizen=FOR_STLS (foreign citizens incl. stateless),,,,,,,,,,,,,15130,Full calendar year (flow),"Eurostat, Third country nationals found to be illegally present (migr_eipre)",https://ec.europa.eu/eurostat/databrowser/view/migr_eipre/default/table,"Eurostat enforcement statistic - annual flow of detections, NOT a stock. Dataset migr_eipre, dimensions freq=A citizen=TOTAL reason=TOTAL apprehen=TOTAL sex=T age=TOTAL unit=PER. Rounded to nearest 5 by Eurostat. CORRECTED: an earlier extraction of this country shifted the series one year forward; re-read directly from the Eurostat API and cross-checked against an independent compilation."
Taiwan,TWN,TW,158,1,1,2010,23162000,"內政部統計處 內政統計年報 108年版 (MOI Dept. of Statistics, Statistical Yearbook of Interior, 2019 ed.)",https://ws.moi.gov.tw/Download.ashx?u=LzAwMS9VcGxvYWQvNDAwL3JlbGZpbGUvMC8xMzMzNy9jNDg1YjU2OC1lNWU2LTRkYTItYWIwZS1lMTJlNmVmZjBkZTIucGRm&n=MTA45bm05YWn5pS%2f57Wx6KiI5bm05aCx6Zu75a2Q5pu4LnBkZg%3d%3d&icon=.pdf,23224049,0.0026789137380191694,,,,,,,,,,,,,,,,,,,,,,,,,,,,,
Taiwan,TWN,TW,158,1,1,2011,23225000,"內政部統計處 內政統計年報 108年版 (MOI Dept. of Statistics, Statistical Yearbook of Interior, 2019 ed.)",https://ws.moi.gov.tw/Download.ashx?u=LzAwMS9VcGxvYWQvNDAwL3JlbGZpbGUvMC8xMzMzNy9jNDg1YjU2OC1lNWU2LTRkYTItYWIwZS1lMTJlNmVmZjBkZTIucGRm&n=MTA45bm05YWn5pS%2f57Wx6KiI5bm05aCx6Zu75a2Q5pu4LnBkZg%3d%3d&icon=.pdf,23273076,0.002070010764262648,,,,,,,,,,,,,,,,,,,,33730,31 December,"Ministry of Labor, Republic of China (Taiwan), Monthly Bulletin of Labour Statistics, Table 12-7 Status of the Missing Foreign Workers by Nationality (表 12-7 失聯移工概況—按國籍分)",https://statdb.mol.gov.tw/html/mon/212070.pdf,"absconded / missing migrant workers (失聯移工), stock at END OF YEAR 2011. Counts migrant workers whose employment permit has lapsed and who have not been located. This is the Ministry of Labor absconded-worker measure, a DIFFERENT series from the National Immigration Agency 逾期停留/逾期居留 (overstaying visit / overstaying residence) counts used for TWN 2014-2018; the two are not additive and not directly comparable.",,,,,
Taiwan,TWN,TW,158,1,1,2012,23316000,"內政部統計處 內政統計年報 108年版 (MOI Dept. of Statistics, Statistical Yearbook of Interior, 2019 ed.)",https://ws.moi.gov.tw/Download.ashx?u=LzAwMS9VcGxvYWQvNDAwL3JlbGZpbGUvMC8xMzMzNy9jNDg1YjU2OC1lNWU2LTRkYTItYWIwZS1lMTJlNmVmZjBkZTIucGRm&n=MTA45bm05YWn5pS%2f57Wx6KiI5bm05aCx6Zu75a2Q5pu4LnBkZg%3d%3d&icon=.pdf,23345961,0.0012849974266598045,,,,,,,483921,0.02075488934637159,31 December,"Taiwan Ministry of the Interior, Department of Statistics (內政統計通報), foreign residents 外僑居留人數",https://ws.moi.gov.tw/Download.ashx?u=LzAwMS9VcGxvYWQvNDAwL3JlbGZpbGUvMC8xNjA3NS8yZTk5ODk4OC05MTI4LTQ3Y2MtYTUwZi0yZjIwNzkzODk4ZDUucGRm&n=Mi7lpJbnsY3kurrlo6sucGRm&icon=.pdf,"Foreign residents holding a valid resident certificate (外僑居留人數), year-end 31 December. INCLUDES migrant workers (移工), who are roughly 75-84% of the total. EXCLUDES people from Mainland China, Hong Kong and Macau (including Mainland Chinese spouses 陸配), who are counted separately. Series on this basis begins in 2012; 2010 and 2011 are not available on a comparable basis.",,,,,,,,37177,31 December,"Ministry of Labor, Republic of China (Taiwan), Monthly Bulletin of Labour Statistics, Table 12-7 Status of the Missing Foreign Workers by Nationality (表 12-7 失聯移工概況—按國籍分)",https://statdb.mol.gov.tw/html/mon/212070.pdf,"absconded / missing migrant workers (失聯移工), stock at END OF YEAR 2012. Counts migrant workers whose employment permit has lapsed and who have not been located. This is the Ministry of Labor absconded-worker measure, a DIFFERENT series from the National Immigration Agency 逾期停留/逾期居留 (overstaying visit / overstaying residence) counts used for TWN 2014-2018; the two are not additive and not directly comparable.",,,,,
Taiwan,TWN,TW,158,1,1,2013,23374000,"內政部統計處 內政統計年報 108年版 (MOI Dept. of Statistics, Statistical Yearbook of Interior, 2019 ed.)",https://ws.moi.gov.tw/Download.ashx?u=LzAwMS9VcGxvYWQvNDAwL3JlbGZpbGUvMC8xMzMzNy9jNDg1YjU2OC1lNWU2LTRkYTItYWIwZS1lMTJlNmVmZjBkZTIucGRm&n=MTA45bm05YWn5pS%2f57Wx6KiI5bm05aCx6Zu75a2Q5pu4LnBkZg%3d%3d&icon=.pdf,23416875,0.0018343030717891675,,,,,,,525109,0.02246551724137931,31 December,"Taiwan Ministry of the Interior, Department of Statistics (內政統計通報), foreign residents 外僑居留人數",https://ws.moi.gov.tw/Download.ashx?u=LzAwMS9VcGxvYWQvNDAwL3JlbGZpbGUvMC8xNjA3NS8yZTk5ODk4OC05MTI4LTQ3Y2MtYTUwZi0yZjIwNzkzODk4ZDUucGRm&n=Mi7lpJbnsY3kurrlo6sucGRm&icon=.pdf,"Foreign residents holding a valid resident certificate (外僑居留人數), year-end 31 December. INCLUDES migrant workers (移工), who are roughly 75-84% of the total. EXCLUDES people from Mainland China, Hong Kong and Macau (including Mainland Chinese spouses 陸配), who are counted separately. Series on this basis begins in 2012; 2010 and 2011 are not available on a comparable basis.",,,,,,,,41724,31 December,"Ministry of Labor, Republic of China (Taiwan), Monthly Bulletin of Labour Statistics, Table 12-7 Status of the Missing Foreign Workers by Nationality (表 12-7 失聯移工概況—按國籍分)",https://statdb.mol.gov.tw/html/mon/212070.pdf,"absconded / missing migrant workers (失聯移工), stock at END OF YEAR 2013. Counts migrant workers whose employment permit has lapsed and who have not been located. This is the Ministry of Labor absconded-worker measure, a DIFFERENT series from the National Immigration Agency 逾期停留/逾期居留 (overstaying visit / overstaying residence) counts used for TWN 2014-2018; the two are not additive and not directly comparable.",,,,,
Taiwan,TWN,TW,158,1,1,2014,23434000,"內政部統計處 內政統計年報 108年版 (MOI Dept. of Statistics, Statistical Yearbook of Interior, 2019 ed.)",https://ws.moi.gov.tw/Download.ashx?u=LzAwMS9VcGxvYWQvNDAwL3JlbGZpbGUvMC8xMzMzNy9jNDg1YjU2OC1lNWU2LTRkYTItYWIwZS1lMTJlNmVmZjBkZTIucGRm&n=MTA45bm05YWn5pS%2f57Wx6KiI5bm05aCx6Zu75a2Q5pu4LnBkZg%3d%3d&icon=.pdf,23472816,0.00165639668857216,,,,,,,629633,0.026868353674148672,31 December,"Taiwan Ministry of the Interior, Department of Statistics (內政統計通報), foreign residents 外僑居留人數",https://ws.moi.gov.tw/Download.ashx?u=LzAwMS9VcGxvYWQvNDAwL3JlbGZpbGUvMC8xNjA3NS8yZTk5ODk4OC05MTI4LTQ3Y2MtYTUwZi0yZjIwNzkzODk4ZDUucGRm&n=Mi7lpJbnsY3kurrlo6sucGRm&icon=.pdf,"Foreign residents holding a valid resident certificate (外僑居留人數), year-end 31 December. INCLUDES migrant workers (移工), who are roughly 75-84% of the total. EXCLUDES people from Mainland China, Hong Kong and Macau (including Mainland Chinese spouses 陸配), who are counted separately. Series on this basis begins in 2012; 2010 and 2011 are not available on a comparable basis.",,,,,,,,68998,31 December,"National Immigration Agency (內政部移民署), reported by the Legislative Yuan Budget Center",https://www.ly.gov.tw/Pages/Detail.aspx?nodeid=33580&pid=188916,Reference date 31 December 2014. Administrative register count of overstaying foreign nationals: 49265 overstaying residence (逾期居留) plus 19733 overstaying visit (逾期停留). Source is a Legislative Yuan Budget Center report (Oct 2019) reproducing NIA figures.,,,,,
Taiwan,TWN,TW,158,1,1,2015,23492000,"內政部統計處 內政統計年報 108年版 (MOI Dept. of Statistics, Statistical Yearbook of Interior, 2019 ed.)",https://ws.moi.gov.tw/Download.ashx?u=LzAwMS9VcGxvYWQvNDAwL3JlbGZpbGUvMC8xMzMzNy9jNDg1YjU2OC1lNWU2LTRkYTItYWIwZS1lMTJlNmVmZjBkZTIucGRm&n=MTA45bm05YWn5pS%2f57Wx6KiI5bm05aCx6Zu75a2Q5pu4LnBkZg%3d%3d&icon=.pdf,23529254,0.0015858164481525627,,,,,,,637843,0.02715149838242806,31 December,"Taiwan Ministry of the Interior, Department of Statistics (內政統計通報), foreign residents 外僑居留人數",https://ws.moi.gov.tw/Download.ashx?u=LzAwMS9VcGxvYWQvNDAwL3JlbGZpbGUvMC8xNjA3NS8yZTk5ODk4OC05MTI4LTQ3Y2MtYTUwZi0yZjIwNzkzODk4ZDUucGRm&n=Mi7lpJbnsY3kurrlo6sucGRm&icon=.pdf,"Foreign residents holding a valid resident certificate (外僑居留人數), year-end 31 December. INCLUDES migrant workers (移工), who are roughly 75-84% of the total. EXCLUDES people from Mainland China, Hong Kong and Macau (including Mainland Chinese spouses 陸配), who are counted separately. Series on this basis begins in 2012; 2010 and 2011 are not available on a comparable basis.",,,,,,,,77422,31 December,"National Immigration Agency (內政部移民署), reported by the Legislative Yuan Budget Center",https://www.ly.gov.tw/Pages/Detail.aspx?nodeid=33580&pid=188916,Reference date 31 December 2015. Administrative register count of overstaying foreign nationals: 56557 overstaying residence (逾期居留) plus 20865 overstaying visit (逾期停留). Source is a Legislative Yuan Budget Center report (Oct 2019) reproducing NIA figures.,,,,,
Taiwan,TWN,TW,158,1,1,2016,23540000,"內政部統計處 內政統計年報 108年版 (MOI Dept. of Statistics, Statistical Yearbook of Interior, 2019 ed.)",https://ws.moi.gov.tw/Download.ashx?u=LzAwMS9VcGxvYWQvNDAwL3JlbGZpbGUvMC8xMzMzNy9jNDg1YjU2OC1lNWU2LTRkYTItYWIwZS1lMTJlNmVmZjBkZTIucGRm&n=MTA45bm05YWn5pS%2f57Wx6KiI5bm05aCx6Zu75a2Q5pu4LnBkZg%3d%3d&icon=.pdf,23586143,0.001960195412064571,,,,,,,671375,0.028520603228547155,31 December,"Taiwan Ministry of the Interior, Department of Statistics (內政統計通報), foreign residents 外僑居留人數",https://ws.moi.gov.tw/Download.ashx?u=LzAwMS9VcGxvYWQvNDAwL3JlbGZpbGUvMC8xNjA3NS8yZTk5ODk4OC05MTI4LTQ3Y2MtYTUwZi0yZjIwNzkzODk4ZDUucGRm&n=Mi7lpJbnsY3kurrlo6sucGRm&icon=.pdf,"Foreign residents holding a valid resident certificate (外僑居留人數), year-end 31 December. INCLUDES migrant workers (移工), who are roughly 75-84% of the total. EXCLUDES people from Mainland China, Hong Kong and Macau (including Mainland Chinese spouses 陸配), who are counted separately. Series on this basis begins in 2012; 2010 and 2011 are not available on a comparable basis.",,,,,,,,79392,31 December,"National Immigration Agency (內政部移民署), reported by the Legislative Yuan Budget Center",https://www.ly.gov.tw/Pages/Detail.aspx?nodeid=33580&pid=188916,Reference date 31 December 2016. Administrative register count of overstaying foreign nationals: 58700 overstaying residence (逾期居留) plus 20692 overstaying visit (逾期停留). Source is a Legislative Yuan Budget Center report (Oct 2019) reproducing NIA figures.,,,,,
Taiwan,TWN,TW,158,1,1,2017,23571227,"內政部統計處 內政統計月報 115年5月 (MOI Dept. of Statistics, Monthly Bulletin of Interior Statistics, May 2026)",https://ws.moi.gov.tw/Download.ashx?u=LzAwMS9VcGxvYWQvNDAwL3JlbGZpbGUvMC8yMzQ1NC85M2FlNzY2MC0xMDEwLTQxNGQtOGQ4NC00NjM3ZDE2ZjY4ZTcucGRm&n=MTE1MDUucGRm,23632948,0.0026184890587155263,,,,,,,717736,0.03044966645139008,31 December,"Taiwan Ministry of the Interior, Department of Statistics (內政統計通報), foreign residents 外僑居留人數",https://ws.moi.gov.tw/Download.ashx?u=LzAwMS9VcGxvYWQvNDAwL3JlbGZpbGUvMC8xNjA3NS8yZTk5ODk4OC05MTI4LTQ3Y2MtYTUwZi0yZjIwNzkzODk4ZDUucGRm&n=Mi7lpJbnsY3kurrlo6sucGRm&icon=.pdf,"Foreign residents holding a valid resident certificate (外僑居留人數), year-end 31 December. INCLUDES migrant workers (移工), who are roughly 75-84% of the total. EXCLUDES people from Mainland China, Hong Kong and Macau (including Mainland Chinese spouses 陸配), who are counted separately. Series on this basis begins in 2012; 2010 and 2011 are not available on a comparable basis.",,,,,,,,79909,31 December,"National Immigration Agency (內政部移民署), reported by the Legislative Yuan Budget Center",https://www.ly.gov.tw/Pages/Detail.aspx?nodeid=33580&pid=188916,Reference date 31 December 2017. Administrative register count of overstaying foreign nationals: 56675 overstaying residence (逾期居留) plus 23234 overstaying visit (逾期停留). Source is a Legislative Yuan Budget Center report (Oct 2019) reproducing NIA figures.,,,,,
Taiwan,TWN,TW,158,1,1,2018,23588932,"內政部統計處 內政統計月報 115年5月 (MOI Dept. of Statistics, Monthly Bulletin of Interior Statistics, May 2026)",https://ws.moi.gov.tw/Download.ashx?u=LzAwMS9VcGxvYWQvNDAwL3JlbGZpbGUvMC8yMzQ1NC85M2FlNzY2MC0xMDEwLTQxNGQtOGQ4NC00NjM3ZDE2ZjY4ZTcucGRm&n=MTE1MDUucGRm,23659305,0.0029833058995634054,,,,,,,758583,0.03215842921587124,31 December,"Taiwan Ministry of the Interior, Department of Statistics (內政統計通報), foreign residents 外僑居留人數",https://ws.moi.gov.tw/Download.ashx?u=LzAwMS9VcGxvYWQvNDAwL3JlbGZpbGUvMC8xNjA3NS8yZTk5ODk4OC05MTI4LTQ3Y2MtYTUwZi0yZjIwNzkzODk4ZDUucGRm&n=Mi7lpJbnsY3kurrlo6sucGRm&icon=.pdf,"Foreign residents holding a valid resident certificate (外僑居留人數), year-end 31 December. INCLUDES migrant workers (移工), who are roughly 75-84% of the total. EXCLUDES people from Mainland China, Hong Kong and Macau (including Mainland Chinese spouses 陸配), who are counted separately. Series on this basis begins in 2012; 2010 and 2011 are not available on a comparable basis.",,,,,,,,89965,31 December,"National Immigration Agency (內政部移民署), reported by the Legislative Yuan Budget Center",https://www.ly.gov.tw/Pages/Detail.aspx?nodeid=33580&pid=188916,Reference date 31 December 2018. Administrative register count of overstaying foreign nationals: 54681 overstaying residence (逾期居留) plus 35284 overstaying visit (逾期停留). Source is a Legislative Yuan Budget Center report (Oct 2019) reproducing NIA figures.,,,,,
Taiwan,TWN,TW,158,1,1,2019,23603121,"內政部統計處 內政統計月報 115年5月 (MOI Dept. of Statistics, Monthly Bulletin of Interior Statistics, May 2026)",https://ws.moi.gov.tw/Download.ashx?u=LzAwMS9VcGxvYWQvNDAwL3JlbGZpbGUvMC8yMzQ1NC85M2FlNzY2MC0xMDEwLTQxNGQtOGQ4NC00NjM3ZDE2ZjY4ZTcucGRm&n=MTE1MDUucGRm,23674138,0.0030087970145981965,,,,,,,785341,0.033272760835314955,31 December,"Taiwan Ministry of the Interior, Department of Statistics (內政統計通報), foreign residents 外僑居留人數",https://ws.moi.gov.tw/Download.ashx?u=LzAwMS9VcGxvYWQvNDAwL3JlbGZpbGUvMC8xNjA3NS8yZTk5ODk4OC05MTI4LTQ3Y2MtYTUwZi0yZjIwNzkzODk4ZDUucGRm&n=Mi7lpJbnsY3kurrlo6sucGRm&icon=.pdf,"Foreign residents holding a valid resident certificate (外僑居留人數), year-end 31 December. INCLUDES migrant workers (移工), who are roughly 75-84% of the total. EXCLUDES people from Mainland China, Hong Kong and Macau (including Mainland Chinese spouses 陸配), who are counted separately. Series on this basis begins in 2012; 2010 and 2011 are not available on a comparable basis.",,,,,,,,47632,31 July,"National Immigration Agency / Ministry of Labor (失聯移工), reported by the Legislative Yuan Budget Center",https://www.ly.gov.tw/Pages/Detail.aspx?nodeid=33580&pid=188916,Reference date 31 July 2019 (not year-end). Administrative count of absconded/missing migrant workers (失聯移工) not yet located - a DIFFERENT series from the 逾期停留/居留 overstayer counts above and not additive with them.,,,,,
Taiwan,TWN,TW,158,1,1,2020,23561236,"內政部統計處 內政統計月報 115年5月 (MOI Dept. of Statistics, Monthly Bulletin of Interior Statistics, May 2026)",https://ws.moi.gov.tw/Download.ashx?u=LzAwMS9VcGxvYWQvNDAwL3JlbGZpbGUvMC8yMzQ1NC85M2FlNzY2MC0xMDEwLTQxNGQtOGQ4NC00NjM3ZDE2ZjY4ZTcucGRm&n=MTE1MDUucGRm,23663459,0.004338609400627369,,,,,,,797122,0.033831926304715085,31 December,"Taiwan Ministry of the Interior, Department of Statistics (內政統計通報), foreign residents 外僑居留人數",https://ws.moi.gov.tw/Download.ashx?u=LzAwMS9VcGxvYWQvNDAwL3JlbGZpbGUvMC8xNjA3NS8yZTk5ODk4OC05MTI4LTQ3Y2MtYTUwZi0yZjIwNzkzODk4ZDUucGRm&n=Mi7lpJbnsY3kurrlo6sucGRm&icon=.pdf,"Foreign residents holding a valid resident certificate (外僑居留人數), year-end 31 December. INCLUDES migrant workers (移工), who are roughly 75-84% of the total. EXCLUDES people from Mainland China, Hong Kong and Macau (including Mainland Chinese spouses 陸配), who are counted separately. Series on this basis begins in 2012; 2010 and 2011 are not available on a comparable basis.",,,,,,,,52199,31 December,"Ministry of Labor, Republic of China (Taiwan), Monthly Bulletin of Labour Statistics, Table 12-7 Status of the Missing Foreign Workers by Nationality (表 12-7 失聯移工概況—按國籍分)",https://statdb.mol.gov.tw/html/mon/212070.pdf,"absconded / missing migrant workers (失聯移工), stock at END OF YEAR 2020. Counts migrant workers whose employment permit has lapsed and who have not been located. This is the Ministry of Labor absconded-worker measure, a DIFFERENT series from the National Immigration Agency 逾期停留/逾期居留 (overstaying visit / overstaying residence) counts used for TWN 2014-2018; the two are not additive and not directly comparable.",,,,,
Taiwan,TWN,TW,158,1,1,2021,23375314,"內政部統計處 內政統計月報 115年5月 (MOI Dept. of Statistics, Monthly Bulletin of Interior Statistics, May 2026)",https://ws.moi.gov.tw/Download.ashx?u=LzAwMS9VcGxvYWQvNDAwL3JlbGZpbGUvMC8yMzQ1NC85M2FlNzY2MC0xMDEwLTQxNGQtOGQ4NC00NjM3ZDE2ZjY4ZTcucGRm&n=MTE1MDUucGRm,23558333,0.007829584663547193,,,,,,,752900,0.032209192997364654,31 December,"Taiwan Ministry of the Interior, Department of Statistics (內政統計通報), foreign residents 外僑居留人數",https://ws.moi.gov.tw/Download.ashx?u=LzAwMS9VcGxvYWQvNDAwL3JlbGZpbGUvMC8xNjA3NS8yZTk5ODk4OC05MTI4LTQ3Y2MtYTUwZi0yZjIwNzkzODk4ZDUucGRm&n=Mi7lpJbnsY3kurrlo6sucGRm&icon=.pdf,"Foreign residents holding a valid resident certificate (外僑居留人數), year-end 31 December. INCLUDES migrant workers (移工), who are roughly 75-84% of the total. EXCLUDES people from Mainland China, Hong Kong and Macau (including Mainland Chinese spouses 陸配), who are counted separately. Series on this basis begins in 2012; 2010 and 2011 are not available on a comparable basis.",,,,,,,,55805,31 December,"Ministry of Labor, Republic of China (Taiwan), Monthly Bulletin of Labour Statistics, Table 12-7 Status of the Missing Foreign Workers by Nationality (表 12-7 失聯移工概況—按國籍分)",https://statdb.mol.gov.tw/html/mon/212070.pdf,"absconded / missing migrant workers (失聯移工), stock at END OF YEAR 2021. Counts migrant workers whose employment permit has lapsed and who have not been located. This is the Ministry of Labor absconded-worker measure, a DIFFERENT series from the National Immigration Agency 逾期停留/逾期居留 (overstaying visit / overstaying residence) counts used for TWN 2014-2018; the two are not additive and not directly comparable.",,,,,
Taiwan,TWN,TW,158,1,1,2022,23264640,"內政部統計處 內政統計月報 115年5月 (MOI Dept. of Statistics, Monthly Bulletin of Interior Statistics, May 2026)",https://ws.moi.gov.tw/Download.ashx?u=LzAwMS9VcGxvYWQvNDAwL3JlbGZpbGUvMC8yMzQ1NC85M2FlNzY2MC0xMDEwLTQxNGQtOGQ4NC00NjM3ZDE2ZjY4ZTcucGRm&n=MTE1MDUucGRm,23420111,0.006682716775329427,,,,,,,796696,0.03424493136364887,31 December,"Taiwan Ministry of the Interior, Department of Statistics (內政統計通報), foreign residents 外僑居留人數",https://ws.moi.gov.tw/Download.ashx?u=LzAwMS9VcGxvYWQvNDAwL3JlbGZpbGUvMC8yMTkxNi9jYmRkNDNlYy0wOGU0LTRjMzMtOTBjMy05MGYyOGEyZjE3NDIucGRm&n=MTE05bm056ysMTbpgLHlhafmlL%2FntbHoqIjpgJrloLFf5aSW5YOR566h55CGLnBkZg%3D%3D&icon=.pdf,"Foreign residents holding a valid resident certificate (外僑居留人數), year-end 31 December. INCLUDES migrant workers (移工), who are roughly 75-84% of the total. EXCLUDES people from Mainland China, Hong Kong and Macau (including Mainland Chinese spouses 陸配), who are counted separately. Series on this basis begins in 2012; 2010 and 2011 are not available on a comparable basis.",,,,,,,,80331,31 December,"Ministry of Labor, Republic of China (Taiwan), Monthly Bulletin of Labour Statistics, Table 12-7 Status of the Missing Foreign Workers by Nationality (表 12-7 失聯移工概況—按國籍分)",https://statdb.mol.gov.tw/html/mon/212070.pdf,"absconded / missing migrant workers (失聯移工), stock at END OF YEAR 2022. Counts migrant workers whose employment permit has lapsed and who have not been located. This is the Ministry of Labor absconded-worker measure, a DIFFERENT series from the National Immigration Agency 逾期停留/逾期居留 (overstaying visit / overstaying residence) counts used for TWN 2014-2018; the two are not additive and not directly comparable.",,,,,
Thailand,THA,TH,764,0,1,2010,68579447,"World Bank, World Development Indicators (SP.POP.TOTL), sourced from UN World Population Prospects and national statistical offices",https://api.worldbank.org/v2/country/all/indicator/SP.POP.TOTL,68579447,0,2640454,0.03850211857205556,Mid-year / 30 June,UN DESA International Migrant Stock (World Bank indicator SM.POP.TOTL),https://api.worldbank.org/v2/country/CHN;IND;PHL;RUS;ZAF;SUR;THA/indicator/SM.POP.TOTL?format=json&date=2010:2022&per_page=200,"UN estimate (not annual); mid-year benchmark year only; retrieved from World Bank mirror of UN DESA International Migrant Stock, accessed 2026-08",,,,,,,,,,,,,,,,,,,,,,,
Thailand,THA,TH,764,0,1,2011,69007208,"World Bank, World Development Indicators (SP.POP.TOTL), sourced from UN World Population Prospects and national statistical offices",https://api.worldbank.org/v2/country/all/indicator/SP.POP.TOTL,69007208,0,,,,,,,,,,,,,,,,,,,,,,,,,,,,,
Thailand,THA,TH,764,0,1,2012,69436098,"World Bank, World Development Indicators (SP.POP.TOTL), sourced from UN World Population Prospects and national statistical offices",https://api.worldbank.org/v2/country/all/indicator/SP.POP.TOTL,69436098,0,,,,,,,,,,,,,,,,,,,,,,,,,,,,,
Thailand,THA,TH,764,0,1,2013,69845114,"World Bank, World Development Indicators (SP.POP.TOTL), sourced from UN World Population Prospects and national statistical offices",https://api.worldbank.org/v2/country/all/indicator/SP.POP.TOTL,69845114,0,,,,,,,,,,,,,,,,,,,,,,,,,,,,,
Thailand,THA,TH,764,0,1,2014,70216367,"World Bank, World Development Indicators (SP.POP.TOTL), sourced from UN World Population Prospects and national statistical offices",https://api.worldbank.org/v2/country/all/indicator/SP.POP.TOTL,70216367,0,,,,,,,,,,,,,,,,,,,,,,,,,,,,,
Thailand,THA,TH,764,0,1,2015,70540795,"World Bank, World Development Indicators (SP.POP.TOTL), sourced from UN World Population Prospects and national statistical offices",https://api.worldbank.org/v2/country/all/indicator/SP.POP.TOTL,70540795,0,2853248,0.040448197387058085,Mid-year / 30 June,UN DESA International Migrant Stock (World Bank indicator SM.POP.TOTL),https://api.worldbank.org/v2/country/CHN;IND;PHL;RUS;ZAF;SUR;THA/indicator/SM.POP.TOTL?format=json&date=2010:2022&per_page=200,"UN estimate (not annual); mid-year benchmark year only; retrieved from World Bank mirror of UN DESA International Migrant Stock, accessed 2026-08",,,,,,,,,,,,,,,,,,,,,,,
Thailand,THA,TH,764,0,1,2016,70859841,"World Bank, World Development Indicators (SP.POP.TOTL), sourced from UN World Population Prospects and national statistical offices",https://api.worldbank.org/v2/country/all/indicator/SP.POP.TOTL,70859841,0,,,,,,,,,,,,,,,,,,,,,,,,,,,,,
Thailand,THA,TH,764,0,1,2017,71160187,"World Bank, World Development Indicators (SP.POP.TOTL), sourced from UN World Population Prospects and national statistical offices",https://api.worldbank.org/v2/country/all/indicator/SP.POP.TOTL,71160187,0,,,,,,,,,,,,,,,,,,,,,,,,,,,,,
Thailand,THA,TH,764,0,1,2018,71376079,"World Bank, World Development Indicators (SP.POP.TOTL), sourced from UN World Population Prospects and national statistical offices",https://api.worldbank.org/v2/country/all/indicator/SP.POP.TOTL,71376079,0,,,,,,,4898461,0.06862888895872243,See note,IOM / United Nations Thailand - Thailand Migration Report 2019 (Table 1.1 Estimated non-Thai population in Thailand),https://thailand.un.org/en/download/13750/50831,"Expert estimate compiled from Ministry of Labour / Department of Employment registration and immigration records, as of November 2018 (nearest available benchmark to 2021, no comparable in-range 2021 figure published); comprises low-skilled migrant workers 3897598 (MOU work permits 850302, permits registered in Thailand 2214298, seasonal 21561, irregular 811437), professional/skilled 112834, temporary stay 150707, special-law workers 49403, tertiary students 31571, ethnic minorities and hill tribes 66483, stateless persons 486440, refugees and asylum seekers 103425; the last two groups are not foreign nationals in the strict sense, so this over-states the resident foreign-citizen stock",,,,,,,,,,,,,,,,,
Thailand,THA,TH,764,0,1,2019,71522271,"World Bank, World Development Indicators (SP.POP.TOTL), sourced from UN World Population Prospects and national statistical offices",https://api.worldbank.org/v2/country/all/indicator/SP.POP.TOTL,71522271,0,,,,,,,,,,,,,,,,,,,,,,,,,,,,,
Thailand,THA,TH,764,0,1,2020,71641484,"World Bank, World Development Indicators (SP.POP.TOTL), sourced from UN World Population Prospects and national statistical offices",https://api.worldbank.org/v2/country/all/indicator/SP.POP.TOTL,71641484,0,3015007,0.04208465307614231,Mid-year / 30 June,UN DESA International Migrant Stock (World Bank indicator SM.POP.TOTL),https://api.worldbank.org/v2/country/CHN;IND;PHL;RUS;ZAF;SUR;THA/indicator/SM.POP.TOTL?format=json&date=2010:2022&per_page=200,"UN estimate (not annual); mid-year benchmark year only; retrieved from World Bank mirror of UN DESA International Migrant Stock, accessed 2026-08",,,,,,,,,,,,,,,,,,,,,,,
Thailand,THA,TH,764,0,1,2021,71727332,"World Bank, World Development Indicators (SP.POP.TOTL), sourced from UN World Population Prospects and national statistical offices",https://api.worldbank.org/v2/country/all/indicator/SP.POP.TOTL,71727332,0,,,,,,,,,,,,,,,,,,,,,,,,,,,,,
Thailand,THA,TH,764,0,1,2022,71735329,"World Bank, World Development Indicators (SP.POP.TOTL), sourced from UN World Population Prospects and national statistical offices",https://api.worldbank.org/v2/country/all/indicator/SP.POP.TOTL,71735329,0,,,,,,,,,,,,,,,,,,,,,,,,,,,,,
Turkey,TUR,TR,792,1,0,2010,73142150,"World Bank, World Development Indicators (SP.POP.TOTL), sourced from UN World Population Prospects and national statistical offices",https://api.worldbank.org/v2/country/all/indicator/SP.POP.TOTL,73346769,0.00279755243727454,,,,,,,167344,0.00228792836961998,31 December,"OECD International Migration Database (stocks of foreign population, measure B15)","https://sdmx.oecd.org/public/rest/data/OECD.ELS.IMD,DSD_MIG@DF_MIG,1.0/TUR.W.A.B15._T._Z._Z.PS?startPeriod=2010&endPeriod=2022&format=jsondata&dimensionAtObservation=AllDimensions","Foreign nationals registered in the Address Based Population Registration System (ABPRS/ADNKS), TurkStat, as compiled by OECD IMD. Reference date 31 December. EXCLUDES Syrians under temporary protection, who are registered separately (approx. 3.6 million in 2021).",,,,,,,,,,,,,32667,See note,Presidency of Migration Management / Goc Idaresi Baskanligi (GIB) figures reported by Demiroren Haber Ajansi (DHA),https://www.dha.com.tr/gundem/guzel-yasam-icin-hedef-ulke-turkiyede-20-yilda-2-6-milyon-duzensiz-gocmen-yakalandi-2478884,"ENFORCEMENT/TRANSIT FLOW, not a stock: number of irregular migrants apprehended during calendar year 2010. Administrative apprehension count published by DGMM/PMM. Syrians under temporary protection are excluded from this series. goc.gov.tr publishes the series only as images; value read from DHA reporting quoting GIB verbatim ('en az yakalandigi yil 32 bin 667 ile 2010 oldu')."
Turkey,TUR,TR,792,1,0,2011,74223629,"World Bank, World Development Indicators (SP.POP.TOTL), sourced from UN World Population Prospects and national statistical offices",https://api.worldbank.org/v2/country/all/indicator/SP.POP.TOTL,74215203,-0.00011352180044982711,,,,,,,190531,0.0025669857775345367,31 December,"OECD International Migration Database (stocks of foreign population, measure B15)","https://sdmx.oecd.org/public/rest/data/OECD.ELS.IMD,DSD_MIG@DF_MIG,1.0/TUR.W.A.B15._T._Z._Z.PS?startPeriod=2010&endPeriod=2022&format=jsondata&dimensionAtObservation=AllDimensions","Foreign nationals registered in the Address Based Population Registration System (ABPRS/ADNKS), TurkStat, as compiled by OECD IMD. Reference date 31 December. EXCLUDES Syrians under temporary protection, who are registered separately (approx. 3.6 million in 2021).",,,,,,,,,,,,,,,,,
Turkey,TUR,TR,792,1,0,2012,75175827,"World Bank, World Development Indicators (SP.POP.TOTL), sourced from UN World Population Prospects and national statistical offices",https://api.worldbank.org/v2/country/all/indicator/SP.POP.TOTL,75197198,0.00028428021151001104,,,,,,,242128,0.0032208225657431077,31 December,"OECD International Migration Database (stocks of foreign population, measure B15)","https://sdmx.oecd.org/public/rest/data/OECD.ELS.IMD,DSD_MIG@DF_MIG,1.0/TUR.W.A.B15._T._Z._Z.PS?startPeriod=2010&endPeriod=2022&format=jsondata&dimensionAtObservation=AllDimensions","Foreign nationals registered in the Address Based Population Registration System (ABPRS/ADNKS), TurkStat, as compiled by OECD IMD. Reference date 31 December. EXCLUDES Syrians under temporary protection, who are registered separately (approx. 3.6 million in 2021).",,,,,,,,,,,,,,,,,
Turkey,TUR,TR,792,1,0,2013,76147624,"World Bank, World Development Indicators (SP.POP.TOTL), sourced from UN World Population Prospects and national statistical offices",https://api.worldbank.org/v2/country/all/indicator/SP.POP.TOTL,76403031,0.003354103340112096,,,,,,,278664,0.003659523243955714,31 December,"OECD International Migration Database (stocks of foreign population, measure B15)","https://sdmx.oecd.org/public/rest/data/OECD.ELS.IMD,DSD_MIG@DF_MIG,1.0/TUR.W.A.B15._T._Z._Z.PS?startPeriod=2010&endPeriod=2022&format=jsondata&dimensionAtObservation=AllDimensions","Foreign nationals registered in the Address Based Population Registration System (ABPRS/ADNKS), TurkStat, as compiled by OECD IMD. Reference date 31 December. EXCLUDES Syrians under temporary protection, who are registered separately (approx. 3.6 million in 2021).",,,,,,,,,,,,,,,,,
Turkey,TUR,TR,792,1,0,2014,77181884,"World Bank, World Development Indicators (SP.POP.TOTL), sourced from UN World Population Prospects and national statistical offices",https://api.worldbank.org/v2/country/all/indicator/SP.POP.TOTL,78036154,0.01106827089113295,1459775,0.018913440879468554,See note,"OECD International Migration Database (stocks of foreign-born population, measure B14)","https://sdmx.oecd.org/public/rest/data/OECD.ELS.IMD,DSD_MIG_F@DF_MIG_POPF,1.0/TUR.W.A.B14._T._Z._Z.PS?startPeriod=2010&endPeriod=2022&format=jsondata&dimensionAtObservation=AllDimensions","Foreign-born population, OECD IMD series sourced from TurkStat address-based registration. CAUTION - CORRECTED NOTE: an earlier note asserted this series includes Syrians under temporary protection. Comparison against UN DESA International Migrant Stock 2024 contradicts that: UN DESA reports 6,580,295 for Turkey in 2020 against 2,609,982 here, and the ~4.0 million gap is close to the number of Syrians under temporary protection at that date. The treatment of Syrians is therefore unresolved and Turkey should be verified against TurkStat directly before use. Turkey's foreign_nationals series definitely excludes them.",456506,0.005914678112806886,31 December,"OECD International Migration Database (stocks of foreign population, measure B15)","https://sdmx.oecd.org/public/rest/data/OECD.ELS.IMD,DSD_MIG@DF_MIG,1.0/TUR.W.A.B15._T._Z._Z.PS?startPeriod=2010&endPeriod=2022&format=jsondata&dimensionAtObservation=AllDimensions","Foreign nationals registered in the Address Based Population Registration System (ABPRS/ADNKS), TurkStat, as compiled by OECD IMD. Reference date 31 December. EXCLUDES Syrians under temporary protection, who are registered separately (approx. 3.6 million in 2021).",,,,,,,,,,,,,58647,See note,Presidency of Migration Management / Goc Idaresi Baskanligi (GIB) figures reported by Demiroren Haber Ajansi (DHA),https://www.dha.com.tr/gundem/guzel-yasam-icin-hedef-ulke-turkiyede-20-yilda-2-6-milyon-duzensiz-gocmen-yakalandi-2478884,"ENFORCEMENT/TRANSIT FLOW, not a stock: irregular migrants apprehended during calendar year 2014. Administrative apprehension count published by DGMM/PMM. Syrians under temporary protection excluded. Verbatim: '2014te 58 bin 647 duzensiz gocmen yakalanirken'."
Turkey,TUR,TR,792,1,0,2015,78218479,"World Bank, World Development Indicators (SP.POP.TOTL), sourced from UN World Population Prospects and national statistical offices",https://api.worldbank.org/v2/country/all/indicator/SP.POP.TOTL,80014226,0.022958091527195256,1592437,0.02035883362037761,See note,"OECD International Migration Database (stocks of foreign-born population, measure B14)","https://sdmx.oecd.org/public/rest/data/OECD.ELS.IMD,DSD_MIG_F@DF_MIG_POPF,1.0/TUR.W.A.B14._T._Z._Z.PS?startPeriod=2010&endPeriod=2022&format=jsondata&dimensionAtObservation=AllDimensions","Foreign-born population, OECD IMD series sourced from TurkStat address-based registration. CAUTION - CORRECTED NOTE: an earlier note asserted this series includes Syrians under temporary protection. Comparison against UN DESA International Migrant Stock 2024 contradicts that: UN DESA reports 6,580,295 for Turkey in 2020 against 2,609,982 here, and the ~4.0 million gap is close to the number of Syrians under temporary protection at that date. The treatment of Syrians is therefore unresolved and Turkey should be verified against TurkStat directly before use. Turkey's foreign_nationals series definitely excludes them.",518279,0.006626042932898248,31 December,"OECD International Migration Database (stocks of foreign population, measure B15)","https://sdmx.oecd.org/public/rest/data/OECD.ELS.IMD,DSD_MIG@DF_MIG,1.0/TUR.W.A.B15._T._Z._Z.PS?startPeriod=2010&endPeriod=2022&format=jsondata&dimensionAtObservation=AllDimensions","Foreign nationals registered in the Address Based Population Registration System (ABPRS/ADNKS), TurkStat, as compiled by OECD IMD. Reference date 31 December. EXCLUDES Syrians under temporary protection, who are registered separately (approx. 3.6 million in 2021).",,,,,,,,,,,,,146485,See note,Presidency of Migration Management / Goc Idaresi Baskanligi (GIB) figures reported by Demiroren Haber Ajansi (DHA),https://www.dha.com.tr/gundem/guzel-yasam-icin-hedef-ulke-turkiyede-20-yilda-2-6-milyon-duzensiz-gocmen-yakalandi-2478884,"ENFORCEMENT/TRANSIT FLOW, not a stock: irregular migrants apprehended during calendar year 2015. Administrative apprehension count published by DGMM/PMM. Syrians under temporary protection excluded."
Turkey,TUR,TR,792,1,0,2016,79277962,"World Bank, World Development Indicators (SP.POP.TOTL), sourced from UN World Population Prospects and national statistical offices",https://api.worldbank.org/v2/country/all/indicator/SP.POP.TOTL,81652088,0.02994685963294566,1777290,0.022418462270763218,See note,"OECD International Migration Database (stocks of foreign-born population, measure B14)","https://sdmx.oecd.org/public/rest/data/OECD.ELS.IMD,DSD_MIG_F@DF_MIG_POPF,1.0/TUR.W.A.B14._T._Z._Z.PS?startPeriod=2010&endPeriod=2022&format=jsondata&dimensionAtObservation=AllDimensions","Foreign-born population, OECD IMD series sourced from TurkStat address-based registration. CAUTION - CORRECTED NOTE: an earlier note asserted this series includes Syrians under temporary protection. Comparison against UN DESA International Migrant Stock 2024 contradicts that: UN DESA reports 6,580,295 for Turkey in 2020 against 2,609,982 here, and the ~4.0 million gap is close to the number of Syrians under temporary protection at that date. The treatment of Syrians is therefore unresolved and Turkey should be verified against TurkStat directly before use. Turkey's foreign_nationals series definitely excludes them.",650308,0.008202884932889672,31 December,"OECD International Migration Database (stocks of foreign population, measure B15)","https://sdmx.oecd.org/public/rest/data/OECD.ELS.IMD,DSD_MIG@DF_MIG,1.0/TUR.W.A.B15._T._Z._Z.PS?startPeriod=2010&endPeriod=2022&format=jsondata&dimensionAtObservation=AllDimensions","Foreign nationals registered in the Address Based Population Registration System (ABPRS/ADNKS), TurkStat, as compiled by OECD IMD. Reference date 31 December. EXCLUDES Syrians under temporary protection, who are registered separately (approx. 3.6 million in 2021).",,,,,,,,,,,,,,,,,
Turkey,TUR,TR,792,1,0,2017,80312698,"World Bank, World Development Indicators (SP.POP.TOTL), sourced from UN World Population Prospects and national statistical offices",https://api.worldbank.org/v2/country/all/indicator/SP.POP.TOTL,83083662,0.0345021904257282,1923894,0.0239550413310732,See note,"OECD International Migration Database (stocks of foreign-born population, measure B14)","https://sdmx.oecd.org/public/rest/data/OECD.ELS.IMD,DSD_MIG_F@DF_MIG_POPF,1.0/TUR.W.A.B14._T._Z._Z.PS?startPeriod=2010&endPeriod=2022&format=jsondata&dimensionAtObservation=AllDimensions","Foreign-born population, OECD IMD series sourced from TurkStat address-based registration. CAUTION - CORRECTED NOTE: an earlier note asserted this series includes Syrians under temporary protection. Comparison against UN DESA International Migrant Stock 2024 contradicts that: UN DESA reports 6,580,295 for Turkey in 2020 against 2,609,982 here, and the ~4.0 million gap is close to the number of Syrians under temporary protection at that date. The treatment of Syrians is therefore unresolved and Turkey should be verified against TurkStat directly before use. Turkey's foreign_nationals series definitely excludes them.",816410,0.01016539128096531,31 December,"OECD International Migration Database (stocks of foreign population, measure B15)","https://sdmx.oecd.org/public/rest/data/OECD.ELS.IMD,DSD_MIG@DF_MIG,1.0/TUR.W.A.B15._T._Z._Z.PS?startPeriod=2010&endPeriod=2022&format=jsondata&dimensionAtObservation=AllDimensions","Foreign nationals registered in the Address Based Population Registration System (ABPRS/ADNKS), TurkStat, as compiled by OECD IMD. Reference date 31 December. EXCLUDES Syrians under temporary protection, who are registered separately (approx. 3.6 million in 2021).",,,,,,,,,,,,,,,,,
Turkey,TUR,TR,792,1,0,2018,81407204,"World Bank, World Development Indicators (SP.POP.TOTL), sourced from UN World Population Prospects and national statistical offices",https://api.worldbank.org/v2/country/all/indicator/SP.POP.TOTL,84415969,0.03695944403151347,2278490,0.027988800598040438,See note,"OECD International Migration Database (stocks of foreign-born population, measure B14)","https://sdmx.oecd.org/public/rest/data/OECD.ELS.IMD,DSD_MIG_F@DF_MIG_POPF,1.0/TUR.W.A.B14._T._Z._Z.PS?startPeriod=2010&endPeriod=2022&format=jsondata&dimensionAtObservation=AllDimensions","Foreign-born population, OECD IMD series sourced from TurkStat address-based registration. CAUTION - CORRECTED NOTE: an earlier note asserted this series includes Syrians under temporary protection. Comparison against UN DESA International Migrant Stock 2024 contradicts that: UN DESA reports 6,580,295 for Turkey in 2020 against 2,609,982 here, and the ~4.0 million gap is close to the number of Syrians under temporary protection at that date. The treatment of Syrians is therefore unresolved and Turkey should be verified against TurkStat directly before use. Turkey's foreign_nationals series definitely excludes them.",919061,0.011289676525433794,31 December,"OECD International Migration Database (stocks of foreign population, measure B15)","https://sdmx.oecd.org/public/rest/data/OECD.ELS.IMD,DSD_MIG@DF_MIG,1.0/TUR.W.A.B15._T._Z._Z.PS?startPeriod=2010&endPeriod=2022&format=jsondata&dimensionAtObservation=AllDimensions","Foreign nationals registered in the Address Based Population Registration System (ABPRS/ADNKS), TurkStat, as compiled by OECD IMD. Reference date 31 December. EXCLUDES Syrians under temporary protection, who are registered separately (approx. 3.6 million in 2021).",,,,,,,,,,,,,268003,See note,Presidency of Migration Management / Goc Idaresi Baskanligi (GIB) figures reported by Demiroren Haber Ajansi (DHA),https://www.dha.com.tr/gundem/guzel-yasam-icin-hedef-ulke-turkiyede-20-yilda-2-6-milyon-duzensiz-gocmen-yakalandi-2478884,"ENFORCEMENT/TRANSIT FLOW, not a stock: irregular migrants apprehended during calendar year 2018. Administrative apprehension count published by DGMM/PMM. Syrians under temporary protection excluded."
Turkey,TUR,TR,792,1,0,2019,82579440,"World Bank, World Development Indicators (SP.POP.TOTL), sourced from UN World Population Prospects and national statistical offices",https://api.worldbank.org/v2/country/all/indicator/SP.POP.TOTL,85357672,0.03364314410463428,2668594,0.03231547707274353,See note,"OECD International Migration Database (stocks of foreign-born population, measure B14)","https://sdmx.oecd.org/public/rest/data/OECD.ELS.IMD,DSD_MIG_F@DF_MIG_POPF,1.0/TUR.W.A.B14._T._Z._Z.PS?startPeriod=2010&endPeriod=2022&format=jsondata&dimensionAtObservation=AllDimensions","Foreign-born population, OECD IMD series sourced from TurkStat address-based registration. CAUTION - CORRECTED NOTE: an earlier note asserted this series includes Syrians under temporary protection. Comparison against UN DESA International Migrant Stock 2024 contradicts that: UN DESA reports 6,580,295 for Turkey in 2020 against 2,609,982 here, and the ~4.0 million gap is close to the number of Syrians under temporary protection at that date. The treatment of Syrians is therefore unresolved and Turkey should be verified against TurkStat directly before use. Turkey's foreign_nationals series definitely excludes them.",1211034,0.014665078862244645,31 December,"OECD International Migration Database (stocks of foreign population, measure B15)","https://sdmx.oecd.org/public/rest/data/OECD.ELS.IMD,DSD_MIG@DF_MIG,1.0/TUR.W.A.B15._T._Z._Z.PS?startPeriod=2010&endPeriod=2022&format=jsondata&dimensionAtObservation=AllDimensions","Foreign nationals registered in the Address Based Population Registration System (ABPRS/ADNKS), TurkStat, as compiled by OECD IMD. Reference date 31 December. EXCLUDES Syrians under temporary protection, who are registered separately (approx. 3.6 million in 2021).",,,,,,,,,,,,,454662,See note,Presidency of Migration Management / Goc Idaresi Baskanligi (GIB) figures reported by Demiroren Haber Ajansi (DHA),https://www.dha.com.tr/gundem/guzel-yasam-icin-hedef-ulke-turkiyede-20-yilda-2-6-milyon-duzensiz-gocmen-yakalandi-2478884,"ENFORCEMENT/TRANSIT FLOW, not a stock: irregular migrants apprehended during calendar year 2019 (peak year on record). Administrative apprehension count published by DGMM/PMM. Syrians under temporary protection excluded. Independently corroborated at 454,662 by AIDA/ECRE country report on Turkiye citing PMM."
Turkey,TUR,TR,792,1,0,2020,83384680,"World Bank, World Development Indicators (SP.POP.TOTL), sourced from UN World Population Prospects and national statistical offices",https://api.worldbank.org/v2/country/all/indicator/SP.POP.TOTL,86091692,0.03246414089494617,2609982,0.031300497885223044,See note,"OECD International Migration Database (stocks of foreign-born population, measure B14)","https://sdmx.oecd.org/public/rest/data/OECD.ELS.IMD,DSD_MIG_F@DF_MIG_POPF,1.0/TUR.W.A.B14._T._Z._Z.PS?startPeriod=2010&endPeriod=2022&format=jsondata&dimensionAtObservation=AllDimensions","Foreign-born population, OECD IMD series sourced from TurkStat address-based registration. CAUTION - CORRECTED NOTE: an earlier note asserted this series includes Syrians under temporary protection. Comparison against UN DESA International Migrant Stock 2024 contradicts that: UN DESA reports 6,580,295 for Turkey in 2020 against 2,609,982 here, and the ~4.0 million gap is close to the number of Syrians under temporary protection at that date. The treatment of Syrians is therefore unresolved and Turkey should be verified against TurkStat directly before use. Turkey's foreign_nationals series definitely excludes them.",1531180,0.018362845549086473,31 December,"OECD International Migration Database (stocks of foreign population, measure B15)","https://sdmx.oecd.org/public/rest/data/OECD.ELS.IMD,DSD_MIG@DF_MIG,1.0/TUR.W.A.B15._T._Z._Z.PS?startPeriod=2010&endPeriod=2022&format=jsondata&dimensionAtObservation=AllDimensions","Foreign nationals registered in the Address Based Population Registration System (ABPRS/ADNKS), TurkStat, as compiled by OECD IMD. Reference date 31 December. EXCLUDES Syrians under temporary protection, who are registered separately (approx. 3.6 million in 2021).",,,,,,,,,,,,,122302,See note,Presidency of Migration Management / Goc Idaresi Baskanligi (GIB) figures reported by Demiroren Haber Ajansi (DHA),https://www.dha.com.tr/gundem/guzel-yasam-icin-hedef-ulke-turkiyede-20-yilda-2-6-milyon-duzensiz-gocmen-yakalandi-2478884,"ENFORCEMENT/TRANSIT FLOW, not a stock: irregular migrants apprehended during calendar year 2020 (COVID-19 border closures). Administrative apprehension count published by DGMM/PMM. Syrians under temporary protection excluded."
Turkey,TUR,TR,792,1,0,2021,84147318,"World Bank, World Development Indicators (SP.POP.TOTL), sourced from UN World Population Prospects and national statistical offices",https://api.worldbank.org/v2/country/all/indicator/SP.POP.TOTL,86686253,0.030172500566209372,3141351,0.037331564150386826,See note,"OECD International Migration Database (stocks of foreign-born population, measure B14)","https://sdmx.oecd.org/public/rest/data/OECD.ELS.IMD,DSD_MIG_F@DF_MIG_POPF,1.0/TUR.W.A.B14._T._Z._Z.PS?startPeriod=2010&endPeriod=2022&format=jsondata&dimensionAtObservation=AllDimensions","Foreign-born population, OECD IMD series sourced from TurkStat address-based registration. CAUTION - CORRECTED NOTE: an earlier note asserted this series includes Syrians under temporary protection. Comparison against UN DESA International Migrant Stock 2024 contradicts that: UN DESA reports 6,580,295 for Turkey in 2020 against 2,609,982 here, and the ~4.0 million gap is close to the number of Syrians under temporary protection at that date. The treatment of Syrians is therefore unresolved and Turkey should be verified against TurkStat directly before use. Turkey's foreign_nationals series definitely excludes them.",1792036,0.021296412560647505,31 December,"OECD International Migration Database (stocks of foreign population, measure B15)","https://sdmx.oecd.org/public/rest/data/OECD.ELS.IMD,DSD_MIG@DF_MIG,1.0/TUR.W.A.B15._T._Z._Z.PS?startPeriod=2010&endPeriod=2022&format=jsondata&dimensionAtObservation=AllDimensions","Foreign nationals registered in the Address Based Population Registration System (ABPRS/ADNKS), TurkStat, as compiled by OECD IMD. Reference date 31 December. EXCLUDES Syrians under temporary protection, who are registered separately (approx. 3.6 million in 2021).",,,,,,,,,,,,,162996,See note,Presidency of Migration Management / Goc Idaresi Baskanligi (GIB) data tabulated in Turkiye'nin Duzensiz Gocle Mucadele Stratejisine Iliskin Bir Degerlendirme (DergiPark),https://dergipark.org.tr/tr/download/article-file/3843070,"ENFORCEMENT/TRANSIT FLOW, not a stock: irregular migrants apprehended during calendar year 2021. Administrative apprehension count published by DGMM/PMM (cited as GIB 2024h). Syrians under temporary protection excluded. Same value also appears in the AYBU-GPM Turkiye Goc ve Insan Hareketlilikleri Yillik Raporu 2021. The adjacent values in this source for 2019, 2020, 2022 and 2023 match the DGMM figures exactly, which anchors the 2021 reading."
Turkey,TUR,TR,792,1,0,2022,84979913,"World Bank, World Development Indicators (SP.POP.TOTL), sourced from UN World Population Prospects and national statistical offices",https://api.worldbank.org/v2/country/all/indicator/SP.POP.TOTL,87058473,0.02445942725312039,3242683,0.03815822922765289,See note,"OECD International Migration Database (stocks of foreign-born population, measure B14)","https://sdmx.oecd.org/public/rest/data/OECD.ELS.IMD,DSD_MIG_F@DF_MIG_POPF,1.0/TUR.W.A.B14._T._Z._Z.PS?startPeriod=2010&endPeriod=2022&format=jsondata&dimensionAtObservation=AllDimensions","Foreign-born population, OECD IMD series sourced from TurkStat address-based registration. CAUTION - CORRECTED NOTE: an earlier note asserted this series includes Syrians under temporary protection. Comparison against UN DESA International Migrant Stock 2024 contradicts that: UN DESA reports 6,580,295 for Turkey in 2020 against 2,609,982 here, and the ~4.0 million gap is close to the number of Syrians under temporary protection at that date. The treatment of Syrians is therefore unresolved and Turkey should be verified against TurkStat directly before use. Turkey's foreign_nationals series definitely excludes them.",1823836,0.021461965958943733,31 December,"OECD International Migration Database (stocks of foreign population, measure B15)","https://sdmx.oecd.org/public/rest/data/OECD.ELS.IMD,DSD_MIG@DF_MIG,1.0/TUR.W.A.B15._T._Z._Z.PS?startPeriod=2010&endPeriod=2022&format=jsondata&dimensionAtObservation=AllDimensions","Foreign nationals registered in the Address Based Population Registration System (ABPRS/ADNKS), TurkStat, as compiled by OECD IMD. Reference date 31 December. EXCLUDES Syrians under temporary protection, who are registered separately (approx. 3.6 million in 2021).",,,,,,,,,,,,,285027,See note,Presidency of Migration Management / Goc Idaresi Baskanligi (GIB) figures reported by Demiroren Haber Ajansi (DHA),https://www.dha.com.tr/gundem/guzel-yasam-icin-hedef-ulke-turkiyede-20-yilda-2-6-milyon-duzensiz-gocmen-yakalandi-2478884,"ENFORCEMENT/TRANSIT FLOW, not a stock: irregular migrants apprehended during calendar year 2022. Administrative apprehension count published by DGMM/PMM. Syrians under temporary protection excluded. Verbatim: '2022de 285 bin 27'."
United Kingdom,GBR,GB,826,1,0,2010,62766365,"World Bank, World Development Indicators (SP.POP.TOTL), sourced from UN World Population Prospects and national statistical offices",https://api.worldbank.org/v2/country/all/indicator/SP.POP.TOTL,63006483,0.003825583973199659,7119664,0.11343119838148984,1 January,Eurostat [migr_pop3ctb],https://ec.europa.eu/eurostat/api/dissemination/statistics/1.0/data/migr_pop3ctb?format=JSON&lang=EN&geo=UK&age=TOTAL&sex=T&unit=NR&c_birth=FOR&sinceTimePeriod=2010&untilTimePeriod=2022,stock at 1 Jan; c_birth=FOR (born in a foreign country); Eurostat UK series ends at 1 Jan 2019,4435587,0.07066821537299475,1 January,Eurostat [migr_pop1ctz],https://ec.europa.eu/eurostat/api/dissemination/statistics/1.0/data/migr_pop1ctz?format=JSON&lang=EN&geo=UK&age=TOTAL&sex=T&unit=NR&citizen=FOR_STLS&sinceTimePeriod=2010&untilTimePeriod=2022,stock at 1 Jan; citizen=FOR_STLS (foreign citizens incl. stateless); Eurostat UK series ends at 1 Jan 2019,,,,,,,,,,,,,53700,Full calendar year (flow),"Eurostat, Third country nationals found to be illegally present (migr_eipre)",https://ec.europa.eu/eurostat/databrowser/view/migr_eipre/default/table,"Eurostat enforcement statistic - annual flow of detections, NOT a stock. Dataset migr_eipre, dimensions freq=A citizen=TOTAL reason=TOTAL apprehen=TOTAL sex=T age=TOTAL unit=PER. Rounded to nearest 5 by Eurostat. Eurostat geo code UK. Series ends in 2019; the UK stopped reporting after leaving the EU."
United Kingdom,GBR,GB,826,1,0,2011,63258810,"World Bank, World Development Indicators (SP.POP.TOTL), sourced from UN World Population Prospects and national statistical offices",https://api.worldbank.org/v2/country/all/indicator/SP.POP.TOTL,63509285,0.00395952753458372,7342547,0.1160715321707759,1 January,Eurostat [migr_pop3ctb],https://ec.europa.eu/eurostat/api/dissemination/statistics/1.0/data/migr_pop3ctb?format=JSON&lang=EN&geo=UK&age=TOTAL&sex=T&unit=NR&c_birth=FOR&sinceTimePeriod=2010&untilTimePeriod=2022,stock at 1 Jan; c_birth=FOR (born in a foreign country); Eurostat UK series ends at 1 Jan 2019,4546862,0.07187713458409983,1 January,Eurostat [migr_pop1ctz],https://ec.europa.eu/eurostat/api/dissemination/statistics/1.0/data/migr_pop1ctz?format=JSON&lang=EN&geo=UK&age=TOTAL&sex=T&unit=NR&citizen=FOR_STLS&sinceTimePeriod=2010&untilTimePeriod=2022,stock at 1 Jan; citizen=FOR_STLS (foreign citizens incl. stateless); Eurostat UK series ends at 1 Jan 2019,,,,,,,,,,,,,54150,Full calendar year (flow),"Eurostat, Third country nationals found to be illegally present (migr_eipre)",https://ec.europa.eu/eurostat/databrowser/view/migr_eipre/default/table,"Eurostat enforcement statistic - annual flow of detections, NOT a stock. Dataset migr_eipre, dimensions freq=A citizen=TOTAL reason=TOTAL apprehen=TOTAL sex=T age=TOTAL unit=PER. Rounded to nearest 5 by Eurostat. Eurostat geo code UK. Series ends in 2019; the UK stopped reporting after leaving the EU."
United Kingdom,GBR,GB,826,1,0,2012,63711000,"World Bank, World Development Indicators (SP.POP.TOTL), sourced from UN World Population Prospects and national statistical offices",https://api.worldbank.org/v2/country/all/indicator/SP.POP.TOTL,63960484,0.003915870100924487,7762334,0.12183663731537725,1 January,Eurostat [migr_pop3ctb],https://ec.europa.eu/eurostat/api/dissemination/statistics/1.0/data/migr_pop3ctb?format=JSON&lang=EN&geo=UK&age=TOTAL&sex=T&unit=NR&c_birth=FOR&sinceTimePeriod=2010&untilTimePeriod=2022,stock at 1 Jan; c_birth=FOR (born in a foreign country); Eurostat UK series ends at 1 Jan 2019,4884405,0.07666501859961389,1 January,Eurostat [migr_pop1ctz],https://ec.europa.eu/eurostat/api/dissemination/statistics/1.0/data/migr_pop1ctz?format=JSON&lang=EN&geo=UK&age=TOTAL&sex=T&unit=NR&citizen=FOR_STLS&sinceTimePeriod=2010&untilTimePeriod=2022,stock at 1 Jan; citizen=FOR_STLS (foreign citizens incl. stateless); Eurostat UK series ends at 1 Jan 2019,,,,,,,,,,,,,49365,Full calendar year (flow),"Eurostat, Third country nationals found to be illegally present (migr_eipre)",https://ec.europa.eu/eurostat/databrowser/view/migr_eipre/default/table,"Eurostat enforcement statistic - annual flow of detections, NOT a stock. Dataset migr_eipre, dimensions freq=A citizen=TOTAL reason=TOTAL apprehen=TOTAL sex=T age=TOTAL unit=PER. Rounded to nearest 5 by Eurostat. Eurostat geo code UK. Series ends in 2019; the UK stopped reporting after leaving the EU."
United Kingdom,GBR,GB,826,1,0,2013,64138000,"World Bank, World Development Indicators (SP.POP.TOTL), sourced from UN World Population Prospects and national statistical offices",https://api.worldbank.org/v2/country/all/indicator/SP.POP.TOTL,64389388,0.003919486108079454,7923428,0.12353718544388662,1 January,Eurostat [migr_pop3ctb],https://ec.europa.eu/eurostat/api/dissemination/statistics/1.0/data/migr_pop3ctb?format=JSON&lang=EN&geo=UK&age=TOTAL&sex=T&unit=NR&c_birth=FOR&sinceTimePeriod=2010&untilTimePeriod=2022,stock at 1 Jan; c_birth=FOR (born in a foreign country); Eurostat UK series ends at 1 Jan 2019,4978600,0.07762324986747327,1 January,Eurostat [migr_pop1ctz],https://ec.europa.eu/eurostat/api/dissemination/statistics/1.0/data/migr_pop1ctz?format=JSON&lang=EN&geo=UK&age=TOTAL&sex=T&unit=NR&citizen=FOR_STLS&sinceTimePeriod=2010&untilTimePeriod=2022,stock at 1 Jan; citizen=FOR_STLS (foreign citizens incl. stateless); Eurostat UK series ends at 1 Jan 2019,,,,,,,,,,,,,57415,Full calendar year (flow),"Eurostat, Third country nationals found to be illegally present (migr_eipre)",https://ec.europa.eu/eurostat/databrowser/view/migr_eipre/default/table,"Eurostat enforcement statistic - annual flow of detections, NOT a stock. Dataset migr_eipre, dimensions freq=A citizen=TOTAL reason=TOTAL apprehen=TOTAL sex=T age=TOTAL unit=PER. Rounded to nearest 5 by Eurostat. Eurostat geo code UK. Series ends in 2019; the UK stopped reporting after leaving the EU."
United Kingdom,GBR,GB,826,1,0,2014,64619000,"World Bank, World Development Indicators (SP.POP.TOTL), sourced from UN World Population Prospects and national statistical offices",https://api.worldbank.org/v2/country/all/indicator/SP.POP.TOTL,64865916,0.00382110524768257,8039324,0.12441114842383819,1 January,Eurostat [migr_pop3ctb],https://ec.europa.eu/eurostat/api/dissemination/statistics/1.0/data/migr_pop3ctb?format=JSON&lang=EN&geo=UK&age=TOTAL&sex=T&unit=NR&c_birth=FOR&sinceTimePeriod=2010&untilTimePeriod=2022,stock at 1 Jan; c_birth=FOR (born in a foreign country); Eurostat UK series ends at 1 Jan 2019,5049401,0.0781411194849812,1 January,Eurostat [migr_pop1ctz],https://ec.europa.eu/eurostat/api/dissemination/statistics/1.0/data/migr_pop1ctz?format=JSON&lang=EN&geo=UK&age=TOTAL&sex=T&unit=NR&citizen=FOR_STLS&sinceTimePeriod=2010&untilTimePeriod=2022,stock at 1 Jan; citizen=FOR_STLS (foreign citizens incl. stateless); Eurostat UK series ends at 1 Jan 2019,,,,,,,,,,,,,65365,Full calendar year (flow),"Eurostat, Third country nationals found to be illegally present (migr_eipre)",https://ec.europa.eu/eurostat/databrowser/view/migr_eipre/default/table,"Eurostat enforcement statistic - annual flow of detections, NOT a stock. Dataset migr_eipre, dimensions freq=A citizen=TOTAL reason=TOTAL apprehen=TOTAL sex=T age=TOTAL unit=PER. Rounded to nearest 5 by Eurostat. Eurostat geo code UK. Series ends in 2019; the UK stopped reporting after leaving the EU."
United Kingdom,GBR,GB,826,1,0,2015,65087000,"World Bank, World Development Indicators (SP.POP.TOTL), sourced from UN World Population Prospects and national statistical offices",https://api.worldbank.org/v2/country/all/indicator/SP.POP.TOTL,65382110,0.004534085147571712,8406996,0.1291655169235024,1 January,Eurostat [migr_pop3ctb],https://ec.europa.eu/eurostat/api/dissemination/statistics/1.0/data/migr_pop3ctb?format=JSON&lang=EN&geo=UK&age=TOTAL&sex=T&unit=NR&c_birth=FOR&sinceTimePeriod=2010&untilTimePeriod=2022,stock at 1 Jan; c_birth=FOR (born in a foreign country); Eurostat UK series ends at 1 Jan 2019,5419192,0.08326074331279672,1 January,Eurostat [migr_pop1ctz],https://ec.europa.eu/eurostat/api/dissemination/statistics/1.0/data/migr_pop1ctz?format=JSON&lang=EN&geo=UK&age=TOTAL&sex=T&unit=NR&citizen=FOR_STLS&sinceTimePeriod=2010&untilTimePeriod=2022,stock at 1 Jan; citizen=FOR_STLS (foreign citizens incl. stateless); Eurostat UK series ends at 1 Jan 2019,,,,,,,,,,,,,70020,Full calendar year (flow),"Eurostat, Third country nationals found to be illegally present (migr_eipre)",https://ec.europa.eu/eurostat/databrowser/view/migr_eipre/default/table,"Eurostat enforcement statistic - annual flow of detections, NOT a stock. Dataset migr_eipre, dimensions freq=A citizen=TOTAL reason=TOTAL apprehen=TOTAL sex=T age=TOTAL unit=PER. Rounded to nearest 5 by Eurostat. Eurostat geo code UK. Series ends in 2019; the UK stopped reporting after leaving the EU."
United Kingdom,GBR,GB,826,1,0,2016,65606000,"World Bank, World Development Indicators (SP.POP.TOTL), sourced from UN World Population Prospects and national statistical offices",https://api.worldbank.org/v2/country/all/indicator/SP.POP.TOTL,65893358,0.004380056702130902,8696511,0.13255664116086943,1 January,Eurostat [migr_pop3ctb],https://ec.europa.eu/eurostat/api/dissemination/statistics/1.0/data/migr_pop3ctb?format=JSON&lang=EN&geo=UK&age=TOTAL&sex=T&unit=NR&c_birth=FOR&sinceTimePeriod=2010&untilTimePeriod=2022,stock at 1 Jan; c_birth=FOR (born in a foreign country); Eurostat UK series ends at 1 Jan 2019,5639712,0.08596335701002956,1 January,Eurostat [migr_pop1ctz],https://ec.europa.eu/eurostat/api/dissemination/statistics/1.0/data/migr_pop1ctz?format=JSON&lang=EN&geo=UK&age=TOTAL&sex=T&unit=NR&citizen=FOR_STLS&sinceTimePeriod=2010&untilTimePeriod=2022,stock at 1 Jan; citizen=FOR_STLS (foreign citizens incl. stateless); Eurostat UK series ends at 1 Jan 2019,,,,,,,,,,,,,59895,Full calendar year (flow),"Eurostat, Third country nationals found to be illegally present (migr_eipre)",https://ec.europa.eu/eurostat/databrowser/view/migr_eipre/default/table,"Eurostat enforcement statistic - annual flow of detections, NOT a stock. Dataset migr_eipre, dimensions freq=A citizen=TOTAL reason=TOTAL apprehen=TOTAL sex=T age=TOTAL unit=PER. Rounded to nearest 5 by Eurostat. Eurostat geo code UK. Series ends in 2019; the UK stopped reporting after leaving the EU."
United Kingdom,GBR,GB,826,1,0,2017,65964000,"World Bank, World Development Indicators (SP.POP.TOTL), sourced from UN World Population Prospects and national statistical offices",https://api.worldbank.org/v2/country/all/indicator/SP.POP.TOTL,66354471,0.005919456066945607,9298018,0.1409559456673337,1 January,Eurostat [migr_pop3ctb],https://ec.europa.eu/eurostat/api/dissemination/statistics/1.0/data/migr_pop3ctb?format=JSON&lang=EN&geo=UK&age=TOTAL&sex=T&unit=NR&c_birth=FOR&sinceTimePeriod=2010&untilTimePeriod=2022,stock at 1 Jan; c_birth=FOR (born in a foreign country); Eurostat UK series ends at 1 Jan 2019,6073524,0.09207331271602692,1 January,Eurostat [migr_pop1ctz],https://ec.europa.eu/eurostat/api/dissemination/statistics/1.0/data/migr_pop1ctz?format=JSON&lang=EN&geo=UK&age=TOTAL&sex=T&unit=NR&citizen=FOR_STLS&sinceTimePeriod=2010&untilTimePeriod=2022,stock at 1 Jan; citizen=FOR_STLS (foreign citizens incl. stateless); Eurostat UK series ends at 1 Jan 2019,800000,0.012127827299739252,See note,"Pew Research Center (2019), Europe's Unauthorized Immigrant Population Peaks in 2016, Then Levels Off - Appendix E corrected estimates",https://www.pewresearch.org/global/2019/11/13/eu-unauthorized-immigrants-appendix-e-updated-unauthorized-immigrant-population-estimates-for-europe-and-the-united-kingdom-2014-2017/,"Pew residual method, EXCLUDING asylum seekers awaiting a decision; published range 700000-900000, value is the midpoint. This corrected figure supersedes the original report estimate of 800000-1200000, which wrongly treated holders of indefinite leave to remain as unauthorized. Corrected series for 2014-2016 was not machine-readable and is therefore omitted.",1,,,,,,54910,Full calendar year (flow),"Eurostat, Third country nationals found to be illegally present (migr_eipre)",https://ec.europa.eu/eurostat/databrowser/view/migr_eipre/default/table,"Eurostat enforcement statistic - annual flow of detections, NOT a stock. Dataset migr_eipre, dimensions freq=A citizen=TOTAL reason=TOTAL apprehen=TOTAL sex=T age=TOTAL unit=PER. Rounded to nearest 5 by Eurostat. Eurostat geo code UK. Series ends in 2019; the UK stopped reporting after leaving the EU."
United Kingdom,GBR,GB,826,1,0,2018,66287000,"World Bank, World Development Indicators (SP.POP.TOTL), sourced from UN World Population Prospects and national statistical offices",https://api.worldbank.org/v2/country/all/indicator/SP.POP.TOTL,66752475,0.00702211595033717,9512464,0.14350421651304177,1 January,Eurostat [migr_pop3ctb],https://ec.europa.eu/eurostat/api/dissemination/statistics/1.0/data/migr_pop3ctb?format=JSON&lang=EN&geo=UK&age=TOTAL&sex=T&unit=NR&c_birth=FOR&sinceTimePeriod=2010&untilTimePeriod=2022,stock at 1 Jan; c_birth=FOR (born in a foreign country); Eurostat UK series ends at 1 Jan 2019,6285974,0.0948296649418438,1 January,Eurostat [migr_pop1ctz],https://ec.europa.eu/eurostat/api/dissemination/statistics/1.0/data/migr_pop1ctz?format=JSON&lang=EN&geo=UK&age=TOTAL&sex=T&unit=NR&citizen=FOR_STLS&sinceTimePeriod=2010&untilTimePeriod=2022,stock at 1 Jan; citizen=FOR_STLS (foreign citizens incl. stateless); Eurostat UK series ends at 1 Jan 2019,,,,,,,,,,,,,27830,Full calendar year (flow),"Eurostat, Third country nationals found to be illegally present (migr_eipre)",https://ec.europa.eu/eurostat/databrowser/view/migr_eipre/default/table,"Eurostat enforcement statistic - annual flow of detections, NOT a stock. Dataset migr_eipre, dimensions freq=A citizen=TOTAL reason=TOTAL apprehen=TOTAL sex=T age=TOTAL unit=PER. Rounded to nearest 5 by Eurostat. Eurostat geo code UK. Series ends in 2019; the UK stopped reporting after leaving the EU."
United Kingdom,GBR,GB,826,1,0,2019,66628000,"World Bank, World Development Indicators (SP.POP.TOTL), sourced from UN World Population Prospects and national statistical offices",https://api.worldbank.org/v2/country/all/indicator/SP.POP.TOTL,67110958,0.007248574173020352,9469015,0.14211765323887854,1 January,Eurostat [migr_pop3ctb],https://ec.europa.eu/eurostat/api/dissemination/statistics/1.0/data/migr_pop3ctb?format=JSON&lang=EN&geo=UK&age=TOTAL&sex=T&unit=NR&c_birth=FOR&sinceTimePeriod=2010&untilTimePeriod=2022,stock at 1 Jan; c_birth=FOR (born in a foreign country); Eurostat UK series ends at 1 Jan 2019,6171948,0.0926329471093234,1 January,Eurostat [migr_pop1ctz],https://ec.europa.eu/eurostat/api/dissemination/statistics/1.0/data/migr_pop1ctz?format=JSON&lang=EN&geo=UK&age=TOTAL&sex=T&unit=NR&citizen=FOR_STLS&sinceTimePeriod=2010&untilTimePeriod=2022,stock at 1 Jan; citizen=FOR_STLS (foreign citizens incl. stateless); Eurostat UK series ends at 1 Jan 2019,,,,,,,,,,,,,22275,Full calendar year (flow),"Eurostat, Third country nationals found to be illegally present (migr_eipre)",https://ec.europa.eu/eurostat/databrowser/view/migr_eipre/default/table,"Eurostat enforcement statistic - annual flow of detections, NOT a stock. Dataset migr_eipre, dimensions freq=A citizen=TOTAL reason=TOTAL apprehen=TOTAL sex=T age=TOTAL unit=PER. Rounded to nearest 5 by Eurostat. Eurostat geo code UK. Series ends in 2019; the UK stopped reporting after leaving the EU."
United Kingdom,GBR,GB,826,1,0,2020,66740000,"World Bank, World Development Indicators (SP.POP.TOTL), sourced from UN World Population Prospects and national statistical offices",https://api.worldbank.org/v2/country/all/indicator/SP.POP.TOTL,67351861,0.009167830386574767,9200000,0.13784836679652382,Year ending June,"ONS, Population of the UK by country of birth and nationality",https://www.ons.gov.uk/peoplepopulationandcommunity/populationandmigration/internationalmigration/bulletins/ukpopulationbycountryofbirthandnationality/yearendingjune2020,"estimate for year ending June 2020 (Annual Population Survey), NOT stock at 1 Jan; non-UK-born population; published rounded to the nearest 0.1 million, so value is exact only to +/-50000; series discontinued after June 2021; not comparable with the Eurostat 1 Jan series",6000000,0.08990110878034162,Year ending June,"ONS, Population of the UK by country of birth and nationality",https://www.ons.gov.uk/peoplepopulationandcommunity/populationandmigration/internationalmigration/bulletins/ukpopulationbycountryofbirthandnationality/yearendingjune2020,"estimate for year ending June 2020 (Annual Population Survey), NOT stock at 1 Jan; non-British national population; published rounded to the nearest 0.1 million, so value is exact only to +/-50000; series discontinued after June 2021; not comparable with the Eurostat 1 Jan series",,,,,,,,,,,,,,,,,
United Kingdom,GBR,GB,826,1,0,2021,66978000,"World Bank, World Development Indicators (SP.POP.TOTL), sourced from UN World Population Prospects and national statistical offices",https://api.worldbank.org/v2/country/all/indicator/SP.POP.TOTL,67668792,0.010313714951177999,9600000,0.14333064588372302,Year ending June,"ONS, Population of the UK by country of birth and nationality",https://www.ons.gov.uk/peoplepopulationandcommunity/populationandmigration/internationalmigration/bulletins/ukpopulationbycountryofbirthandnationality/yearendingjune2021,"estimate for year ending June 2021 (Annual Population Survey), NOT stock at 1 Jan; non-UK-born population; published rounded to the nearest 0.1 million, so value is exact only to +/-50000; series discontinued after June 2021; not comparable with the Eurostat 1 Jan series",6000000,0.08958165367732689,Year ending June,"ONS, Population of the UK by country of birth and nationality",https://www.ons.gov.uk/peoplepopulationandcommunity/populationandmigration/internationalmigration/bulletins/ukpopulationbycountryofbirthandnationality/yearendingjune2021,"estimate for year ending June 2021 (Annual Population Survey), NOT stock at 1 Jan; non-British national population; published rounded to the nearest 0.1 million, so value is exact only to +/-50000; series discontinued after June 2021; not comparable with the Eurostat 1 Jan series",,,,,,,,,,,,,,,,,
United Kingdom,GBR,GB,826,1,0,2022,67636000,"World Bank, World Development Indicators (SP.POP.TOTL), sourced from UN World Population Prospects and national statistical offices",https://api.worldbank.org/v2/country/all/indicator/SP.POP.TOTL,68179315,0.008032926252291678,,,,,,,,,,,,,,,,,,,,,,,,,,,,,
United States,USA,US,840,1,1,2010,309378227,"World Bank, World Development Indicators (SP.POP.TOTL), sourced from UN World Population Prospects and national statistical offices",https://api.worldbank.org/v2/country/all/indicator/SP.POP.TOTL,311062790,0.005444995326060874,39916875,0.12902289662420233,Census reference date,"OECD International Migration Database (stocks of foreign-born population, measure B14)","https://sdmx.oecd.org/public/rest/data/OECD.ELS.IMD,DSD_MIG_F@DF_MIG_POPF,1.0/USA.W.A.B14._T._Z._Z.PS?startPeriod=2010&endPeriod=2022&format=jsondata&dimensionAtObservation=AllDimensions","Foreign-born resident population, Census Bureau American Community Survey 1-year estimates, as compiled by OECD IMD. The 2020 value derives from the ACS 2020 experimental estimates because the standard 2020 1-year release was not published.",21640993,0.06994995481695614,Census reference date,"OECD International Migration Database (stocks of foreign population, measure B15)","https://sdmx.oecd.org/public/rest/data/OECD.ELS.IMD,DSD_MIG@DF_MIG,1.0/USA.W.A.B15._T._Z._Z.PS?startPeriod=2010&endPeriod=2022&format=jsondata&dimensionAtObservation=AllDimensions","Non-citizen (foreign national) resident population from the Census Bureau American Community Survey, as compiled by OECD IMD. OECD publishes some values with decimals; rounded to the nearest whole person here.",11590000,0.03746223550502149,1 January,"DHS Office of Homeland Security Statistics, Estimates of the Unauthorized Immigrant Population Residing in the United States: January 2015-January 2018, Table A2-1",https://ohss.dhs.gov/sites/default/files/2023-12/unauthorized_immigrant_population_estimates_2015_-_2018.pdf,"Modelled resident stock (ACS residual method), reference date 1 January 2010. AMBIGUITY FLAG: Table A2-1 prints TWO values for 2010 (10,790,000 and 11,590,000) reflecting a revision to align with the 2010 Census. 11,590,000 is recorded here because it is continuous with the 2011-2018 series; 10,790,000 is retained as an alternative row. Verify against the PDF before publication. Value read independently by two extractions.",3,,,,,,,,,,
United States,USA,US,840,1,1,2011,311839461,"World Bank, World Development Indicators (SP.POP.TOTL), sourced from UN World Population Prospects and national statistical offices",https://api.worldbank.org/v2/country/all/indicator/SP.POP.TOTL,314105078,0.007265331310972218,40381570,0.12949474024392313,Census reference date,"OECD International Migration Database (stocks of foreign-born population, measure B14)","https://sdmx.oecd.org/public/rest/data/OECD.ELS.IMD,DSD_MIG_F@DF_MIG_POPF,1.0/USA.W.A.B14._T._Z._Z.PS?startPeriod=2010&endPeriod=2022&format=jsondata&dimensionAtObservation=AllDimensions","Foreign-born resident population, Census Bureau American Community Survey 1-year estimates, as compiled by OECD IMD. The 2020 value derives from the ACS 2020 experimental estimates because the standard 2020 1-year release was not published.",22225536,0.07127236536622926,Census reference date,"OECD International Migration Database (stocks of foreign population, measure B15)","https://sdmx.oecd.org/public/rest/data/OECD.ELS.IMD,DSD_MIG@DF_MIG,1.0/USA.W.A.B15._T._Z._Z.PS?startPeriod=2010&endPeriod=2022&format=jsondata&dimensionAtObservation=AllDimensions","Non-citizen (foreign national) resident population from the Census Bureau American Community Survey, as compiled by OECD IMD. OECD publishes some values with decimals; rounded to the nearest whole person here.",11510000,0.03691001761961101,1 January,"DHS Office of Homeland Security Statistics, Estimates of the Unauthorized Immigrant Population Residing in the United States: January 2015-January 2018, Table A2-1",https://ohss.dhs.gov/sites/default/files/2023-12/unauthorized_immigrant_population_estimates_2015_-_2018.pdf,"Modelled resident stock (ACS residual method), reference date 1 January 2011. Read directly from Table A2-1 and independently confirmed by a second extraction. CORRECTION: an earlier pass recorded 11,600,000 from a rounded chart; that value was wrong.",2,,,,,,,,,,
United States,USA,US,840,1,1,2012,314339099,"World Bank, World Development Indicators (SP.POP.TOTL), sourced from UN World Population Prospects and national statistical offices",https://api.worldbank.org/v2/country/all/indicator/SP.POP.TOTL,317115355,0.00883204160358047,40738224,0.12959960796986314,Census reference date,"OECD International Migration Database (stocks of foreign-born population, measure B14)","https://sdmx.oecd.org/public/rest/data/OECD.ELS.IMD,DSD_MIG_F@DF_MIG_POPF,1.0/USA.W.A.B14._T._Z._Z.PS?startPeriod=2010&endPeriod=2022&format=jsondata&dimensionAtObservation=AllDimensions","Foreign-born resident population, Census Bureau American Community Survey 1-year estimates, as compiled by OECD IMD. The 2020 value derives from the ACS 2020 experimental estimates because the standard 2020 1-year release was not published.",22114981,0.07035389829122085,Census reference date,"OECD International Migration Database (stocks of foreign population, measure B15)","https://sdmx.oecd.org/public/rest/data/OECD.ELS.IMD,DSD_MIG@DF_MIG,1.0/USA.W.A.B15._T._Z._Z.PS?startPeriod=2010&endPeriod=2022&format=jsondata&dimensionAtObservation=AllDimensions","Non-citizen (foreign national) resident population from the Census Bureau American Community Survey, as compiled by OECD IMD. OECD publishes some values with decimals; rounded to the nearest whole person here.",11430000,0.03636200535142464,1 January,"DHS Office of Homeland Security Statistics, Estimates of the Unauthorized Immigrant Population Residing in the United States: January 2015-January 2018, Table A2-1",https://ohss.dhs.gov/sites/default/files/2023-12/unauthorized_immigrant_population_estimates_2015_-_2018.pdf,"Modelled resident stock (ACS residual method), reference date 1 January 2012. Read directly from Table A2-1; confirmed by two independent extractions.",1,,,,,,,,,,
United States,USA,US,840,1,1,2013,316726282,"World Bank, World Development Indicators (SP.POP.TOTL), sourced from UN World Population Prospects and national statistical offices",https://api.worldbank.org/v2/country/all/indicator/SP.POP.TOTL,320110759,0.010685810405844376,41344354,0.13053654322251665,Census reference date,"OECD International Migration Database (stocks of foreign-born population, measure B14)","https://sdmx.oecd.org/public/rest/data/OECD.ELS.IMD,DSD_MIG_F@DF_MIG_POPF,1.0/USA.W.A.B14._T._Z._Z.PS?startPeriod=2010&endPeriod=2022&format=jsondata&dimensionAtObservation=AllDimensions","Foreign-born resident population, Census Bureau American Community Survey 1-year estimates, as compiled by OECD IMD. The 2020 value derives from the ACS 2020 experimental estimates because the standard 2020 1-year release was not published.",22016426,0.06951246944514697,Census reference date,"OECD International Migration Database (stocks of foreign population, measure B15)","https://sdmx.oecd.org/public/rest/data/OECD.ELS.IMD,DSD_MIG@DF_MIG,1.0/USA.W.A.B15._T._Z._Z.PS?startPeriod=2010&endPeriod=2022&format=jsondata&dimensionAtObservation=AllDimensions","Non-citizen (foreign national) resident population from the Census Bureau American Community Survey, as compiled by OECD IMD. OECD publishes some values with decimals; rounded to the nearest whole person here.",11210000,0.03539333688765368,1 January,"DHS Office of Homeland Security Statistics, Estimates of the Unauthorized Immigrant Population Residing in the United States: January 2015-January 2018, Table A2-1",https://ohss.dhs.gov/sites/default/files/2023-12/unauthorized_immigrant_population_estimates_2015_-_2018.pdf,"Modelled resident stock (ACS residual method), reference date 1 January 2013. Read directly from Table A2-1; confirmed by two independent extractions.",1,,,,,,,,,,
United States,USA,US,840,1,1,2014,319257560,"World Bank, World Development Indicators (SP.POP.TOTL), sourced from UN World Population Prospects and national statistical offices",https://api.worldbank.org/v2/country/all/indicator/SP.POP.TOTL,323115377,0.012083713851599943,42390705,0.13277901704191436,Census reference date,"OECD International Migration Database (stocks of foreign-born population, measure B14)","https://sdmx.oecd.org/public/rest/data/OECD.ELS.IMD,DSD_MIG_F@DF_MIG_POPF,1.0/USA.W.A.B14._T._Z._Z.PS?startPeriod=2010&endPeriod=2022&format=jsondata&dimensionAtObservation=AllDimensions","Foreign-born resident population, Census Bureau American Community Survey 1-year estimates, as compiled by OECD IMD. The 2020 value derives from the ACS 2020 experimental estimates because the standard 2020 1-year release was not published.",21325130,0.06679600633419612,Census reference date,"OECD International Migration Database (stocks of foreign population, measure B15)","https://sdmx.oecd.org/public/rest/data/OECD.ELS.IMD,DSD_MIG@DF_MIG,1.0/USA.W.A.B15._T._Z._Z.PS?startPeriod=2010&endPeriod=2022&format=jsondata&dimensionAtObservation=AllDimensions","Non-citizen (foreign national) resident population from the Census Bureau American Community Survey, as compiled by OECD IMD. OECD publishes some values with decimals; rounded to the nearest whole person here.",11460000,0.03589578270284344,1 January,"DHS Office of Homeland Security Statistics, Estimates of the Unauthorized Immigrant Population Residing in the United States: January 2015-January 2018, Table A2-1",https://ohss.dhs.gov/sites/default/files/2023-12/unauthorized_immigrant_population_estimates_2015_-_2018.pdf,"Modelled resident stock (ACS residual method), reference date 1 January 2014. Read directly from Table A2-1; confirmed by two independent extractions.",1,,,,,,,,,,
United States,USA,US,840,1,1,2015,321815121,"World Bank, World Development Indicators (SP.POP.TOTL), sourced from UN World Population Prospects and national statistical offices",https://api.worldbank.org/v2/country/all/indicator/SP.POP.TOTL,326126497,0.013397058493096725,43289646,0.13451712854723194,Census reference date,"OECD International Migration Database (stocks of foreign-born population, measure B14)","https://sdmx.oecd.org/public/rest/data/OECD.ELS.IMD,DSD_MIG_F@DF_MIG_POPF,1.0/USA.W.A.B14._T._Z._Z.PS?startPeriod=2010&endPeriod=2022&format=jsondata&dimensionAtObservation=AllDimensions","Foreign-born resident population, Census Bureau American Community Survey 1-year estimates, as compiled by OECD IMD. The 2020 value derives from the ACS 2020 experimental estimates because the standard 2020 1-year release was not published.",22236160,0.06909606960326765,Census reference date,"OECD International Migration Database (stocks of foreign population, measure B15)","https://sdmx.oecd.org/public/rest/data/OECD.ELS.IMD,DSD_MIG@DF_MIG,1.0/USA.W.A.B15._T._Z._Z.PS?startPeriod=2010&endPeriod=2022&format=jsondata&dimensionAtObservation=AllDimensions","Non-citizen (foreign national) resident population from the Census Bureau American Community Survey, as compiled by OECD IMD. OECD publishes some values with decimals; rounded to the nearest whole person here.",11440000,0.03554836069993119,1 January,"DHS Office of Homeland Security Statistics, Estimates of the Unauthorized Immigrant Population Residing in the United States: January 2015-January 2018, Table A2-1",https://ohss.dhs.gov/sites/default/files/2023-12/unauthorized_immigrant_population_estimates_2015_-_2018.pdf,"Modelled resident stock (ACS residual method), reference date 1 January 2015. AMBIGUITY FLAG: Table A2-1 prints TWO values for 2015 (11,960,000 and 11,440,000) reflecting a methodology update. 11,440,000 is recorded as the report's current-methodology figure; 11,960,000 is retained as an alternative row. Verify against the PDF before publication.",2,,,,,,,,,,
United States,USA,US,840,1,1,2016,324353340,"World Bank, World Development Indicators (SP.POP.TOTL), sourced from UN World Population Prospects and national statistical offices",https://api.worldbank.org/v2/country/all/indicator/SP.POP.TOTL,329179427,0.014879103757648988,43738901,0.1348495471019352,Census reference date,"OECD International Migration Database (stocks of foreign-born population, measure B14)","https://sdmx.oecd.org/public/rest/data/OECD.ELS.IMD,DSD_MIG_F@DF_MIG_POPF,1.0/USA.W.A.B14._T._Z._Z.PS?startPeriod=2010&endPeriod=2022&format=jsondata&dimensionAtObservation=AllDimensions","Foreign-born resident population, Census Bureau American Community Survey 1-year estimates, as compiled by OECD IMD. The 2020 value derives from the ACS 2020 experimental estimates because the standard 2020 1-year release was not published.",22824242,0.07036845065322897,Census reference date,"OECD International Migration Database (stocks of foreign population, measure B15)","https://sdmx.oecd.org/public/rest/data/OECD.ELS.IMD,DSD_MIG@DF_MIG,1.0/USA.W.A.B15._T._Z._Z.PS?startPeriod=2010&endPeriod=2022&format=jsondata&dimensionAtObservation=AllDimensions","Non-citizen (foreign national) resident population from the Census Bureau American Community Survey, as compiled by OECD IMD. OECD publishes some values with decimals; rounded to the nearest whole person here.",11750000,0.036225925714222645,1 January,"DHS Office of Homeland Security Statistics, Estimates of the Unauthorized Immigrant Population Residing in the United States: January 2015-January 2018, Table A2-1",https://ohss.dhs.gov/sites/default/files/2023-12/unauthorized_immigrant_population_estimates_2015_-_2018.pdf,"Modelled resident stock (ACS residual method), reference date 1 January 2016. Read directly from Table A2-1; confirmed by two independent extractions.",1,,,,,,,,,,
United States,USA,US,840,1,1,2017,326608609,"World Bank, World Development Indicators (SP.POP.TOTL), sourced from UN World Population Prospects and national statistical offices",https://api.worldbank.org/v2/country/all/indicator/SP.POP.TOTL,332204660,0.017133813518063146,44525458,0.13632665145088077,Census reference date,"OECD International Migration Database (stocks of foreign-born population, measure B14)","https://sdmx.oecd.org/public/rest/data/OECD.ELS.IMD,DSD_MIG_F@DF_MIG_POPF,1.0/USA.W.A.B14._T._Z._Z.PS?startPeriod=2010&endPeriod=2022&format=jsondata&dimensionAtObservation=AllDimensions","Foreign-born resident population, Census Bureau American Community Survey 1-year estimates, as compiled by OECD IMD. The 2020 value derives from the ACS 2020 experimental estimates because the standard 2020 1-year release was not published.",22758740,0.06968199665551375,Census reference date,"OECD International Migration Database (stocks of foreign population, measure B15)","https://sdmx.oecd.org/public/rest/data/OECD.ELS.IMD,DSD_MIG@DF_MIG,1.0/USA.W.A.B15._T._Z._Z.PS?startPeriod=2010&endPeriod=2022&format=jsondata&dimensionAtObservation=AllDimensions","Non-citizen (foreign national) resident population from the Census Bureau American Community Survey, as compiled by OECD IMD. OECD publishes some values with decimals; rounded to the nearest whole person here.",11410000,0.034934780301519856,1 January,"DHS Office of Homeland Security Statistics, Estimates of the Unauthorized Immigrant Population Residing in the United States: January 2015-January 2018, Table A2-1",https://ohss.dhs.gov/sites/default/files/2023-12/unauthorized_immigrant_population_estimates_2015_-_2018.pdf,"Modelled resident stock (ACS residual method), reference date 1 January 2017. Read directly from Table A2-1; confirmed by two independent extractions.",2,,,,,,,,,,
United States,USA,US,840,1,1,2018,328529577,"World Bank, World Development Indicators (SP.POP.TOTL), sourced from UN World Population Prospects and national statistical offices",https://api.worldbank.org/v2/country/all/indicator/SP.POP.TOTL,335056497,0.019867069685479185,44728502,0.1361475651855845,Census reference date,"OECD International Migration Database (stocks of foreign-born population, measure B14)","https://sdmx.oecd.org/public/rest/data/OECD.ELS.IMD,DSD_MIG_F@DF_MIG_POPF,1.0/USA.W.A.B14._T._Z._Z.PS?startPeriod=2010&endPeriod=2022&format=jsondata&dimensionAtObservation=AllDimensions","Foreign-born resident population, Census Bureau American Community Survey 1-year estimates, as compiled by OECD IMD. The 2020 value derives from the ACS 2020 experimental estimates because the standard 2020 1-year release was not published.",22941910,0.06983209916591467,Census reference date,"OECD International Migration Database (stocks of foreign population, measure B15)","https://sdmx.oecd.org/public/rest/data/OECD.ELS.IMD,DSD_MIG@DF_MIG,1.0/USA.W.A.B15._T._Z._Z.PS?startPeriod=2010&endPeriod=2022&format=jsondata&dimensionAtObservation=AllDimensions","Non-citizen (foreign national) resident population from the Census Bureau American Community Survey, as compiled by OECD IMD. OECD publishes some values with decimals; rounded to the nearest whole person here.",11390000,0.03466963341324973,1 January,"DHS Office of Homeland Security Statistics, Estimates of the Unauthorized Immigrant Population Residing in the United States: January 2015-January 2018, Table A2-1",https://ohss.dhs.gov/sites/default/files/2023-12/unauthorized_immigrant_population_estimates_2015_-_2018.pdf,"Modelled resident stock (ACS residual method), reference date 1 January 2018. Read directly from Table A2-1; confirmed by two independent extractions. NOTE: the later DHS report (Baker & Warren 2024) revises January 2018 to 11,570,000; that revision is in the Long sheet.",2,,,,,,,,,,
United States,USA,US,840,1,1,2019,330226227,"World Bank, World Development Indicators (SP.POP.TOTL), sourced from UN World Population Prospects and national statistical offices",https://api.worldbank.org/v2/country/all/indicator/SP.POP.TOTL,337790067,0.02290502504514882,44932799,0.13606671828643097,Census reference date,"OECD International Migration Database (stocks of foreign-born population, measure B14)","https://sdmx.oecd.org/public/rest/data/OECD.ELS.IMD,DSD_MIG_F@DF_MIG_POPF,1.0/USA.W.A.B14._T._Z._Z.PS?startPeriod=2010&endPeriod=2022&format=jsondata&dimensionAtObservation=AllDimensions","Foreign-born resident population, Census Bureau American Community Survey 1-year estimates, as compiled by OECD IMD. The 2020 value derives from the ACS 2020 experimental estimates because the standard 2020 1-year release was not published.",22518810,0.06819207003809542,Census reference date,"OECD International Migration Database (stocks of foreign population, measure B15)","https://sdmx.oecd.org/public/rest/data/OECD.ELS.IMD,DSD_MIG@DF_MIG,1.0/USA.W.A.B15._T._Z._Z.PS?startPeriod=2010&endPeriod=2022&format=jsondata&dimensionAtObservation=AllDimensions","Non-citizen (foreign national) resident population from the Census Bureau American Community Survey, as compiled by OECD IMD. OECD publishes some values with decimals; rounded to the nearest whole person here.",11110000,0.033643602753575357,1 January,"DHS Office of Homeland Security Statistics (Baker & Warren 2024), Estimates of the Unauthorized Immigrant Population Residing in the United States: January 2018-January 2022, as reproduced in Choices Magazine (AAEA)",https://www.choicesmagazine.org/UserFiles/file/cmsarticle_991.pdf,"Modelled resident stock (ACS-based residual method). Reference date 1 January 2019. The ohss.dhs.gov PDF returns HTTP 403; value read from Table 3 of the AAEA Choices Magazine article, which reproduces the DHS/OHSS table with full attribution to Baker and Warren (2024).",3,,,,,,,,,,
United States,USA,US,840,1,1,2020,331578104,"World Bank, World Development Indicators (SP.POP.TOTL), sourced from UN World Population Prospects and national statistical offices",https://api.worldbank.org/v2/country/all/indicator/SP.POP.TOTL,339436159,0.02369895630985332,44258250,0.13347760140398174,Census reference date,"OECD International Migration Database (stocks of foreign-born population, measure B14)","https://sdmx.oecd.org/public/rest/data/OECD.ELS.IMD,DSD_MIG_F@DF_MIG_POPF,1.0/USA.W.A.B14._T._Z._Z.PS?startPeriod=2010&endPeriod=2022&format=jsondata&dimensionAtObservation=AllDimensions","Foreign-born resident population, Census Bureau American Community Survey 1-year estimates, as compiled by OECD IMD. The 2020 value derives from the ACS 2020 experimental estimates because the standard 2020 1-year release was not published.",21433675,0.06464140647839642,Census reference date,"OECD International Migration Database (stocks of foreign population, measure B15)","https://sdmx.oecd.org/public/rest/data/OECD.ELS.IMD,DSD_MIG@DF_MIG,1.0/USA.W.A.B15._T._Z._Z.PS?startPeriod=2010&endPeriod=2022&format=jsondata&dimensionAtObservation=AllDimensions","Non-citizen (foreign national) resident population from the Census Bureau American Community Survey, as compiled by OECD IMD. OECD publishes some values with decimals; rounded to the nearest whole person here.",10510000,0.03169690601765429,1 January,"DHS Office of Homeland Security Statistics (Baker & Warren 2024), Estimates of the Unauthorized Immigrant Population Residing in the United States: January 2018-January 2022, as reproduced in Choices Magazine (AAEA)",https://www.choicesmagazine.org/UserFiles/file/cmsarticle_991.pdf,"Modelled resident stock (ACS-based residual method). Reference date 1 January 2020. The ohss.dhs.gov PDF returns HTTP 403; value read from Table 3 of the AAEA Choices Magazine article, which reproduces the DHS/OHSS table with full attribution. DHS published NO January 2021 estimate because the 2020 ACS was unusable for this purpose.",3,,,,,,,,,,
United States,USA,US,840,1,1,2021,332100166,"World Bank, World Development Indicators (SP.POP.TOTL), sourced from UN World Population Prospects and national statistical offices",https://api.worldbank.org/v2/country/all/indicator/SP.POP.TOTL,340161441,0.02427362532543871,45272945,0.13632316281347479,Census reference date,"OECD International Migration Database (stocks of foreign-born population, measure B14)","https://sdmx.oecd.org/public/rest/data/OECD.ELS.IMD,DSD_MIG_F@DF_MIG_POPF,1.0/USA.W.A.B14._T._Z._Z.PS?startPeriod=2010&endPeriod=2022&format=jsondata&dimensionAtObservation=AllDimensions","Foreign-born resident population, Census Bureau American Community Survey 1-year estimates, as compiled by OECD IMD. The 2020 value derives from the ACS 2020 experimental estimates because the standard 2020 1-year release was not published.",22164662,0.06674089407109782,Census reference date,"OECD International Migration Database (stocks of foreign population, measure B15)","https://sdmx.oecd.org/public/rest/data/OECD.ELS.IMD,DSD_MIG@DF_MIG,1.0/USA.W.A.B15._T._Z._Z.PS?startPeriod=2010&endPeriod=2022&format=jsondata&dimensionAtObservation=AllDimensions","Non-citizen (foreign national) resident population from the Census Bureau American Community Survey, as compiled by OECD IMD. OECD publishes some values with decimals; rounded to the nearest whole person here.",10500000,0.03161696703277167,See note,"Pew Research Center, Q&A: How Pew Research Center estimates the number of unauthorized immigrants living in the U.S. (22 August 2025)",https://www.pewresearch.org/short-reads/2025/08/22/qa-how-pew-research-center-estimates-the-number-of-unauthorized-immigrants-living-in-the-us/,"Modelled resident stock (augmented residual method, ACS-based). Reference year 2021. 2025 revised vintage; source states the population 'grew from an estimated 10.5 million to 14 million' between 2021 and 2023.",4,,,,,,,,,,
United States,USA,US,840,1,1,2022,333996304,"World Bank, World Development Indicators (SP.POP.TOTL), sourced from UN World Population Prospects and national statistical offices",https://api.worldbank.org/v2/country/all/indicator/SP.POP.TOTL,341534046,0.022568339558631762,47331480,0.1417125861368813,Census reference date,"OECD International Migration Database (stocks of foreign-born population, measure B14)","https://sdmx.oecd.org/public/rest/data/OECD.ELS.IMD,DSD_MIG_F@DF_MIG_POPF,1.0/USA.W.A.B14._T._Z._Z.PS?startPeriod=2010&endPeriod=2022&format=jsondata&dimensionAtObservation=AllDimensions","Foreign-born resident population, Census Bureau American Community Survey 1-year estimates, as compiled by OECD IMD. The 2020 value derives from the ACS 2020 experimental estimates because the standard 2020 1-year release was not published.",23825209,0.07133375044772951,Census reference date,"OECD International Migration Database (stocks of foreign population, measure B15)","https://sdmx.oecd.org/public/rest/data/OECD.ELS.IMD,DSD_MIG@DF_MIG,1.0/USA.W.A.B15._T._Z._Z.PS?startPeriod=2010&endPeriod=2022&format=jsondata&dimensionAtObservation=AllDimensions","Non-citizen (foreign national) resident population from the Census Bureau American Community Survey, as compiled by OECD IMD. OECD publishes some values with decimals; rounded to the nearest whole person here.",10990000,0.03290455573424549,1 January,"DHS Office of Homeland Security Statistics (Baker & Warren 2024), Estimates of the Unauthorized Immigrant Population Residing in the United States: January 2018-January 2022, as reproduced in Choices Magazine (AAEA)",https://www.choicesmagazine.org/UserFiles/file/cmsarticle_991.pdf,"Modelled resident stock (ACS-based residual method). Reference date 1 January 2022. Read from Table 3 of the AAEA Choices Magazine article reproducing the DHS/OHSS table. Independently corroborated at 10.99 million by the Social Security Bulletin (SSA, v85n2) and by US House Judiciary testimony (HHRG-119-JU10-Wstate-RodriguezJ).",5,,,,,,,,,,
