Scope,Country,ISO3,Topic / variable(s),Years,Source name,Source URL,Local path,Status,HTTP,Bytes,Verification / notes
Country,Australia,AUS,population,2010;2011;2012;2013;2014;2015;2016;2017;2018;2019;2020;2021;2022,"World Bank, World Development Indicators (SP.POP.TOTL), sourced from UN World Population Prospects and national statistical offices",https://api.worldbank.org/v2/country/all/indicator/SP.POP.TOTL,sources\001_SP.POP.TOTL_80953ad53b,downloaded,200,17637,"retrieved_reference_file_or_page Total resident population, mid-year estimate. Retrieved via World Bank API, August 2026."
Country,Australia,AUS,foreign_born,2010;2011;2012;2013;2014;2015;2016;2017;2018;2019;2020;2021;2022,"OECD International Migration Database (stocks of foreign-born population, measure B14)","https://sdmx.oecd.org/public/rest/data/OECD.ELS.IMD,DSD_MIG_F@DF_MIG_POPF,1.0/AUS.W.A.B14._T._Z._Z.PS?startPeriod=2010&endPeriod=2022&format=jsondata&dimensionAtObservation=AllDimensions",sources\002_AUS.W.A.B14._T._Z._Z.PS_27eea11913,downloaded,200,7107,retrieved_api_or_data Overseas-born estimated resident population; reference date 30 June. OECD IMD series sourced from ABS.
Country,Australia,AUS,irregular_proxy_overstayers,2010;2011,"ANU Press, A Long Way to Go, Chapter 2, Table 2.3 Estimated size of irregular migrant populations by region/country",https://press-files.anu.edu.au/downloads/press/n4016/html/ch02.xhtml,sources\003_ch02.xhtml_3ed48725a3,downloaded,200,123993,"retrieved_reference_file_or_page estimated irregular migrant population of Australia (visa overstayers / unlawful non-citizens in the community) for 2010. Table 2.3 source note (l): 'Department of Immigration and Border Protection (DIBP) (2010).' The DIAC/DIBP overstayer estimate is published as at 30 June, but the ANU table states the year only and does not restate the within-year reference date. estimated irregular migrant population of Australia (visa overstayers / unlawful non-citizens in the community) for 2011. Table 2.3 source note (m): 'Australian National Audit Office (ANAO) (2013), p. 39.' The DIAC/DIBP overstayer estimate is published as at 30 June, but the ANU table states the year only and does not restate the within-year reference date."
Country,Australia,AUS,irregular_proxy_overstayers,2015,"Australian Department of Immigration and Border Protection (2016), Annual Report 2015-16, p.51",https://www.homeaffairs.gov.au/reports-and-pubs/Annualreports/dibp-annual-report-2015-16.pdf,sources\004_dibp-annual-report-2015-16.pdf_4e7f36e7dd,downloaded,200,3147781,retrieved_reference_file_or_page Unlawful non-citizens in the community at 30 June 2015. DIFFERENT MEASURE from the visa-overstayer estimates recorded for AUS 2010/2011/2016: 'unlawful non-citizens in the community' excludes people in immigration detention. Taken from an independently compiled comparison dataset; not independently re-verified.
Country,Australia,AUS,irregular_proxy_overstayers,2016,"Australian Department of Immigration and Border Protection, Senate Legal and Constitutional Affairs Committee, Budget Estimates Question on Notice BE17171",https://www.aph.gov.au/~/media/Committees/legcon_ctte/estimates/bud_1718/DIBP/QoNs/BE17171.pdf,,failed,403,0,not_retrieved Reference date 30 June 2016. Departmental estimate of unlawful non-citizens (visa overstayers) in the Australian community; register-derived estimate rather than a survey model. Download error: 遠端伺服器傳回一個錯誤: (403) 禁止。
Country,Australia,AUS,irregular_proxy_overstayers,2011,"Australian Department of Immigration and Citizenship (2012), Trends in Migration: Australia 2010-11, Table 11",https://www.homeaffairs.gov.au/research-and-stats/files/trends-in-migration-2010-11.pdf,sources\006_trends-in-migration-2010-11.pdf_8cc107fca6,downloaded,200,1963756,"retrieved_reference_file_or_page ALTERNATIVE ESTIMATE for 30 June 2011: official estimate of unlawful non-citizens, rounded, excluding people in immigration detention. This is a NARROWER measure than the 58,400 visa-overstayer figure also recorded for AUS 2011; the two are not contradictory. Taken from an independently compiled comparison dataset; not independently re-verified."
Country,Austria,AUT,population,2010;2011;2012;2013;2014;2015;2016;2017;2018;2019;2020;2021;2022,"World Bank, World Development Indicators (SP.POP.TOTL), sourced from UN World Population Prospects and national statistical offices",https://api.worldbank.org/v2/country/all/indicator/SP.POP.TOTL,sources\001_SP.POP.TOTL_80953ad53b,downloaded,200,17637,"retrieved_reference_file_or_page Total resident population, mid-year estimate. Retrieved via World Bank API, August 2026."
Country,Austria,AUT,foreign_born,2010;2011;2012;2013;2014;2015;2016;2017;2018;2019;2020;2021;2022,Eurostat [migr_pop3ctb],https://ec.europa.eu/eurostat/api/dissemination/statistics/1.0/data/migr_pop3ctb?format=JSON&lang=EN&geo=AT&age=TOTAL&sex=T&unit=NR&c_birth=FOR&sinceTimePeriod=2010&untilTimePeriod=2022,sources\002_migr_pop3ctb.json_783f66fe23,downloaded,200,3197,retrieved_api_or_data stock at 1 Jan; c_birth=FOR (born in a foreign country)
Country,Austria,AUT,foreign_nationals,2010;2011;2012;2013;2014;2015;2016;2017;2018;2019;2020;2021;2022,Eurostat [migr_pop1ctz],https://ec.europa.eu/eurostat/api/dissemination/statistics/1.0/data/migr_pop1ctz?format=JSON&lang=EN&geo=AT&age=TOTAL&sex=T&unit=NR&citizen=FOR_STLS&sinceTimePeriod=2010&untilTimePeriod=2022,sources\003_migr_pop1ctz.json_6d940b2568,downloaded,200,3211,retrieved_api_or_data stock at 1 Jan; citizen=FOR_STLS (foreign citizens incl. stateless)
Country,Austria,AUT,irregular_proxy_detections,2010;2011;2012;2013;2014;2015;2016;2017;2018;2019;2020;2021;2022,"Eurostat, Third country nationals found to be illegally present (migr_eipre)",https://ec.europa.eu/eurostat/databrowser/view/migr_eipre/default/table,sources\004_table.html_197b34a1e6,downloaded,200,8630,"retrieved_reference_file_or_page Eurostat enforcement statistic - annual flow of detections, NOT a stock. Dataset migr_eipre, dimensions freq=A citizen=TOTAL reason=TOTAL apprehen=TOTAL sex=T age=TOTAL unit=PER. Rounded to nearest 5 by Eurostat."
Country,Austria,AUT,irregular_stock,2017,"Pew Research Center (2019), Europe's Unauthorized Immigrant Population Peaks in 2016, Then Levels Off",https://www.pewresearch.org/global/2019/11/13/europes-unauthorized-immigrant-population-peaks-in-2016-then-levels-off/,sources\005_europes-unauthorized-immigrant-population-peaks-in-2016-then-levels-off.html_a3fd290b66,downloaded,200,504541,"retrieved_reference_file_or_page Pew residual method (population/labour-force data minus lawfully resident foreign-born), estimate INCLUDES asylum seekers awaiting a decision; published range 100000-200000, value is the midpoint of the published range. Pew reports only rounded 100k bounds."
Country,Belgium,BEL,population,2010;2011;2012;2013;2014;2015;2016;2017;2018;2019;2020;2021;2022,"World Bank, World Development Indicators (SP.POP.TOTL), sourced from UN World Population Prospects and national statistical offices",https://api.worldbank.org/v2/country/all/indicator/SP.POP.TOTL,sources\001_SP.POP.TOTL_80953ad53b,downloaded,200,17637,"retrieved_reference_file_or_page Total resident population, mid-year estimate. Retrieved via World Bank API, August 2026."
Country,Belgium,BEL,foreign_born,2010;2011;2012;2013;2014;2015;2016;2017;2018;2019;2020;2021;2022,Eurostat [migr_pop3ctb],https://ec.europa.eu/eurostat/api/dissemination/statistics/1.0/data/migr_pop3ctb?format=JSON&lang=EN&geo=BE&age=TOTAL&sex=T&unit=NR&c_birth=FOR&sinceTimePeriod=2010&untilTimePeriod=2022,sources\002_migr_pop3ctb.json_f39aa78d30,downloaded,200,3290,retrieved_api_or_data stock at 1 Jan; c_birth=FOR (born in a foreign country)
Country,Belgium,BEL,foreign_nationals,2010;2011;2012;2013;2014;2015;2016;2017;2018;2019;2020;2021;2022,Eurostat [migr_pop1ctz],https://ec.europa.eu/eurostat/api/dissemination/statistics/1.0/data/migr_pop1ctz?format=JSON&lang=EN&geo=BE&age=TOTAL&sex=T&unit=NR&citizen=FOR_STLS&sinceTimePeriod=2010&untilTimePeriod=2022,sources\003_migr_pop1ctz.json_a6c788d204,downloaded,200,3308,retrieved_api_or_data stock at 1 Jan; citizen=FOR_STLS (foreign citizens incl. stateless)
Country,Belgium,BEL,irregular_proxy_detections,2010;2011;2012;2013;2014;2015;2016;2017;2018;2019;2020;2021;2022,"Eurostat, Third country nationals found to be illegally present (migr_eipre)",https://ec.europa.eu/eurostat/databrowser/view/migr_eipre/default/table,sources\004_table.html_197b34a1e6,downloaded,200,8629,"retrieved_reference_file_or_page Eurostat enforcement statistic - annual flow of detections, NOT a stock. Dataset migr_eipre, dimensions freq=A citizen=TOTAL reason=TOTAL apprehen=TOTAL sex=T age=TOTAL unit=PER. Rounded to nearest 5 by Eurostat."
Country,Bulgaria,BGR,population,2010;2011;2012;2013;2014;2015;2016;2017;2018;2019;2020;2021;2022,"World Bank, World Development Indicators (SP.POP.TOTL), sourced from UN World Population Prospects and national statistical offices",https://api.worldbank.org/v2/country/all/indicator/SP.POP.TOTL,sources\001_SP.POP.TOTL_80953ad53b,downloaded,200,17637,"retrieved_reference_file_or_page Total resident population, mid-year estimate. Retrieved via World Bank API, August 2026."
Country,Bulgaria,BGR,foreign_nationals,2010;2011;2012;2013;2014;2015;2016;2017;2018;2019;2020;2021;2022,Eurostat [migr_pop1ctz],https://ec.europa.eu/eurostat/api/dissemination/statistics/1.0/data/migr_pop1ctz?format=JSON&lang=EN&geo=BG&age=TOTAL&sex=T&unit=NR&citizen=FOR_STLS&sinceTimePeriod=2010&untilTimePeriod=2022,sources\002_migr_pop1ctz.json_b6e2f92e70,downloaded,200,3192,retrieved_api_or_data stock at 1 Jan; citizen=FOR_STLS (foreign citizens incl. stateless) stock at 1 Jan; citizen=FOR_STLS (foreign citizens incl. stateless); apparent break in series (population census re-basing)
Country,Bulgaria,BGR,irregular_proxy_detections,2010;2011;2012;2013;2014;2015;2016;2017;2018;2019;2020;2021;2022,"Eurostat, Third country nationals found to be illegally present (migr_eipre)",https://ec.europa.eu/eurostat/databrowser/view/migr_eipre/default/table,sources\003_table.html_197b34a1e6,downloaded,200,8628,"retrieved_reference_file_or_page Eurostat enforcement statistic - annual flow of detections, NOT a stock. Dataset migr_eipre, dimensions freq=A citizen=TOTAL reason=TOTAL apprehen=TOTAL sex=T age=TOTAL unit=PER. Rounded to nearest 5 by Eurostat."
Country,Bulgaria,BGR,foreign_born,2011;2012;2013;2014;2015;2016;2017;2018;2019;2020;2021;2022,Eurostat [migr_pop3ctb],https://ec.europa.eu/eurostat/api/dissemination/statistics/1.0/data/migr_pop3ctb?format=JSON&lang=EN&geo=BG&age=TOTAL&sex=T&unit=NR&c_birth=FOR&sinceTimePeriod=2010&untilTimePeriod=2022,sources\004_migr_pop3ctb.json_5fb41a27c3,downloaded,200,3172,retrieved_api_or_data stock at 1 Jan; c_birth=FOR (born in a foreign country); Eurostat series starts in 2011 stock at 1 Jan; c_birth=FOR (born in a foreign country); apparent break in series (population census re-basing); Eurostat series starts in 2011
Country,Chile,CHL,population,2010;2011;2012;2013;2014;2015;2016;2017;2018;2019;2020;2021;2022,"World Bank, World Development Indicators (SP.POP.TOTL), sourced from UN World Population Prospects and national statistical offices",https://api.worldbank.org/v2/country/all/indicator/SP.POP.TOTL,sources\001_SP.POP.TOTL_80953ad53b,downloaded,200,17637,"retrieved_reference_file_or_page Total resident population, mid-year estimate. Retrieved via World Bank API, August 2026."
Country,Chile,CHL,foreign_born,2010;2011;2012;2013;2014;2015;2017;2019;2020;2021;2022,"OECD International Migration Database (stocks of foreign-born population, measure B14)","https://sdmx.oecd.org/public/rest/data/OECD.ELS.IMD,DSD_MIG_F@DF_MIG_POPF,1.0/CHL.W.A.B14._T._Z._Z.PS?startPeriod=2010&endPeriod=2022&format=jsondata&dimensionAtObservation=AllDimensions",sources\002_CHL.W.A.B14._T._Z._Z.PS_91ea47cc49,downloaded,200,6796,retrieved_api_or_data OECD IMD foreign-born stock for Chile; derived from INE/SERMIG foreign-resident estimates and Censo 2017. NOTE: OECD labels this series one year later than the corresponding B15 foreign-national series (e.g. 1534813 appears as 2021 here and as 2020 under B15). Values recorded exactly as published.
Country,Chile,CHL,foreign_nationals,2017;2018;2019;2020;2021;2022,"OECD International Migration Database (stocks of foreign population, measure B15)","https://sdmx.oecd.org/public/rest/data/OECD.ELS.IMD,DSD_MIG@DF_MIG,1.0/CHL.W.A.B15._T._Z._Z.PS?startPeriod=2010&endPeriod=2022&format=jsondata&dimensionAtObservation=AllDimensions",sources\003_CHL.W.A.B15._T._Z._Z.PS_2733745ab4,downloaded,200,6614,retrieved_api_or_data Foreign nationals resident in Chile; OECD IMD series based on INE/SERMIG estimates of foreign residents. Reference date 31 December.
Country,Chile,CHL,irregular_stock,2018;2019;2020;2021;2022,"Instituto Nacional de Estadisticas (INE) and Servicio Nacional de Migraciones (SERMIG), Estimacion de Personas Extranjeras Residentes Habituales en Chile 2023 - Sintesis (2023 revised methodology) | Instituto Nacional de Estadisticas (INE) and Servicio Nacional de Migraciones (SERMIG), Estimacion de Personas Extranjeras Residentes Habituales en Chile 2023 - Sintesis (2022 methodology series)",https://www.ine.gob.cl/docs/default-source/demografia-y-migracion/publicaciones-y-anuarios/migraci%C3%B3n-internacional/estimaci%C3%B3n-poblaci%C3%B3n-extranjera-en-chile-2018/sintesis-epe2023.pdf?sfvrsn=cc51129c_10,sources\004_sintesis-epe2023.pdf_ee5bd23795,downloaded,200,1110426,"retrieved_reference_file_or_page Reference date 31 December 2018. Modelled stock estimate, REVISED under the 2023 methodology which added Mineduc school-enrolment and SERMIG biometric-registration records. Substantially higher than the 2022-methodology value for the same year. Reference date 31 December 2019. Modelled stock estimate, REVISED under the 2023 methodology which added Mineduc school-enrolment and SERMIG biometric-registration records. Substantially higher than the 2022-methodology value for the same year. Reference date 31 December 2020. Modelled stock estimate, REVISED under the 2023 methodology which added Mineduc school-enrolment and SERMIG biometric-registration records. Substantially higher than the 2022-methodology value for the same year. Reference date 31 December 2021. Modelled stock estimate of foreign residents in irregular migratory status, built from census plus administrative records. This is the 2022-methodology series; INE revised 2018-2020 sharply upward in the 2023 methodology (recorded as separate rows). Reference date 31 December 2022. Modelled stock estimate of foreign residents in irregular migratory status, built from census plus administrative records. This is the 2022-methodology series; INE revised 2018-2020 sharply upward in the 2023 methodology (recorded as separate rows). Reference date 31 December 2018. Modelled stock estimate of foreign residents in irregular migratory status, built from census plus administrative records. This is the 2022-methodology series; INE revised 2018-2020 sharply upward in the 2023 methodology (recorded as separate rows). Reference date 31 December 2019. Modelled stock estimate of foreign residents in irregular migratory status, built from census plus administrative records. This is the 2022-methodology series; INE revised 2018-2020 sharply upward in the 2023 methodology (recorded as separate rows). Reference date 31 December 2020. Modelled stock estimate of foreign residents in irregular migratory status, built from census plus administrative records. This is the 2022-methodology series; INE revised 2018-2020 sharply upward in the 2023 methodology (recorded as separate rows)."
Country,Chile,CHL,irregular_stock,2022,"Instituto Nacional de Estadisticas (INE) de Chile, press release 29 December 2023",https://www.ine.gob.cl/sala-de-prensa/prensa/general/noticia/2023/12/29/poblaci%C3%B3n-extranjera-residente-en-chile-super%C3%B3-los-1-6-millones-de-personas-en-2022-con-un-6-6-de-ellas-en-situaci%C3%B3n-irregular,sources\005_poblaci_C3_B3n-extranjera-residente-en-chile-super_C3_B3-los-1-6-millones-de-per.html_0b90b2037a,downloaded,200,101880,"retrieved_reference_file_or_page Reference date 31 December 2022. Modelled stock estimate: 6.6% of a total foreign population of 1,625,074. Differs slightly from the 109,846 in the 2023 Sintesis (different publication vintage)."
Country,China,CHN,population,2010;2011;2012;2013;2014;2015;2016;2017;2018;2019;2020;2021;2022,"World Bank, World Development Indicators (SP.POP.TOTL), sourced from UN World Population Prospects and national statistical offices",https://api.worldbank.org/v2/country/all/indicator/SP.POP.TOTL,sources\001_SP.POP.TOTL_80953ad53b,downloaded,200,17637,"retrieved_reference_file_or_page Total resident population, mid-year estimate. Retrieved via World Bank API, August 2026."
Country,China,CHN,foreign_born,2010;2015;2020,UN DESA International Migrant Stock (World Bank indicator SM.POP.TOTL),https://api.worldbank.org/v2/country/CHN;IND;PHL;RUS;ZAF;SUR;THA/indicator/SM.POP.TOTL?format=json&date=2010:2022&per_page=200,sources\002_SM.POP.TOTL_16f81ab86b,downloaded,200,19399,"retrieved_api_or_data UN estimate (not annual); mid-year benchmark year only; retrieved from World Bank mirror of UN DESA International Migrant Stock, accessed 2026-08; latest UN revision is IMS 2024 UN estimate (not annual); mid-year benchmark year only; retrieved from World Bank mirror of UN DESA International Migrant Stock, accessed 2026-08"
Country,China,CHN,foreign_nationals,2010,National Bureau of Statistics of China - 2010 Population Census (Sixth National Population Census),https://www.stats.gov.cn/english/NewsEvents/201104/t20110429_26451.html,sources\003_t20110429_26451.html_9e1bd1af94,downloaded,200,19101,"retrieved_reference_file_or_page Census count, reference date 1 Nov 2010; foreign nationals who had stayed or intended to stay more than three months in mainland China; excludes 426313 residents of Hong Kong SAR (234829), Macao SAR (21201) and Taiwan (170283) who are counted separately, giving a total of 1020145 persons from outside the mainland"
Country,China,CHN,foreign_nationals,2020,National Bureau of Statistics of China - Communique of the Seventh National Population Census (No. 8),https://www.stats.gov.cn/english/PressRelease/202105/t20210510_1817193.html,sources\004_t20210510_1817193.html_1abb4d7d3c,downloaded,200,18806,"retrieved_reference_file_or_page Census count, reference date 1 Nov 2020; foreign nationals residing in the 31 mainland provinces; excludes 584998 residents of Hong Kong SAR (371380), Macao SAR (55732) and Taiwan (157886), giving a total of 1430695 persons from outside the mainland"
Country,Croatia,HRV,population,2010;2011;2012;2013;2014;2015;2016;2017;2018;2019;2020;2021;2022,"World Bank, World Development Indicators (SP.POP.TOTL), sourced from UN World Population Prospects and national statistical offices",https://api.worldbank.org/v2/country/all/indicator/SP.POP.TOTL,sources\001_SP.POP.TOTL_80953ad53b,downloaded,200,17637,"retrieved_reference_file_or_page Total resident population, mid-year estimate. Retrieved via World Bank API, August 2026."
Country,Croatia,HRV,foreign_born,2011,"Croatian Bureau of Statistics, Census 2011",https://web.dzs.hr/eng/censuses/census2011/results/htm/e01_01_25/E01_01_25.html,sources\002_E01_01_25.html_fe51420144,downloaded,200,42814,"retrieved_reference_file_or_page census reference date 31 March 2011, NOT stock at 1 Jan; published category 'Born abroad'; total census population 4284889; not strictly comparable with the Eurostat 1 Jan register series"
Country,Croatia,HRV,foreign_nationals,2011,"Croatian Bureau of Statistics, Census 2011",https://web.dzs.hr/eng/censuses/census2011/results/htm/e01_01_06/e01_01_06_RH.html,sources\003_e01_01_06_RH.html_bdb2cb656b,downloaded,200,14475,"retrieved_reference_file_or_page census reference date 31 March 2011, NOT stock at 1 Jan; computed as published 'Foreign' citizenship 22527 plus 'Stateless' 749 to match the Eurostat FOR_STLS concept; 'Unknown' citizenship 2137 excluded; not strictly comparable with the Eurostat 1 Jan register series"
Country,Croatia,HRV,foreign_born,2013;2014;2015;2016;2017;2018;2019;2020;2021;2022,Eurostat [migr_pop3ctb],https://ec.europa.eu/eurostat/api/dissemination/statistics/1.0/data/migr_pop3ctb?format=JSON&lang=EN&geo=HR&age=TOTAL&sex=T&unit=NR&c_birth=FOR&sinceTimePeriod=2010&untilTimePeriod=2022,sources\004_migr_pop3ctb.json_b195af1e3e,downloaded,200,3224,retrieved_api_or_data stock at 1 Jan; c_birth=FOR (born in a foreign country); Eurostat series for Croatia starts in 2013
Country,Croatia,HRV,foreign_nationals,2013;2014;2015;2016;2017;2018;2019;2020;2021;2022,Eurostat [migr_pop1ctz],https://ec.europa.eu/eurostat/api/dissemination/statistics/1.0/data/migr_pop1ctz?format=JSON&lang=EN&geo=HR&age=TOTAL&sex=T&unit=NR&citizen=FOR_STLS&sinceTimePeriod=2010&untilTimePeriod=2022,sources\005_migr_pop1ctz.json_d1b67d8133,downloaded,200,3232,retrieved_api_or_data stock at 1 Jan; citizen=FOR_STLS (foreign citizens incl. stateless); Eurostat series for Croatia starts in 2013 stock at 1 Jan; citizen=FOR_STLS (foreign citizens incl. stateless); apparent break in series (population census re-basing); Eurostat series for Croatia starts in 2013
Country,Croatia,HRV,irregular_proxy_detections,2013;2014;2015;2016;2017;2018;2019;2020;2021;2022,"Eurostat, Third country nationals found to be illegally present (migr_eipre)",https://ec.europa.eu/eurostat/databrowser/view/migr_eipre/default/table,sources\006_table.html_197b34a1e6,downloaded,200,8628,"retrieved_reference_file_or_page Eurostat enforcement statistic - annual flow of detections, NOT a stock. Dataset migr_eipre, dimensions freq=A citizen=TOTAL reason=TOTAL apprehen=TOTAL sex=T age=TOTAL unit=PER. Rounded to nearest 5 by Eurostat. Croatia acceded to the EU in July 2013; no data reported before 2013."
Country,Czech Republic,CZE,population,2010;2011;2012;2013;2014;2015;2016;2017;2018;2019;2020;2021;2022,"World Bank, World Development Indicators (SP.POP.TOTL), sourced from UN World Population Prospects and national statistical offices",https://api.worldbank.org/v2/country/all/indicator/SP.POP.TOTL,sources\001_SP.POP.TOTL_80953ad53b,downloaded,200,17637,"retrieved_reference_file_or_page Total resident population, mid-year estimate. Retrieved via World Bank API, August 2026."
Country,Czech Republic,CZE,foreign_born,2010;2011;2012;2013;2014;2015;2016;2017;2018;2019;2020;2021;2022,Eurostat [migr_pop3ctb],https://ec.europa.eu/eurostat/api/dissemination/statistics/1.0/data/migr_pop3ctb?format=JSON&lang=EN&geo=CZ&age=TOTAL&sex=T&unit=NR&c_birth=FOR&sinceTimePeriod=2010&untilTimePeriod=2022,sources\002_migr_pop3ctb.json_724921bdeb,downloaded,200,3261,retrieved_api_or_data stock at 1 Jan; c_birth=FOR (born in a foreign country) stock at 1 Jan; c_birth=FOR (born in a foreign country); apparent break in series (population census re-basing)
Country,Czech Republic,CZE,foreign_nationals,2010;2011;2012;2013;2014;2015;2016;2017;2018;2019;2020;2021;2022,Eurostat [migr_pop1ctz],https://ec.europa.eu/eurostat/api/dissemination/statistics/1.0/data/migr_pop1ctz?format=JSON&lang=EN&geo=CZ&age=TOTAL&sex=T&unit=NR&citizen=FOR_STLS&sinceTimePeriod=2010&untilTimePeriod=2022,sources\003_migr_pop1ctz.json_2f880d3691,downloaded,200,3270,retrieved_api_or_data stock at 1 Jan; citizen=FOR_STLS (foreign citizens incl. stateless) stock at 1 Jan; citizen=FOR_STLS (foreign citizens incl. stateless); apparent break in series (population census re-basing)
Country,Czech Republic,CZE,irregular_proxy_detections,2010;2011;2012;2013;2014;2015;2016;2017;2018;2019;2020;2021;2022,"Eurostat, Third country nationals found to be illegally present (migr_eipre)",https://ec.europa.eu/eurostat/databrowser/view/migr_eipre/default/table,sources\004_table.html_197b34a1e6,downloaded,200,8629,"retrieved_reference_file_or_page Eurostat enforcement statistic - annual flow of detections, NOT a stock. Dataset migr_eipre, dimensions freq=A citizen=TOTAL reason=TOTAL apprehen=TOTAL sex=T age=TOTAL unit=PER. Rounded to nearest 5 by Eurostat."
Country,Czech Republic,CZE,irregular_stock,2017,"Pew Research Center (2019), Europe's Unauthorized Immigrant Population Peaks in 2016, Then Levels Off",https://www.pewresearch.org/global/2019/11/13/europes-unauthorized-immigrant-population-peaks-in-2016-then-levels-off/,sources\005_europes-unauthorized-immigrant-population-peaks-in-2016-then-levels-off.html_a3fd290b66,downloaded,200,504541,"retrieved_reference_file_or_page Pew residual method (population/labour-force data minus lawfully resident foreign-born), estimate INCLUDES asylum seekers awaiting a decision; published range 100000-200000, value is the midpoint of the published range. Pew reports only rounded 100k bounds."
Country,Denmark,DNK,population,2010;2011;2012;2013;2014;2015;2016;2017;2018;2019;2020;2021;2022,"World Bank, World Development Indicators (SP.POP.TOTL), sourced from UN World Population Prospects and national statistical offices",https://api.worldbank.org/v2/country/all/indicator/SP.POP.TOTL,sources\001_SP.POP.TOTL_80953ad53b,downloaded,200,17637,"retrieved_reference_file_or_page Total resident population, mid-year estimate. Retrieved via World Bank API, August 2026."
Country,Denmark,DNK,foreign_born,2010;2011;2012;2013;2014;2015;2016;2017;2018;2019;2020;2021;2022,Eurostat [migr_pop3ctb],https://ec.europa.eu/eurostat/api/dissemination/statistics/1.0/data/migr_pop3ctb?format=JSON&lang=EN&geo=DK&age=TOTAL&sex=T&unit=NR&c_birth=FOR&sinceTimePeriod=2010&untilTimePeriod=2022,sources\002_migr_pop3ctb.json_51b47704a3,downloaded,200,3184,retrieved_api_or_data stock at 1 Jan; c_birth=FOR (born in a foreign country)
Country,Denmark,DNK,foreign_nationals,2010;2011;2012;2013;2014;2015;2016;2017;2018;2019;2020;2021;2022,Eurostat [migr_pop1ctz],https://ec.europa.eu/eurostat/api/dissemination/statistics/1.0/data/migr_pop1ctz?format=JSON&lang=EN&geo=DK&age=TOTAL&sex=T&unit=NR&citizen=FOR_STLS&sinceTimePeriod=2010&untilTimePeriod=2022,sources\003_migr_pop1ctz.json_6c71c3626f,downloaded,200,3202,retrieved_api_or_data stock at 1 Jan; citizen=FOR_STLS (foreign citizens incl. stateless)
Country,Denmark,DNK,irregular_proxy_detections,2010;2011;2012;2013;2014;2015;2016;2017;2018;2019;2020;2021;2022,"Eurostat, Third country nationals found to be illegally present (migr_eipre)",https://ec.europa.eu/eurostat/databrowser/view/migr_eipre/default/table,sources\004_table.html_197b34a1e6,downloaded,200,8628,"retrieved_reference_file_or_page Eurostat enforcement statistic - annual flow of detections, NOT a stock. Dataset migr_eipre, dimensions freq=A citizen=TOTAL reason=TOTAL apprehen=TOTAL sex=T age=TOTAL unit=PER. Rounded to nearest 5 by Eurostat."
Country,Finland,FIN,population,2010;2011;2012;2013;2014;2015;2016;2017;2018;2019;2020;2021;2022,"World Bank, World Development Indicators (SP.POP.TOTL), sourced from UN World Population Prospects and national statistical offices",https://api.worldbank.org/v2/country/all/indicator/SP.POP.TOTL,sources\001_SP.POP.TOTL_80953ad53b,downloaded,200,17637,"retrieved_reference_file_or_page Total resident population, mid-year estimate. Retrieved via World Bank API, August 2026."
Country,Finland,FIN,foreign_born,2010;2011;2012;2013;2014;2015;2016;2017;2018;2019;2020;2021;2022,Eurostat [migr_pop3ctb],https://ec.europa.eu/eurostat/api/dissemination/statistics/1.0/data/migr_pop3ctb?format=JSON&lang=EN&geo=FI&age=TOTAL&sex=T&unit=NR&c_birth=FOR&sinceTimePeriod=2010&untilTimePeriod=2022,sources\002_migr_pop3ctb.json_9087849c36,downloaded,200,3184,retrieved_api_or_data stock at 1 Jan; c_birth=FOR (born in a foreign country)
Country,Finland,FIN,foreign_nationals,2010;2011;2012;2013;2014;2015;2016;2017;2018;2019;2020;2021;2022,Eurostat [migr_pop1ctz],https://ec.europa.eu/eurostat/api/dissemination/statistics/1.0/data/migr_pop1ctz?format=JSON&lang=EN&geo=FI&age=TOTAL&sex=T&unit=NR&citizen=FOR_STLS&sinceTimePeriod=2010&untilTimePeriod=2022,sources\003_migr_pop1ctz.json_41462c6432,downloaded,200,3202,retrieved_api_or_data stock at 1 Jan; citizen=FOR_STLS (foreign citizens incl. stateless)
Country,Finland,FIN,irregular_proxy_detections,2010;2011;2012;2013;2014;2015;2016;2017;2018;2019;2020;2021;2022,"Eurostat, Third country nationals found to be illegally present (migr_eipre)",https://ec.europa.eu/eurostat/databrowser/view/migr_eipre/default/table,sources\004_table.html_197b34a1e6,downloaded,200,8630,"retrieved_reference_file_or_page Eurostat enforcement statistic - annual flow of detections, NOT a stock. Dataset migr_eipre, dimensions freq=A citizen=TOTAL reason=TOTAL apprehen=TOTAL sex=T age=TOTAL unit=PER. Rounded to nearest 5 by Eurostat."
Country,France,FRA,population,2010;2011;2012;2013;2014;2015;2016;2017;2018;2019;2020;2021;2022,"World Bank, World Development Indicators (SP.POP.TOTL), sourced from UN World Population Prospects and national statistical offices",https://api.worldbank.org/v2/country/all/indicator/SP.POP.TOTL,sources\001_SP.POP.TOTL_80953ad53b,downloaded,200,17637,"retrieved_reference_file_or_page Total resident population, mid-year estimate. Retrieved via World Bank API, August 2026."
Country,France,FRA,foreign_born,2010;2011;2012;2013;2014;2015;2016;2017;2018;2019;2020;2021;2022,Eurostat [migr_pop3ctb],https://ec.europa.eu/eurostat/api/dissemination/statistics/1.0/data/migr_pop3ctb?format=JSON&lang=EN&geo=FR&age=TOTAL&sex=T&unit=NR&c_birth=FOR&sinceTimePeriod=2010&untilTimePeriod=2022,sources\002_migr_pop3ctb.json_a745d8c0d0,downloaded,200,3271,retrieved_api_or_data stock at 1 Jan; c_birth=FOR (born in a foreign country)
Country,France,FRA,foreign_nationals,2010;2011;2012;2013;2014;2015;2016;2017;2018;2019;2020;2021;2022,Eurostat [migr_pop1ctz],https://ec.europa.eu/eurostat/api/dissemination/statistics/1.0/data/migr_pop1ctz?format=JSON&lang=EN&geo=FR&age=TOTAL&sex=T&unit=NR&citizen=FOR_STLS&sinceTimePeriod=2010&untilTimePeriod=2022,sources\003_migr_pop1ctz.json_d9cbb52a11,downloaded,200,3289,retrieved_api_or_data stock at 1 Jan; citizen=FOR_STLS (foreign citizens incl. stateless)
Country,France,FRA,irregular_proxy_detections,2010;2011;2012;2013;2014;2015;2016;2017;2018;2019;2020;2021;2022,"Eurostat, Third country nationals found to be illegally present (migr_eipre)",https://ec.europa.eu/eurostat/databrowser/view/migr_eipre/default/table,sources\004_table.html_197b34a1e6,downloaded,200,8628,"retrieved_reference_file_or_page Eurostat enforcement statistic - annual flow of detections, NOT a stock. Dataset migr_eipre, dimensions freq=A citizen=TOTAL reason=TOTAL apprehen=TOTAL sex=T age=TOTAL unit=PER. Rounded to nearest 5 by Eurostat."
Country,France,FRA,irregular_stock,2014;2015;2016;2017,"Pew Research Center (2019), Europe's Unauthorized Immigrant Population Peaks in 2016, Then Levels Off",https://www.pewresearch.org/global/2019/11/13/europes-unauthorized-immigrant-population-peaks-in-2016-then-levels-off/,sources\005_europes-unauthorized-immigrant-population-peaks-in-2016-then-levels-off.html_a3fd290b66,downloaded,200,504541,"retrieved_reference_file_or_page Pew residual method (population/labour-force data minus lawfully resident foreign-born), estimate INCLUDES asylum seekers awaiting a decision; published range 200000-300000, value is the midpoint of the published range. Pew reports only rounded 100k bounds. Pew residual method (population/labour-force data minus lawfully resident foreign-born), estimate INCLUDES asylum seekers awaiting a decision; published range 300000-400000, value is the midpoint of the published range. Pew reports only rounded 100k bounds."
Country,Germany,DEU,population,2010;2011;2012;2013;2014;2015;2016;2017;2018;2019;2020;2021;2022,"World Bank, World Development Indicators (SP.POP.TOTL), sourced from UN World Population Prospects and national statistical offices",https://api.worldbank.org/v2/country/all/indicator/SP.POP.TOTL,sources\001_SP.POP.TOTL_80953ad53b,downloaded,200,17637,"retrieved_reference_file_or_page Total resident population, mid-year estimate. Retrieved via World Bank API, August 2026."
Country,Germany,DEU,foreign_born,2010;2011;2012;2013;2014;2015;2016;2017;2018;2019;2020;2021;2022,Eurostat [migr_pop3ctb],https://ec.europa.eu/eurostat/api/dissemination/statistics/1.0/data/migr_pop3ctb?format=JSON&lang=EN&geo=DE&age=TOTAL&sex=T&unit=NR&c_birth=FOR&sinceTimePeriod=2010&untilTimePeriod=2022,sources\002_migr_pop3ctb.json_81c362c62b,downloaded,200,3329,retrieved_api_or_data stock at 1 Jan; c_birth=FOR (born in a foreign country) stock at 1 Jan; c_birth=FOR (born in a foreign country); apparent break in series (population census re-basing)
Country,Germany,DEU,foreign_nationals,2010;2011;2012;2013;2014;2015;2016;2017;2018;2019;2020;2021;2022,Eurostat [migr_pop1ctz],https://ec.europa.eu/eurostat/api/dissemination/statistics/1.0/data/migr_pop1ctz?format=JSON&lang=EN&geo=DE&age=TOTAL&sex=T&unit=NR&citizen=FOR_STLS&sinceTimePeriod=2010&untilTimePeriod=2022,sources\003_migr_pop1ctz.json_a158697afa,downloaded,200,3219,retrieved_api_or_data stock at 1 Jan; citizen=FOR_STLS (foreign citizens incl. stateless) stock at 1 Jan; citizen=FOR_STLS (foreign citizens incl. stateless); apparent break in series (population census re-basing)
Country,Germany,DEU,irregular_proxy_detections,2010;2011;2012;2013;2014;2015;2016;2017;2018;2019;2020;2021;2022,"Eurostat, Third country nationals found to be illegally present (migr_eipre)",https://ec.europa.eu/eurostat/databrowser/view/migr_eipre/default/table,sources\004_table.html_197b34a1e6,downloaded,200,8629,"retrieved_reference_file_or_page Eurostat enforcement statistic - annual flow of detections, NOT a stock. Dataset migr_eipre, dimensions freq=A citizen=TOTAL reason=TOTAL apprehen=TOTAL sex=T age=TOTAL unit=PER. Rounded to nearest 5 by Eurostat."
Country,Germany,DEU,irregular_stock,2014;2015;2016;2017,"Pew Research Center (2019), Europe's Unauthorized Immigrant Population Peaks in 2016, Then Levels Off",https://www.pewresearch.org/global/2019/11/13/europes-unauthorized-immigrant-population-peaks-in-2016-then-levels-off/,sources\005_europes-unauthorized-immigrant-population-peaks-in-2016-then-levels-off.html_a3fd290b66,downloaded,200,504541,"retrieved_reference_file_or_page Pew residual method (population/labour-force data minus lawfully resident foreign-born), estimate INCLUDES asylum seekers awaiting a decision; published range 500000-600000, value is the midpoint of the published range. Pew reports only rounded 100k bounds. Pew residual method (population/labour-force data minus lawfully resident foreign-born), estimate INCLUDES asylum seekers awaiting a decision; published range 600000-1200000, value is the midpoint of the published range. Pew reports only rounded 100k bounds. Pew residual method (population/labour-force data minus lawfully resident foreign-born), estimate INCLUDES asylum seekers awaiting a decision; published range 1100000-1400000, value is the midpoint of the published range. Pew reports only rounded 100k bounds. Pew residual method (population/labour-force data minus lawfully resident foreign-born), estimate INCLUDES asylum seekers awaiting a decision; published range 1000000-1200000, value is the midpoint of the published range. Pew reports only rounded 100k bounds."
Country,Germany,DEU,irregular_stock,2014,"Vogel, Dita (2015), Update report Germany: Estimated number of irregular foreign residents in Germany (Database on Irregular Migration), cited in bpb country profile",https://www.bpb.de/themen/migration-integration/regionalprofile/deutschland/256275/irregulaere-migration-in-deutschland/,sources\006_irregulaere-migration-in-deutschland.html_b36dc54d96,downloaded,200,163736,"retrieved_reference_file_or_page Multiplier method based on police crime statistics (Polizeiliche Kriminalstatistik); published range 180000-520000, value is the midpoint. NOTE: this is a second, independent estimate for DEU 2014 alongside the Pew row - do not sum. Author regards 2015-2016 as not estimable."
Country,Hungary,HUN,population,2010;2011;2012;2013;2014;2015;2016;2017;2018;2019;2020;2021;2022,"World Bank, World Development Indicators (SP.POP.TOTL), sourced from UN World Population Prospects and national statistical offices",https://api.worldbank.org/v2/country/all/indicator/SP.POP.TOTL,sources\001_SP.POP.TOTL_80953ad53b,downloaded,200,17637,"retrieved_reference_file_or_page Total resident population, mid-year estimate. Retrieved via World Bank API, August 2026."
Country,Hungary,HUN,foreign_born,2010;2011;2012;2013;2014;2015;2016;2017;2018;2019;2020;2021;2022,Eurostat [migr_pop3ctb],https://ec.europa.eu/eurostat/api/dissemination/statistics/1.0/data/migr_pop3ctb?format=JSON&lang=EN&geo=HU&age=TOTAL&sex=T&unit=NR&c_birth=FOR&sinceTimePeriod=2010&untilTimePeriod=2022,sources\002_migr_pop3ctb.json_3bac53e297,downloaded,200,3184,retrieved_api_or_data stock at 1 Jan; c_birth=FOR (born in a foreign country) stock at 1 Jan; c_birth=FOR (born in a foreign country); apparent break in series (population census re-basing)
Country,Hungary,HUN,foreign_nationals,2010;2011;2012;2013;2014;2015;2016;2017;2018;2019;2020;2021;2022,Eurostat [migr_pop1ctz],https://ec.europa.eu/eurostat/api/dissemination/statistics/1.0/data/migr_pop1ctz?format=JSON&lang=EN&geo=HU&age=TOTAL&sex=T&unit=NR&citizen=FOR_STLS&sinceTimePeriod=2010&untilTimePeriod=2022,sources\003_migr_pop1ctz.json_4ebf14edc2,downloaded,200,3202,retrieved_api_or_data stock at 1 Jan; citizen=FOR_STLS (foreign citizens incl. stateless) stock at 1 Jan; citizen=FOR_STLS (foreign citizens incl. stateless); apparent break in series (population census re-basing)
Country,Hungary,HUN,irregular_proxy_detections,2010;2011;2012;2013;2014;2015;2016;2017;2018;2019;2020;2021;2022,"Eurostat, Third country nationals found to be illegally present (migr_eipre)",https://ec.europa.eu/eurostat/databrowser/view/migr_eipre/default/table,sources\004_table.html_197b34a1e6,downloaded,200,8630,"retrieved_reference_file_or_page Eurostat enforcement statistic - annual flow of detections, NOT a stock. Dataset migr_eipre, dimensions freq=A citizen=TOTAL reason=TOTAL apprehen=TOTAL sex=T age=TOTAL unit=PER. Rounded to nearest 5 by Eurostat."
Country,Iceland,ISL,population,2010;2011;2012;2013;2014;2015;2016;2017;2018;2019;2020;2021;2022,"World Bank, World Development Indicators (SP.POP.TOTL), sourced from UN World Population Prospects and national statistical offices",https://api.worldbank.org/v2/country/all/indicator/SP.POP.TOTL,sources\001_SP.POP.TOTL_80953ad53b,downloaded,200,17637,"retrieved_reference_file_or_page Total resident population, mid-year estimate. Retrieved via World Bank API, August 2026."
Country,Iceland,ISL,foreign_born,2010;2011;2012;2013;2014;2015;2016;2017;2018;2019;2020;2021;2022,Eurostat [migr_pop3ctb],https://ec.europa.eu/eurostat/api/dissemination/statistics/1.0/data/migr_pop3ctb?format=JSON&lang=EN&geo=IS&age=TOTAL&sex=T&unit=NR&c_birth=FOR&sinceTimePeriod=2010&untilTimePeriod=2022,sources\002_migr_pop3ctb.json_d9a4608492,downloaded,200,3171,retrieved_api_or_data stock at 1 Jan; c_birth=FOR (born in a foreign country)
Country,Iceland,ISL,foreign_nationals,2010;2011;2012;2013;2014;2015;2016;2017;2018;2019;2020;2021;2022,Eurostat [migr_pop1ctz],https://ec.europa.eu/eurostat/api/dissemination/statistics/1.0/data/migr_pop1ctz?format=JSON&lang=EN&geo=IS&age=TOTAL&sex=T&unit=NR&citizen=FOR_STLS&sinceTimePeriod=2010&untilTimePeriod=2022,sources\003_migr_pop1ctz.json_c64841425e,downloaded,200,3189,retrieved_api_or_data stock at 1 Jan; citizen=FOR_STLS (foreign citizens incl. stateless)
Country,Iceland,ISL,irregular_proxy_detections,2016;2017;2019;2021,"Eurostat, Third country nationals found to be illegally present (migr_eipre)",https://ec.europa.eu/eurostat/databrowser/view/migr_eipre/default/table,sources\004_table.html_197b34a1e6,downloaded,200,8628,"retrieved_reference_file_or_page Eurostat enforcement statistic - annual flow of detections, NOT a stock. Dataset migr_eipre, dimensions freq=A citizen=TOTAL reason=TOTAL apprehen=TOTAL sex=T age=TOTAL unit=PER. Rounded to nearest 5 by Eurostat. Iceland reports only sporadically; most years are not available in migr_eipre. Eurostat enforcement statistic - annual flow of detections, NOT a stock. VERIFIED DIRECTLY against the Eurostat API; Iceland reports only 2016 (30), 2017 (15), 2019 (110) and 2021 (130). Added after an initial extraction missed 2021."
Country,India,IND,population,2010;2011;2012;2013;2014;2015;2016;2017;2018;2019;2020;2021;2022,"World Bank, World Development Indicators (SP.POP.TOTL), sourced from UN World Population Prospects and national statistical offices",https://api.worldbank.org/v2/country/all/indicator/SP.POP.TOTL,sources\001_SP.POP.TOTL_80953ad53b,downloaded,200,17637,"retrieved_reference_file_or_page Total resident population, mid-year estimate. Retrieved via World Bank API, August 2026."
Country,India,IND,foreign_born,2010;2015;2020,UN DESA International Migrant Stock (World Bank indicator SM.POP.TOTL),https://api.worldbank.org/v2/country/CHN;IND;PHL;RUS;ZAF;SUR;THA/indicator/SM.POP.TOTL?format=json&date=2010:2022&per_page=200,sources\002_SM.POP.TOTL_16f81ab86b,downloaded,200,19399,"retrieved_api_or_data UN estimate (not annual); mid-year benchmark year only; retrieved from World Bank mirror of UN DESA International Migrant Stock, accessed 2026-08"
Country,India,IND,foreign_born,2011,"Chandrasekhar S. and Sharma A., Migration in India: trends and characteristics, Demography India Vol. 51 No. 1 (2022) pp.160-175 (Census of India 2011 place-of-birth data)",https://iasp.ac.in/uploads/journal/10.%20Migration%20in%20India%20trends%20and%20characteristics-1669206793.pdf,sources\003_10._20Migration_20in_20India_20trends_20and_20characteristics-1669206793.pdf_b1cdf292cf,downloaded,200,374048,"retrieved_reference_file_or_page Census (Census of India 2011, place-of-birth / D-series tables), reference date 1 Mar 2011; value as published is rounded to the nearest thousand (5490 thousand; 2513 thousand male, 2977 thousand female = 0.44 per cent of population); no exact unit-level figure could be verified from censusindia.gov.in; India has no 2021 census (postponed), so no national 2021 benchmark exists"
Country,Israel,ISR,population,2010;2011;2012;2013;2014;2015;2016;2017;2018;2019;2020;2021;2022,"World Bank, World Development Indicators (SP.POP.TOTL), sourced from UN World Population Prospects and national statistical offices",https://api.worldbank.org/v2/country/all/indicator/SP.POP.TOTL,sources\001_SP.POP.TOTL_80953ad53b,downloaded,200,17637,"retrieved_reference_file_or_page Total resident population, mid-year estimate. Retrieved via World Bank API, August 2026."
Country,Israel,ISR,foreign_born,2010;2011;2012;2013;2014;2015;2016;2017;2018;2019;2020;2021;2022,"OECD International Migration Database (stocks of foreign-born population, measure B14)","https://sdmx.oecd.org/public/rest/data/OECD.ELS.IMD,DSD_MIG_F@DF_MIG_POPF,1.0/ISR.W.A.B14._T._Z._Z.PS?startPeriod=2010&endPeriod=2022&format=jsondata&dimensionAtObservation=AllDimensions",sources\002_ISR.W.A.B14._T._Z._Z.PS_125fcaf01d,downloaded,200,7104,retrieved_api_or_data Population born abroad; OECD IMD series sourced from Israel CBS. Reference date 31 December. Figures for 2010-2015 are rounded by the source to the nearest 100 or 1000.
Country,Israel,ISR,irregular_stock,2020;2022,"Israel Population and Immigration Authority (רשות האוכלוסין וההגירה), Foreigners in Israel (נתוני זרים בישראל), Q1 2022",https://www.gov.il/BlobFolder/generalpage/foreign_workers_stats/he/zarim_2022_q1.pdf,,failed,403,0,"not_retrieved Reference date end of 2020. Administrative register count of persons who entered Israel as tourists and remained without a valid permit; published as '30.1 thousand'. Excludes infiltrators and lapsed foreign workers, which PIBA counts separately. Reference date 31 March 2022. Administrative register count of 'infiltrators' (מסתננים) resident in Israel, i.e. persons who entered irregularly via the Egyptian border; 76% Eritrean, 14% Sudanese. Separate PIBA category from tourist overstayers and lapsed workers. Reference date 31 March 2022. Administrative register count of foreign workers without valid status (עובדים זרים ללא היתר). Separate PIBA category; not additive with the infiltrator or tourist-overstayer rows without double-counting checks. Download error: 遠端伺服器傳回一個錯誤: (403) 禁止。"
Country,Italy,ITA,population,2010;2011;2012;2013;2014;2015;2016;2017;2018;2019;2020;2021;2022,"World Bank, World Development Indicators (SP.POP.TOTL), sourced from UN World Population Prospects and national statistical offices",https://api.worldbank.org/v2/country/all/indicator/SP.POP.TOTL,sources\001_SP.POP.TOTL_80953ad53b,downloaded,200,17637,"retrieved_reference_file_or_page Total resident population, mid-year estimate. Retrieved via World Bank API, August 2026."
Country,Italy,ITA,foreign_born,2010;2011;2012;2013;2014;2015;2016;2017;2018;2019;2020;2021;2022,Eurostat [migr_pop3ctb],https://ec.europa.eu/eurostat/api/dissemination/statistics/1.0/data/migr_pop3ctb?format=JSON&lang=EN&geo=IT&age=TOTAL&sex=T&unit=NR&c_birth=FOR&sinceTimePeriod=2010&untilTimePeriod=2022,sources\002_migr_pop3ctb.json_2805d48bbe,downloaded,200,3262,retrieved_api_or_data stock at 1 Jan; c_birth=FOR (born in a foreign country) stock at 1 Jan; c_birth=FOR (born in a foreign country); apparent break in series (population census re-basing)
Country,Italy,ITA,foreign_nationals,2010;2011;2012;2013;2014;2015;2016;2017;2018;2019;2020;2021;2022,Eurostat [migr_pop1ctz],https://ec.europa.eu/eurostat/api/dissemination/statistics/1.0/data/migr_pop1ctz?format=JSON&lang=EN&geo=IT&age=TOTAL&sex=T&unit=NR&citizen=FOR_STLS&sinceTimePeriod=2010&untilTimePeriod=2022,sources\003_migr_pop1ctz.json_5a65bf547b,downloaded,200,3280,retrieved_api_or_data stock at 1 Jan; citizen=FOR_STLS (foreign citizens incl. stateless) stock at 1 Jan; citizen=FOR_STLS (foreign citizens incl. stateless); apparent break in series (population census re-basing)
Country,Italy,ITA,irregular_proxy_detections,2010;2011;2012;2013;2014;2015;2016;2017;2018;2019;2020;2021;2022,"Eurostat, Third country nationals found to be illegally present (migr_eipre)",https://ec.europa.eu/eurostat/databrowser/view/migr_eipre/default/table,sources\004_table.html_197b34a1e6,downloaded,200,8630,"retrieved_reference_file_or_page Eurostat enforcement statistic - annual flow of detections, NOT a stock. Dataset migr_eipre, dimensions freq=A citizen=TOTAL reason=TOTAL apprehen=TOTAL sex=T age=TOTAL unit=PER. Rounded to nearest 5 by Eurostat."
Country,Italy,ITA,irregular_stock,2014;2015;2016;2017,"Pew Research Center (2019), Europe's Unauthorized Immigrant Population Peaks in 2016, Then Levels Off",https://www.pewresearch.org/global/2019/11/13/europes-unauthorized-immigrant-population-peaks-in-2016-then-levels-off/,sources\005_europes-unauthorized-immigrant-population-peaks-in-2016-then-levels-off.html_a3fd290b66,downloaded,200,504541,"retrieved_reference_file_or_page Pew residual method (population/labour-force data minus lawfully resident foreign-born), estimate INCLUDES asylum seekers awaiting a decision; published range 300000-500000, value is the midpoint of the published range. Pew reports only rounded 100k bounds. Pew residual method (population/labour-force data minus lawfully resident foreign-born), estimate INCLUDES asylum seekers awaiting a decision; published range 300000-600000, value is the midpoint of the published range. Pew reports only rounded 100k bounds. Pew residual method (population/labour-force data minus lawfully resident foreign-born), estimate INCLUDES asylum seekers awaiting a decision; published range 400000-600000, value is the midpoint of the published range. Pew reports only rounded 100k bounds. Pew residual method (population/labour-force data minus lawfully resident foreign-born), estimate INCLUDES asylum seekers awaiting a decision; published range 500000-700000, value is the midpoint of the published range. Pew reports only rounded 100k bounds."
Country,Italy,ITA,irregular_stock,2015;2016,"Fondazione ISMU, XXII Rapporto sulle migrazioni 2016",https://www.antoniocasella.eu/nume/Ismu_1dic2016.pdf,sources\006_Ismu_1dic2016.pdf_69c2317df7,downloaded,200,358534,"retrieved_reference_file_or_page ISMU annual estimate of irregular presence at 1 January (stranieri irregolarmente presenti); derived from ISMU's reconstruction of total foreign presence (regular registered, regular unregistered, irregular) benchmarked on ISTAT resident population, residence permits and regularisation/amnesty administrative records. Point estimate, no published interval. NOTE: for 2015-2017 an alternative Pew estimate also exists in this file - do not sum."
Country,Italy,ITA,irregular_stock,2017,"Fondazione ISMU estimate, reported in Neodemos",https://www.neodemos.info/2018/07/27/irregolari-sanatorie-e-rimpatri/,sources\007_irregolari-sanatorie-e-rimpatri.html_4187757914,downloaded,200,129358,"retrieved_reference_file_or_page ISMU annual estimate of irregular presence at 1 January (stranieri irregolarmente presenti); derived from ISMU's reconstruction of total foreign presence (regular registered, regular unregistered, irregular) benchmarked on ISTAT resident population, residence permits and regularisation/amnesty administrative records. Point estimate, no published interval. NOTE: for 2015-2017 an alternative Pew estimate also exists in this file - do not sum."
Country,Italy,ITA,irregular_stock,2018,"Fondazione ISMU, XXIV Rapporto sulle migrazioni 2018",https://www.vita.it/rapporto-ismu-calano-gli-sbarcati-ma-sale-la-quota-degli-irregolari/,sources\008_rapporto-ismu-calano-gli-sbarcati-ma-sale-la-quota-degli-irregolari.html_a361585e35,downloaded,200,135359,"retrieved_reference_file_or_page ISMU annual estimate of irregular presence at 1 January (stranieri irregolarmente presenti); derived from ISMU's reconstruction of total foreign presence (regular registered, regular unregistered, irregular) benchmarked on ISTAT resident population, residence permits and regularisation/amnesty administrative records. Point estimate, no published interval. NOTE: for 2015-2017 an alternative Pew estimate also exists in this file - do not sum."
Country,Italy,ITA,irregular_stock,2019,"Fondazione ISMU, XXV Rapporto sulle migrazioni 2019",https://www.ismu.org/comunicato-stampa-xxv-rapporto-ismu/,,failed,403,0,"not_retrieved ISMU annual estimate of irregular presence at 1 January (stranieri irregolarmente presenti); derived from ISMU's reconstruction of total foreign presence (regular registered, regular unregistered, irregular) benchmarked on ISTAT resident population, residence permits and regularisation/amnesty administrative records. Point estimate, no published interval. NOTE: for 2015-2017 an alternative Pew estimate also exists in this file - do not sum. Download error: 遠端伺服器傳回一個錯誤: (403) 禁止。"
Country,Italy,ITA,irregular_stock,2020,"Fondazione ISMU, XXVI Rapporto sulle migrazioni 2020",https://www.cinformi.it/Comunicazione/Notizie/I-dati-del-Rapporto-ISMU-sulle-migrazioni-2020,,failed,,0,"not_retrieved ISMU annual estimate of irregular presence at 1 January (stranieri irregolarmente presenti); derived from ISMU's reconstruction of total foreign presence (regular registered, regular unregistered, irregular) benchmarked on ISTAT resident population, residence permits and regularisation/amnesty administrative records. Point estimate, no published interval. NOTE: for 2015-2017 an alternative Pew estimate also exists in this file - do not sum. Download error: 無法連接至遠端伺服器"
Country,Italy,ITA,irregular_stock,2021;2022,"Fondazione ISMU, XXVII Rapporto sulle migrazioni 2021",https://www.ismu.org/xxvii-rapporto-sulle-migrazioni-2021-comunicato-stampa-11-2-2022/,,failed,403,0,"not_retrieved ISMU annual estimate of irregular presence at 1 January (stranieri irregolarmente presenti); derived from ISMU's reconstruction of total foreign presence (regular registered, regular unregistered, irregular) benchmarked on ISTAT resident population, residence permits and regularisation/amnesty administrative records. Point estimate, no published interval. NOTE: for 2015-2017 an alternative Pew estimate also exists in this file - do not sum. ISMU annual estimate of irregular presence at 1 January (stranieri irregolarmente presenti); derived from ISMU's reconstruction of total foreign presence (regular registered, regular unregistered, irregular) benchmarked on ISTAT resident population, residence permits and regularisation/amnesty administrative records. Point estimate, no published interval. 2022 fall reflects completion of the 2020 regularisation (sanatoria). NOTE: for 2015-2017 an alternative Pew estimate also exists in this file - do not sum. Download error: 遠端伺服器傳回一個錯誤: (403) 禁止。"
Country,Japan,JPN,population,2010;2011;2012;2013;2014;2015;2016;2017;2018;2019;2020;2021;2022,"World Bank, World Development Indicators (SP.POP.TOTL), sourced from UN World Population Prospects and national statistical offices",https://api.worldbank.org/v2/country/all/indicator/SP.POP.TOTL,sources\001_SP.POP.TOTL_80953ad53b,downloaded,200,17637,"retrieved_reference_file_or_page Total resident population, mid-year estimate. Retrieved via World Bank API, August 2026."
Country,Japan,JPN,foreign_nationals,2010;2011;2012;2013;2014;2015;2016;2017;2018;2019;2020;2021;2022,"OECD International Migration Database (stocks of foreign population, measure B15)","https://sdmx.oecd.org/public/rest/data/OECD.ELS.IMD,DSD_MIG@DF_MIG,1.0/JPN.W.A.B15._T._Z._Z.PS?startPeriod=2010&endPeriod=2022&format=jsondata&dimensionAtObservation=AllDimensions",sources\002_JPN.W.A.B15._T._Z._Z.PS_2268c3ec22,downloaded,200,7218,"retrieved_api_or_data Registered foreign residents (在留外国人), OECD IMD series sourced from Japan's Immigration Services Agency. Excludes short stays under 90 days. IMPORTANT REFERENCE-DATE CAVEAT (verified): the OECD year label is offset one year later than Japan's ISA 31-December series. ISA reports end-2021 = 2760635 and end-2020 = 2887116 (https://www.moj.go.jp/isa/publications/press/13_00001.html), whereas OECD labels 2887116 as 2021 and 2760635 as 2022. Values are recorded here exactly as OECD publishes them; to align with the ISA national series subtract one from the year label."
Country,Japan,JPN,irregular_proxy_overstayers,2010;2012;2013;2015,"Japan Immigration Services Agency (2015), Immigration Control in Recent Years, Table 21 (changes in the estimated number of foreign nationals overstaying) | Japan Immigration Services Agency (2015), Immigration Control in Recent Years",https://www.moj.go.jp/isa/content/930003133.pdf,sources\003_930003133.pdf_2f5d92aa60,downloaded,200,7589110,"retrieved_reference_file_or_page Overstayers (不法残留者) as of 1 January 2010. PROVENANCE: taken from an independently compiled comparison dataset citing ISA Table 21. The 2015 value in that same table was re-read directly from this PDF and matched exactly (60,007), but Table 21 itself could not be re-extracted, so 2010 is not independently re-verified. Overstayers (不法残留者) as of 1 January 2012. PROVENANCE: taken from an independently compiled comparison dataset citing ISA Table 21; the 2015 value from the same table was re-read directly and matched exactly, but 2012 is not independently re-verified. Overstayers (不法残留者) as of 1 January 2013. PROVENANCE: taken from an independently compiled comparison dataset citing ISA Table 21; the 2015 value from the same table was re-read directly and matched exactly, but 2013 is not independently re-verified. Overstayers (不法残留者) as of 1 January 2015. VERIFIED DIRECTLY from this PDF: 'the estimated number of foreign nationals who overstayed was 60,007 as of January 1, 2015, an increase of 946 (1.6%) from 59,061 at January 1, 2014.'"
Country,Japan,JPN,irregular_proxy_overstayers,2011,"Global Detention Project, Japan Immigration Detention Profile (reproducing Ministry of Justice, 2011, p.34)",https://www.globaldetentionproject.org/countries/asia-pacific/japan,sources\004_japan.html_bbc3a195c9,downloaded,200,729399,"retrieved_reference_file_or_page overstayers (不法残留者) reported for 2011; the MOJ/ISA series is compiled as of 1 January. Source text: 'Immigration authorities estimate that in 2011 there were between 90,000 and 100,000 undocumented migrants in Japan, including 78,488 overstayers' (cited to MoJ, 2011, p.34). CAVEAT: the secondary source gives the year only and does not restate the 1 January reference date; the MOJ primary release for 1 January 2011 was no longer reachable (removed from moj.go.jp; nisshinkyo.org mirror returns 404 to the fetcher)."
Country,Japan,JPN,irregular_proxy_overstayers,2014,"出入国在留管理庁 本邦における不法残留者数について (Immigration Services Agency of Japan, Number of Overstayers in Japan)",https://www.moj.go.jp/isa/content/001459199.pdf,sources\005_001459199.pdf_730c3fc066,downloaded,200,1313015,"retrieved_reference_file_or_page As of 1 Jan 2014 (平成26年1月1日現在). RE-CONFIRMATION of a value already in the dataset. READ FROM A CHART: the labelled data point marked 過去最低 (all-time low) on 第1図 不法残留者数の推移 in the 令和7年 operations digest. Matches the already-confirmed 59,061."
Country,Japan,JPN,irregular_proxy_overstayers,2017;2018;2019,"出入国在留管理庁 本邦における不法残留者数について (Immigration Services Agency of Japan, Number of Overstayers in Japan) | Immigration Services Agency of Japan, Honpo ni okeru fuho zanryusha su ni tsuite (Reiwa 3-nen 1-gatsu 1-nichi genzai), Table 1 (Dai-1-hyo)",https://www.moj.go.jp/isa/content/001344148.pdf,sources\006_001344148.pdf_e945d4286a,downloaded,200,965699,"retrieved_reference_file_or_page As of 1 Jan 2017 (平成29年1月1日現在). Read from 第1表 of the press release dated 31 Mar 2021 (本邦における不法残留者数について（令和3年1月1日現在）). Verified two ways within the table: 男 35,843 + 女 29,427 = 65,270; and the 11 nationality/region rows sum to 65,270. Landing page: https://www.moj.go.jp/isa/publications/press/13_00013.html overstayers (fuho zanryusha, 不法残留者) as of 1 January 2017. Administrative register count. Read from the year columns of 【第１表】国籍・地域別 性別 不法残留者数の推移 in the official ISA statistical annex to the 1 January 2021 press release, which tabulates 1 January 2017-2021. overstayers (fuho zanryusha, 不法残留者) as of 1 January 2018. Administrative register count. Read from the year columns of 【第１表】国籍・地域別 性別 不法残留者数の推移 in the official ISA statistical annex to the 1 January 2021 press release, which tabulates 1 January 2017-2021. overstayers (fuho zanryusha, 不法残留者) as of 1 January 2019. Administrative register count. Read from the year columns of 【第１表】国籍・地域別 性別 不法残留者数の推移 in the official ISA statistical annex to the 1 January 2021 press release, which tabulates 1 January 2017-2021."
Country,Japan,JPN,irregular_proxy_overstayers,2018;2019;2020;2021;2022,"出入国在留管理庁 本邦における不法残留者数について (Immigration Services Agency of Japan, Number of Overstayers in Japan)",https://www.moj.go.jp/isa/content/001344904.pdf,sources\007_001344904.pdf_666eefa3e5,downloaded,200,129563,"retrieved_reference_file_or_page As of 1 Jan 2018 (平成30年1月1日現在（2018年）- the source PDF prints the Western year itself). Read from 第1表 of the press release dated 29 Mar 2022 (本邦における不法残留者数について（令和4年1月1日現在）). Corroborated by an independent PDF, 第1表 of the 2021 release (https://www.moj.go.jp/isa/content/001344148.pdf), which gives the same 66,498; also 男 37,052 + 女 29,446 = 66,498 and nationality rows sum to 66,498. As of 1 Jan 2019 (平成31年1月1日現在（2019年）- the source PDF prints the Western year itself). Read from 第1表 of the press release dated 29 Mar 2022. Corroborated by an independent PDF, 第1表 of the 2021 release (https://www.moj.go.jp/isa/content/001344148.pdf), same 74,167; also 男 42,632 + 女 31,535 = 74,167 and nationality rows sum to 74,167. As of 1 Jan 2020 (令和2年1月1日現在（2020年）). RE-CONFIRMATION of a value already in the dataset. 第1表 of the 29 Mar 2022 release; identical figure in the 31 Mar 2021 release PDF. As of 1 Jan 2021 (令和3年1月1日現在（2021年）). RE-CONFIRMATION of a value already in the dataset. 第1表 of the 29 Mar 2022 release; identical figure in the 31 Mar 2021 release PDF, whose text also states a decrease of 24 persons (-0.03%) vs 1 Jan 2020, consistent with 82,892 - 24 = 82,868. As of 1 Jan 2022 (令和4年1月1日現在（2022年）). RE-CONFIRMATION of a value already in the dataset. 第1表 of the 29 Mar 2022 release; the release text states a decrease of 16,109 (-19.4%) vs 1 Jan 2021, consistent with 82,868 - 16,109 = 66,759."
Country,Japan,JPN,irregular_proxy_overstayers,2014,"Ministry of Justice Immigration Bureau, Honpo ni okeru fuho zanryusha su ni tsuite (Heisei 26-nen 1-gatsu 1-nichi genzai), mirrored by Nisshinkyo",https://www.nisshinkyo.org/news/pdf/G-26-2.pdf,,failed,404,0,"not_retrieved overstayers (不法残留者) as of 1 January 2014. Source sentence read verbatim: '平成26年1月1日現在の本邦における不法残留者数は，5万9，061人'. CAVEAT: the PDF itself returned 404 to the fetcher, so the figure was read from the indexed document text; independently corroborated as the labelled series minimum (59,061) in the ISA chart 【第１図】不法残留者数の推移, https://www.moj.go.jp/isa/content/001415150.pdf Download error: 遠端伺服器傳回一個錯誤: (404) 找不到。"
Country,Japan,JPN,irregular_proxy_overstayers,2020;2021,"Immigration Services Agency of Japan, Overstayers as of 1 January (本邦における不法残留者数について)",https://www.moj.go.jp/isa/publications/press/13_00013.html,sources\009_13_00013.html_aef83d80e1,downloaded,200,24162,"retrieved_reference_file_or_page Reference date 1 January 2020. Administrative register count of persons remaining beyond authorised period of stay (不法残留者). Prior-year comparison figure in the 1 January 2021 release. Reference date 1 January 2021. Administrative register count of overstayers (不法残留者). Of whom 49,496 male and 33,372 female."
Country,Japan,JPN,irregular_proxy_overstayers,2022,"Immigration Services Agency of Japan, Overstayers as of 1 January (本邦における不法残留者数について)",https://www.moj.go.jp/isa/publications/press/13_00003.html,sources\010_13_00003.html_fef904433d,downloaded,200,32698,retrieved_reference_file_or_page Reference date 1 January 2022. Administrative register count of overstayers (不法残留者); down 19.4% on 1 January 2021. Cross-checked against ISA table 001403958.pdf.
Country,Korea (South),KOR,population,2010;2011;2012;2013;2014;2015;2016;2017;2018;2019;2020;2021;2022,"World Bank, World Development Indicators (SP.POP.TOTL), sourced from UN World Population Prospects and national statistical offices",https://api.worldbank.org/v2/country/all/indicator/SP.POP.TOTL,sources\001_SP.POP.TOTL_80953ad53b,downloaded,200,17637,"retrieved_reference_file_or_page Total resident population, mid-year estimate. Retrieved via World Bank API, August 2026."
Country,Korea (South),KOR,foreign_born,2010;2015;2020,UN DESA International Migrant Stock (retrieved via World Bank indicator SM.POP.TOTL),https://api.worldbank.org/v2/country/KOR/indicator/SM.POP.TOTL?format=json&date=2010:2022,sources\002_SM.POP.TOTL_17c5943856,downloaded,200,2868,"retrieved_api_or_data UN DESA International Migrant Stock, mid-year estimate. UN DESA publishes only 1990/1995/2000/2005/2010/2015/2020 - this is a 5-year-interval estimate, NOT an annual national figure. Korea does not publish an annual foreign-born stock; OECD IMD has no foreign-born series for Korea."
Country,Korea (South),KOR,foreign_nationals,2010;2011;2012;2013;2014;2015;2016;2017;2018;2019;2020;2021;2022,"OECD International Migration Database (stocks of foreign population, measure B15)","https://sdmx.oecd.org/public/rest/data/OECD.ELS.IMD,DSD_MIG@DF_MIG,1.0/KOR.W.A.B15._T._Z._Z.PS?startPeriod=2010&endPeriod=2022&format=jsondata&dimensionAtObservation=AllDimensions",sources\003_KOR.W.A.B15._T._Z._Z.PS_e420ceaf65,downloaded,200,7218,retrieved_api_or_data Foreign residents in Korea (Ministry of Justice / Korea Immigration Service) as compiled by OECD IMD. Reference date 31 December.
Country,Korea (South),KOR,irregular_proxy_overstayers,2010;2011;2012;2013;2014;2015,"Korean National Police University press, Cheryu oegugin beomjoe-e gwanhan gyeongchal-ui daeeung bangan (2015), Table 1, citing Ministry of Justice Korea Immigration Service statistical yearbook",https://press.police.ac.kr/pds/1476878914562.pdf,,failed,,0,"not_retrieved illegal residents (불법체류자), calendar-year figure as tabulated in the MOJ Korea Immigration Service statistical yearbook (통계연보); the yearbook series is compiled as of 31 December. Predominantly visa overstayers. Source line: '출처: 법무부 출입국·외국인 정책본부, 통계연보 자료'. Korean government portals (data.go.kr, index.go.kr, kosis) block the fetcher, so this secondary academic tabulation of the MOJ series was used. illegal residents (불법체류자) as of 31 AUGUST 2015, NOT year-end - the source column is labelled '2015. 8. 기준' and the table footer reads '2015. 8. 31. 기준'. Not strictly comparable with the 31 December figures for other years; use with care or drop. Download error: 無法連接至遠端伺服器"
Country,Korea (South),KOR,irregular_proxy_overstayers,2018;2020;2021;2022,"Ministry of Justice of Korea, Immigration and Foreign Policy Statistics (불법체류외국인), reported via EKW",https://www.ekw.co.kr/news/articleView.html?idxno=11130,sources\005_articleView.html_cf142d721b,downloaded,200,174743,"retrieved_reference_file_or_page Reference date 31 December 2018. Administrative register count of foreigners in illegal residence (불법체류자), predominantly overstayers. Figure taken from a secondary report citing the MOJ 2022 monthly statistics bulletin and 2021 statistical yearbook; the MOJ primary files were not directly reachable (robots.txt). Reference date 31 December 2020. Administrative register count of foreigners in illegal residence (불법체류자), predominantly overstayers. Figure taken from a secondary report citing the MOJ 2022 monthly statistics bulletin and 2021 statistical yearbook; the MOJ primary files were not directly reachable (robots.txt). Reference date 31 December 2021. Administrative register count of foreigners in illegal residence (불법체류자), predominantly overstayers. Figure taken from a secondary report citing the MOJ 2022 monthly statistics bulletin and 2021 statistical yearbook; the MOJ primary files were not directly reachable (robots.txt). Value ends in '00' and may have been rounded by the secondary source. Reference date 31 December 2022. Administrative register count of foreigners in illegal residence (불법체류자), predominantly overstayers. Figure taken from a secondary report citing the MOJ 2022 monthly statistics bulletin and 2021 statistical yearbook; the MOJ primary files were not directly reachable (robots.txt)."
Country,Lithuania,LTU,population,2010;2011;2012;2013;2014;2015;2016;2017;2018;2019;2020;2021;2022,"World Bank, World Development Indicators (SP.POP.TOTL), sourced from UN World Population Prospects and national statistical offices",https://api.worldbank.org/v2/country/all/indicator/SP.POP.TOTL,sources\001_SP.POP.TOTL_80953ad53b,downloaded,200,17637,"retrieved_reference_file_or_page Total resident population, mid-year estimate. Retrieved via World Bank API, August 2026."
Country,Lithuania,LTU,foreign_born,2010;2011;2012;2013;2014;2015;2016;2017;2018;2019;2020;2021;2022,Eurostat [migr_pop3ctb],https://ec.europa.eu/eurostat/api/dissemination/statistics/1.0/data/migr_pop3ctb?format=JSON&lang=EN&geo=LT&age=TOTAL&sex=T&unit=NR&c_birth=FOR&sinceTimePeriod=2010&untilTimePeriod=2022,sources\002_migr_pop3ctb.json_310a4c3ec9,downloaded,200,3186,retrieved_api_or_data stock at 1 Jan; c_birth=FOR (born in a foreign country)
Country,Lithuania,LTU,foreign_nationals,2010;2011;2012;2013;2014;2015;2016;2017;2018;2019;2020;2021;2022,Eurostat [migr_pop1ctz],https://ec.europa.eu/eurostat/api/dissemination/statistics/1.0/data/migr_pop1ctz?format=JSON&lang=EN&geo=LT&age=TOTAL&sex=T&unit=NR&citizen=FOR_STLS&sinceTimePeriod=2010&untilTimePeriod=2022,sources\003_migr_pop1ctz.json_abf2821fb1,downloaded,200,3191,retrieved_api_or_data stock at 1 Jan; citizen=FOR_STLS (foreign citizens incl. stateless) stock at 1 Jan; citizen=FOR_STLS (foreign citizens incl. stateless); apparent break in series (population census re-basing)
Country,Lithuania,LTU,irregular_proxy_detections,2010;2011;2012;2013;2014;2015;2016;2017;2018;2019;2020;2021;2022,"Eurostat, Third country nationals found to be illegally present (migr_eipre)",https://ec.europa.eu/eurostat/databrowser/view/migr_eipre/default/table,sources\004_table.html_197b34a1e6,downloaded,200,8630,"retrieved_reference_file_or_page Eurostat enforcement statistic - annual flow of detections, NOT a stock. Dataset migr_eipre, dimensions freq=A citizen=TOTAL reason=TOTAL apprehen=TOTAL sex=T age=TOTAL unit=PER. Rounded to nearest 5 by Eurostat."
Country,Mexico,MEX,population,2010;2011;2012;2013;2014;2015;2016;2017;2018;2019;2020;2021;2022,"World Bank, World Development Indicators (SP.POP.TOTL), sourced from UN World Population Prospects and national statistical offices",https://api.worldbank.org/v2/country/all/indicator/SP.POP.TOTL,sources\001_SP.POP.TOTL_80953ad53b,downloaded,200,17637,"retrieved_reference_file_or_page Total resident population, mid-year estimate. Retrieved via World Bank API, August 2026."
Country,Mexico,MEX,foreign_born,2010;2011;2012;2013;2014;2015;2018;2020,"OECD International Migration Database (stocks of foreign-born population, measure B14)","https://sdmx.oecd.org/public/rest/data/OECD.ELS.IMD,DSD_MIG_F@DF_MIG_POPF,1.0/MEX.W.A.B14._T._Z._Z.PS?startPeriod=2010&endPeriod=2022&format=jsondata&dimensionAtObservation=AllDimensions",sources\002_MEX.W.A.B14._T._Z._Z.PS_d65be57545,downloaded,200,6361,"retrieved_api_or_data Population born abroad; OECD IMD series sourced from INEGI. 2010 value (961121) corresponds to the Censo de Población y Vivienda 2010. Years 2016, 2017, 2019, 2021 and 2022 are not published."
Country,Mexico,MEX,foreign_nationals,2010;2011;2012;2013;2015;2016;2017;2018;2019;2020;2021;2022,"OECD International Migration Database (stocks of foreign population, measure B15)","https://sdmx.oecd.org/public/rest/data/OECD.ELS.IMD,DSD_MIG@DF_MIG,1.0/MEX.W.A.B15._T._Z._Z.PS?startPeriod=2010&endPeriod=2022&format=jsondata&dimensionAtObservation=AllDimensions",sources\003_MEX.W.A.B15._T._Z._Z.PS_81d3d8436a,downloaded,200,7205,retrieved_api_or_data Foreign nationals resident in Mexico; OECD IMD series sourced from INEGI (Census/ENADID/ENOE). Reference date varies by source year.
Country,Mexico,MEX,irregular_proxy_detections,2017;2018;2019;2020;2021;2022,"Unidad de Politica Migratoria, Registro e Identidad de Personas (UPMRIP), SEGOB, Boletin de Estadisticas Migratorias, as compiled in IOM Mexico, Estadisticas migratorias 2023",https://mexico.iom.int/sites/g/files/tmzbdl1686/files/documents/2024-03/estadisticas-migratorias-2023.pdf,,failed,403,0,"not_retrieved ENFORCEMENT/TRANSIT FLOW, not a stock. EVENTS, not persons: 'eventos de personas en situacion migratoria irregular' presented to the Mexican migration authority during calendar year 2017. One person may be recorded multiple times. Largely transit migrants heading to the United States. Administrative count. ENFORCEMENT/TRANSIT FLOW, not a stock. EVENTS, not persons: 'eventos de personas en situacion migratoria irregular' presented to the Mexican migration authority during calendar year 2018. One person may be recorded multiple times. Largely transit migrants. Administrative count. ENFORCEMENT/TRANSIT FLOW, not a stock. EVENTS, not persons: 'eventos de personas en situacion migratoria irregular' during calendar year 2019. Largely transit migrants. Administrative count. Independently corroborated at 182,940 in Papeles de Poblacion 29(118), SciELO Mexico, citing UPM. ENFORCEMENT/TRANSIT FLOW, not a stock. EVENTS, not persons: 'eventos de personas en situacion migratoria irregular' during calendar year 2020 (COVID-19 year). Largely transit migrants. Administrative count. Independently corroborated at 82,379 in Papeles de Poblacion 29(118), SciELO Mexico. ENFORCEMENT/TRANSIT FLOW, not a stock. EVENTS, not persons: 'eventos de personas en situacion migratoria irregular' during calendar year 2021. Largely transit migrants. Administrative count. Independently corroborated at 309,692 in Papeles de Poblacion 29(118), SciELO Mexico, and in the IOM Mexico Q2-2023 bulletin. ENFORCEMENT/TRANSIT FLOW, not a stock. EVENTS, not persons: 'eventos de personas en situacion migratoria irregular' during calendar year 2022. Largely transit migrants. Administrative count. Vintage caveat: a later UPM vintage cited in Papeles de Poblacion 29(118) gives 444,439 for 2022; the value here is the IOM/UPMRIP bulletin figure used consistently across 2017-2022. Download error: 遠端伺服器傳回一個錯誤: (403) 禁止。"
Country,Netherlands,NLD,population,2010;2011;2012;2013;2014;2015;2016;2017;2018;2019;2020;2021;2022,"World Bank, World Development Indicators (SP.POP.TOTL), sourced from UN World Population Prospects and national statistical offices",https://api.worldbank.org/v2/country/all/indicator/SP.POP.TOTL,sources\001_SP.POP.TOTL_80953ad53b,downloaded,200,17637,"retrieved_reference_file_or_page Total resident population, mid-year estimate. Retrieved via World Bank API, August 2026."
Country,Netherlands,NLD,foreign_born,2010;2011;2012;2013;2014;2015;2016;2017;2018;2019;2020;2021;2022,Eurostat [migr_pop3ctb],https://ec.europa.eu/eurostat/api/dissemination/statistics/1.0/data/migr_pop3ctb?format=JSON&lang=EN&geo=NL&age=TOTAL&sex=T&unit=NR&c_birth=FOR&sinceTimePeriod=2010&untilTimePeriod=2022,sources\002_migr_pop3ctb.json_6364fb00ad,downloaded,200,3201,retrieved_api_or_data stock at 1 Jan; c_birth=FOR (born in a foreign country)
Country,Netherlands,NLD,foreign_nationals,2010;2011;2012;2013;2014;2015;2016;2017;2018;2019;2020;2021;2022,Eurostat [migr_pop1ctz],https://ec.europa.eu/eurostat/api/dissemination/statistics/1.0/data/migr_pop1ctz?format=JSON&lang=EN&geo=NL&age=TOTAL&sex=T&unit=NR&citizen=FOR_STLS&sinceTimePeriod=2010&untilTimePeriod=2022,sources\003_migr_pop1ctz.json_5e11cbd092,downloaded,200,3210,retrieved_api_or_data stock at 1 Jan; citizen=FOR_STLS (foreign citizens incl. stateless)
Country,Netherlands,NLD,irregular_proxy_detections,2010;2011;2012;2013;2014;2015;2016;2017;2018;2019;2020;2021;2022,"Eurostat, Third country nationals found to be illegally present (migr_eipre)",https://ec.europa.eu/eurostat/databrowser/view/migr_eipre/default/table,sources\004_table.html_197b34a1e6,downloaded,200,8629,"retrieved_reference_file_or_page Eurostat enforcement statistic - annual flow of detections, NOT a stock. Dataset migr_eipre, dimensions freq=A citizen=TOTAL reason=TOTAL apprehen=TOTAL sex=T age=TOTAL unit=PER. Rounded to nearest 5 by Eurostat."
Country,Netherlands,NLD,irregular_stock,2017,"Van der Heijden, Cruyff, Van Gils (WODC), Schattingen onrechtmatig in Nederland verblijvende vreemdelingen 2017-2018",https://www.wodc.nl/actueel/nieuws/2020/12/16/nieuwe-schatting-voor-de-periode-medio-2017---medio-2018,sources\005_nieuwe-schatting-voor-de-periode-medio-2017---medio-2018.html_7cb6cf6a76,downloaded,200,208065,"retrieved_reference_file_or_page Capture-recapture; this round used Dual Systems Estimation alongside the truncated Poisson model. Published range approximately 23000-58000 for mid-2017 to mid-2018; value is the midpoint of that range, no point estimate was published. Not strictly comparable with the later 2018-2023 series."
Country,Netherlands,NLD,irregular_stock,2018;2019;2020;2021;2022,"Van der Heijden, Cruyff, Lugtig, Engbersen, Van Gils (WODC/Utrecht University/Erasmus University Rotterdam), Schattingen onrechtmatig in Nederland verblijvende vreemdelingen medio 2018-2019 tot medio 2022-2023",https://www.wodc.nl/actueel/nieuws/2026/03/31/nieuwe-schattingen-beschikbaar-over-het-aantal-vreemdelingen-zonder-verblijfsvergunning,sources\006_nieuwe-schattingen-beschikbaar-over-het-aantal-vreemdelingen-zonder-verblijfsver.html_5e941faea4,downloaded,200,233609,"retrieved_reference_file_or_page Capture-recapture (truncated Poisson regression) on police apprehension/detention records; reference period is mid-2018 to mid-2019, coded to the starting year. Point estimate with 95% CI 21056-48848. Overlapping CIs mean the 2018-2023 changes are not statistically significant. Capture-recapture (truncated Poisson regression) on police apprehension/detention records; reference period is mid-2019 to mid-2020, coded to the starting year. Point estimate with 95% CI 18511-29737. Overlapping CIs mean the 2018-2023 changes are not statistically significant. Capture-recapture (truncated Poisson regression) on police apprehension/detention records; reference period is mid-2020 to mid-2021, coded to the starting year. Point estimate with 95% CI 19202-29364. Overlapping CIs mean the 2018-2023 changes are not statistically significant. Capture-recapture (truncated Poisson regression) on police apprehension/detention records; reference period is mid-2021 to mid-2022, coded to the starting year. Point estimate with 95% CI 15923-24471. Overlapping CIs mean the 2018-2023 changes are not statistically significant. Capture-recapture (truncated Poisson regression) on police apprehension/detention records; reference period is mid-2022 to mid-2023, coded to the starting year. Point estimate with 95% CI 16955-23175. Overlapping CIs mean the 2018-2023 changes are not statistically significant."
Country,New Zealand,NZL,population,2010;2011;2012;2013;2014;2015;2016;2017;2018;2019;2020;2021;2022,"World Bank, World Development Indicators (SP.POP.TOTL), sourced from UN World Population Prospects and national statistical offices",https://api.worldbank.org/v2/country/all/indicator/SP.POP.TOTL,sources\001_SP.POP.TOTL_80953ad53b,downloaded,200,17637,"retrieved_reference_file_or_page Total resident population, mid-year estimate. Retrieved via World Bank API, August 2026."
Country,New Zealand,NZL,foreign_born,2010;2015;2020,UN DESA International Migrant Stock (retrieved via World Bank indicator SM.POP.TOTL),https://api.worldbank.org/v2/country/NZL/indicator/SM.POP.TOTL?format=json&date=2010:2022,sources\002_SM.POP.TOTL_132b93374a,downloaded,200,2868,"retrieved_api_or_data UN DESA International Migrant Stock, mid-year estimate. UN DESA publishes only 1990/1995/2000/2005/2010/2015/2020 - 5-year-interval estimate, NOT an annual national figure. Stats NZ publishes overseas-born counts only in census years (2013, 2018, 2023)."
Country,New Zealand,NZL,irregular_proxy_overstayers,2010;2011;2012;2013;2014;2016,"Immigration New Zealand (MBIE), 'OVERSTAYERS' factsheet, October 2018, released under the Official Information Act and published on FYI.org.nz",https://fyi.org.nz/request/29926/response/118942/attach/4/Appendix%20A%20Immigration%20New%20Zealand%20Overstayers%20Factsheet%202017.pdf,sources\003_Appendix_20A_20Immigration_20New_20Zealand_20Overstayers_20Factsheet_202017.pdf_29813ceb69,downloaded,200,825149,"retrieved_reference_file_or_page estimated overstayer population (people unlawfully in New Zealand), reference date October 2010. Register-derived estimate from the INZ overstayer estimate series; INZ notes the methodology was revised for the December 2017 estimate, so figures up to October 2014 / January 2016 are on the older basis. The same table also reports 15,760 for April 2010; the later 2010 estimate is used here. estimated overstayer population (people unlawfully in New Zealand), reference date May 2011. Register-derived estimate from the INZ overstayer estimate series; INZ notes the methodology was revised for the December 2017 estimate, so figures up to October 2014 / January 2016 are on the older basis. estimated overstayer population (people unlawfully in New Zealand), reference date August 2012. Register-derived estimate from the INZ overstayer estimate series; INZ notes the methodology was revised for the December 2017 estimate, so figures up to October 2014 / January 2016 are on the older basis. estimated overstayer population (people unlawfully in New Zealand), reference date September 2013. Register-derived estimate from the INZ overstayer estimate series; INZ notes the methodology was revised for the December 2017 estimate, so figures up to October 2014 / January 2016 are on the older basis. estimated overstayer population (people unlawfully in New Zealand), reference date October 2014. Register-derived estimate from the INZ overstayer estimate series; INZ notes the methodology was revised for the December 2017 estimate, so figures up to October 2014 / January 2016 are on the older basis. estimated overstayer population (people unlawfully in New Zealand), reference date December 2016. Register-derived estimate from the INZ overstayer estimate series; INZ notes the methodology was revised for the December 2017 estimate, so figures up to October 2014 / January 2016 are on the older basis. The same table also reports 10,848 for January 2016; the December 2016 estimate is used here."
Country,New Zealand,NZL,foreign_born,2013;2018,"OECD International Migration Database (stocks of foreign-born population, measure B14)","https://sdmx.oecd.org/public/rest/data/OECD.ELS.IMD,DSD_MIG_F@DF_MIG_POPF,1.0/NZL.W.A.B14._T._Z._Z.PS?startPeriod=2010&endPeriod=2022&format=jsondata&dimensionAtObservation=AllDimensions",sources\004_NZL.W.A.B14._T._Z._Z.PS_b8b1d00b50,downloaded,200,5926,"retrieved_api_or_data Overseas-born usually resident population from the New Zealand Census of Population and Dwellings (census years only), as compiled by OECD IMD."
Country,New Zealand,NZL,irregular_proxy_overstayers,2017,"Immigration New Zealand, New estimate of people who have overstayed their visa (5 September 2025)",https://immigration.govt.nz/assets/inz/documents/visa-paks/5-September-2025-New-estimate-of-people-who-have-overstayed-their-visa.pdf,sources\005_5-September-2025-New-estimate-of-people-who-have-overstayed-their-visa.pdf_31202a73e5,downloaded,200,267350,"retrieved_reference_file_or_page Reference year 2017. Register-derived estimate of the overstayer population, published as 'approximately 14,000'; INZ states it is not directly comparable with its later (2025) estimate because the methodology changed."
Country,Norway,NOR,population,2010;2011;2012;2013;2014;2015;2016;2017;2018;2019;2020;2021;2022,"World Bank, World Development Indicators (SP.POP.TOTL), sourced from UN World Population Prospects and national statistical offices",https://api.worldbank.org/v2/country/all/indicator/SP.POP.TOTL,sources\001_SP.POP.TOTL_80953ad53b,downloaded,200,17637,"retrieved_reference_file_or_page Total resident population, mid-year estimate. Retrieved via World Bank API, August 2026."
Country,Norway,NOR,foreign_born,2010;2011;2012;2013;2014;2015;2016;2017;2018;2019;2020;2021;2022,Eurostat [migr_pop3ctb],https://ec.europa.eu/eurostat/api/dissemination/statistics/1.0/data/migr_pop3ctb?format=JSON&lang=EN&geo=NO&age=TOTAL&sex=T&unit=NR&c_birth=FOR&sinceTimePeriod=2010&untilTimePeriod=2022,sources\002_migr_pop3ctb.json_e8016197a1,downloaded,200,3183,retrieved_api_or_data stock at 1 Jan; c_birth=FOR (born in a foreign country)
Country,Norway,NOR,foreign_nationals,2010;2011;2012;2013;2014;2015;2016;2017;2018;2019;2020;2021;2022,Eurostat [migr_pop1ctz],https://ec.europa.eu/eurostat/api/dissemination/statistics/1.0/data/migr_pop1ctz?format=JSON&lang=EN&geo=NO&age=TOTAL&sex=T&unit=NR&citizen=FOR_STLS&sinceTimePeriod=2010&untilTimePeriod=2022,sources\003_migr_pop1ctz.json_3ce610ddba,downloaded,200,3201,retrieved_api_or_data stock at 1 Jan; citizen=FOR_STLS (foreign citizens incl. stateless)
Country,Norway,NOR,irregular_proxy_detections,2010;2011;2012;2013;2014;2015;2016;2017;2018;2019;2020;2021;2022,"Eurostat, Third country nationals found to be illegally present (migr_eipre)",https://ec.europa.eu/eurostat/databrowser/view/migr_eipre/default/table,sources\004_table.html_197b34a1e6,downloaded,200,8629,"retrieved_reference_file_or_page Eurostat enforcement statistic - annual flow of detections, NOT a stock. Dataset migr_eipre, dimensions freq=A citizen=TOTAL reason=TOTAL apprehen=TOTAL sex=T age=TOTAL unit=PER. Rounded to nearest 5 by Eurostat."
Country,Philippines,PHL,population,2010;2011;2012;2013;2014;2015;2016;2017;2018;2019;2020;2021;2022,"World Bank, World Development Indicators (SP.POP.TOTL), sourced from UN World Population Prospects and national statistical offices",https://api.worldbank.org/v2/country/all/indicator/SP.POP.TOTL,sources\001_SP.POP.TOTL_80953ad53b,downloaded,200,17637,"retrieved_reference_file_or_page Total resident population, mid-year estimate. Retrieved via World Bank API, August 2026."
Country,Philippines,PHL,foreign_born,2010;2015;2020,UN DESA International Migrant Stock (World Bank indicator SM.POP.TOTL),https://api.worldbank.org/v2/country/CHN;IND;PHL;RUS;ZAF;SUR;THA/indicator/SM.POP.TOTL?format=json&date=2010:2022&per_page=200,sources\002_SM.POP.TOTL_16f81ab86b,downloaded,200,19399,"retrieved_api_or_data UN estimate (not annual); mid-year benchmark year only; retrieved from World Bank mirror of UN DESA International Migrant Stock, accessed 2026-08"
Country,Philippines,PHL,foreign_nationals,2010,National Statistics Office (Philippines) - 2010 Census of Population and Housing (reported by SunStar),https://www.sunstar.com.ph/bacolod/nearly-200000-foreigners-living-in-philippines-census,sources\003_nearly-200000-foreigners-living-in-philippines-census.html_813f3e2556,downloaded,200,763359,"retrieved_reference_file_or_page Census count, reference date 1 May 2010; foreign citizens in the household population; top nationalities USA 29959, China 28750, Japan 11583, India 8963; figure reported from an NSO news release, the original PSA/NSO web page was not reachable"
Country,Philippines,PHL,foreign_nationals,2020,Philippine Statistics Authority - Foreign Citizens in the Country (2020 Census of Population and Housing),https://psa.gov.ph/content/foreign-citizens-country-2020-census-population-and-housing,,failed,403,0,"not_retrieved Census count, reference date 1 May 2020; foreign citizens in the household population of 108667043 (0.1 per cent); top nationalities China 22494, India 18959, USA 6306; the Philippines is primarily a sending country Download error: 遠端伺服器傳回一個錯誤: (403) 禁止。"
Country,Poland,POL,population,2010;2011;2012;2013;2014;2015;2016;2017;2018;2019;2020;2021;2022,"World Bank, World Development Indicators (SP.POP.TOTL), sourced from UN World Population Prospects and national statistical offices",https://api.worldbank.org/v2/country/all/indicator/SP.POP.TOTL,sources\001_SP.POP.TOTL_80953ad53b,downloaded,200,17637,"retrieved_reference_file_or_page Total resident population, mid-year estimate. Retrieved via World Bank API, August 2026."
Country,Poland,POL,foreign_born,2010;2011;2012;2013;2014;2015;2016;2017;2018;2019;2020;2021;2022,Eurostat [migr_pop3ctb],https://ec.europa.eu/eurostat/api/dissemination/statistics/1.0/data/migr_pop3ctb?format=JSON&lang=EN&geo=PL&age=TOTAL&sex=T&unit=NR&c_birth=FOR&sinceTimePeriod=2010&untilTimePeriod=2022,sources\002_migr_pop3ctb.json_565da5d9dd,downloaded,200,3341,retrieved_api_or_data stock at 1 Jan; c_birth=FOR (born in a foreign country)
Country,Poland,POL,foreign_nationals,2010;2011;2012;2013;2014;2015;2016;2017;2018;2019;2020;2021;2022,Eurostat [migr_pop1ctz],https://ec.europa.eu/eurostat/api/dissemination/statistics/1.0/data/migr_pop1ctz?format=JSON&lang=EN&geo=PL&age=TOTAL&sex=T&unit=NR&citizen=FOR_STLS&sinceTimePeriod=2010&untilTimePeriod=2022,sources\003_migr_pop1ctz.json_c87fc182c5,downloaded,200,3366,retrieved_api_or_data stock at 1 Jan; citizen=FOR_STLS (foreign citizens incl. stateless)
Country,Poland,POL,irregular_proxy_detections,2010;2011;2012;2013;2014;2015;2016;2017;2018;2019;2020;2021;2022,"Eurostat, Third country nationals found to be illegally present (migr_eipre)",https://ec.europa.eu/eurostat/databrowser/view/migr_eipre/default/table,sources\004_table.html_197b34a1e6,downloaded,200,8628,"retrieved_reference_file_or_page Eurostat enforcement statistic - annual flow of detections, NOT a stock. Dataset migr_eipre, dimensions freq=A citizen=TOTAL reason=TOTAL apprehen=TOTAL sex=T age=TOTAL unit=PER. Rounded to nearest 5 by Eurostat."
Country,Portugal,PRT,population,2010;2011;2012;2013;2014;2015;2016;2017;2018;2019;2020;2021;2022,"World Bank, World Development Indicators (SP.POP.TOTL), sourced from UN World Population Prospects and national statistical offices",https://api.worldbank.org/v2/country/all/indicator/SP.POP.TOTL,sources\001_SP.POP.TOTL_80953ad53b,downloaded,200,17637,"retrieved_reference_file_or_page Total resident population, mid-year estimate. Retrieved via World Bank API, August 2026."
Country,Portugal,PRT,foreign_born,2010;2011;2012;2013;2014;2015;2016;2017;2018;2019;2020;2021;2022,Eurostat [migr_pop3ctb],https://ec.europa.eu/eurostat/api/dissemination/statistics/1.0/data/migr_pop3ctb?format=JSON&lang=EN&geo=PT&age=TOTAL&sex=T&unit=NR&c_birth=FOR&sinceTimePeriod=2010&untilTimePeriod=2022,sources\002_migr_pop3ctb.json_64d479a4d7,downloaded,200,3196,retrieved_api_or_data stock at 1 Jan; c_birth=FOR (born in a foreign country) stock at 1 Jan; c_birth=FOR (born in a foreign country); apparent break in series (population census re-basing)
Country,Portugal,PRT,foreign_nationals,2010;2011;2012;2013;2014;2015;2016;2017;2018;2019;2020;2021;2022,Eurostat [migr_pop1ctz],https://ec.europa.eu/eurostat/api/dissemination/statistics/1.0/data/migr_pop1ctz?format=JSON&lang=EN&geo=PT&age=TOTAL&sex=T&unit=NR&citizen=FOR_STLS&sinceTimePeriod=2010&untilTimePeriod=2022,sources\003_migr_pop1ctz.json_14e8189135,downloaded,200,3203,retrieved_api_or_data stock at 1 Jan; citizen=FOR_STLS (foreign citizens incl. stateless)
Country,Portugal,PRT,irregular_proxy_detections,2010;2011;2012;2013;2014;2015;2016;2017;2018;2019;2020;2021;2022,"Eurostat, Third country nationals found to be illegally present (migr_eipre)",https://ec.europa.eu/eurostat/databrowser/view/migr_eipre/default/table,sources\004_table.html_197b34a1e6,downloaded,200,8630,"retrieved_reference_file_or_page Eurostat enforcement statistic - annual flow of detections, NOT a stock. Dataset migr_eipre, dimensions freq=A citizen=TOTAL reason=TOTAL apprehen=TOTAL sex=T age=TOTAL unit=PER. Rounded to nearest 5 by Eurostat. CORRECTED: an earlier extraction of this country shifted the series one year forward; re-read directly from the Eurostat API and cross-checked against an independent compilation."
Country,Russia,RUS,population,2010;2011;2012;2013;2014;2015;2016;2017;2018;2019;2020;2021;2022,"World Bank, World Development Indicators (SP.POP.TOTL), sourced from UN World Population Prospects and national statistical offices",https://api.worldbank.org/v2/country/all/indicator/SP.POP.TOTL,sources\001_SP.POP.TOTL_80953ad53b,downloaded,200,17637,"retrieved_reference_file_or_page Total resident population, mid-year estimate. Retrieved via World Bank API, August 2026."
Country,Russia,RUS,foreign_born,2010;2015;2020,UN DESA International Migrant Stock (World Bank indicator SM.POP.TOTL),https://api.worldbank.org/v2/country/CHN;IND;PHL;RUS;ZAF;SUR;THA/indicator/SM.POP.TOTL?format=json&date=2010:2022&per_page=200,sources\002_SM.POP.TOTL_16f81ab86b,downloaded,200,19399,"retrieved_api_or_data UN estimate (not annual); mid-year benchmark year only; largely reflects persons born in other former-USSR republics; retrieved from World Bank mirror of UN DESA International Migrant Stock, accessed 2026-08 UN estimate (not annual); mid-year benchmark year only; largely reflects persons born in other former-USSR republics; excludes most temporary labour migrants; retrieved from World Bank mirror of UN DESA International Migrant Stock, accessed 2026-08"
Country,Russia,RUS,irregular_stock,2020,"Russian Ministry of Internal Affairs (MVD) data, reported by The Moscow Times, 16 April 2021",https://www.themoscowtimes.com/2021/04/16/russia-tells-illegal-migrants-from-post-soviet-countries-to-leave-by-june-15-a73623,sources\003_russia-tells-illegal-migrants-from-post-soviet-countries-to-leave-by-june-15-a73.html_b1c6b227ff,downloaded,200,51668,"retrieved_reference_file_or_page ADMINISTRATIVE COUNT, not a modelled stock and not an enforcement flow: MVD register of nationals of post-Soviet/CIS states residing in Russia without valid documentation, as at late 2020. LOWER BOUND: source states 'more than 1.2 million'; recorded here as 1,200,000. Covers CIS nationals only (Uzbekistan 332,000; Tajikistan 247,000; Ukraine 152,000; Azerbaijan 120,000; Kyrgyzstan 115,000; Armenia 61,000; Moldova 56,000; Kazakhstan 49,000) and therefore excludes non-CIS irregular migrants. No published method statement accompanies the figure."
Country,Slovak Republic,SVK,population,2010;2011;2012;2013;2014;2015;2016;2017;2018;2019;2020;2021;2022,"World Bank, World Development Indicators (SP.POP.TOTL), sourced from UN World Population Prospects and national statistical offices",https://api.worldbank.org/v2/country/all/indicator/SP.POP.TOTL,sources\001_SP.POP.TOTL_80953ad53b,downloaded,200,17637,"retrieved_reference_file_or_page Total resident population, mid-year estimate. Retrieved via World Bank API, August 2026."
Country,Slovak Republic,SVK,foreign_born,2010;2011;2012;2013;2014;2015;2016;2017;2018;2019;2020;2021;2022,Eurostat [migr_pop3ctb],https://ec.europa.eu/eurostat/api/dissemination/statistics/1.0/data/migr_pop3ctb?format=JSON&lang=EN&geo=SK&age=TOTAL&sex=T&unit=NR&c_birth=FOR&sinceTimePeriod=2010&untilTimePeriod=2022,sources\002_migr_pop3ctb.json_344a5abba9,downloaded,200,3183,retrieved_api_or_data stock at 1 Jan; c_birth=FOR (born in a foreign country) stock at 1 Jan; c_birth=FOR (born in a foreign country); apparent break in series (population census re-basing)
Country,Slovak Republic,SVK,foreign_nationals,2010;2011;2012;2013;2014;2015;2016;2017;2018;2019;2020;2021;2022,Eurostat [migr_pop1ctz],https://ec.europa.eu/eurostat/api/dissemination/statistics/1.0/data/migr_pop1ctz?format=JSON&lang=EN&geo=SK&age=TOTAL&sex=T&unit=NR&citizen=FOR_STLS&sinceTimePeriod=2010&untilTimePeriod=2022,sources\003_migr_pop1ctz.json_237279e21e,downloaded,200,3190,retrieved_api_or_data stock at 1 Jan; citizen=FOR_STLS (foreign citizens incl. stateless) stock at 1 Jan; citizen=FOR_STLS (foreign citizens incl. stateless); apparent break in series (population census re-basing)
Country,Slovak Republic,SVK,irregular_proxy_detections,2010;2011;2012;2013;2014;2015;2016;2017;2018;2019;2020;2021;2022,"Eurostat, Third country nationals found to be illegally present (migr_eipre)",https://ec.europa.eu/eurostat/databrowser/view/migr_eipre/default/table,sources\004_table.html_197b34a1e6,downloaded,200,8629,"retrieved_reference_file_or_page Eurostat enforcement statistic - annual flow of detections, NOT a stock. Dataset migr_eipre, dimensions freq=A citizen=TOTAL reason=TOTAL apprehen=TOTAL sex=T age=TOTAL unit=PER. Rounded to nearest 5 by Eurostat."
Country,Slovenia,SVN,population,2010;2011;2012;2013;2014;2015;2016;2017;2018;2019;2020;2021;2022,"World Bank, World Development Indicators (SP.POP.TOTL), sourced from UN World Population Prospects and national statistical offices",https://api.worldbank.org/v2/country/all/indicator/SP.POP.TOTL,sources\001_SP.POP.TOTL_80953ad53b,downloaded,200,17637,"retrieved_reference_file_or_page Total resident population, mid-year estimate. Retrieved via World Bank API, August 2026."
Country,Slovenia,SVN,foreign_born,2010;2011;2012;2013;2014;2015;2016;2017;2018;2019;2020;2021;2022,Eurostat [migr_pop3ctb],https://ec.europa.eu/eurostat/api/dissemination/statistics/1.0/data/migr_pop3ctb?format=JSON&lang=EN&geo=SI&age=TOTAL&sex=T&unit=NR&c_birth=FOR&sinceTimePeriod=2010&untilTimePeriod=2022,sources\002_migr_pop3ctb.json_dcceeb62d2,downloaded,200,3185,retrieved_api_or_data stock at 1 Jan; c_birth=FOR (born in a foreign country) stock at 1 Jan; c_birth=FOR (born in a foreign country); apparent break in series (population census re-basing)
Country,Slovenia,SVN,foreign_nationals,2010;2011;2012;2013;2014;2015;2016;2017;2018;2019;2020;2021;2022,Eurostat [migr_pop1ctz],https://ec.europa.eu/eurostat/api/dissemination/statistics/1.0/data/migr_pop1ctz?format=JSON&lang=EN&geo=SI&age=TOTAL&sex=T&unit=NR&citizen=FOR_STLS&sinceTimePeriod=2010&untilTimePeriod=2022,sources\003_migr_pop1ctz.json_8a0d1554bd,downloaded,200,3198,retrieved_api_or_data stock at 1 Jan; citizen=FOR_STLS (foreign citizens incl. stateless)
Country,Slovenia,SVN,irregular_proxy_detections,2010;2011;2012;2013;2014;2015;2016;2017;2018;2019;2020;2021;2022,"Eurostat, Third country nationals found to be illegally present (migr_eipre)",https://ec.europa.eu/eurostat/databrowser/view/migr_eipre/default/table,sources\004_table.html_197b34a1e6,downloaded,200,8629,"retrieved_reference_file_or_page Eurostat enforcement statistic - annual flow of detections, NOT a stock. Dataset migr_eipre, dimensions freq=A citizen=TOTAL reason=TOTAL apprehen=TOTAL sex=T age=TOTAL unit=PER. Rounded to nearest 5 by Eurostat."
Country,South Africa,ZAF,population,2010;2011;2012;2013;2014;2015;2016;2017;2018;2019;2020;2021;2022,"World Bank, World Development Indicators (SP.POP.TOTL), sourced from UN World Population Prospects and national statistical offices",https://api.worldbank.org/v2/country/all/indicator/SP.POP.TOTL,sources\001_SP.POP.TOTL_80953ad53b,downloaded,200,17637,"retrieved_reference_file_or_page Total resident population, mid-year estimate. Retrieved via World Bank API, August 2026."
Country,South Africa,ZAF,foreign_born,2010;2015;2020,UN DESA International Migrant Stock (World Bank indicator SM.POP.TOTL),https://api.worldbank.org/v2/country/CHN;IND;PHL;RUS;ZAF;SUR;THA/indicator/SM.POP.TOTL?format=json&date=2010:2022&per_page=200,sources\002_SM.POP.TOTL_16f81ab86b,downloaded,200,19399,"retrieved_api_or_data UN estimate (not annual); mid-year benchmark year only; retrieved from World Bank mirror of UN DESA International Migrant Stock, accessed 2026-08 UN estimate (not annual); mid-year benchmark year only; markedly higher than the Stats SA census counts for adjacent years; retrieved from World Bank mirror of UN DESA International Migrant Stock, accessed 2026-08"
Country,South Africa,ZAF,foreign_born,2011;2022,Statistics South Africa - Census 2011 (as tabulated in the Census 2022 Statistical Release P0301.4) | Statistics South Africa - Census 2022 Statistical Release P0301.4,https://census.statssa.gov.za/assets/documents/2022/P03014_Census_2022_Statistical_Release.pdf,sources\003_P03014_Census_2022_Statistical_Release.pdf_ad6a0f26e8,downloaded,200,3587195,"retrieved_reference_file_or_page Census count, reference date 9-31 Oct 2011; persons born outside South Africa; comparable series in the same table: Census 1996 = 835216, Census 2001 = 1025076 Census count, reference night 2-3 Feb 2022 (nearest census to 2021); persons born outside South Africa, just above 3 per cent of the total population; a separate Stats SA Income and Expenditure Survey 2022/23 put the foreign-born population higher at about 3.1 million"
Country,South Africa,ZAF,foreign_born,2016,Statistics South Africa - Community Survey 2016 (presented to the UN Expert Forum on International Migration Statistics 2023),https://unstats.un.org/unsd/demographic-social/migrationstat-forum-2023/presentations/E.3/4.Itani-StatsSA.pdf,sources\004_4.Itani-StatsSA.pdf_2dc82b281e,downloaded,200,806784,"retrieved_reference_file_or_page Large-scale household survey (not a census); persons born outside South Africa; Stats SA itself flags the 2011-2016 decline as anomalous, so treat with caution"
Country,Spain,ESP,population,2010;2011;2012;2013;2014;2015;2016;2017;2018;2019;2020;2021;2022,"World Bank, World Development Indicators (SP.POP.TOTL), sourced from UN World Population Prospects and national statistical offices",https://api.worldbank.org/v2/country/all/indicator/SP.POP.TOTL,sources\001_SP.POP.TOTL_80953ad53b,downloaded,200,17637,"retrieved_reference_file_or_page Total resident population, mid-year estimate. Retrieved via World Bank API, August 2026."
Country,Spain,ESP,foreign_born,2010;2011;2012;2013;2014;2015;2016;2017;2018;2019;2020;2021;2022,Eurostat [migr_pop3ctb],https://ec.europa.eu/eurostat/api/dissemination/statistics/1.0/data/migr_pop3ctb?format=JSON&lang=EN&geo=ES&age=TOTAL&sex=T&unit=NR&c_birth=FOR&sinceTimePeriod=2010&untilTimePeriod=2022,sources\002_migr_pop3ctb.json_1c6e5164ad,downloaded,200,3195,retrieved_api_or_data stock at 1 Jan; c_birth=FOR (born in a foreign country)
Country,Spain,ESP,foreign_nationals,2010;2011;2012;2013;2014;2015;2016;2017;2018;2019;2020;2021;2022,Eurostat [migr_pop1ctz],https://ec.europa.eu/eurostat/api/dissemination/statistics/1.0/data/migr_pop1ctz?format=JSON&lang=EN&geo=ES&age=TOTAL&sex=T&unit=NR&citizen=FOR_STLS&sinceTimePeriod=2010&untilTimePeriod=2022,sources\003_migr_pop1ctz.json_c2f8ce38e6,downloaded,200,3213,retrieved_api_or_data stock at 1 Jan; citizen=FOR_STLS (foreign citizens incl. stateless)
Country,Spain,ESP,irregular_proxy_detections,2010;2011;2012;2013;2014;2015;2016;2017;2018;2019;2020;2021;2022,"Eurostat, Third country nationals found to be illegally present (migr_eipre)",https://ec.europa.eu/eurostat/databrowser/view/migr_eipre/default/table,sources\004_table.html_197b34a1e6,downloaded,200,8629,"retrieved_reference_file_or_page Eurostat enforcement statistic - annual flow of detections, NOT a stock. Dataset migr_eipre, dimensions freq=A citizen=TOTAL reason=TOTAL apprehen=TOTAL sex=T age=TOTAL unit=PER. Rounded to nearest 5 by Eurostat."
Country,Spain,ESP,irregular_stock,2017;2018;2019;2020;2021;2022,"Funcas (2024), Estimacion de la poblacion en situacion irregular en Espana, Cuadro 1, Estimacion 2 | Funcas (2024), Estimacion de la poblacion en situacion irregular en Espana, Cuadro 1, Estimacion 1",https://www.funcas.es/wp-content/uploads/2024/05/2405-NCS.pdf,sources\005_2405-NCS.pdf_bdf2b5a667,downloaded,200,415147,"retrieved_reference_file_or_page Modelled resident stock: padron-residual estimate, non-EU/non-EFTA/non-UK nationals. Reference date 1 January 2017. Estimacion 2 counts only nationality groups with positive padron-minus-permits differences; Funcas presents it as the more precise variant. Estimacion 1 for 2017 is negative (-41,391) and is therefore not recorded as a stock. Printed value in Cuadro 1. Modelled resident stock: padron-residual estimate, non-EU/non-EFTA/non-UK nationals. Reference date 1 January 2018. Estimacion 2 counts only nationality groups with positive differences. Printed value in Cuadro 1. Modelled resident stock: padron-residual estimate, non-EU/non-EFTA/non-UK nationals. Reference date 1 January 2019. Estimacion 2 counts only nationality groups with positive differences. Printed value in Cuadro 1. Modelled resident stock: padron-residual estimate, non-EU/non-EFTA/non-UK nationals. Reference date 1 January 2020. Estimacion 2 counts only nationality groups with positive differences. Printed value in Cuadro 1. Modelled resident stock: padron-residual estimate, non-EU/non-EFTA/non-UK nationals. Reference date 1 January 2021. Estimacion 2 counts only nationality groups with positive differences; Funcas presents it as the more precise variant. Estimacion 1 for the same date is 446,557. Printed value in Cuadro 1. Modelled resident stock: padron-residual estimate, non-EU/non-EFTA/non-UK nationals. Reference date 1 January 2022. Estimacion 2 counts only nationality groups with positive differences. This is the value the Funcas text describes as 'unas 480.000 personas a finales de 2021'. Printed value in Cuadro 1. Modelled resident stock: padron-residual estimate (official population figures minus regular residence permits/assimilable status), non-EU/non-EFTA/non-UK nationals. Reference date 1 January 2018 ('Cifras a 1 de enero de cada ano'). Estimacion 1 sums all continent differences including negative ones. Printed value in Cuadro 1, not read from a chart. Modelled resident stock: padron-residual estimate, non-EU/non-EFTA/non-UK nationals. Reference date 1 January 2019. Estimacion 1 (all differences, including negative). Printed value in Cuadro 1. Modelled resident stock: padron-residual estimate, non-EU/non-EFTA/non-UK nationals. Reference date 1 January 2020. Estimacion 1 (all differences, including negative). Printed value in Cuadro 1. Modelled resident stock: padron-residual estimate, non-EU/non-EFTA/non-UK nationals. Reference date 1 January 2021. Estimacion 1 (all differences, including negative); Estimacion 2 for the same date is 517,149. Both are printed values in Cuadro 1, resolving the earlier chart-reading ambiguity: the '480.000 a finales de 2021' quoted in the body text corresponds to Estimacion 2 at 1 January 2022 (482,139), NOT to the 2021 column. Modelled resident stock: padron-residual estimate, non-EU/non-EFTA/non-UK nationals. Reference date 1 January 2022. Estimacion 1 (all differences, including negative). Printed value in Cuadro 1."
Country,Spain,ESP,irregular_stock,2017,"Pew Research Center (2019), Europe's Unauthorized Immigrant Population Peaks in 2016, Then Levels Off",https://www.pewresearch.org/global/2019/11/13/europes-unauthorized-immigrant-population-peaks-in-2016-then-levels-off/,sources\006_europes-unauthorized-immigrant-population-peaks-in-2016-then-levels-off.html_a3fd290b66,downloaded,200,504541,"retrieved_reference_file_or_page Pew residual method (population/labour-force data minus lawfully resident foreign-born), estimate INCLUDES asylum seekers awaiting a decision; published range 100000-200000, value is the midpoint of the published range. Pew reports only rounded 100k bounds."
Country,Spain,ESP,irregular_stock,2019,"Fundacion porCausa (2020), Una fotografia de la inmigracion irregular en Espana",https://porcausa.org/wp-content/uploads/2020/07/RetratodelairregularidadporCausa.pdf,sources\007_RetratodelairregularidadporCausa.pdf_02f167212f,downloaded,200,1556559,"retrieved_reference_file_or_page Residual method: municipal register (Padron Municipal, which records foreigners irrespective of status) minus valid residence authorisations, cross-checked against Labour Force Survey (EPA) versus Social Security affiliation; published range 390000-470000 at end-2019, value is the midpoint."
Country,Suriname,SUR,population,2010;2011;2012;2013;2014;2015;2016;2017;2018;2019;2020;2021;2022,"World Bank, World Development Indicators (SP.POP.TOTL), sourced from UN World Population Prospects and national statistical offices",https://api.worldbank.org/v2/country/all/indicator/SP.POP.TOTL,sources\001_SP.POP.TOTL_80953ad53b,downloaded,200,17637,"retrieved_reference_file_or_page Total resident population, mid-year estimate. Retrieved via World Bank API, August 2026."
Country,Suriname,SUR,foreign_born,2010;2015;2020,UN DESA International Migrant Stock (World Bank indicator SM.POP.TOTL),https://api.worldbank.org/v2/country/CHN;IND;PHL;RUS;ZAF;SUR;THA/indicator/SM.POP.TOTL?format=json&date=2010:2022&per_page=200,sources\002_SM.POP.TOTL_16f81ab86b,downloaded,200,19399,"retrieved_api_or_data UN estimate (not annual); mid-year benchmark year only; retrieved from World Bank mirror of UN DESA International Migrant Stock, accessed 2026-08"
Country,Suriname,SUR,foreign_born;foreign_nationals,2012,General Bureau of Statistics Suriname (ABS) - Census 8 (2012) Volume 1 Demographic and Social Characteristics and Migration,https://statistics-suriname.org/wp-content/uploads/2019/05/Publicatie-Census-8-Volume-1-Demografische-en-Sociale-Karakteristieken-en-Migratie.pdf,sources\003_Publicatie-Census-8-Volume-1-Demografische-en-Sociale-Karakteristieken-en-Migrat.pdf_acdd8e3db4,downloaded,200,5845330,"retrieved_reference_file_or_page Census count, reference date 13 Aug 2012 (de jure population 541638); persons born abroad = 6.5 per cent of the population (Table I); the 2012 census is the most recent published Suriname census, no 2022/2023 census results are available Census count, reference date 13 Aug 2012; persons with a non-Surinamese nationality (Table H2): Dutch 10248, Guyanese 8278, Brazilian 5027, Chinese 3758, French 3575, other 2167, nationality unknown 3340 - the published total therefore includes 3340 persons of unknown nationality"
Country,Sweden,SWE,population,2010;2011;2012;2013;2014;2015;2016;2017;2018;2019;2020;2021;2022,"World Bank, World Development Indicators (SP.POP.TOTL), sourced from UN World Population Prospects and national statistical offices",https://api.worldbank.org/v2/country/all/indicator/SP.POP.TOTL,sources\001_SP.POP.TOTL_80953ad53b,downloaded,200,17637,"retrieved_reference_file_or_page Total resident population, mid-year estimate. Retrieved via World Bank API, August 2026."
Country,Sweden,SWE,foreign_born,2010;2011;2012;2013;2014;2015;2016;2017;2018;2019;2020;2021;2022,Eurostat [migr_pop3ctb],https://ec.europa.eu/eurostat/api/dissemination/statistics/1.0/data/migr_pop3ctb?format=JSON&lang=EN&geo=SE&age=TOTAL&sex=T&unit=NR&c_birth=FOR&sinceTimePeriod=2010&untilTimePeriod=2022,sources\002_migr_pop3ctb.json_d29472d0d0,downloaded,200,3196,retrieved_api_or_data stock at 1 Jan; c_birth=FOR (born in a foreign country)
Country,Sweden,SWE,foreign_nationals,2010;2011;2012;2013;2014;2015;2016;2017;2018;2019;2020;2021;2022,Eurostat [migr_pop1ctz],https://ec.europa.eu/eurostat/api/dissemination/statistics/1.0/data/migr_pop1ctz?format=JSON&lang=EN&geo=SE&age=TOTAL&sex=T&unit=NR&citizen=FOR_STLS&sinceTimePeriod=2010&untilTimePeriod=2022,sources\003_migr_pop1ctz.json_5a4106f7ef,downloaded,200,3201,retrieved_api_or_data stock at 1 Jan; citizen=FOR_STLS (foreign citizens incl. stateless)
Country,Sweden,SWE,irregular_proxy_detections,2010;2011;2012;2013;2014;2015;2016;2017;2018;2019;2020;2021;2022,"Eurostat, Third country nationals found to be illegally present (migr_eipre)",https://ec.europa.eu/eurostat/databrowser/view/migr_eipre/default/table,sources\004_table.html_197b34a1e6,downloaded,200,8629,"retrieved_reference_file_or_page Eurostat enforcement statistic - annual flow of detections, NOT a stock. Dataset migr_eipre, dimensions freq=A citizen=TOTAL reason=TOTAL apprehen=TOTAL sex=T age=TOTAL unit=PER. Rounded to nearest 5 by Eurostat. CORRECTED: an earlier extraction of this country shifted the series one year forward; re-read directly from the Eurostat API and cross-checked against an independent compilation. Break in series: Sweden's 2014 figure (72835) and earlier years are not comparable with 2014 onwards owing to a change in national reporting practice."
Country,Switzerland,CHE,population,2010;2011;2012;2013;2014;2015;2016;2017;2018;2019;2020;2021;2022,"World Bank, World Development Indicators (SP.POP.TOTL), sourced from UN World Population Prospects and national statistical offices",https://api.worldbank.org/v2/country/all/indicator/SP.POP.TOTL,sources\001_SP.POP.TOTL_80953ad53b,downloaded,200,17637,"retrieved_reference_file_or_page Total resident population, mid-year estimate. Retrieved via World Bank API, August 2026."
Country,Switzerland,CHE,foreign_nationals,2010;2011;2012;2013;2014;2015;2016;2017;2018;2019;2020;2021;2022,Eurostat [migr_pop1ctz],https://ec.europa.eu/eurostat/api/dissemination/statistics/1.0/data/migr_pop1ctz?format=JSON&lang=EN&geo=CH&age=TOTAL&sex=T&unit=NR&citizen=FOR_STLS&sinceTimePeriod=2010&untilTimePeriod=2022,sources\002_migr_pop1ctz.json_907205e47c,downloaded,200,3286,retrieved_api_or_data stock at 1 Jan; citizen=FOR_STLS (foreign citizens incl. stateless)
Country,Switzerland,CHE,irregular_proxy_detections,2010;2011;2012;2013;2014;2015;2016;2017;2018;2019;2020;2021;2022,"Eurostat, Third country nationals found to be illegally present (migr_eipre)",https://ec.europa.eu/eurostat/databrowser/view/migr_eipre/default/table,sources\003_table.html_197b34a1e6,downloaded,200,8627,"retrieved_reference_file_or_page Eurostat enforcement statistic - annual flow of detections, NOT a stock. Dataset migr_eipre, dimensions freq=A citizen=TOTAL reason=TOTAL apprehen=TOTAL sex=T age=TOTAL unit=PER. Rounded to nearest 5 by Eurostat. CORRECTED: an earlier extraction of this country shifted the series one year forward; re-read directly from the Eurostat API and cross-checked against an independent compilation."
Country,Switzerland,CHE,foreign_born,2011;2012;2013;2014;2015;2016;2017;2018;2019;2020;2021;2022,Eurostat [migr_pop3ctb],https://ec.europa.eu/eurostat/api/dissemination/statistics/1.0/data/migr_pop3ctb?format=JSON&lang=EN&geo=CH&age=TOTAL&sex=T&unit=NR&c_birth=FOR&sinceTimePeriod=2010&untilTimePeriod=2022,sources\004_migr_pop3ctb.json_3942f75e85,downloaded,200,3257,retrieved_api_or_data stock at 1 Jan; c_birth=FOR (born in a foreign country); Eurostat series for Switzerland starts in 2011
Country,Switzerland,CHE,irregular_stock,2015,"Morlok, Oswald, Meier, Efionayi-Mader, Ruedin, Bader, Wanner (2015), Sans-Papiers in der Schweiz 2015, State Secretariat for Migration (SEM)",https://www.sem.admin.ch/dam/sem/de/data/internationales/illegale-migration/sans_papiers/ber-sanspapiers-2015-d.pdf,,failed,404,0,"not_retrieved Expert-interview / Delphi estimate for 12 cantons extrapolated by regression to the remaining 15 cantons, cross-checked against ZEMIS, AHV and vital-statistics data; point estimate 76000, plausible range 50000-99000. Covers third-country (non-EU/EFTA) nationals only. Download error: 遠端伺服器傳回一個錯誤: (404) 找不到。"
Country,Switzerland,CHE,irregular_stock,2017,"Pew Research Center (2019), Europe's Unauthorized Immigrant Population Peaks in 2016, Then Levels Off",https://www.pewresearch.org/global/2019/11/13/europes-unauthorized-immigrant-population-peaks-in-2016-then-levels-off/,sources\006_europes-unauthorized-immigrant-population-peaks-in-2016-then-levels-off.html_a3fd290b66,downloaded,200,504541,"retrieved_reference_file_or_page Pew residual method (population/labour-force data minus lawfully resident foreign-born), estimate INCLUDES asylum seekers awaiting a decision; published range 100000-200000, value is the midpoint of the published range. Pew reports only rounded 100k bounds."
Country,Taiwan,TWN,population,2010;2011;2012;2013;2014;2015;2016,"內政部統計處 內政統計年報 108年版 (MOI Dept. of Statistics, Statistical Yearbook of Interior, 2019 ed.)",https://ws.moi.gov.tw/Download.ashx?u=LzAwMS9VcGxvYWQvNDAwL3JlbGZpbGUvMC8xMzMzNy9jNDg1YjU2OC1lNWU2LTRkYTItYWIwZS1lMTJlNmVmZjBkZTIucGRm&n=MTA45bm05YWn5pS%2f57Wx6KiI5bm05aCx6Zu75a2Q5pu4LnBkZg%3d%3d&icon=.pdf,sources\001_Download.ashx_45744d7a9d,downloaded,200,3151782,"retrieved_reference_file_or_page Year-end (31 Dec) registered household population (年底戶籍登記人口), ROC year 99. Published rounded to thousands as 23,162 thousand persons in the 重要內政統計指標 table; value here = published thousands x 1000, so precision is +/-500 persons. Cross-checked: the same table's 2011/2013-2016 values match DGBAS Statistical Yearbook of the ROC 2024 Table 3 'General situation of population' (end of year) exactly (https://ws.dgbas.gov.tw/001/Upload/464/relfile/10924/232173/y003.pdf). Year-end (31 Dec) registered household population (年底戶籍登記人口), ROC year 100. Published rounded to thousands as 23,225 thousand persons in the 重要內政統計指標 table; value here = published thousands x 1000, so precision is +/-500 persons. Cross-checked: the same table's 2011/2013-2016 values match DGBAS Statistical Yearbook of the ROC 2024 Table 3 'General situation of population' (end of year) exactly (https://ws.dgbas.gov.tw/001/Upload/464/relfile/10924/232173/y003.pdf). Year-end (31 Dec) registered household population (年底戶籍登記人口), ROC year 101. Published rounded to thousands as 23,316 thousand persons in the 重要內政統計指標 table; value here = published thousands x 1000, so precision is +/-500 persons. Cross-checked: the same table's 2011/2013-2016 values match DGBAS Statistical Yearbook of the ROC 2024 Table 3 'General situation of population' (end of year) exactly (https://ws.dgbas.gov.tw/001/Upload/464/relfile/10924/232173/y003.pdf). Year-end (31 Dec) registered household population (年底戶籍登記人口), ROC year 102. Published rounded to thousands as 23,374 thousand persons in the 重要內政統計指標 table; value here = published thousands x 1000, so precision is +/-500 persons. Cross-checked: the same table's 2011/2013-2016 values match DGBAS Statistical Yearbook of the ROC 2024 Table 3 'General situation of population' (end of year) exactly (https://ws.dgbas.gov.tw/001/Upload/464/relfile/10924/232173/y003.pdf). Year-end (31 Dec) registered household population (年底戶籍登記人口), ROC year 103. Published rounded to thousands as 23,434 thousand persons in the 重要內政統計指標 table; value here = published thousands x 1000, so precision is +/-500 persons. Cross-checked: the same table's 2011/2013-2016 values match DGBAS Statistical Yearbook of the ROC 2024 Table 3 'General situation of population' (end of year) exactly (https://ws.dgbas.gov.tw/001/Upload/464/relfile/10924/232173/y003.pdf). Year-end (31 Dec) registered household population (年底戶籍登記人口), ROC year 104. Published rounded to thousands as 23,492 thousand persons in the 重要內政統計指標 table; value here = published thousands x 1000, so precision is +/-500 persons. Cross-checked: the same table's 2011/2013-2016 values match DGBAS Statistical Yearbook of the ROC 2024 Table 3 'General situation of population' (end of year) exactly (https://ws.dgbas.gov.tw/001/Upload/464/relfile/10924/232173/y003.pdf). Year-end (31 Dec) registered household population (年底戶籍登記人口), ROC year 105. Published rounded to thousands as 23,540 thousand persons in the 重要內政統計指標 table; value here = published thousands x 1000, so precision is +/-500 persons. Cross-checked: the same table's 2011/2013-2016 values match DGBAS Statistical Yearbook of the ROC 2024 Table 3 'General situation of population' (end of year) exactly (https://ws.dgbas.gov.tw/001/Upload/464/relfile/10924/232173/y003.pdf)."
Country,Taiwan,TWN,irregular_proxy_overstayers,2011;2012;2013;2019;2020;2021;2022,"Ministry of Labor, Republic of China (Taiwan), Monthly Bulletin of Labour Statistics, Table 12-7 Status of the Missing Foreign Workers by Nationality (表 12-7 失聯移工概況—按國籍分)",https://statdb.mol.gov.tw/html/mon/212070.pdf,sources\002_212070.pdf_07657cd5b1,downloaded,200,71655,"retrieved_reference_file_or_page absconded / missing migrant workers (失聯移工), stock at END OF YEAR 2011. Counts migrant workers whose employment permit has lapsed and who have not been located. This is the Ministry of Labor absconded-worker measure, a DIFFERENT series from the National Immigration Agency 逾期停留/逾期居留 (overstaying visit / overstaying residence) counts used for TWN 2014-2018; the two are not additive and not directly comparable. absconded / missing migrant workers (失聯移工), stock at END OF YEAR 2012. Counts migrant workers whose employment permit has lapsed and who have not been located. This is the Ministry of Labor absconded-worker measure, a DIFFERENT series from the National Immigration Agency 逾期停留/逾期居留 (overstaying visit / overstaying residence) counts used for TWN 2014-2018; the two are not additive and not directly comparable. absconded / missing migrant workers (失聯移工), stock at END OF YEAR 2013. Counts migrant workers whose employment permit has lapsed and who have not been located. This is the Ministry of Labor absconded-worker measure, a DIFFERENT series from the National Immigration Agency 逾期停留/逾期居留 (overstaying visit / overstaying residence) counts used for TWN 2014-2018; the two are not additive and not directly comparable. absconded / missing migrant workers (失聯移工), stock at END OF YEAR 2020. Counts migrant workers whose employment permit has lapsed and who have not been located. This is the Ministry of Labor absconded-worker measure, a DIFFERENT series from the National Immigration Agency 逾期停留/逾期居留 (overstaying visit / overstaying residence) counts used for TWN 2014-2018; the two are not additive and not directly comparable. absconded / missing migrant workers (失聯移工), stock at END OF YEAR 2021. Counts migrant workers whose employment permit has lapsed and who have not been located. This is the Ministry of Labor absconded-worker measure, a DIFFERENT series from the National Immigration Agency 逾期停留/逾期居留 (overstaying visit / overstaying residence) counts used for TWN 2014-2018; the two are not additive and not directly comparable. absconded / missing migrant workers (失聯移工), stock at END OF YEAR 2022. Counts migrant workers whose employment permit has lapsed and who have not been located. This is the Ministry of Labor absconded-worker measure, a DIFFERENT series from the National Immigration Agency 逾期停留/逾期居留 (overstaying visit / overstaying residence) counts used for TWN 2014-2018; the two are not additive and not directly comparable. absconded / missing migrant workers (失聯移工), stock at END OF YEAR 2019. Counts migrant workers whose employment permit has lapsed and who have not been located. This is the Ministry of Labor absconded-worker measure, a DIFFERENT series from the National Immigration Agency 逾期停留/逾期居留 (overstaying visit / overstaying residence) counts used for TWN 2014-2018; the two are not additive and not directly comparable."
Country,Taiwan,TWN,foreign_nationals,2012;2013;2014;2015;2016;2017;2018;2019;2020;2021,"Taiwan Ministry of the Interior, Department of Statistics (內政統計通報), foreign residents 外僑居留人數",https://ws.moi.gov.tw/Download.ashx?u=LzAwMS9VcGxvYWQvNDAwL3JlbGZpbGUvMC8xNjA3NS8yZTk5ODk4OC05MTI4LTQ3Y2MtYTUwZi0yZjIwNzkzODk4ZDUucGRm&n=Mi7lpJbnsY3kurrlo6sucGRm&icon=.pdf,sources\003_Download.ashx_2bc1d410fe,downloaded,200,339201,"retrieved_reference_file_or_page Foreign residents holding a valid resident certificate (外僑居留人數), year-end 31 December. INCLUDES migrant workers (移工), who are roughly 75-84% of the total. EXCLUDES people from Mainland China, Hong Kong and Macau (including Mainland Chinese spouses 陸配), who are counted separately. Series on this basis begins in 2012; 2010 and 2011 are not available on a comparable basis."
Country,Taiwan,TWN,irregular_proxy_overstayers,2014;2015;2016;2017;2018;2019,"National Immigration Agency (內政部移民署), reported by the Legislative Yuan Budget Center | National Immigration Agency / Ministry of Labor (失聯移工), reported by the Legislative Yuan Budget Center",https://www.ly.gov.tw/Pages/Detail.aspx?nodeid=33580&pid=188916,sources\004_Detail.aspx_c4cd30fbd1,downloaded,200,145035,retrieved_reference_file_or_page Reference date 31 December 2014. Administrative register count of overstaying foreign nationals: 49265 overstaying residence (逾期居留) plus 19733 overstaying visit (逾期停留). Source is a Legislative Yuan Budget Center report (Oct 2019) reproducing NIA figures. Reference date 31 December 2015. Administrative register count of overstaying foreign nationals: 56557 overstaying residence (逾期居留) plus 20865 overstaying visit (逾期停留). Source is a Legislative Yuan Budget Center report (Oct 2019) reproducing NIA figures. Reference date 31 December 2016. Administrative register count of overstaying foreign nationals: 58700 overstaying residence (逾期居留) plus 20692 overstaying visit (逾期停留). Source is a Legislative Yuan Budget Center report (Oct 2019) reproducing NIA figures. Reference date 31 December 2017. Administrative register count of overstaying foreign nationals: 56675 overstaying residence (逾期居留) plus 23234 overstaying visit (逾期停留). Source is a Legislative Yuan Budget Center report (Oct 2019) reproducing NIA figures. Reference date 31 December 2018. Administrative register count of overstaying foreign nationals: 54681 overstaying residence (逾期居留) plus 35284 overstaying visit (逾期停留). Source is a Legislative Yuan Budget Center report (Oct 2019) reproducing NIA figures. Reference date 31 July 2019 (not year-end). Administrative count of absconded/missing migrant workers (失聯移工) not yet located - a DIFFERENT series from the 逾期停留/居留 overstayer counts above and not additive with them.
Country,Taiwan,TWN,population,2017;2018;2019;2020;2021;2022,"內政部統計處 內政統計月報 115年5月 (MOI Dept. of Statistics, Monthly Bulletin of Interior Statistics, May 2026)",https://ws.moi.gov.tw/Download.ashx?u=LzAwMS9VcGxvYWQvNDAwL3JlbGZpbGUvMC8yMzQ1NC85M2FlNzY2MC0xMDEwLTQxNGQtOGQ4NC00NjM3ZDE2ZjY4ZTcucGRm&n=MTE1MDUucGRm,sources\005_Download.ashx_3de821c74e,downloaded,200,2610893,"retrieved_reference_file_or_page Year-end (31 Dec) registered household population (年底戶籍登記人口), ROC year 106. Exact figure as printed (not rounded). Cross-checked: rounds to the same thousands value published in DGBAS Statistical Yearbook of the ROC 2024 Table 3 'General situation of population' (end of year) (https://ws.dgbas.gov.tw/001/Upload/464/relfile/10924/232173/y003.pdf). Year-end (31 Dec) registered household population (年底戶籍登記人口), ROC year 107. Exact figure as printed (not rounded). Cross-checked: rounds to the same thousands value published in DGBAS Statistical Yearbook of the ROC 2024 Table 3 'General situation of population' (end of year) (https://ws.dgbas.gov.tw/001/Upload/464/relfile/10924/232173/y003.pdf). Year-end (31 Dec) registered household population (年底戶籍登記人口), ROC year 108. Exact figure as printed (not rounded). Cross-checked: rounds to the same thousands value published in DGBAS Statistical Yearbook of the ROC 2024 Table 3 'General situation of population' (end of year) (https://ws.dgbas.gov.tw/001/Upload/464/relfile/10924/232173/y003.pdf). Year-end (31 Dec) registered household population (年底戶籍登記人口), ROC year 109. Exact figure as printed (not rounded). Cross-checked: rounds to the same thousands value published in DGBAS Statistical Yearbook of the ROC 2024 Table 3 'General situation of population' (end of year) (https://ws.dgbas.gov.tw/001/Upload/464/relfile/10924/232173/y003.pdf). Year-end (31 Dec) registered household population (年底戶籍登記人口), ROC year 110. Exact figure as printed (not rounded). Cross-checked: rounds to the same thousands value published in DGBAS Statistical Yearbook of the ROC 2024 Table 3 'General situation of population' (end of year) (https://ws.dgbas.gov.tw/001/Upload/464/relfile/10924/232173/y003.pdf). Year-end (31 Dec) registered household population (年底戶籍登記人口), ROC year 111. Exact figure as printed (not rounded). Cross-checked: rounds to the same thousands value published in DGBAS Statistical Yearbook of the ROC 2024 Table 3 'General situation of population' (end of year) (https://ws.dgbas.gov.tw/001/Upload/464/relfile/10924/232173/y003.pdf)."
Country,Taiwan,TWN,foreign_nationals,2022,"Taiwan Ministry of the Interior, Department of Statistics (內政統計通報), foreign residents 外僑居留人數",https://ws.moi.gov.tw/Download.ashx?u=LzAwMS9VcGxvYWQvNDAwL3JlbGZpbGUvMC8yMTkxNi9jYmRkNDNlYy0wOGU0LTRjMzMtOTBjMy05MGYyOGEyZjE3NDIucGRm&n=MTE05bm056ysMTbpgLHlhafmlL%2FntbHoqIjpgJrloLFf5aSW5YOR566h55CGLnBkZg%3D%3D&icon=.pdf,sources\006_Download.ashx_0c3547f9a5,downloaded,200,174451,"retrieved_reference_file_or_page Foreign residents holding a valid resident certificate (外僑居留人數), year-end 31 December. INCLUDES migrant workers (移工), who are roughly 75-84% of the total. EXCLUDES people from Mainland China, Hong Kong and Macau (including Mainland Chinese spouses 陸配), who are counted separately. Series on this basis begins in 2012; 2010 and 2011 are not available on a comparable basis."
Country,Taiwan,TWN,foreign_workers,2011,"Ministry of Labor (勞動部) Labour Statistics Database, monthly statistics Table 12-2 ""Foreign Workers in Taiwan by Work Responsibilities""",https://statdb.mol.gov.tw/html/mon/c12020.pdf,sources\007_c12020.pdf_319aeff379,downloaded,200,41998,"retrieved_reference_file_or_page Stock at year-end 31 Dec 2011 (row labelled ""End of 2011"" = 民國100年底). SUBSET, NOT THE TOTAL: migrant workers (移工) holding a valid employment permit in productive industries plus social welfare (產業及社福外籍勞工/移工) only; excludes professionals, students, spouses and other foreign residents. Read from a primary published table (PDF). Cross-checked against the same database's Table 12-3 ""Foreign Workers in Taiwan by Nationality"" (https://statdb.mol.gov.tw/html/mon/c12030.pdf), whose End-of-2011 row gives the identical 425660 and decomposes exactly: industry 227806 (27329+59824+70695+69955+3) plus social welfare 197854 (148080+23017+1068+25688+1) = 425660. Both tables start at End of 2011, so 2010 is not available from this source."
Country,Thailand,THA,population,2010;2011;2012;2013;2014;2015;2016;2017;2018;2019;2020;2021;2022,"World Bank, World Development Indicators (SP.POP.TOTL), sourced from UN World Population Prospects and national statistical offices",https://api.worldbank.org/v2/country/all/indicator/SP.POP.TOTL,sources\001_SP.POP.TOTL_80953ad53b,downloaded,200,17637,"retrieved_reference_file_or_page Total resident population, mid-year estimate. Retrieved via World Bank API, August 2026."
Country,Thailand,THA,foreign_born,2010;2015;2020,UN DESA International Migrant Stock (World Bank indicator SM.POP.TOTL),https://api.worldbank.org/v2/country/CHN;IND;PHL;RUS;ZAF;SUR;THA/indicator/SM.POP.TOTL?format=json&date=2010:2022&per_page=200,sources\002_SM.POP.TOTL_16f81ab86b,downloaded,200,19399,"retrieved_api_or_data UN estimate (not annual); mid-year benchmark year only; retrieved from World Bank mirror of UN DESA International Migrant Stock, accessed 2026-08"
Country,Thailand,THA,foreign_nationals,2018,IOM / United Nations Thailand - Thailand Migration Report 2019 (Table 1.1 Estimated non-Thai population in Thailand),https://thailand.un.org/en/download/13750/50831,sources\003_50831.html_2f3bc8f8a3,downloaded,200,15387663,"retrieved_reference_file_or_page Expert estimate compiled from Ministry of Labour / Department of Employment registration and immigration records, as of November 2018 (nearest available benchmark to 2021, no comparable in-range 2021 figure published); comprises low-skilled migrant workers 3897598 (MOU work permits 850302, permits registered in Thailand 2214298, seasonal 21561, irregular 811437), professional/skilled 112834, temporary stay 150707, special-law workers 49403, tertiary students 31571, ethnic minorities and hill tribes 66483, stateless persons 486440, refugees and asylum seekers 103425; the last two groups are not foreign nationals in the strict sense, so this over-states the resident foreign-citizen stock"
Country,Turkey,TUR,population,2010;2011;2012;2013;2014;2015;2016;2017;2018;2019;2020;2021;2022,"World Bank, World Development Indicators (SP.POP.TOTL), sourced from UN World Population Prospects and national statistical offices",https://api.worldbank.org/v2/country/all/indicator/SP.POP.TOTL,sources\001_SP.POP.TOTL_80953ad53b,downloaded,200,17637,"retrieved_reference_file_or_page Total resident population, mid-year estimate. Retrieved via World Bank API, August 2026."
Country,Turkey,TUR,foreign_nationals,2010;2011;2012;2013;2014;2015;2016;2017;2018;2019;2020;2021;2022,"OECD International Migration Database (stocks of foreign population, measure B15)","https://sdmx.oecd.org/public/rest/data/OECD.ELS.IMD,DSD_MIG@DF_MIG,1.0/TUR.W.A.B15._T._Z._Z.PS?startPeriod=2010&endPeriod=2022&format=jsondata&dimensionAtObservation=AllDimensions",sources\002_TUR.W.A.B15._T._Z._Z.PS_f20d2cc834,downloaded,200,7215,"retrieved_api_or_data Foreign nationals registered in the Address Based Population Registration System (ABPRS/ADNKS), TurkStat, as compiled by OECD IMD. Reference date 31 December. EXCLUDES Syrians under temporary protection, who are registered separately (approx. 3.6 million in 2021)."
Country,Turkey,TUR,irregular_proxy_detections,2010;2014;2015;2018;2019;2020;2022,Presidency of Migration Management / Goc Idaresi Baskanligi (GIB) figures reported by Demiroren Haber Ajansi (DHA),https://www.dha.com.tr/gundem/guzel-yasam-icin-hedef-ulke-turkiyede-20-yilda-2-6-milyon-duzensiz-gocmen-yakalandi-2478884,sources\003_guzel-yasam-icin-hedef-ulke-turkiyede-20-yilda-2-6-milyon-duzensiz-gocmen-yakala.html_729a43ec66,downloaded,200,73651,"retrieved_reference_file_or_page ENFORCEMENT/TRANSIT FLOW, not a stock: number of irregular migrants apprehended during calendar year 2010. Administrative apprehension count published by DGMM/PMM. Syrians under temporary protection are excluded from this series. goc.gov.tr publishes the series only as images; value read from DHA reporting quoting GIB verbatim ('en az yakalandigi yil 32 bin 667 ile 2010 oldu'). ENFORCEMENT/TRANSIT FLOW, not a stock: irregular migrants apprehended during calendar year 2014. Administrative apprehension count published by DGMM/PMM. Syrians under temporary protection excluded. Verbatim: '2014te 58 bin 647 duzensiz gocmen yakalanirken'. ENFORCEMENT/TRANSIT FLOW, not a stock: irregular migrants apprehended during calendar year 2015. Administrative apprehension count published by DGMM/PMM. Syrians under temporary protection excluded. ENFORCEMENT/TRANSIT FLOW, not a stock: irregular migrants apprehended during calendar year 2018. Administrative apprehension count published by DGMM/PMM. Syrians under temporary protection excluded. ENFORCEMENT/TRANSIT FLOW, not a stock: irregular migrants apprehended during calendar year 2019 (peak year on record). Administrative apprehension count published by DGMM/PMM. Syrians under temporary protection excluded. Independently corroborated at 454,662 by AIDA/ECRE country report on Turkiye citing PMM. ENFORCEMENT/TRANSIT FLOW, not a stock: irregular migrants apprehended during calendar year 2020 (COVID-19 border closures). Administrative apprehension count published by DGMM/PMM. Syrians under temporary protection excluded. ENFORCEMENT/TRANSIT FLOW, not a stock: irregular migrants apprehended during calendar year 2022. Administrative apprehension count published by DGMM/PMM. Syrians under temporary protection excluded. Verbatim: '2022de 285 bin 27'."
Country,Turkey,TUR,foreign_born,2014;2015;2016;2017;2018;2019;2020;2021;2022,"OECD International Migration Database (stocks of foreign-born population, measure B14)","https://sdmx.oecd.org/public/rest/data/OECD.ELS.IMD,DSD_MIG_F@DF_MIG_POPF,1.0/TUR.W.A.B14._T._Z._Z.PS?startPeriod=2010&endPeriod=2022&format=jsondata&dimensionAtObservation=AllDimensions",sources\004_TUR.W.A.B14._T._Z._Z.PS_41e8fd0fc0,downloaded,200,6517,"retrieved_api_or_data Foreign-born population, OECD IMD series sourced from TurkStat address-based registration. CAUTION - CORRECTED NOTE: an earlier note asserted this series includes Syrians under temporary protection. Comparison against UN DESA International Migrant Stock 2024 contradicts that: UN DESA reports 6,580,295 for Turkey in 2020 against 2,609,982 here, and the ~4.0 million gap is close to the number of Syrians under temporary protection at that date. The treatment of Syrians is therefore unresolved and Turkey should be verified against TurkStat directly before use. Turkey's foreign_nationals series definitely excludes them."
Country,Turkey,TUR,irregular_proxy_detections,2021,Presidency of Migration Management / Goc Idaresi Baskanligi (GIB) data tabulated in Turkiye'nin Duzensiz Gocle Mucadele Stratejisine Iliskin Bir Degerlendirme (DergiPark),https://dergipark.org.tr/tr/download/article-file/3843070,sources\005_3843070.html_8c6d291426,downloaded,200,1176954,"retrieved_reference_file_or_page ENFORCEMENT/TRANSIT FLOW, not a stock: irregular migrants apprehended during calendar year 2021. Administrative apprehension count published by DGMM/PMM (cited as GIB 2024h). Syrians under temporary protection excluded. Same value also appears in the AYBU-GPM Turkiye Goc ve Insan Hareketlilikleri Yillik Raporu 2021. The adjacent values in this source for 2019, 2020, 2022 and 2023 match the DGMM figures exactly, which anchors the 2021 reading."
Country,United Kingdom,GBR,population,2010;2011;2012;2013;2014;2015;2016;2017;2018;2019;2020;2021;2022,"World Bank, World Development Indicators (SP.POP.TOTL), sourced from UN World Population Prospects and national statistical offices",https://api.worldbank.org/v2/country/all/indicator/SP.POP.TOTL,sources\001_SP.POP.TOTL_80953ad53b,downloaded,200,17637,"retrieved_reference_file_or_page Total resident population, mid-year estimate. Retrieved via World Bank API, August 2026."
Country,United Kingdom,GBR,foreign_born,2010;2011;2012;2013;2014;2015;2016;2017;2018;2019,Eurostat [migr_pop3ctb],https://ec.europa.eu/eurostat/api/dissemination/statistics/1.0/data/migr_pop3ctb?format=JSON&lang=EN&geo=UK&age=TOTAL&sex=T&unit=NR&c_birth=FOR&sinceTimePeriod=2010&untilTimePeriod=2022,sources\002_migr_pop3ctb.json_c981f69765,downloaded,200,3173,retrieved_api_or_data stock at 1 Jan; c_birth=FOR (born in a foreign country); Eurostat UK series ends at 1 Jan 2019
Country,United Kingdom,GBR,foreign_nationals,2010;2011;2012;2013;2014;2015;2016;2017;2018;2019,Eurostat [migr_pop1ctz],https://ec.europa.eu/eurostat/api/dissemination/statistics/1.0/data/migr_pop1ctz?format=JSON&lang=EN&geo=UK&age=TOTAL&sex=T&unit=NR&citizen=FOR_STLS&sinceTimePeriod=2010&untilTimePeriod=2022,sources\003_migr_pop1ctz.json_d3ff917c7b,downloaded,200,3191,retrieved_api_or_data stock at 1 Jan; citizen=FOR_STLS (foreign citizens incl. stateless); Eurostat UK series ends at 1 Jan 2019
Country,United Kingdom,GBR,irregular_proxy_detections,2010;2011;2012;2013;2014;2015;2016;2017;2018;2019,"Eurostat, Third country nationals found to be illegally present (migr_eipre)",https://ec.europa.eu/eurostat/databrowser/view/migr_eipre/default/table,sources\004_table.html_197b34a1e6,downloaded,200,8630,"retrieved_reference_file_or_page Eurostat enforcement statistic - annual flow of detections, NOT a stock. Dataset migr_eipre, dimensions freq=A citizen=TOTAL reason=TOTAL apprehen=TOTAL sex=T age=TOTAL unit=PER. Rounded to nearest 5 by Eurostat. Eurostat geo code UK. Series ends in 2019; the UK stopped reporting after leaving the EU."
Country,United Kingdom,GBR,irregular_stock,2017,"Pew Research Center (2019), Europe's Unauthorized Immigrant Population Peaks in 2016, Then Levels Off - Appendix E corrected estimates",https://www.pewresearch.org/global/2019/11/13/eu-unauthorized-immigrants-appendix-e-updated-unauthorized-immigrant-population-estimates-for-europe-and-the-united-kingdom-2014-2017/,sources\005_eu-unauthorized-immigrants-appendix-e-updated-unauthorized-immigrant-population-.html_b7fa0bbc37,downloaded,200,477128,"retrieved_reference_file_or_page Pew residual method, EXCLUDING asylum seekers awaiting a decision; published range 700000-900000, value is the midpoint. This corrected figure supersedes the original report estimate of 800000-1200000, which wrongly treated holders of indefinite leave to remain as unauthorized. Corrected series for 2014-2016 was not machine-readable and is therefore omitted."
Country,United Kingdom,GBR,foreign_born;foreign_nationals,2020,"ONS, Population of the UK by country of birth and nationality",https://www.ons.gov.uk/peoplepopulationandcommunity/populationandmigration/internationalmigration/bulletins/ukpopulationbycountryofbirthandnationality/yearendingjune2020,sources\006_yearendingjune2020.html_ecd9cecdea,downloaded,200,90593,"retrieved_reference_file_or_page estimate for year ending June 2020 (Annual Population Survey), NOT stock at 1 Jan; non-UK-born population; published rounded to the nearest 0.1 million, so value is exact only to +/-50000; series discontinued after June 2021; not comparable with the Eurostat 1 Jan series estimate for year ending June 2020 (Annual Population Survey), NOT stock at 1 Jan; non-British national population; published rounded to the nearest 0.1 million, so value is exact only to +/-50000; series discontinued after June 2021; not comparable with the Eurostat 1 Jan series"
Country,United Kingdom,GBR,foreign_born;foreign_nationals,2021,"ONS, Population of the UK by country of birth and nationality",https://www.ons.gov.uk/peoplepopulationandcommunity/populationandmigration/internationalmigration/bulletins/ukpopulationbycountryofbirthandnationality/yearendingjune2021,sources\007_yearendingjune2021.html_fa6ba78fde,downloaded,200,92069,"retrieved_reference_file_or_page estimate for year ending June 2021 (Annual Population Survey), NOT stock at 1 Jan; non-UK-born population; published rounded to the nearest 0.1 million, so value is exact only to +/-50000; series discontinued after June 2021; not comparable with the Eurostat 1 Jan series estimate for year ending June 2021 (Annual Population Survey), NOT stock at 1 Jan; non-British national population; published rounded to the nearest 0.1 million, so value is exact only to +/-50000; series discontinued after June 2021; not comparable with the Eurostat 1 Jan series"
Country,United States,USA,population,2010;2011;2012;2013;2014;2015;2016;2017;2018;2019;2020;2021;2022,"World Bank, World Development Indicators (SP.POP.TOTL), sourced from UN World Population Prospects and national statistical offices",https://api.worldbank.org/v2/country/all/indicator/SP.POP.TOTL,sources\001_SP.POP.TOTL_80953ad53b,downloaded,200,17637,"retrieved_reference_file_or_page Total resident population, mid-year estimate. Retrieved via World Bank API, August 2026."
Country,United States,USA,foreign_born,2010;2011;2012;2013;2014;2015;2016;2017;2018;2019;2020;2021;2022,"OECD International Migration Database (stocks of foreign-born population, measure B14)","https://sdmx.oecd.org/public/rest/data/OECD.ELS.IMD,DSD_MIG_F@DF_MIG_POPF,1.0/USA.W.A.B14._T._Z._Z.PS?startPeriod=2010&endPeriod=2022&format=jsondata&dimensionAtObservation=AllDimensions",sources\002_USA.W.A.B14._T._Z._Z.PS_51f4ef2752,downloaded,200,7131,"retrieved_api_or_data Foreign-born resident population, Census Bureau American Community Survey 1-year estimates, as compiled by OECD IMD. The 2020 value derives from the ACS 2020 experimental estimates because the standard 2020 1-year release was not published."
Country,United States,USA,foreign_nationals,2010;2011;2012;2013;2014;2015;2016;2017;2018;2019;2020;2021;2022,"OECD International Migration Database (stocks of foreign population, measure B15)","https://sdmx.oecd.org/public/rest/data/OECD.ELS.IMD,DSD_MIG@DF_MIG,1.0/USA.W.A.B15._T._Z._Z.PS?startPeriod=2010&endPeriod=2022&format=jsondata&dimensionAtObservation=AllDimensions",sources\003_USA.W.A.B15._T._Z._Z.PS_be22cab31f,downloaded,200,7258,"retrieved_api_or_data Non-citizen (foreign national) resident population from the Census Bureau American Community Survey, as compiled by OECD IMD. OECD publishes some values with decimals; rounded to the nearest whole person here."
Country,United States,USA,irregular_stock,2010;2011;2012;2013;2014;2015;2016;2017;2018,"DHS Office of Homeland Security Statistics, Estimates of the Unauthorized Immigrant Population Residing in the United States: January 2015-January 2018, Table A2-1 | DHS Office of Homeland Security Statistics, Estimates of the Unauthorized Immigrant Population Residing in the United States: January 2015-January 2018, Table A2-1 (pre-revision entry) | DHS Office of Homeland Security Statistics, Estimates of the Unauthorized Immigrant Population Residing in the United States: January 2015-January 2018, Table A2-1 (pre-update entry)",https://ohss.dhs.gov/sites/default/files/2023-12/unauthorized_immigrant_population_estimates_2015_-_2018.pdf,sources\004_unauthorized_immigrant_population_estimates_2015_-_2018.pdf_30145eabb4,downloaded,200,876526,"retrieved_reference_file_or_page Modelled resident stock (ACS residual method), reference date 1 January 2010. AMBIGUITY FLAG: Table A2-1 prints TWO values for 2010 (10,790,000 and 11,590,000) reflecting a revision to align with the 2010 Census. 11,590,000 is recorded here because it is continuous with the 2011-2018 series; 10,790,000 is retained as an alternative row. Verify against the PDF before publication. Value read independently by two extractions. Modelled resident stock (ACS residual method), reference date 1 January 2011. Read directly from Table A2-1 and independently confirmed by a second extraction. CORRECTION: an earlier pass recorded 11,600,000 from a rounded chart; that value was wrong. Modelled resident stock (ACS residual method), reference date 1 January 2012. Read directly from Table A2-1; confirmed by two independent extractions. Modelled resident stock (ACS residual method), reference date 1 January 2013. Read directly from Table A2-1; confirmed by two independent extractions. Modelled resident stock (ACS residual method), reference date 1 January 2014. Read directly from Table A2-1; confirmed by two independent extractions. Modelled resident stock (ACS residual method), reference date 1 January 2015. AMBIGUITY FLAG: Table A2-1 prints TWO values for 2015 (11,960,000 and 11,440,000) reflecting a methodology update. 11,440,000 is recorded as the report's current-methodology figure; 11,960,000 is retained as an alternative row. Verify against the PDF before publication. Modelled resident stock (ACS residual method), reference date 1 January 2016. Read directly from Table A2-1; confirmed by two independent extractions. Modelled resident stock (ACS residual method), reference date 1 January 2017. Read directly from Table A2-1; confirmed by two independent extractions. Modelled resident stock (ACS residual method), reference date 1 January 2018. Read directly from Table A2-1; confirmed by two independent extractions. NOTE: the later DHS report (Baker & Warren 2024) revises January 2018 to 11,570,000; that revision is in the Long sheet. ALTERNATIVE ENTRY for 1 January 2010. Table A2-1 prints two 2010 values; this is the lower one, understood to precede the revision aligning estimates with the 2010 Census. Not continuous with 2011-2018. ALTERNATIVE ENTRY for 1 January 2015. Table A2-1 prints two 2015 values; this is the higher one, understood to precede the methodology update applied to 2016-2018."
Country,United States,USA,irregular_stock,2019;2020;2022,"DHS Office of Homeland Security Statistics (Baker & Warren 2024), Estimates of the Unauthorized Immigrant Population Residing in the United States: January 2018-January 2022, as reproduced in Choices Magazine (AAEA)",https://www.choicesmagazine.org/UserFiles/file/cmsarticle_991.pdf,sources\005_cmsarticle_991.pdf_7b10c6d7d6,downloaded,200,630921,"retrieved_reference_file_or_page Modelled resident stock (ACS-based residual method). Reference date 1 January 2019. The ohss.dhs.gov PDF returns HTTP 403; value read from Table 3 of the AAEA Choices Magazine article, which reproduces the DHS/OHSS table with full attribution to Baker and Warren (2024). Modelled resident stock (ACS-based residual method). Reference date 1 January 2020. The ohss.dhs.gov PDF returns HTTP 403; value read from Table 3 of the AAEA Choices Magazine article, which reproduces the DHS/OHSS table with full attribution. DHS published NO January 2021 estimate because the 2020 ACS was unusable for this purpose. Modelled resident stock (ACS-based residual method). Reference date 1 January 2022. Read from Table 3 of the AAEA Choices Magazine article reproducing the DHS/OHSS table. Independently corroborated at 10.99 million by the Social Security Bulletin (SSA, v85n2) and by US House Judiciary testimony (HHRG-119-JU10-Wstate-RodriguezJ)."
Country,United States,USA,irregular_stock,2021;2022,"Pew Research Center, Q&A: How Pew Research Center estimates the number of unauthorized immigrants living in the U.S. (22 August 2025)",https://www.pewresearch.org/short-reads/2025/08/22/qa-how-pew-research-center-estimates-the-number-of-unauthorized-immigrants-living-in-the-us/,sources\006_qa-how-pew-research-center-estimates-the-number-of-unauthorized-immigrants-livin.html_f2809b6b07,downloaded,200,417979,"retrieved_reference_file_or_page Modelled resident stock (augmented residual method, ACS-based). Reference year 2021. 2025 revised vintage; source states the population 'grew from an estimated 10.5 million to 14 million' between 2021 and 2023. Modelled resident stock (augmented residual method, ACS-based). Reference year 2022. 2025 revised vintage; source states verbatim: 'we revised our estimate of the unauthorized immigrant population for 2022 upward, from 11.0 million to 11.8 million.' Revision follows the Census Bureau's December 2024 population-estimate update and reweighting of the 2022 and 2023 ACS."
Country,United States,USA,irregular_stock,2010,"Pew Hispanic Center, Unauthorized Immigrant Population: National and State Trends, 2010",https://www.pewresearch.org/race-and-ethnicity/2011/02/01/unauthorized-immigrant-population-brnational-and-state-trends-2010/,sources\007_unauthorized-immigrant-population-brnational-and-state-trends-2010.html_b79b1448cf,downloaded,200,472101,"retrieved_reference_file_or_page Reference date March 2010. Modelled stock estimate (augmented residual method, CPS-based). Published 1 February 2011."
Country,United States,USA,irregular_stock,2011;2018,"Migration Policy Institute, Unauthorized Immigrants in the United States: Stable Numbers, Changing Origins",https://www.migrationpolicy.org/sites/default/files/publications/mpi-unauthorized-immigrants-stablenumbers-changingorigins_final.pdf,sources\008_mpi-unauthorized-immigrants-stablenumbers-changingorigins_final.pdf_e448109675,downloaded,200,2370062,"retrieved_reference_file_or_page Modelled stock estimate from pooled 2010-2012 ACS; MPI publishes it as a single 2010-2012 figure. Assigned here to 2011 as the midpoint of the pooling window - not a published 2011-specific value. Reference year 2018. Modelled stock estimate from pooled 2014-2018 ACS and 2008 SIPP, weighted to 2018."
Country,United States,USA,irregular_stock,2017,"Pew Research Center, Unauthorized immigrant population trends",https://www.pewresearch.org/race-and-ethnicity/feature/unauthorized-trends/,sources\009_unauthorized-trends.html_1f9d270ba6,downloaded,200,380018,retrieved_reference_file_or_page Reference year 2017. Modelled stock estimate (residual method). Pre-2025 vintage.
Country,United States,USA,irregular_stock,2019;2021;2022,"Migration Policy Institute (with Jennifer Van Hook, Penn State), Diverse Flows Drive Increase in U.S. Unauthorized Immigrant Population (July 2024)",https://www.migrationpolicy.org/commentary/diverse-flows-drive-increase-us-unauthorized-immigrant-population,sources\010_diverse-flows-drive-increase-us-unauthorized-immigrant-population.html_50e92a24e1,downloaded,200,109232,"retrieved_reference_file_or_page Modelled resident stock (ACS/SIPP-based residual method). Reference year 2019. MPI publishes no independent 2020 estimate: the 2020 value in its series was interpolated as the average of 2019 and 2021 because of low-quality pandemic ACS data, so 2020 is deliberately omitted here. Modelled resident stock (ACS/SIPP-based residual method). Reference year 2021. Modelled resident stock (ACS/SIPP-based residual method). Reference year 2022."
Country,United States,USA,irregular_stock,2019;2020;2021;2022,"Center for Migration Studies of New York (Robert Warren), After a Decade of Decline, the US Undocumented Population Increased by 650,000 in 2022, Journal on Migration and Human Security",https://journals.sagepub.com/doi/10.1177/23315024241226624,,failed,403,0,"not_retrieved Modelled resident stock (ACS-based residual method with undercount adjustment). Reference date 1 July 2019. DOI 10.1177/23315024241226624. Same value also published in Warren (2021), JMHS, DOI 10.1177/2331502421993746. Modelled resident stock (ACS-based residual method with undercount adjustment). Reference date 1 July 2020. DOI 10.1177/23315024241226624. Modelled resident stock (ACS-based residual method with undercount adjustment). Reference date 1 July 2021. DOI 10.1177/23315024241226624. Modelled resident stock (ACS-based residual method with undercount adjustment). Reference date 1 July 2022. DOI 10.1177/23315024241226624. Download error: 遠端伺服器傳回一個錯誤: (403) 禁止。"
Country,United States,USA,irregular_stock,2020,"Center for Migration Studies of New York (Robert Warren), US Undocumented Population Increased to 11.7 Million in July 2023",https://cmsny.org/us-undocumented-population-increased-in-july-2023-warren-090624/,sources\012_us-undocumented-population-increased-in-july-2023-warren-090624.html_92b84cdcb0,downloaded,200,67160,retrieved_reference_file_or_page Reference year 2020. Modelled residual stock estimate from ACS. Figure stated in prose as '10 million' (rounded); treat as approximate.
Country,United States,USA,irregular_stock,2021;2022,"Pew Research Center, What we know about unauthorized immigrants living in the U.S. (July 2024)",https://www.pewresearch.org/short-reads/2024/07/22/what-we-know-about-unauthorized-immigrants-living-in-the-us/,sources\013_what-we-know-about-unauthorized-immigrants-living-in-the-us.html_2f6ddfe60b,downloaded,200,444847,"retrieved_reference_file_or_page Reference year 2021. Modelled stock estimate (residual method). 2024 vintage; superseded by Pew's August 2025 revision, which was not recorded here because the revised 2021/2022 values could not be read unambiguously from the source. Reference year 2022. Modelled stock estimate (residual method). 2024 vintage; Pew revised its series upward in August 2025."
Shared,,,population alternative,,"UN DESA Population Division, World Population Prospects 2024, compact demographic indicators",https://population.un.org/wpp/assets/Excel%20Files/1_Indicator%20(Standard)/EXCEL_FILES/1_General/WPP2024_GEN_F01_DEMOGRAPHIC_INDICATORS_COMPACT.xlsx,_shared_sources\WPP2024_GEN_F01_DEMOGRAPHIC_INDICATORS_COMPACT.xlsx,downloaded,200,26142942,Shared full download; used for the alternative UN WPP denominator in the V2 panel and as an independent check against World Bank WDI population.
Shared,,,immigrant stock alternative,,"UN DESA Population Division, International Migrant Stock 2024, total destination, Table 1",https://www.un.org/development/desa/pd/sites/www.un.org.development.desa.pd/files/undesa_pd_2024_ims_stock_by_sex_and_destination.xlsx,_shared_sources\undesa_pd_2024_ims_stock_by_sex_and_destination.xlsx,downloaded,200,541936,Shared full download; benchmark-year foreign-born stock source used in the original summary and as a comparison source.
Country-specific verification,Australia,AUS,population (WDI),2010–2022,"World Bank API, country-filtered",https://api.worldbank.org/v2/country/AUS/indicator/SP.POP.TOTL?format=json&date=2010:2022&per_page=100,country_sources\AUS_Australia\verify_population_wdi_AUS.json,downloaded,200,,downloaded; 13/13 values matched
Country-specific verification,Austria,AUT,population (WDI),2010–2022,"World Bank API, country-filtered",https://api.worldbank.org/v2/country/AUT/indicator/SP.POP.TOTL?format=json&date=2010:2022&per_page=100,country_sources\AUT_Austria\verify_population_wdi_AUT.json,downloaded,200,,downloaded; 13/13 values matched
Country-specific verification,Belgium,BEL,population (WDI),2010–2022,"World Bank API, country-filtered",https://api.worldbank.org/v2/country/BEL/indicator/SP.POP.TOTL?format=json&date=2010:2022&per_page=100,country_sources\BEL_Belgium\verify_population_wdi_BEL.json,downloaded,200,,downloaded; 13/13 values matched
Country-specific verification,Bulgaria,BGR,population (WDI),2010–2022,"World Bank API, country-filtered",https://api.worldbank.org/v2/country/BGR/indicator/SP.POP.TOTL?format=json&date=2010:2022&per_page=100,country_sources\BGR_Bulgaria\verify_population_wdi_BGR.json,downloaded,200,,downloaded; 13/13 values matched
Country-specific verification,Chile,CHL,population (WDI),2010–2022,"World Bank API, country-filtered",https://api.worldbank.org/v2/country/CHL/indicator/SP.POP.TOTL?format=json&date=2010:2022&per_page=100,country_sources\CHL_Chile\verify_population_wdi_CHL.json,downloaded,200,,downloaded; 13/13 values matched
Country-specific verification,China,CHN,population (WDI),2010–2022,"World Bank API, country-filtered",https://api.worldbank.org/v2/country/CHN/indicator/SP.POP.TOTL?format=json&date=2010:2022&per_page=100,country_sources\CHN_China\verify_population_wdi_CHN.json,downloaded,200,,downloaded; 13/13 values matched
Country-specific verification,Croatia,HRV,population (WDI),2010–2022,"World Bank API, country-filtered",https://api.worldbank.org/v2/country/HRV/indicator/SP.POP.TOTL?format=json&date=2010:2022&per_page=100,country_sources\HRV_Croatia\verify_population_wdi_HRV.json,downloaded,200,,downloaded; 13/13 values matched
Country-specific verification,Czech Republic,CZE,population (WDI),2010–2022,"World Bank API, country-filtered",https://api.worldbank.org/v2/country/CZE/indicator/SP.POP.TOTL?format=json&date=2010:2022&per_page=100,country_sources\CZE_Czech_Republic\verify_population_wdi_CZE.json,downloaded,200,,downloaded; 13/13 values matched
Country-specific verification,Denmark,DNK,population (WDI),2010–2022,"World Bank API, country-filtered",https://api.worldbank.org/v2/country/DNK/indicator/SP.POP.TOTL?format=json&date=2010:2022&per_page=100,country_sources\DNK_Denmark\verify_population_wdi_DNK.json,downloaded,200,,downloaded; 13/13 values matched
Country-specific verification,Finland,FIN,population (WDI),2010–2022,"World Bank API, country-filtered",https://api.worldbank.org/v2/country/FIN/indicator/SP.POP.TOTL?format=json&date=2010:2022&per_page=100,country_sources\FIN_Finland\verify_population_wdi_FIN.json,downloaded,200,,downloaded; 13/13 values matched
Country-specific verification,France,FRA,population (WDI),2010–2022,"World Bank API, country-filtered",https://api.worldbank.org/v2/country/FRA/indicator/SP.POP.TOTL?format=json&date=2010:2022&per_page=100,country_sources\FRA_France\verify_population_wdi_FRA.json,downloaded,200,,downloaded; 13/13 values matched
Country-specific verification,Germany,DEU,population (WDI),2010–2022,"World Bank API, country-filtered",https://api.worldbank.org/v2/country/DEU/indicator/SP.POP.TOTL?format=json&date=2010:2022&per_page=100,country_sources\DEU_Germany\verify_population_wdi_DEU.json,downloaded,200,,downloaded; 13/13 values matched
Country-specific verification,Hungary,HUN,population (WDI),2010–2022,"World Bank API, country-filtered",https://api.worldbank.org/v2/country/HUN/indicator/SP.POP.TOTL?format=json&date=2010:2022&per_page=100,country_sources\HUN_Hungary\verify_population_wdi_HUN.json,downloaded,200,,downloaded; 13/13 values matched
Country-specific verification,Iceland,ISL,population (WDI),2010–2022,"World Bank API, country-filtered",https://api.worldbank.org/v2/country/ISL/indicator/SP.POP.TOTL?format=json&date=2010:2022&per_page=100,country_sources\ISL_Iceland\verify_population_wdi_ISL.json,downloaded,200,,downloaded; 13/13 values matched
Country-specific verification,India,IND,population (WDI),2010–2022,"World Bank API, country-filtered",https://api.worldbank.org/v2/country/IND/indicator/SP.POP.TOTL?format=json&date=2010:2022&per_page=100,country_sources\IND_India\verify_population_wdi_IND.json,downloaded,200,,downloaded; 13/13 values matched
Country-specific verification,Israel,ISR,population (WDI),2010–2022,"World Bank API, country-filtered",https://api.worldbank.org/v2/country/ISR/indicator/SP.POP.TOTL?format=json&date=2010:2022&per_page=100,country_sources\ISR_Israel\verify_population_wdi_ISR.json,downloaded,200,,downloaded; 13/13 values matched
Country-specific verification,Italy,ITA,population (WDI),2010–2022,"World Bank API, country-filtered",https://api.worldbank.org/v2/country/ITA/indicator/SP.POP.TOTL?format=json&date=2010:2022&per_page=100,country_sources\ITA_Italy\verify_population_wdi_ITA.json,downloaded,200,,downloaded; 13/13 values matched
Country-specific verification,Japan,JPN,population (WDI),2010–2022,"World Bank API, country-filtered",https://api.worldbank.org/v2/country/JPN/indicator/SP.POP.TOTL?format=json&date=2010:2022&per_page=100,country_sources\JPN_Japan\verify_population_wdi_JPN.json,downloaded,200,,downloaded; 13/13 values matched
Country-specific verification,Korea (South),KOR,population (WDI),2010–2022,"World Bank API, country-filtered",https://api.worldbank.org/v2/country/KOR/indicator/SP.POP.TOTL?format=json&date=2010:2022&per_page=100,country_sources\KOR_Korea_South\verify_population_wdi_KOR.json,downloaded,200,,downloaded; 13/13 values matched
Country-specific verification,Lithuania,LTU,population (WDI),2010–2022,"World Bank API, country-filtered",https://api.worldbank.org/v2/country/LTU/indicator/SP.POP.TOTL?format=json&date=2010:2022&per_page=100,country_sources\LTU_Lithuania\verify_population_wdi_LTU.json,downloaded,200,,downloaded; 13/13 values matched
Country-specific verification,Mexico,MEX,population (WDI),2010–2022,"World Bank API, country-filtered",https://api.worldbank.org/v2/country/MEX/indicator/SP.POP.TOTL?format=json&date=2010:2022&per_page=100,country_sources\MEX_Mexico\verify_population_wdi_MEX.json,downloaded,200,,downloaded; 13/13 values matched
Country-specific verification,Netherlands,NLD,population (WDI),2010–2022,"World Bank API, country-filtered",https://api.worldbank.org/v2/country/NLD/indicator/SP.POP.TOTL?format=json&date=2010:2022&per_page=100,country_sources\NLD_Netherlands\verify_population_wdi_NLD.json,downloaded,200,,downloaded; 13/13 values matched
Country-specific verification,New Zealand,NZL,population (WDI),2010–2022,"World Bank API, country-filtered",https://api.worldbank.org/v2/country/NZL/indicator/SP.POP.TOTL?format=json&date=2010:2022&per_page=100,country_sources\NZL_New_Zealand\verify_population_wdi_NZL.json,downloaded,200,,downloaded; 13/13 values matched
Country-specific verification,Norway,NOR,population (WDI),2010–2022,"World Bank API, country-filtered",https://api.worldbank.org/v2/country/NOR/indicator/SP.POP.TOTL?format=json&date=2010:2022&per_page=100,country_sources\NOR_Norway\verify_population_wdi_NOR.json,downloaded,200,,downloaded; 13/13 values matched
Country-specific verification,Philippines,PHL,population (WDI),2010–2022,"World Bank API, country-filtered",https://api.worldbank.org/v2/country/PHL/indicator/SP.POP.TOTL?format=json&date=2010:2022&per_page=100,country_sources\PHL_Philippines\verify_population_wdi_PHL.json,downloaded,200,,downloaded; 13/13 values matched
Country-specific verification,Poland,POL,population (WDI),2010–2022,"World Bank API, country-filtered",https://api.worldbank.org/v2/country/POL/indicator/SP.POP.TOTL?format=json&date=2010:2022&per_page=100,country_sources\POL_Poland\verify_population_wdi_POL.json,downloaded,200,,downloaded; 13/13 values matched
Country-specific verification,Portugal,PRT,population (WDI),2010–2022,"World Bank API, country-filtered",https://api.worldbank.org/v2/country/PRT/indicator/SP.POP.TOTL?format=json&date=2010:2022&per_page=100,country_sources\PRT_Portugal\verify_population_wdi_PRT.json,downloaded,200,,downloaded; 13/13 values matched
Country-specific verification,Russia,RUS,population (WDI),2010–2022,"World Bank API, country-filtered",https://api.worldbank.org/v2/country/RUS/indicator/SP.POP.TOTL?format=json&date=2010:2022&per_page=100,country_sources\RUS_Russia\verify_population_wdi_RUS.json,downloaded,200,,downloaded; 13/13 values matched
Country-specific verification,Slovak Republic,SVK,population (WDI),2010–2022,"World Bank API, country-filtered",https://api.worldbank.org/v2/country/SVK/indicator/SP.POP.TOTL?format=json&date=2010:2022&per_page=100,country_sources\SVK_Slovak_Republic\verify_population_wdi_SVK.json,downloaded,200,,downloaded; 13/13 values matched
Country-specific verification,Slovenia,SVN,population (WDI),2010–2022,"World Bank API, country-filtered",https://api.worldbank.org/v2/country/SVN/indicator/SP.POP.TOTL?format=json&date=2010:2022&per_page=100,country_sources\SVN_Slovenia\verify_population_wdi_SVN.json,downloaded,200,,downloaded; 13/13 values matched
Country-specific verification,South Africa,ZAF,population (WDI),2010–2022,"World Bank API, country-filtered",https://api.worldbank.org/v2/country/ZAF/indicator/SP.POP.TOTL?format=json&date=2010:2022&per_page=100,country_sources\ZAF_South_Africa\verify_population_wdi_ZAF.json,downloaded,200,,downloaded; 13/13 values matched
Country-specific verification,Spain,ESP,population (WDI),2010–2022,"World Bank API, country-filtered",https://api.worldbank.org/v2/country/ESP/indicator/SP.POP.TOTL?format=json&date=2010:2022&per_page=100,country_sources\ESP_Spain\verify_population_wdi_ESP.json,downloaded,200,,downloaded; 13/13 values matched
Country-specific verification,Suriname,SUR,population (WDI),2010–2022,"World Bank API, country-filtered",https://api.worldbank.org/v2/country/SUR/indicator/SP.POP.TOTL?format=json&date=2010:2022&per_page=100,country_sources\SUR_Suriname\verify_population_wdi_SUR.json,downloaded,200,,downloaded; 13/13 values matched
Country-specific verification,Sweden,SWE,population (WDI),2010–2022,"World Bank API, country-filtered",https://api.worldbank.org/v2/country/SWE/indicator/SP.POP.TOTL?format=json&date=2010:2022&per_page=100,country_sources\SWE_Sweden\verify_population_wdi_SWE.json,downloaded,200,,downloaded; 13/13 values matched
Country-specific verification,Switzerland,CHE,population (WDI),2010–2022,"World Bank API, country-filtered",https://api.worldbank.org/v2/country/CHE/indicator/SP.POP.TOTL?format=json&date=2010:2022&per_page=100,country_sources\CHE_Switzerland\verify_population_wdi_CHE.json,downloaded,200,,downloaded; 13/13 values matched
Country-specific verification,Taiwan,TWN,population (WDI),2010–2022,"World Bank API, country-filtered",https://api.worldbank.org/v2/country/TWN/indicator/SP.POP.TOTL?format=json&date=2010:2022&per_page=100,country_sources\TWN_Taiwan\verify_population_wdi_TWN.json,not_applicable,,,not_applicable; 0/0 values matched; 13 years N/A
Country-specific verification,Thailand,THA,population (WDI),2010–2022,"World Bank API, country-filtered",https://api.worldbank.org/v2/country/THA/indicator/SP.POP.TOTL?format=json&date=2010:2022&per_page=100,country_sources\THA_Thailand\verify_population_wdi_THA.json,downloaded,200,,downloaded; 13/13 values matched
Country-specific verification,Turkey,TUR,population (WDI),2010–2022,"World Bank API, country-filtered",https://api.worldbank.org/v2/country/TUR/indicator/SP.POP.TOTL?format=json&date=2010:2022&per_page=100,country_sources\TUR_Turkey\verify_population_wdi_TUR.json,downloaded,200,,downloaded; 13/13 values matched
Country-specific verification,United Kingdom,GBR,population (WDI),2010–2022,"World Bank API, country-filtered",https://api.worldbank.org/v2/country/GBR/indicator/SP.POP.TOTL?format=json&date=2010:2022&per_page=100,country_sources\GBR_United_Kingdom\verify_population_wdi_GBR.json,downloaded,200,,downloaded; 13/13 values matched
Country-specific verification,United States,USA,population (WDI),2010–2022,"World Bank API, country-filtered",https://api.worldbank.org/v2/country/USA/indicator/SP.POP.TOTL?format=json&date=2010:2022&per_page=100,country_sources\USA_United_States\verify_population_wdi_USA.json,downloaded,200,,downloaded; 13/13 values matched
